transaction_id,date,amount,vendor,department,account_type,payment_method,employee,invoice_id,fraud_label,fraud_type,vendor_transaction_count,vendor_avg_amount,amount_deviation,is_round_number,transactions_per_day_vendor,is_duplicate_invoice
TX-000000,2024-02-10 07:03:00,1062.89,Vendor_083,Sales,Consulting,ACH,Emp_068,INV-Vendor_004-611964,1,duplicate_invoice,25,2850.515,-1787.6249999999998,0,4,1
TX-000001,2024-02-01 14:45:00,1806.46,Vendor_019,Operations,Payroll,ACH,Emp_097,INV-Vendor_019-357000,0,normal,31,2977.7130705628747,-1171.2530705628747,0,10,0
TX-000002,2024-01-08 20:50:00,1384.19,Vendor_058,Finance,Consulting,ACH,Emp_099,INV-Vendor_058-314188,0,normal,34,2718.410294117647,-1334.220294117647,0,2,0
TX-000003,2024-01-12 20:59:00,3575.54,Vendor_020,Finance,Operations,Check,Emp_010,INV-Vendor_020-976125,0,normal,37,4048.926765951174,-473.38676595117386,0,5,0
TX-000004,2024-01-12 11:09:00,2052.15,Vendor_097,Legal,IT,Check,Emp_081,INV-Vendor_097-328885,0,normal,24,2534.625652173913,-482.47565217391275,0,5,0
TX-000005,2024-01-29 09:48:00,3592.44,Vendor_030,Operations,Supplies,Card,Emp_077,INV-Vendor_030-687556,0,normal,23,3033.8827608649813,558.5572391350188,0,7,0
TX-000006,2024-02-19 03:49:00,3318.87,Vendor_015,Finance,Operations,Card,Emp_063,INV-Vendor_015-601891,0,normal,31,2923.1236666666664,395.7463333333335,0,1,0
TX-000007,2024-02-17 13:55:00,11399.165321549533,Vendor_NEW_7,HR,Consulting,ACH,Emp_015,INV-Vendor_063-925018,1,new_vendor_high,1,11399.165321549533,0.0,0,4,0
TX-000008,2024-01-21 23:22:00,3549.95,Vendor_004,Sales,Supplies,Card,Emp_054,INV-Vendor_004-219354,0,normal,30,3943.4157484248335,-393.4657484248337,0,2,0
TX-000009,2024-02-21 10:54:00,3547.14,Vendor_008,Engineering,Supplies,Card,Emp_032,INV-Vendor_008-658132,0,normal,38,2659.1583783783785,887.9816216216213,0,12,0
TX-000010,2024-02-21 17:10:00,4720.28,Vendor_039,HR,Supplies,Card,Emp_115,INV-Vendor_039-523510,0,normal,23,2600.143043478261,2120.1369565217387,0,2,0
TX-000011,2024-01-15 02:05:00,810.97,Vendor_080,Sales,Payroll,ACH,Emp_054,INV-Vendor_080-695829,0,normal,29,2652.113793103448,-1841.1437931034482,0,1,0
TX-000012,2024-02-15 02:58:00,12206.57989441335,Vendor_NEW_12,Support,Operations,ACH,Emp_046,INV-Vendor_002-950628,1,new_vendor_high,1,12206.57989441335,0.0,0,4,0
TX-000013,2024-01-31 22:10:00,20000.0,Vendor_090,Finance,Payroll,Card,Emp_073,INV-Vendor_090-210894,1,round_number,25,3892.3379999999997,16107.662,1,1,0
TX-000014,2024-02-01 19:13:00,14652.142920924904,Vendor_NEW_14,Marketing,Travel,Wire,Emp_060,INV-Vendor_079-510360,1,new_vendor_high,1,14652.142920924904,0.0,0,1,0
TX-000015,2024-02-26 13:58:00,218.84,Vendor_048,Legal,Supplies,Card,Emp_064,INV-Vendor_048-826150,0,normal,23,3207.9171428571435,-2989.0771428571434,0,2,0
TX-000016,2024-01-06 11:12:00,1403.67,Vendor_099,Engineering,Consulting,Check,Emp_120,INV-Vendor_099-182342,0,normal,21,2417.6414285714286,-1013.9714285714285,0,4,0
TX-000017,2024-02-09 13:42:00,2382.2,Vendor_091,Legal,Consulting,Check,Emp_075,INV-Vendor_091-874622,0,normal,23,2089.608260869565,292.5917391304347,0,10,0
TX-000018,2024-01-06 20:11:00,3357.4,Vendor_005,Legal,IT,ACH,Emp_048,INV-Vendor_005-364341,0,normal,32,4139.26089842047,-781.8608984204698,0,1,0
TX-000019,2024-02-21 15:10:00,4338.34,Vendor_047,Legal,Operations,Wire,Emp_023,INV-Vendor_047-802977,0,normal,33,2865.957997719541,1472.3820022804593,0,10,0
TX-000020,2024-02-19 07:25:00,2066.95,Vendor_082,Engineering,Travel,Wire,Emp_043,INV-Vendor_082-670392,0,normal,20,3988.878997849292,-1921.928997849292,0,5,0
TX-000021,2024-01-13 14:48:00,201.63,Vendor_045,HR,Travel,ACH,Emp_105,INV-Vendor_045-481872,0,normal,34,3352.6271875,-3150.9971875,0,10,0
TX-000022,2024-02-09 15:51:00,4486.9,Vendor_095,HR,Consulting,Wire,Emp_089,INV-Vendor_095-661146,0,normal,42,2756.728095238095,1730.1719047619044,0,5,0
TX-000023,2024-02-26 16:44:00,3299.54,Vendor_022,Marketing,Supplies,Card,Emp_009,INV-Vendor_022-307263,0,normal,33,2766.22851906831,533.3114809316899,0,1,0
TX-000024,2024-01-20 19:39:00,4189.85,Vendor_041,Sales,Supplies,Check,Emp_008,INV-Vendor_041-859187,0,normal,31,2695.650967741936,1494.1990322580646,0,1,0
TX-000025,2024-02-15 12:11:00,2683.55,Vendor_067,Support,Supplies,Wire,Emp_077,INV-Vendor_067-880709,0,normal,44,2993.467335565413,-309.91733556541294,0,4,0
TX-000026,2024-02-14 14:03:00,2787.03,Vendor_025,HR,Payroll,Card,Emp_049,INV-Vendor_025-992977,0,normal,44,2815.369772727273,-28.339772727272702,0,4,0
TX-000027,2024-02-17 22:14:00,3696.53,Vendor_006,Sales,Operations,ACH,Emp_048,INV-Vendor_006-854717,0,normal,21,4452.1197045024655,-755.5897045024653,0,8,0
TX-000028,2024-02-03 04:00:00,1239.28,Vendor_025,Support,Travel,Check,Emp_079,INV-Vendor_025-181971,0,normal,44,2815.369772727273,-1576.089772727273,0,3,0
TX-000029,2024-01-27 15:43:00,873.32,Vendor_021,Engineering,Supplies,Card,Emp_008,INV-Vendor_021-851416,0,normal,34,3005.547197344895,-2132.2271973448946,0,7,0
TX-000030,2024-01-20 21:29:00,4480.09,Vendor_005,Marketing,Consulting,ACH,Emp_063,INV-Vendor_005-892694,0,normal,32,4139.26089842047,340.8291015795303,0,1,0
TX-000031,2024-01-23 10:22:00,1767.28,Vendor_067,Finance,Travel,Card,Emp_045,INV-Vendor_067-946580,0,normal,44,2993.467335565413,-1226.1873355654132,0,1,0
TX-000032,2024-01-16 18:55:00,3922.9555401160064,Vendor_057,Sales,Supplies,Wire,Emp_084,INV-Vendor_057-610293,1,high_amount,28,3861.44182160464,61.51371851136628,0,5,0
TX-000033,2024-02-11 01:50:00,3206.83,Vendor_004,Finance,Consulting,ACH,Emp_060,INV-Vendor_004-553325,0,normal,30,3943.4157484248335,-736.5857484248336,0,1,0
TX-000034,2024-02-11 05:01:00,3634.7,Vendor_080,Operations,Travel,ACH,Emp_016,INV-Vendor_080-423996,0,normal,29,2652.113793103448,982.5862068965516,0,1,0
TX-000035,2024-03-01 19:30:00,3012.29,Vendor_017,Support,Consulting,Card,Emp_099,INV-Vendor_017-643178,0,normal,27,2857.5396296296294,154.75037037037055,0,4,0
TX-000036,2024-01-01 03:51:00,4852.89,Vendor_083,Engineering,Supplies,Check,Emp_091,INV-Vendor_083-903679,0,normal,25,2850.515,2002.3750000000005,0,4,0
TX-000037,2024-02-15 21:48:00,4414.8,Vendor_003,Legal,Consulting,Check,Emp_018,INV-Vendor_003-834837,0,normal,27,2746.7746153846156,1668.0253846153846,0,6,0
TX-000038,2024-02-26 17:42:00,1773.94,Vendor_088,Sales,IT,ACH,Emp_016,INV-Vendor_088-580915,0,normal,28,2593.798461538461,-819.8584615384611,0,4,0
TX-000039,2024-01-17 23:39:00,20000.0,Vendor_001,Finance,Consulting,Wire,Emp_119,INV-Vendor_001-538009,1,round_number,22,3603.7710087726696,16396.22899122733,1,5,0
TX-000040,2024-01-21 05:22:00,4549.06,Vendor_006,Legal,IT,ACH,Emp_087,INV-Vendor_006-656405,0,normal,21,4452.1197045024655,96.94029549753486,0,7,0
TX-000041,2024-01-31 22:46:00,3416.07,Vendor_025,Operations,Operations,Check,Emp_099,INV-Vendor_025-511393,0,normal,44,2815.369772727273,600.7002272727273,0,1,0
TX-000042,2024-02-06 13:56:00,841.34,Vendor_039,Support,IT,Wire,Emp_070,INV-Vendor_039-432720,0,normal,23,2600.143043478261,-1758.8030434782609,0,1,0
TX-000043,2024-01-10 11:47:00,1576.79,Vendor_100,Operations,Travel,Check,Emp_049,INV-Vendor_100-895559,0,normal,26,2712.692692307692,-1135.9026923076922,0,1,0
TX-000044,2024-02-25 00:32:00,3590.09,Vendor_031,Engineering,Operations,Check,Emp_057,INV-Vendor_031-591874,0,normal,37,2623.9062292690023,966.1837707309978,0,5,0
TX-000045,2024-01-10 21:29:00,3186.28,Vendor_025,Finance,Operations,Check,Emp_021,INV-Vendor_025-993109,0,normal,44,2815.369772727273,370.9102272727273,0,2,0
TX-000046,2024-01-05 00:44:00,3100.93,Vendor_024,Finance,IT,ACH,Emp_034,INV-Vendor_024-629000,0,normal,22,3212.8424589157476,-111.91245891574772,0,1,0
TX-000047,2024-02-06 23:53:00,2342.02,Vendor_045,Finance,Consulting,Wire,Emp_093,INV-Vendor_045-280268,0,normal,34,3352.6271875,-1010.6071875000002,0,10,0
TX-000048,2024-01-04 18:00:00,4116.17,Vendor_014,Finance,Payroll,Card,Emp_089,INV-Vendor_014-623308,0,normal,36,2134.2634285714284,1981.9065714285716,0,2,0
TX-000049,2024-02-03 16:58:00,4881.57,Vendor_079,Marketing,Travel,Check,Emp_057,INV-Vendor_079-191672,0,normal,29,2672.4585185185188,2209.111481481481,0,1,0
TX-000050,2024-02-13 05:40:00,2197.75,Vendor_003,Legal,Operations,Card,Emp_029,INV-Vendor_003-434910,0,normal,27,2746.7746153846156,-549.0246153846156,0,4,0
TX-000051,2024-01-29 16:42:00,20000.0,Vendor_090,HR,Travel,Card,Emp_048,INV-Vendor_090-946790,1,round_number,25,3892.3379999999997,16107.662,1,1,0
TX-000052,2024-01-03 08:41:00,3388.46,Vendor_054,HR,Consulting,Wire,Emp_054,INV-Vendor_054-183133,0,normal,23,3005.8517391304345,382.6082608695656,0,1,0
TX-000053,2024-01-05 22:36:00,3124.65,Vendor_057,Legal,Payroll,Check,Emp_106,INV-Vendor_057-886965,0,normal,28,3861.44182160464,-736.7918216046401,0,5,0
TX-000054,2024-02-16 09:49:00,27712.53679799789,Vendor_062,Sales,Supplies,ACH,Emp_092,INV-Vendor_062-368941,1,high_amount,32,3565.037712437434,24147.499085560456,0,7,0
TX-000055,2024-02-09 06:35:00,809.78,Vendor_096,Operations,Consulting,ACH,Emp_106,INV-Vendor_096-155446,0,normal,35,3281.264857142857,-2471.4848571428574,0,5,0
TX-000056,2024-02-20 12:19:00,2178.67,Vendor_002,Marketing,Operations,Card,Emp_092,INV-Vendor_002-398291,0,normal,29,2921.2093209032923,-742.5393209032923,0,4,0
TX-000057,2024-02-25 11:49:00,4486.86,Vendor_054,Operations,Consulting,Card,Emp_105,INV-Vendor_054-961449,0,normal,23,3005.8517391304345,1481.0082608695652,0,1,0
TX-000058,2024-02-17 11:07:00,2126.16,Vendor_090,Support,Consulting,Check,Emp_100,INV-Vendor_090-674559,0,normal,25,3892.3379999999997,-1766.1779999999999,0,1,0
TX-000059,2024-01-06 20:17:00,3673.6,Vendor_042,Operations,Operations,Card,Emp_055,INV-Vendor_042-369969,0,normal,30,3465.2441635710875,208.35583642891243,0,7,0
TX-000060,2024-01-12 23:41:00,1396.65,Vendor_022,Marketing,Travel,ACH,Emp_022,INV-Vendor_049-665340,1,duplicate_invoice,33,2766.22851906831,-1369.57851906831,0,1,1
TX-000061,2024-02-05 20:45:00,2384.49,Vendor_040,Marketing,Travel,ACH,Emp_078,INV-Vendor_040-578241,0,normal,32,3123.052929000477,-738.5629290004772,0,4,0
TX-000062,2024-01-24 16:23:00,1576.71,Vendor_037,Legal,Travel,Check,Emp_086,INV-Vendor_037-528619,0,normal,34,2707.582727272727,-1130.872727272727,0,6,0
TX-000063,2024-02-06 20:29:00,1060.1,Vendor_001,Operations,Consulting,ACH,Emp_027,INV-Vendor_001-983899,0,normal,22,3603.7710087726696,-2543.6710087726697,0,4,0
TX-000064,2024-02-25 09:16:00,1368.55,Vendor_032,Operations,Operations,Check,Emp_107,INV-Vendor_032-722540,0,normal,39,2537.203758786566,-1168.6537587865662,0,14,0
TX-000065,2024-02-05 18:09:00,2758.41,Vendor_095,Engineering,Operations,Check,Emp_095,INV-Vendor_095-420938,0,normal,42,2756.728095238095,1.6819047619046614,0,4,0
TX-000066,2024-01-22 14:57:00,1210.16,Vendor_032,Sales,Consulting,Card,Emp_089,INV-Vendor_032-903429,0,normal,39,2537.203758786566,-1327.043758786566,0,14,0
TX-000067,2024-02-07 02:08:00,4520.71,Vendor_081,Marketing,Operations,ACH,Emp_060,INV-Vendor_081-409780,0,normal,30,3787.006065906091,733.7039340939091,0,5,0
TX-000068,2024-02-11 10:50:00,1848.99,Vendor_021,Marketing,Operations,Card,Emp_093,INV-Vendor_021-550886,0,normal,34,3005.547197344895,-1156.5571973448948,0,10,0
TX-000069,2024-01-10 16:00:00,481.97,Vendor_095,Marketing,Consulting,Wire,Emp_055,INV-Vendor_095-821577,0,normal,42,2756.728095238095,-2274.758095238095,0,5,0
TX-000070,2024-01-24 19:44:00,4683.62,Vendor_008,Engineering,Operations,Card,Emp_043,INV-Vendor_008-132700,1,high_frequency,38,2659.1583783783785,2024.4616216216214,0,12,0
TX-000071,2024-02-14 19:02:00,2612.56,Vendor_043,Marketing,Payroll,ACH,Emp_084,INV-Vendor_043-563397,0,normal,36,3072.333244872456,-459.77324487245596,0,11,0
TX-000072,2024-02-09 14:46:00,2317.4,Vendor_066,Marketing,Payroll,Wire,Emp_014,INV-Vendor_066-482473,0,normal,32,2144.8066657789423,172.59333422105783,0,5,0
TX-000073,2024-02-15 02:40:00,3078.67,Vendor_060,Legal,Consulting,Check,Emp_061,INV-Vendor_060-823167,0,normal,28,3524.8804552927822,-446.21045529278217,0,7,0
TX-000074,2024-02-16 01:46:00,4426.54,Vendor_044,HR,Payroll,Wire,Emp_095,INV-Vendor_044-444993,0,normal,35,3137.537058823529,1289.0029411764708,0,5,0
TX-000075,2024-02-21 15:08:00,2642.71,Vendor_008,Operations,Consulting,Card,Emp_108,INV-Vendor_008-851573,0,normal,38,2659.1583783783785,-16.448378378378493,0,12,0
TX-000076,2024-01-28 18:24:00,639.71,Vendor_031,Support,Travel,Card,Emp_005,INV-Vendor_031-236406,0,normal,37,2623.9062292690023,-1984.1962292690023,0,4,0
TX-000077,2024-02-04 18:53:00,3188.3,Vendor_098,Finance,IT,Check,Emp_033,INV-Vendor_098-585899,0,normal,33,3524.635628271743,-336.33562827174273,0,2,0
TX-000078,2024-01-25 05:32:00,3866.13,Vendor_061,Marketing,IT,Wire,Emp_094,INV-Vendor_061-733083,0,normal,41,3458.074275803163,408.0557241968372,0,1,0
TX-000079,2024-02-25 12:32:00,4144.45,Vendor_029,Legal,Travel,ACH,Emp_105,INV-Vendor_044-279801,1,duplicate_invoice,23,3015.4890476190476,1128.9609523809522,0,2,1
TX-000080,2024-01-10 19:39:00,1730.38,Vendor_047,Legal,Payroll,Wire,Emp_035,INV-Vendor_047-700179,0,normal,33,2865.957997719541,-1135.5779977195407,0,11,0
TX-000081,2024-02-11 08:26:00,2718.31,Vendor_078,Marketing,Consulting,Check,Emp_064,INV-Vendor_078-747223,0,normal,25,3293.4391947043987,-575.1291947043987,0,1,0
TX-000082,2024-02-18 00:22:00,4211.29,Vendor_028,Support,Supplies,Check,Emp_108,INV-Vendor_089-793879,1,duplicate_invoice,37,3803.5322467308665,407.75775326913345,0,7,1
TX-000083,2024-02-05 21:33:00,3416.75,Vendor_054,Legal,Payroll,Card,Emp_050,INV-Vendor_054-558532,0,normal,23,3005.8517391304345,410.89826086956555,0,1,0
TX-000084,2024-01-09 01:17:00,3628.82,Vendor_096,Sales,Operations,Check,Emp_095,INV-Vendor_096-432400,0,normal,35,3281.264857142857,347.555142857143,0,5,0
TX-000085,2024-01-13 20:54:00,2537.6,Vendor_057,Engineering,Consulting,ACH,Emp_064,INV-Vendor_057-422985,0,normal,28,3861.44182160464,-1323.8418216046402,0,4,0
TX-000086,2024-01-29 10:24:00,2274.0,Vendor_039,Support,Consulting,Card,Emp_071,INV-Vendor_046-507705,1,duplicate_invoice,23,2600.143043478261,-326.143043478261,0,2,1
TX-000087,2024-02-02 14:03:00,220.82,Vendor_069,Support,IT,Check,Emp_098,INV-Vendor_069-346756,0,normal,24,2413.8735,-2193.0535,0,1,0
TX-000088,2024-01-01 17:22:00,4867.3,Vendor_006,Legal,IT,ACH,Emp_111,INV-Vendor_006-944688,0,normal,21,4452.1197045024655,415.18029549753464,0,8,0
TX-000089,2024-01-01 03:28:00,1557.91,Vendor_014,Support,Consulting,ACH,Emp_079,INV-Vendor_014-190506,0,normal,36,2134.2634285714284,-576.3534285714284,0,1,0
TX-000090,2024-02-12 16:04:00,242.49,Vendor_047,Engineering,Supplies,Card,Emp_058,INV-Vendor_047-337455,0,normal,33,2865.957997719541,-2623.467997719541,0,10,0
TX-000091,2024-02-13 07:04:00,2057.52,Vendor_033,Marketing,Consulting,ACH,Emp_031,INV-Vendor_033-221305,0,normal,28,2550.7607142857146,-493.2407142857146,0,4,0
TX-000092,2024-01-06 18:04:00,2215.69,Vendor_040,HR,Supplies,Check,Emp_074,INV-Vendor_040-436569,0,normal,32,3123.052929000477,-907.3629290004769,0,5,0
TX-000093,2024-01-14 16:46:00,4389.19,Vendor_069,Support,IT,Wire,Emp_059,INV-Vendor_069-534743,0,normal,24,2413.8735,1975.3164999999995,0,1,0
TX-000094,2024-02-12 06:06:00,1821.6,Vendor_016,HR,Supplies,Card,Emp_039,INV-Vendor_016-889417,0,normal,42,4104.852509181274,-2283.2525091812745,0,5,0
TX-000095,2024-02-04 09:41:00,4045.38,Vendor_017,Marketing,Travel,ACH,Emp_001,INV-Vendor_017-700092,0,normal,27,2857.5396296296294,1187.8403703703707,0,5,0
TX-000096,2024-02-25 18:26:00,1225.47,Vendor_036,Engineering,Consulting,Wire,Emp_028,INV-Vendor_036-673746,0,normal,32,3055.038064516129,-1829.568064516129,0,4,0
TX-000097,2024-01-21 18:06:00,498.37,Vendor_064,Finance,Payroll,ACH,Emp_038,INV-Vendor_064-803110,0,normal,33,2813.544242424243,-2315.174242424243,0,3,0
TX-000098,2024-02-12 00:29:00,4738.34,Vendor_040,Marketing,Payroll,Check,Emp_006,INV-Vendor_040-920286,0,normal,32,3123.052929000477,1615.2870709995232,0,4,0
TX-000099,2024-01-29 18:25:00,1147.92,Vendor_032,Sales,Supplies,Check,Emp_022,INV-Vendor_032-479338,1,high_frequency,39,2537.203758786566,-1389.283758786566,0,14,0
TX-000100,2024-02-20 20:27:00,4498.63,Vendor_083,Marketing,Consulting,ACH,Emp_108,INV-Vendor_083-461995,0,normal,25,2850.515,1648.1150000000002,0,4,0
TX-000101,2024-02-20 16:27:00,2748.77,Vendor_035,Sales,Supplies,Card,Emp_006,INV-Vendor_035-416605,0,normal,35,2498.9767647058825,249.7932352941175,0,4,0
TX-000102,2024-02-23 06:24:00,3865.04,Vendor_065,Legal,Consulting,Wire,Emp_007,INV-Vendor_065-894777,0,normal,35,3155.7917276126786,709.2482723873213,0,2,0
TX-000103,2024-02-23 22:36:00,645.47,Vendor_087,Sales,Operations,Check,Emp_091,INV-Vendor_087-975306,1,high_frequency,26,2325.0704,-1679.6004,0,4,0
TX-000104,2024-02-05 04:33:00,3961.59,Vendor_019,Support,Consulting,ACH,Emp_069,INV-Vendor_019-645197,0,normal,31,2977.7130705628747,983.8769294371255,0,10,0
TX-000105,2024-01-29 04:46:00,4739.53,Vendor_058,Sales,Supplies,Card,Emp_004,INV-Vendor_058-206396,0,normal,34,2718.410294117647,2021.1197058823527,0,1,0
TX-000106,2024-01-20 14:01:00,1713.52,Vendor_049,Support,Operations,Wire,Emp_100,INV-Vendor_049-115226,0,normal,35,2968.721142857143,-1255.2011428571432,0,4,0
TX-000107,2024-01-01 13:50:00,4595.95,Vendor_098,Marketing,Supplies,Check,Emp_015,INV-Vendor_098-130607,0,normal,33,3524.635628271743,1071.314371728257,0,1,0
TX-000108,2024-01-30 12:40:00,5000.0,Vendor_065,Support,Consulting,ACH,Emp_084,INV-Vendor_065-994971,1,round_number,35,3155.7917276126786,1844.2082723873214,1,1,0
TX-000109,2024-02-13 12:38:00,2928.26,Vendor_012,Marketing,Payroll,Check,Emp_015,INV-Vendor_012-714954,0,normal,32,2499.3235160701242,428.936483929876,0,1,0
TX-000110,2024-02-14 08:43:00,3331.21,Vendor_003,Legal,Travel,Wire,Emp_107,INV-Vendor_003-868990,0,normal,27,2746.7746153846156,584.4353846153845,0,4,0
TX-000111,2024-02-07 01:12:00,2877.68,Vendor_067,Sales,Supplies,Check,Emp_094,INV-Vendor_067-740453,0,normal,44,2993.467335565413,-115.78733556541329,0,1,0
TX-000112,2024-02-23 13:53:00,10000.0,Vendor_037,Operations,Consulting,Wire,Emp_078,INV-Vendor_037-642199,1,round_number,34,2707.582727272727,7292.417272727273,1,4,0
TX-000113,2024-01-01 02:23:00,1670.11,Vendor_015,Support,Travel,Wire,Emp_101,INV-Vendor_015-161762,0,normal,31,2923.1236666666664,-1253.0136666666665,0,2,0
TX-000114,2024-01-23 08:40:00,215.46,Vendor_038,Sales,Consulting,ACH,Emp_019,INV-Vendor_038-609117,0,normal,26,2540.0492307692307,-2324.5892307692307,0,1,0
TX-000115,2024-02-20 08:28:00,4605.7,Vendor_032,Finance,Consulting,Card,Emp_043,INV-Vendor_032-949115,1,high_frequency,39,2537.203758786566,2068.4962412134337,0,13,0
TX-000116,2024-01-30 06:20:00,4937.5,Vendor_083,HR,Supplies,Wire,Emp_055,INV-Vendor_083-932327,0,normal,25,2850.515,2086.985,0,4,0
TX-000117,2024-01-25 20:37:00,10843.703499894566,Vendor_030,Marketing,Operations,Wire,Emp_020,INV-Vendor_030-772308,1,high_amount,23,3033.8827608649813,7809.820739029585,0,7,0
TX-000118,2024-01-30 20:06:00,1581.04,Vendor_022,Sales,IT,Check,Emp_003,INV-Vendor_022-684217,0,normal,33,2766.22851906831,-1185.1885190683101,0,3,0
TX-000119,2024-02-11 07:40:00,1831.66,Vendor_058,HR,IT,Wire,Emp_034,INV-Vendor_058-726865,0,normal,34,2718.410294117647,-886.750294117647,0,1,0
TX-000120,2024-02-05 08:07:00,767.25,Vendor_055,Engineering,Supplies,Wire,Emp_018,INV-Vendor_055-353643,0,normal,35,2730.5511428571426,-1963.3011428571426,0,14,0
TX-000121,2024-01-06 11:38:00,1532.71,Vendor_078,Legal,IT,Card,Emp_098,INV-Vendor_078-974953,0,normal,25,3293.4391947043987,-1760.7291947043987,0,1,0
TX-000122,2024-01-21 19:57:00,3632.14,Vendor_050,Marketing,IT,ACH,Emp_016,INV-Vendor_050-230137,0,normal,26,2861.6157661684847,770.5242338315152,0,2,0
TX-000123,2024-02-01 10:36:00,3974.51,Vendor_046,Finance,Payroll,Card,Emp_048,INV-Vendor_046-790442,0,normal,33,3052.1432305611957,922.3667694388046,0,4,0
TX-000124,2024-02-27 00:36:00,4155.86,Vendor_055,Support,Operations,ACH,Emp_087,INV-Vendor_055-549251,0,normal,35,2730.5511428571426,1425.308857142857,0,13,0
TX-000125,2024-02-09 14:57:00,2150.23,Vendor_002,Marketing,Travel,Check,Emp_019,INV-Vendor_002-277835,0,normal,29,2921.2093209032923,-770.9793209032923,0,4,0
TX-000126,2024-01-08 15:31:00,1902.81,Vendor_090,Operations,Payroll,Card,Emp_118,INV-Vendor_090-659741,0,normal,25,3892.3379999999997,-1989.5279999999998,0,2,0
TX-000127,2024-01-06 05:51:00,2099.29,Vendor_004,Support,Supplies,ACH,Emp_043,INV-Vendor_004-863311,0,normal,30,3943.4157484248335,-1844.1257484248335,0,2,0
TX-000128,2024-01-31 23:37:00,856.86,Vendor_043,Sales,Consulting,Card,Emp_054,INV-Vendor_043-362952,0,normal,36,3072.333244872456,-2215.473244872456,0,10,0
TX-000129,2024-02-17 04:11:00,4474.06,Vendor_089,Operations,Supplies,Check,Emp_026,INV-Vendor_089-191232,0,normal,29,4049.3871695268895,424.67283047311093,0,7,0
TX-000130,2024-03-01 14:16:00,2829.63,Vendor_016,Marketing,Consulting,ACH,Emp_098,INV-Vendor_016-638811,0,normal,42,4104.852509181274,-1275.2225091812743,0,5,0
TX-000131,2024-01-04 09:13:00,3646.75,Vendor_016,Sales,Travel,Wire,Emp_024,INV-Vendor_016-103937,0,normal,42,4104.852509181274,-458.1025091812744,0,5,0
TX-000132,2024-01-12 17:49:00,3448.82,Vendor_067,HR,Payroll,Check,Emp_011,INV-Vendor_067-809580,0,normal,44,2993.467335565413,455.35266443458704,0,2,0
TX-000133,2024-02-07 10:10:00,184.95,Vendor_056,Support,Payroll,Wire,Emp_097,INV-Vendor_056-800495,0,normal,23,2481.271304347826,-2296.3213043478263,0,1,0
TX-000134,2024-01-26 16:25:00,4830.5,Vendor_062,Sales,Payroll,Card,Emp_067,INV-Vendor_062-813589,0,normal,32,3565.037712437434,1265.462287562566,0,7,0
TX-000135,2024-02-29 06:13:00,3838.62,Vendor_014,Support,Payroll,Wire,Emp_083,INV-Vendor_014-558562,0,normal,36,2134.2634285714284,1704.3565714285714,0,1,0
TX-000136,2024-01-21 12:12:00,2883.9,Vendor_043,Support,Consulting,ACH,Emp_107,INV-Vendor_034-693718,1,duplicate_invoice,36,3072.333244872456,-188.43324487245582,0,11,1
TX-000137,2024-02-21 21:49:00,1181.42,Vendor_053,Support,Operations,Check,Emp_041,INV-Vendor_053-923617,0,normal,32,5061.836796882053,-3880.416796882053,0,2,0
TX-000138,2024-02-17 03:05:00,2351.67,Vendor_067,Sales,IT,Check,Emp_046,INV-Vendor_067-483883,0,normal,44,2993.467335565413,-641.797335565413,0,1,0
TX-000139,2024-01-13 23:34:00,1117.64,Vendor_010,Finance,Consulting,Card,Emp_084,INV-Vendor_010-745582,0,normal,22,2547.3354466749174,-1429.6954466749173,0,1,0
TX-000140,2024-02-18 21:54:00,3357.94,Vendor_039,Legal,Supplies,ACH,Emp_029,INV-Vendor_039-770058,0,normal,23,2600.143043478261,757.796956521739,0,2,0
TX-000141,2024-02-23 13:28:00,3409.63,Vendor_043,Support,Travel,Card,Emp_035,INV-Vendor_043-174891,0,normal,36,3072.333244872456,337.2967551275442,0,10,0
TX-000142,2024-02-13 07:02:00,3840.97,Vendor_009,Sales,Supplies,Check,Emp_104,INV-Vendor_009-302494,0,normal,23,2132.1145454545454,1708.8554545454544,0,1,0
TX-000143,2024-02-24 19:53:00,1528.17,Vendor_098,Sales,Payroll,ACH,Emp_091,INV-Vendor_098-757795,0,normal,33,3524.635628271743,-1996.4656282717428,0,1,0
TX-000144,2024-02-14 21:32:00,173.88,Vendor_010,Engineering,Operations,Card,Emp_059,INV-Vendor_010-153365,0,normal,22,2547.3354466749174,-2373.4554466749173,0,1,0
TX-000145,2024-03-01 09:16:00,1036.8,Vendor_031,Legal,Supplies,Wire,Emp_105,INV-Vendor_031-716092,1,high_frequency,37,2623.9062292690023,-1587.1062292690024,0,4,0
TX-000146,2024-01-02 20:23:00,235.06,Vendor_034,Legal,Travel,ACH,Emp_072,INV-Vendor_034-179619,0,normal,31,2820.5182405182827,-2585.4582405182828,0,1,0
TX-000147,2024-01-13 03:40:00,1184.75,Vendor_032,Sales,Supplies,Card,Emp_059,INV-Vendor_032-671406,1,high_frequency,39,2537.203758786566,-1352.4537587865661,0,14,0
TX-000148,2024-02-10 15:52:00,348.55,Vendor_082,Engineering,Payroll,Check,Emp_054,INV-Vendor_082-649983,0,normal,20,3988.878997849292,-3640.3289978492917,0,4,0
TX-000149,2024-01-27 20:28:00,601.11,Vendor_080,Support,Payroll,Wire,Emp_116,INV-Vendor_080-489579,0,normal,29,2652.113793103448,-2051.003793103448,0,2,0
TX-000150,2024-01-18 01:51:00,3122.84,Vendor_071,Support,Payroll,Check,Emp_001,INV-Vendor_071-985841,0,normal,30,2482.368888888889,640.471111111111,0,7,0
TX-000151,2024-01-12 20:06:00,1798.54,Vendor_027,Operations,Travel,Check,Emp_091,INV-Vendor_027-554325,0,normal,24,4649.952627401481,-2851.4126274014807,0,13,0
TX-000152,2024-02-21 09:35:00,4213.42,Vendor_019,Legal,Supplies,Check,Emp_067,INV-Vendor_019-936023,0,normal,31,2977.7130705628747,1235.7069294371254,0,11,0
TX-000153,2024-02-29 09:12:00,3272.37,Vendor_093,Finance,Travel,Wire,Emp_072,INV-Vendor_093-591358,0,normal,24,2552.386956521739,719.9830434782607,0,4,0
TX-000154,2024-01-10 06:06:00,2654.89,Vendor_015,Legal,Travel,Check,Emp_008,INV-Vendor_015-682578,0,normal,31,2923.1236666666664,-268.2336666666665,0,1,0
TX-000155,2024-01-20 13:11:00,167.81,Vendor_097,Finance,Payroll,Wire,Emp_001,INV-Vendor_097-278918,0,normal,24,2534.625652173913,-2366.815652173913,0,4,0
TX-000156,2024-02-11 18:58:00,3652.08,Vendor_028,Engineering,IT,Check,Emp_050,INV-Vendor_028-757112,1,high_frequency,37,3803.5322467308665,-151.4522467308666,0,5,0
TX-000157,2024-01-18 17:31:00,3280.38,Vendor_085,Finance,Supplies,Wire,Emp_004,INV-Vendor_085-842803,1,high_frequency,28,3183.8122633457456,96.56773665425453,0,4,0
TX-000158,2024-01-14 21:26:00,3240.92,Vendor_066,Support,Payroll,ACH,Emp_031,INV-Vendor_066-928023,0,normal,32,2144.8066657789423,1096.1133342210578,0,4,0
TX-000159,2024-01-09 19:04:00,804.47,Vendor_012,Support,Consulting,Card,Emp_011,INV-Vendor_012-400018,0,normal,32,2499.3235160701242,-1694.8535160701242,0,1,0
TX-000160,2024-02-27 14:51:00,2669.75,Vendor_047,Sales,Payroll,Card,Emp_011,INV-Vendor_047-454526,0,normal,33,2865.957997719541,-196.2079977195408,0,10,0
TX-000161,2024-01-01 17:28:00,4160.32,Vendor_094,Legal,Payroll,ACH,Emp_019,INV-Vendor_094-510259,0,normal,22,3627.416190476191,532.9038095238088,0,3,0
TX-000162,2024-01-05 03:47:00,2592.06,Vendor_016,Marketing,IT,Wire,Emp_025,INV-Vendor_016-671535,0,normal,42,4104.852509181274,-1512.7925091812745,0,5,0
TX-000163,2024-01-14 08:58:00,816.2,Vendor_041,Operations,IT,Wire,Emp_093,INV-Vendor_041-694473,0,normal,31,2695.650967741936,-1879.4509677419358,0,1,0
TX-000164,2024-01-17 11:41:00,2278.86,Vendor_088,HR,Travel,ACH,Emp_067,INV-Vendor_088-964383,0,normal,28,2593.798461538461,-314.93846153846107,0,5,0
TX-000165,2024-02-22 02:58:00,4359.65,Vendor_054,Finance,Supplies,Wire,Emp_068,INV-Vendor_054-299331,0,normal,23,3005.8517391304345,1353.7982608695652,0,1,0
TX-000166,2024-02-13 03:57:00,2594.43,Vendor_001,Legal,Supplies,Check,Emp_082,INV-Vendor_001-551690,0,normal,22,3603.7710087726696,-1009.3410087726697,0,6,0
TX-000167,2024-03-01 17:05:00,1631.46,Vendor_086,HR,Supplies,Card,Emp_099,INV-Vendor_086-309070,0,normal,35,3206.610882352941,-1575.1508823529412,0,5,0
TX-000168,2024-02-14 14:04:00,210.79,Vendor_080,Legal,Operations,Card,Emp_035,INV-Vendor_080-773784,0,normal,29,2652.113793103448,-2441.323793103448,0,1,0
TX-000169,2024-02-09 12:31:00,3868.48,Vendor_096,Sales,IT,ACH,Emp_051,INV-Vendor_096-999852,0,normal,35,3281.264857142857,587.2151428571428,0,5,0
TX-000170,2024-02-25 17:28:00,3659.5,Vendor_069,Sales,Travel,ACH,Emp_039,INV-Vendor_069-657101,0,normal,24,2413.8735,1245.6264999999999,0,1,0
TX-000171,2024-02-05 18:40:00,285.25,Vendor_084,Finance,IT,Check,Emp_064,INV-Vendor_084-957838,0,normal,44,3595.354474626231,-3310.104474626231,0,2,0
TX-000172,2024-02-28 16:07:00,4710.0,Vendor_066,Finance,Supplies,Card,Emp_027,INV-Vendor_066-857245,0,normal,32,2144.8066657789423,2565.1933342210577,0,5,0
TX-000173,2024-02-01 19:22:00,2089.82,Vendor_028,Marketing,IT,Wire,Emp_046,INV-Vendor_028-956630,0,normal,37,3803.5322467308665,-1713.7122467308664,0,5,0
TX-000174,2024-01-17 06:56:00,547.84,Vendor_096,Legal,Payroll,ACH,Emp_037,INV-Vendor_096-454009,0,normal,35,3281.264857142857,-2733.424857142857,0,4,0
TX-000175,2024-02-03 15:26:00,4407.73,Vendor_027,Finance,Supplies,Card,Emp_113,INV-Vendor_027-449674,0,normal,24,4649.952627401481,-242.22262740148108,0,13,0
TX-000176,2024-01-12 01:33:00,527.5,Vendor_034,Sales,Operations,ACH,Emp_077,INV-Vendor_034-336865,0,normal,31,2820.5182405182827,-2293.0182405182827,0,2,0
TX-000177,2024-01-25 18:09:00,4128.88,Vendor_057,Legal,Payroll,ACH,Emp_080,INV-Vendor_057-691543,0,normal,28,3861.44182160464,267.43817839535996,0,5,0
TX-000178,2024-01-10 17:34:00,1892.41,Vendor_065,Legal,Travel,Card,Emp_085,INV-Vendor_065-314188,0,normal,35,3155.7917276126786,-1263.3817276126786,0,1,0
TX-000179,2024-02-12 13:29:00,2449.71,Vendor_068,Legal,IT,ACH,Emp_008,INV-Vendor_068-676869,0,normal,20,2901.888209334918,-452.17820933491794,0,1,0
TX-000180,2024-01-15 16:13:00,4568.33,Vendor_037,Support,Payroll,Check,Emp_072,INV-Vendor_037-179243,0,normal,34,2707.582727272727,1860.747272727273,0,4,0
TX-000181,2024-02-25 08:24:00,266.09,Vendor_048,Engineering,IT,Check,Emp_081,INV-Vendor_048-330651,0,normal,23,3207.9171428571435,-2941.8271428571434,0,1,0
TX-000182,2024-01-23 23:58:00,10000.0,Vendor_004,Sales,Travel,Card,Emp_111,INV-Vendor_004-318566,1,round_number,30,3943.4157484248335,6056.5842515751665,1,2,0
TX-000183,2024-01-04 08:10:00,667.15,Vendor_017,Support,Travel,Wire,Emp_014,INV-Vendor_017-595683,0,normal,27,2857.5396296296294,-2190.3896296296293,0,5,0
TX-000184,2024-02-23 20:03:00,13370.039920380596,Vendor_050,Sales,Supplies,ACH,Emp_004,INV-Vendor_050-125573,1,high_amount,26,2861.6157661684847,10508.42415421211,0,1,0
TX-000185,2024-01-28 08:47:00,2787.32,Vendor_093,Engineering,Operations,ACH,Emp_118,INV-Vendor_093-294278,0,normal,24,2552.386956521739,234.93304347826097,0,4,0
TX-000186,2024-03-01 03:32:00,23257.443950484692,Vendor_051,Support,Payroll,Card,Emp_028,INV-Vendor_051-553774,1,high_amount,33,3471.1343740931966,19786.309576391497,0,2,0
TX-000187,2024-01-20 02:33:00,2683.69,Vendor_032,Marketing,Consulting,Wire,Emp_048,INV-Vendor_032-866017,0,normal,39,2537.203758786566,146.4862412134339,0,13,0
TX-000188,2024-01-03 11:50:00,3963.22,Vendor_052,Operations,Consulting,Wire,Emp_006,INV-Vendor_052-197481,0,normal,27,3824.131111111111,139.08888888888896,0,5,0
TX-000189,2024-01-13 18:51:00,1551.12,Vendor_030,Operations,Supplies,ACH,Emp_026,INV-Vendor_030-957827,0,normal,23,3033.8827608649813,-1482.7627608649814,0,8,0
TX-000190,2024-02-18 10:54:00,4174.61,Vendor_007,Sales,Consulting,Card,Emp_028,INV-Vendor_007-800722,0,normal,34,3137.7673386319625,1036.8426613680372,0,4,0
TX-000191,2024-01-23 20:33:00,2154.25,Vendor_094,Legal,Operations,Check,Emp_039,INV-Vendor_094-862877,0,normal,22,3627.416190476191,-1473.1661904761909,0,1,0
TX-000192,2024-01-16 16:29:00,3356.21,Vendor_084,HR,Operations,Card,Emp_076,INV-Vendor_084-647894,0,normal,44,3595.354474626231,-239.14447462623093,0,1,0
TX-000193,2024-02-15 12:20:00,14918.804909729486,Vendor_NEW_193,Engineering,Consulting,ACH,Emp_083,INV-Vendor_028-960015,1,new_vendor_high,1,14918.804909729486,0.0,0,4,0
TX-000194,2024-02-04 13:58:00,1297.35,Vendor_014,Legal,Travel,Check,Emp_052,INV-Vendor_014-584854,0,normal,36,2134.2634285714284,-836.9134285714285,0,2,0
TX-000195,2024-01-10 08:03:00,525.33,Vendor_069,Legal,IT,Check,Emp_047,INV-Vendor_069-186040,0,normal,24,2413.8735,-1888.5435000000002,0,1,0
TX-000196,2024-01-20 18:35:00,1514.47,Vendor_071,Operations,Operations,Check,Emp_037,INV-Vendor_071-204046,0,normal,30,2482.368888888889,-967.8988888888891,0,8,0
TX-000197,2024-02-02 13:27:00,4169.99,Vendor_016,Support,Operations,ACH,Emp_065,INV-Vendor_016-566133,0,normal,42,4104.852509181274,65.13749081872538,0,4,0
TX-000198,2024-02-05 09:18:00,993.67,Vendor_039,Legal,Consulting,Card,Emp_114,INV-Vendor_039-146453,0,normal,23,2600.143043478261,-1606.473043478261,0,1,0
TX-000199,2024-02-20 15:33:00,10000.0,Vendor_064,Legal,IT,ACH,Emp_112,INV-Vendor_064-358959,1,round_number,33,2813.544242424243,7186.455757575757,1,1,0
TX-000200,2024-01-28 14:41:00,2999.41,Vendor_046,Sales,Consulting,Card,Emp_101,INV-Vendor_046-391019,0,normal,33,3052.1432305611957,-52.733230561195796,0,6,0
TX-000201,2024-02-19 07:48:00,1171.34,Vendor_071,Finance,Operations,Wire,Emp_013,INV-Vendor_071-811344,0,normal,30,2482.368888888889,-1311.0288888888892,0,8,0
TX-000202,2024-02-23 08:06:00,1654.35,Vendor_013,Sales,Supplies,Check,Emp_103,INV-Vendor_016-498562,1,duplicate_invoice,35,3320.0319506780124,-1665.6819506780125,0,4,1
TX-000203,2024-02-08 02:08:00,2028.99,Vendor_078,Operations,Supplies,ACH,Emp_110,INV-Vendor_078-371502,0,normal,25,3293.4391947043987,-1264.4491947043987,0,1,0
TX-000204,2024-01-31 07:38:00,2764.62,Vendor_015,HR,Supplies,Wire,Emp_084,INV-Vendor_015-871899,0,normal,31,2923.1236666666664,-158.5036666666665,0,1,0
TX-000205,2024-01-05 18:19:00,755.7,Vendor_064,HR,Payroll,ACH,Emp_090,INV-Vendor_064-768958,0,normal,33,2813.544242424243,-2057.844242424243,0,2,0
TX-000206,2024-01-30 20:31:00,4894.81,Vendor_073,Support,IT,Check,Emp_022,INV-Vendor_050-493946,1,duplicate_invoice,30,2825.4158620689655,2069.394137931035,0,7,1
TX-000207,2024-02-06 06:36:00,2520.61,Vendor_042,Legal,Payroll,ACH,Emp_046,INV-Vendor_042-727502,0,normal,30,3465.2441635710875,-944.6341635710874,0,7,0
TX-000208,2024-01-01 01:58:00,4424.3,Vendor_034,Support,Travel,Check,Emp_013,INV-Vendor_034-703610,0,normal,31,2820.5182405182827,1603.7817594817175,0,1,0
TX-000209,2024-01-09 23:44:00,1054.93,Vendor_071,Finance,Travel,Wire,Emp_073,INV-Vendor_071-344662,0,normal,30,2482.368888888889,-1427.438888888889,0,7,0
TX-000210,2024-02-16 00:15:00,17706.48737821305,Vendor_NEW_210,Engineering,IT,ACH,Emp_061,INV-Vendor_044-976425,1,new_vendor_high,1,17706.48737821305,0.0,0,2,0
TX-000211,2024-02-17 03:04:00,2610.22,Vendor_071,Legal,IT,Check,Emp_019,INV-Vendor_071-912456,0,normal,30,2482.368888888889,127.85111111111064,0,7,0
TX-000212,2024-02-10 06:08:00,2485.05,Vendor_062,HR,Consulting,Check,Emp_052,INV-Vendor_062-383479,0,normal,32,3565.037712437434,-1079.9877124374339,0,7,0
TX-000213,2024-01-20 00:55:00,1196.6,Vendor_081,Marketing,Supplies,Card,Emp_008,INV-Vendor_081-688186,0,normal,30,3787.006065906091,-2590.406065906091,0,6,0
TX-000214,2024-01-03 22:55:00,4142.81,Vendor_093,HR,IT,Card,Emp_058,INV-Vendor_093-507029,0,normal,24,2552.386956521739,1590.4230434782612,0,4,0
TX-000215,2024-02-06 02:22:00,1830.65,Vendor_012,Finance,Payroll,ACH,Emp_046,INV-Vendor_012-742768,0,normal,32,2499.3235160701242,-668.6735160701242,0,1,0
TX-000216,2024-02-06 07:08:00,2151.03,Vendor_044,Support,Supplies,Wire,Emp_037,INV-Vendor_044-892316,0,normal,35,3137.537058823529,-986.507058823529,0,4,0
TX-000217,2024-01-03 13:53:00,2831.72,Vendor_057,Sales,Payroll,Card,Emp_049,INV-Vendor_057-813862,0,normal,28,3861.44182160464,-1029.7218216046404,0,4,0
TX-000218,2024-02-17 01:45:00,34880.92863558033,Vendor_028,Legal,Payroll,Card,Emp_100,INV-Vendor_028-720944,1,high_amount,37,3803.5322467308665,31077.39638884946,0,6,0
TX-000219,2024-02-13 12:23:00,4357.41,Vendor_036,Operations,Payroll,ACH,Emp_040,INV-Vendor_036-472813,0,normal,32,3055.038064516129,1302.3719354838709,0,4,0
TX-000220,2024-01-27 16:22:00,2975.43,Vendor_095,Marketing,Operations,Card,Emp_023,INV-Vendor_095-396951,0,normal,42,2756.728095238095,218.70190476190464,0,4,0
TX-000221,2024-01-30 20:49:00,4103.79,Vendor_008,Engineering,Payroll,ACH,Emp_087,INV-Vendor_008-727977,1,high_frequency,38,2659.1583783783785,1444.6316216216214,0,11,0
TX-000222,2024-01-05 05:47:00,627.96,Vendor_020,Finance,Payroll,ACH,Emp_118,INV-Vendor_020-322030,0,normal,37,4048.926765951174,-3420.966765951174,0,6,0
TX-000223,2024-02-01 11:32:00,1832.52,Vendor_041,HR,Operations,Wire,Emp_085,INV-Vendor_041-341444,0,normal,31,2695.650967741936,-863.1309677419358,0,2,0
TX-000224,2024-01-09 00:44:00,4352.63,Vendor_075,Support,Payroll,Check,Emp_068,INV-Vendor_075-880712,0,normal,31,2556.1941935483874,1796.4358064516127,0,2,0
TX-000225,2024-01-20 18:29:00,13658.212966127707,Vendor_NEW_225,Finance,Supplies,Card,Emp_022,INV-Vendor_031-324003,1,new_vendor_high,1,13658.212966127707,0.0,0,6,0
TX-000226,2024-01-18 05:47:00,20000.0,Vendor_059,Operations,Payroll,Check,Emp_039,INV-Vendor_059-620521,1,round_number,15,4133.840666666667,15866.159333333333,1,2,0
TX-000227,2024-02-18 17:17:00,2457.32,Vendor_092,Support,Supplies,Card,Emp_063,INV-Vendor_092-848980,0,normal,32,2637.2259197610306,-179.90591976103042,0,1,0
TX-000228,2024-02-23 20:48:00,3314.51,Vendor_061,Legal,Payroll,Wire,Emp_099,INV-Vendor_061-944590,0,normal,41,3458.074275803163,-143.56427580316267,0,1,0
TX-000229,2024-01-11 21:46:00,2219.41,Vendor_008,HR,Consulting,Wire,Emp_043,INV-Vendor_008-413133,0,normal,38,2659.1583783783785,-439.7483783783787,0,10,0
TX-000230,2024-01-26 21:27:00,3929.5,Vendor_097,Engineering,Payroll,Check,Emp_103,INV-Vendor_097-560423,0,normal,24,2534.625652173913,1394.8743478260872,0,5,0
TX-000231,2024-01-28 18:22:00,10526.862872771168,Vendor_018,Legal,IT,Check,Emp_105,INV-Vendor_018-282270,1,high_amount,25,3244.913714910847,7281.949157860321,0,1,0
TX-000232,2024-01-08 09:57:00,1922.32,Vendor_008,Operations,IT,Card,Emp_038,INV-Vendor_008-121493,0,normal,38,2659.1583783783785,-736.8383783783786,0,11,0
TX-000233,2024-01-24 05:28:00,847.14,Vendor_057,Engineering,Payroll,Card,Emp_048,INV-Vendor_057-730685,0,normal,28,3861.44182160464,-3014.3018216046403,0,4,0
TX-000234,2024-01-01 02:43:00,409.45,Vendor_041,Sales,Operations,Wire,Emp_071,INV-Vendor_041-237113,0,normal,31,2695.650967741936,-2286.200967741936,0,1,0
TX-000235,2024-02-04 19:20:00,2567.12,Vendor_024,Marketing,Consulting,Wire,Emp_007,INV-Vendor_024-549086,0,normal,22,3212.8424589157476,-645.7224589157477,0,1,0
TX-000236,2024-01-25 13:18:00,320.19,Vendor_058,Support,Consulting,Wire,Emp_045,INV-Vendor_058-878565,0,normal,34,2718.410294117647,-2398.220294117647,0,1,0
TX-000237,2024-02-27 14:13:00,3258.66,Vendor_022,Finance,Operations,ACH,Emp_046,INV-Vendor_022-683174,0,normal,33,2766.22851906831,492.43148093168975,0,1,0
TX-000238,2024-01-28 01:00:00,4881.79,Vendor_084,Support,Operations,Card,Emp_103,INV-Vendor_084-754184,0,normal,44,3595.354474626231,1286.435525373769,0,4,0
TX-000239,2024-01-12 19:05:00,2411.01,Vendor_032,Engineering,Consulting,Check,Emp_055,INV-Vendor_032-628771,0,normal,39,2537.203758786566,-126.19375878656592,0,13,0
TX-000240,2024-02-25 09:55:00,3383.63,Vendor_055,Support,Travel,Check,Emp_024,INV-Vendor_055-331463,0,normal,35,2730.5511428571426,653.0788571428575,0,14,0
TX-000241,2024-01-14 17:33:00,1003.25,Vendor_056,Support,Payroll,ACH,Emp_078,INV-Vendor_056-134338,0,normal,23,2481.271304347826,-1478.0213043478261,0,2,0
TX-000242,2024-02-17 22:48:00,15771.226644586655,Vendor_NEW_242,Legal,Operations,Wire,Emp_036,INV-Vendor_048-735967,1,new_vendor_high,1,15771.226644586655,0.0,0,1,0
TX-000243,2024-01-04 21:59:00,353.8,Vendor_008,Operations,IT,Wire,Emp_035,INV-Vendor_008-491952,0,normal,38,2659.1583783783785,-2305.3583783783783,0,10,0
TX-000244,2024-01-20 10:40:00,969.33,Vendor_092,Sales,IT,ACH,Emp_015,INV-Vendor_092-600212,0,normal,32,2637.2259197610306,-1667.8959197610307,0,1,0
TX-000245,2024-01-15 10:12:00,3692.93,Vendor_028,Engineering,Travel,Wire,Emp_021,INV-Vendor_028-639100,0,normal,37,3803.5322467308665,-110.60224673086668,0,4,0
TX-000246,2024-01-14 16:00:00,3589.34,Vendor_077,Sales,Supplies,Wire,Emp_120,INV-Vendor_077-498331,0,normal,33,3274.230606060606,315.10939393939407,0,1,0
TX-000247,2024-02-21 14:13:00,527.49,Vendor_031,Sales,Consulting,Check,Emp_037,INV-Vendor_031-692737,0,normal,37,2623.9062292690023,-2096.4162292690025,0,4,0
TX-000248,2024-01-21 04:47:00,4867.2,Vendor_044,Support,Supplies,ACH,Emp_079,INV-Vendor_044-559260,0,normal,35,3137.537058823529,1729.6629411764707,0,7,0
TX-000249,2024-02-09 06:08:00,2573.94,Vendor_083,Sales,IT,Card,Emp_058,INV-Vendor_083-977617,0,normal,25,2850.515,-276.5749999999998,0,5,0
TX-000250,2024-02-28 07:31:00,2650.68,Vendor_012,Finance,Travel,Card,Emp_038,INV-Vendor_012-969173,0,normal,32,2499.3235160701242,151.3564839298756,0,2,0
TX-000251,2024-02-15 07:14:00,3724.2,Vendor_021,Sales,Operations,ACH,Emp_042,INV-Vendor_021-491586,0,normal,34,3005.547197344895,718.652802655105,0,7,0
TX-000252,2024-01-04 16:10:00,220.82,Vendor_064,Sales,Consulting,Card,Emp_066,INV-Vendor_064-598952,0,normal,33,2813.544242424243,-2592.7242424242427,0,2,0
TX-000253,2024-01-09 07:00:00,3278.83,Vendor_075,Operations,Payroll,Card,Emp_045,INV-Vendor_075-320908,0,normal,31,2556.1941935483874,722.6358064516126,0,2,0
TX-000254,2024-02-03 06:13:00,1147.23,Vendor_073,Legal,Operations,ACH,Emp_090,INV-Vendor_048-826150,1,duplicate_invoice,30,2825.4158620689655,-1678.1858620689654,0,7,1
TX-000255,2024-01-29 03:33:00,1563.49,Vendor_084,Marketing,Travel,Wire,Emp_035,INV-Vendor_084-177257,0,normal,44,3595.354474626231,-2031.864474626231,0,1,0
TX-000256,2024-02-25 07:04:00,336.31,Vendor_055,Operations,Supplies,Check,Emp_013,INV-Vendor_055-956982,0,normal,35,2730.5511428571426,-2394.2411428571427,0,14,0
TX-000257,2024-01-12 11:53:00,1889.53,Vendor_073,Legal,Consulting,Check,Emp_076,INV-Vendor_073-183619,0,normal,30,2825.4158620689655,-935.8858620689655,0,7,0
TX-000258,2024-02-20 03:37:00,3318.71,Vendor_065,Support,Payroll,Wire,Emp_107,INV-Vendor_065-175063,0,normal,35,3155.7917276126786,162.9182723873214,0,2,0
TX-000259,2024-02-21 13:21:00,4351.25,Vendor_072,Operations,Operations,Card,Emp_111,INV-Vendor_072-174755,0,normal,21,2526.322857142857,1824.9271428571428,0,2,0
TX-000260,2024-01-09 20:56:00,12897.054180494986,Vendor_NEW_260,Finance,IT,Check,Emp_075,INV-Vendor_088-369698,1,new_vendor_high,1,12897.054180494986,0.0,0,4,0
TX-000261,2024-01-17 19:16:00,3452.43,Vendor_050,Sales,Consulting,ACH,Emp_070,INV-Vendor_050-227048,0,normal,26,2861.6157661684847,590.8142338315151,0,2,0
TX-000262,2024-01-25 06:14:00,4664.39,Vendor_011,Legal,Supplies,Card,Emp_001,INV-Vendor_011-340878,0,normal,34,2846.199411764706,1818.1905882352944,0,7,0
TX-000263,2024-01-17 23:03:00,4003.59,Vendor_010,Operations,Travel,Wire,Emp_052,INV-Vendor_010-195162,0,normal,22,2547.3354466749174,1456.2545533250827,0,1,0
TX-000264,2024-02-01 08:35:00,4196.81,Vendor_044,Engineering,IT,Wire,Emp_114,INV-Vendor_044-542798,0,normal,35,3137.537058823529,1059.2729411764712,0,5,0
TX-000265,2024-03-01 06:19:00,4046.66,Vendor_053,Finance,Consulting,ACH,Emp_004,INV-Vendor_053-566692,0,normal,32,5061.836796882053,-1015.1767968820532,0,1,0
TX-000266,2024-01-13 09:47:00,3739.79,Vendor_071,Legal,Consulting,Wire,Emp_110,INV-Vendor_071-721492,1,high_frequency,30,2482.368888888889,1257.4211111111108,0,8,0
TX-000267,2024-01-27 02:34:00,3482.53,Vendor_003,Sales,Payroll,ACH,Emp_078,INV-Vendor_003-457667,0,normal,27,2746.7746153846156,735.7553846153846,0,4,0
TX-000268,2024-02-03 19:03:00,4902.6,Vendor_098,HR,Travel,ACH,Emp_105,INV-Vendor_098-497058,0,normal,33,3524.635628271743,1377.9643717282574,0,1,0
TX-000269,2024-02-04 20:26:00,2081.22,Vendor_084,Engineering,Operations,Check,Emp_036,INV-Vendor_084-473932,0,normal,44,3595.354474626231,-1514.1344746262312,0,2,0
TX-000270,2024-02-05 03:57:00,3729.5,Vendor_061,Finance,Travel,ACH,Emp_058,INV-Vendor_061-144448,0,normal,41,3458.074275803163,271.4257241968371,0,1,0
TX-000271,2024-02-09 06:30:00,2613.81,Vendor_003,Operations,Operations,Check,Emp_016,INV-Vendor_003-735395,0,normal,27,2746.7746153846156,-132.96461538461563,0,4,0
TX-000272,2024-01-28 05:01:00,4869.79,Vendor_046,Marketing,Travel,ACH,Emp_005,INV-Vendor_046-585501,0,normal,33,3052.1432305611957,1817.6467694388043,0,6,0
TX-000273,2024-02-26 11:19:00,3238.7,Vendor_013,HR,Payroll,ACH,Emp_090,INV-Vendor_013-838701,0,normal,35,3320.0319506780124,-81.33195067801262,0,4,0
TX-000274,2024-01-21 17:05:00,1683.11,Vendor_064,Marketing,Consulting,Check,Emp_120,INV-Vendor_064-728838,0,normal,33,2813.544242424243,-1130.434242424243,0,3,0
TX-000275,2024-01-17 01:52:00,1038.11,Vendor_052,Legal,Supplies,Wire,Emp_090,INV-Vendor_052-481013,0,normal,27,3824.131111111111,-2786.021111111111,0,4,0
TX-000276,2024-02-12 22:50:00,1330.77,Vendor_062,Finance,Payroll,ACH,Emp_108,INV-Vendor_062-258399,1,high_frequency,32,3565.037712437434,-2234.267712437434,0,9,0
TX-000277,2024-01-01 22:10:00,5000.0,Vendor_007,Finance,Operations,Wire,Emp_063,INV-Vendor_007-663537,1,round_number,34,3137.7673386319625,1862.2326613680375,1,4,0
TX-000278,2024-01-19 09:50:00,3829.02,Vendor_081,Engineering,Operations,Check,Emp_110,INV-Vendor_081-446590,0,normal,30,3787.006065906091,42.01393409390903,0,4,0
TX-000279,2024-03-01 06:14:00,781.37,Vendor_045,Operations,IT,Card,Emp_114,INV-Vendor_045-790531,1,high_frequency,34,3352.6271875,-2571.2571875000003,0,10,0
TX-000280,2024-01-13 03:51:00,3596.41,Vendor_007,Legal,Travel,Wire,Emp_036,INV-Vendor_007-745194,0,normal,34,3137.7673386319625,458.64266136803735,0,5,0
TX-000281,2024-01-08 03:51:00,4092.46,Vendor_003,Sales,IT,Check,Emp_024,INV-Vendor_003-272797,0,normal,27,2746.7746153846156,1345.6853846153845,0,4,0
TX-000282,2024-02-06 03:33:00,1953.63,Vendor_066,Operations,Supplies,ACH,Emp_100,INV-Vendor_066-400830,0,normal,32,2144.8066657789423,-191.17666577894215,0,4,0
TX-000283,2024-01-15 07:32:00,2865.04,Vendor_040,Marketing,Consulting,Wire,Emp_028,INV-Vendor_040-578600,0,normal,32,3123.052929000477,-258.012929000477,0,4,0
TX-000284,2024-01-25 07:27:00,1306.26,Vendor_039,Engineering,IT,Card,Emp_077,INV-Vendor_039-686013,0,normal,23,2600.143043478261,-1293.883043478261,0,3,0
TX-000285,2024-01-31 17:14:00,2372.93,Vendor_032,HR,Operations,Check,Emp_080,INV-Vendor_032-643772,0,normal,39,2537.203758786566,-164.2737587865663,0,14,0
TX-000286,2024-01-28 07:09:00,157.78,Vendor_025,Engineering,IT,Check,Emp_037,INV-Vendor_025-199811,0,normal,44,2815.369772727273,-2657.5897727272727,0,1,0
TX-000287,2024-01-23 13:53:00,1552.3,Vendor_095,Engineering,Travel,Check,Emp_060,INV-Vendor_095-939138,0,normal,42,2756.728095238095,-1204.4280952380952,0,6,0
TX-000288,2024-01-19 16:45:00,1412.16,Vendor_064,Marketing,Operations,Wire,Emp_061,INV-Vendor_064-752942,0,normal,33,2813.544242424243,-1401.3842424242428,0,1,0
TX-000289,2024-02-18 17:32:00,3438.34,Vendor_080,Support,Payroll,Wire,Emp_072,INV-Vendor_080-364002,0,normal,29,2652.113793103448,786.226206896552,0,1,0
TX-000290,2024-02-27 04:46:00,4138.32,Vendor_066,Legal,Consulting,ACH,Emp_051,INV-Vendor_066-623192,0,normal,32,2144.8066657789423,1993.5133342210574,0,7,0
TX-000291,2024-01-17 05:24:00,687.6,Vendor_059,Support,IT,Wire,Emp_012,INV-Vendor_052-383288,1,duplicate_invoice,15,4133.840666666667,-3446.240666666667,0,1,1
TX-000292,2024-01-14 08:53:00,3947.45,Vendor_036,Engineering,Consulting,Card,Emp_105,INV-Vendor_036-576395,0,normal,32,3055.038064516129,892.4119354838708,0,4,0
TX-000293,2024-02-01 23:45:00,635.27,Vendor_043,Operations,Supplies,Card,Emp_015,INV-Vendor_043-750501,0,normal,36,3072.333244872456,-2437.063244872456,0,10,0
TX-000294,2024-02-22 10:20:00,3445.06,Vendor_042,HR,Payroll,Card,Emp_021,INV-Vendor_042-171588,1,high_frequency,30,3465.2441635710875,-20.184163571087538,0,7,0
TX-000295,2024-02-10 06:00:00,2304.56,Vendor_025,Marketing,Payroll,ACH,Emp_049,INV-Vendor_025-496377,0,normal,44,2815.369772727273,-510.80977272727296,0,2,0
TX-000296,2024-02-06 18:42:00,2506.22,Vendor_054,Finance,Supplies,Check,Emp_035,INV-Vendor_054-607368,0,normal,23,3005.8517391304345,-499.63173913043465,0,1,0
TX-000297,2024-01-30 06:30:00,4136.71,Vendor_022,Marketing,Supplies,Check,Emp_095,INV-Vendor_022-117397,0,normal,33,2766.22851906831,1370.48148093169,0,3,0
TX-000298,2024-02-16 16:36:00,1513.4,Vendor_083,Engineering,Supplies,Check,Emp_068,INV-Vendor_083-803598,0,normal,25,2850.515,-1337.1149999999998,0,4,0
TX-000299,2024-02-22 22:54:00,3823.35,Vendor_093,Engineering,Travel,Card,Emp_043,INV-Vendor_093-450295,0,normal,24,2552.386956521739,1270.9630434782607,0,4,0
TX-000300,2024-01-29 20:59:00,2890.39,Vendor_039,Legal,IT,ACH,Emp_049,INV-Vendor_039-711985,0,normal,23,2600.143043478261,290.24695652173887,0,2,0
TX-000301,2024-02-27 06:49:00,1813.17,Vendor_094,Operations,IT,ACH,Emp_017,INV-Vendor_094-578621,0,normal,22,3627.416190476191,-1814.2461904761908,0,1,0
TX-000302,2024-01-31 09:35:00,1236.66,Vendor_028,Sales,Supplies,Check,Emp_061,INV-Vendor_028-865782,0,normal,37,3803.5322467308665,-2566.872246730866,0,5,0
TX-000303,2024-02-09 23:29:00,1552.6,Vendor_032,HR,IT,Wire,Emp_092,INV-Vendor_032-202762,0,normal,39,2537.203758786566,-984.6037587865662,0,15,0
TX-000304,2024-01-06 05:49:00,662.58,Vendor_008,Operations,Payroll,ACH,Emp_075,INV-Vendor_008-786284,0,normal,38,2659.1583783783785,-1996.5783783783786,0,10,0
TX-000305,2024-01-28 04:30:00,17664.65499382564,Vendor_040,Finance,Travel,Check,Emp_088,INV-Vendor_040-109689,1,high_amount,32,3123.052929000477,14541.602064825162,0,5,0
TX-000306,2024-02-17 05:26:00,3156.45,Vendor_019,Marketing,Consulting,Wire,Emp_014,INV-Vendor_019-144760,1,high_frequency,31,2977.7130705628747,178.73692943712513,0,11,0
TX-000307,2024-02-19 22:50:00,1418.02,Vendor_086,Operations,IT,Check,Emp_072,INV-Vendor_086-188491,0,normal,35,3206.610882352941,-1788.5908823529412,0,4,0
TX-000308,2024-01-14 20:35:00,988.22,Vendor_075,Support,Payroll,ACH,Emp_109,INV-Vendor_075-199763,0,normal,31,2556.1941935483874,-1567.9741935483873,0,1,0
TX-000309,2024-01-08 20:16:00,2224.19,Vendor_016,Support,Travel,Wire,Emp_001,INV-Vendor_016-105329,0,normal,42,4104.852509181274,-1880.6625091812743,0,4,0
TX-000310,2024-02-23 08:01:00,2700.11,Vendor_017,Legal,Consulting,Wire,Emp_038,INV-Vendor_017-162630,0,normal,27,2857.5396296296294,-157.4296296296293,0,4,0
TX-000311,2024-01-28 17:06:00,197.91,Vendor_020,Operations,Travel,ACH,Emp_011,INV-Vendor_020-149637,0,normal,37,4048.926765951174,-3851.016765951174,0,4,0
TX-000312,2024-02-28 21:16:00,14432.932497155583,Vendor_NEW_312,Operations,Operations,Wire,Emp_009,INV-Vendor_057-101591,1,new_vendor_high,1,14432.932497155583,0.0,0,4,0
TX-000313,2024-02-20 02:17:00,2114.28,Vendor_015,Operations,IT,Check,Emp_035,INV-Vendor_015-242181,0,normal,31,2923.1236666666664,-808.8436666666662,0,1,0
TX-000314,2024-02-29 08:19:00,3652.02,Vendor_067,HR,Consulting,Card,Emp_036,INV-Vendor_067-364159,0,normal,44,2993.467335565413,658.5526644345869,0,1,0
TX-000315,2024-01-08 17:58:00,3669.98,Vendor_098,Finance,Supplies,Card,Emp_005,INV-Vendor_098-238438,0,normal,33,3524.635628271743,145.3443717282571,0,3,0
TX-000316,2024-01-25 18:59:00,1300.29,Vendor_093,Engineering,Operations,Wire,Emp_072,INV-Vendor_093-545059,0,normal,24,2552.386956521739,-1252.0969565217392,0,4,0
TX-000317,2024-02-07 01:57:00,1779.64,Vendor_044,Sales,Supplies,Card,Emp_010,INV-Vendor_044-312605,0,normal,35,3137.537058823529,-1357.897058823529,0,4,0
TX-000318,2024-01-21 05:19:00,2637.79,Vendor_026,Sales,Supplies,Card,Emp_058,INV-Vendor_026-295329,0,normal,25,2417.752,220.038,0,1,0
TX-000319,2024-02-28 12:41:00,2624.34,Vendor_033,Support,Payroll,ACH,Emp_012,INV-Vendor_033-218123,0,normal,28,2550.7607142857146,73.57928571428556,0,5,0
TX-000320,2024-01-12 20:22:00,3655.33,Vendor_088,Engineering,Payroll,ACH,Emp_085,INV-Vendor_088-659543,0,normal,28,2593.798461538461,1061.5315384615387,0,4,0
TX-000321,2024-02-20 12:29:00,4888.12,Vendor_029,Sales,IT,Check,Emp_069,INV-Vendor_029-231612,0,normal,23,3015.4890476190476,1872.6309523809523,0,2,0
TX-000322,2024-03-01 13:02:00,858.11,Vendor_005,Operations,Consulting,Wire,Emp_077,INV-Vendor_005-205482,0,normal,32,4139.26089842047,-3281.1508984204697,0,2,0
TX-000323,2024-02-11 09:23:00,897.81,Vendor_037,Engineering,Operations,Check,Emp_018,INV-Vendor_037-956291,0,normal,34,2707.582727272727,-1809.772727272727,0,6,0
TX-000324,2024-02-27 22:14:00,2352.7,Vendor_025,Support,Travel,ACH,Emp_043,INV-Vendor_025-254818,0,normal,44,2815.369772727273,-462.6697727272731,0,1,0
TX-000325,2024-02-15 05:41:00,21541.396815408418,Vendor_043,Support,Consulting,Wire,Emp_042,INV-Vendor_043-310365,1,high_amount,36,3072.333244872456,18469.06357053596,0,10,0
TX-000326,2024-01-09 15:45:00,3164.28,Vendor_019,Legal,Supplies,Wire,Emp_113,INV-Vendor_019-286807,0,normal,31,2977.7130705628747,186.5669294371255,0,11,0
TX-000327,2024-03-01 21:46:00,4502.6,Vendor_013,Support,Travel,Wire,Emp_017,INV-Vendor_013-448395,0,normal,35,3320.0319506780124,1182.568049321988,0,4,0
TX-000328,2024-02-07 17:11:00,10539.542323248828,Vendor_NEW_328,Operations,Supplies,Card,Emp_028,INV-Vendor_065-103013,1,new_vendor_high,1,10539.542323248828,0.0,0,2,0
TX-000329,2024-02-28 23:47:00,2970.24,Vendor_093,Finance,Travel,Check,Emp_026,INV-Vendor_093-535213,0,normal,24,2552.386956521739,417.8530434782606,0,4,0
TX-000330,2024-02-11 21:28:00,1760.06,Vendor_020,Operations,Travel,Card,Emp_090,INV-Vendor_020-657816,0,normal,37,4048.926765951174,-2288.866765951174,0,6,0
TX-000331,2024-01-12 14:51:00,1680.05,Vendor_097,Engineering,Payroll,Check,Emp_111,INV-Vendor_097-597572,0,normal,24,2534.625652173913,-854.5756521739129,0,5,0
TX-000332,2024-02-13 06:11:00,3322.81,Vendor_014,Marketing,IT,Check,Emp_053,INV-Vendor_014-133832,0,normal,36,2134.2634285714284,1188.5465714285715,0,1,0
TX-000333,2024-02-04 08:30:00,2442.79,Vendor_008,Marketing,Consulting,ACH,Emp_002,INV-Vendor_008-465263,0,normal,38,2659.1583783783785,-216.36837837837857,0,11,0
TX-000334,2024-01-21 18:28:00,1694.32,Vendor_080,Legal,Consulting,Wire,Emp_030,INV-Vendor_080-318070,0,normal,29,2652.113793103448,-957.7937931034483,0,1,0
TX-000335,2024-01-23 23:41:00,1124.27,Vendor_046,Legal,Payroll,ACH,Emp_081,INV-Vendor_046-401826,0,normal,33,3052.1432305611957,-1927.8732305611957,0,4,0
TX-000336,2024-02-11 11:30:00,3882.6,Vendor_034,Sales,Payroll,ACH,Emp_007,INV-Vendor_034-748128,0,normal,31,2820.5182405182827,1062.0817594817172,0,1,0
TX-000337,2024-02-02 02:25:00,2612.38,Vendor_023,HR,Operations,Wire,Emp_013,INV-Vendor_023-395203,0,normal,34,2735.677272727273,-123.29727272727268,0,4,0
TX-000338,2024-02-20 22:29:00,3948.02,Vendor_033,Legal,Operations,Card,Emp_059,INV-Vendor_033-266066,0,normal,28,2550.7607142857146,1397.2592857142854,0,4,0
TX-000339,2024-01-06 10:19:00,3526.72,Vendor_075,Sales,Consulting,ACH,Emp_026,INV-Vendor_075-157521,0,normal,31,2556.1941935483874,970.5258064516124,0,2,0
TX-000340,2024-02-03 10:27:00,171.89,Vendor_047,Engineering,Supplies,Card,Emp_028,INV-Vendor_047-882626,0,normal,33,2865.957997719541,-2694.067997719541,0,12,0
TX-000341,2024-02-09 12:31:00,308.12,Vendor_061,HR,Travel,Check,Emp_040,INV-Vendor_061-720349,0,normal,41,3458.074275803163,-3149.954275803163,0,1,0
TX-000342,2024-02-14 07:24:00,3269.59,Vendor_070,Sales,Supplies,ACH,Emp_075,INV-Vendor_070-939985,0,normal,27,2500.182222222222,769.4077777777779,0,4,0
TX-000343,2024-01-24 14:01:00,4686.74,Vendor_078,Finance,IT,ACH,Emp_102,INV-Vendor_078-963639,0,normal,25,3293.4391947043987,1393.300805295601,0,2,0
TX-000344,2024-02-18 12:09:00,3541.46,Vendor_089,Marketing,IT,Wire,Emp_052,INV-Vendor_089-799545,1,high_frequency,29,4049.3871695268895,-507.92716952688943,0,7,0
TX-000345,2024-01-09 11:52:00,2769.04,Vendor_063,Legal,Operations,ACH,Emp_016,INV-Vendor_063-441751,0,normal,30,2872.7581223683005,-103.71812236830056,0,4,0
TX-000346,2024-01-11 14:43:00,1695.92,Vendor_012,Marketing,IT,Card,Emp_028,INV-Vendor_012-624522,0,normal,32,2499.3235160701242,-803.4035160701242,0,1,0
TX-000347,2024-02-01 02:40:00,2991.52,Vendor_091,Finance,Payroll,Wire,Emp_048,INV-Vendor_091-805469,0,normal,23,2089.608260869565,901.9117391304349,0,11,0
TX-000348,2024-02-07 05:04:00,4075.23,Vendor_031,Engineering,Travel,Wire,Emp_076,INV-Vendor_031-791888,0,normal,37,2623.9062292690023,1451.3237707309977,0,4,0
TX-000349,2024-02-23 03:28:00,5088.952436880745,Vendor_089,Marketing,Consulting,Check,Emp_075,INV-Vendor_089-417770,1,high_amount,29,4049.3871695268895,1039.5652673538557,0,8,0
TX-000350,2024-02-06 11:47:00,1213.09,Vendor_033,Operations,IT,Check,Emp_008,INV-Vendor_033-231645,0,normal,28,2550.7607142857146,-1337.6707142857147,0,4,0
TX-000351,2024-01-15 20:18:00,3712.47,Vendor_099,Finance,Payroll,ACH,Emp_097,INV-Vendor_099-809801,0,normal,21,2417.6414285714286,1294.8285714285712,0,4,0
TX-000352,2024-02-06 18:35:00,2438.8,Vendor_013,Marketing,Travel,ACH,Emp_083,INV-Vendor_013-902273,0,normal,35,3320.0319506780124,-881.2319506780123,0,4,0
TX-000353,2024-01-08 16:00:00,515.47,Vendor_040,Engineering,Payroll,Wire,Emp_007,INV-Vendor_040-436328,1,high_frequency,32,3123.052929000477,-2607.5829290004767,0,5,0
TX-000354,2024-02-02 19:50:00,3434.84,Vendor_050,Legal,Operations,Wire,Emp_080,INV-Vendor_050-845877,0,normal,26,2861.6157661684847,573.2242338315154,0,3,0
TX-000355,2024-02-23 01:57:00,479.57,Vendor_065,Finance,Payroll,Check,Emp_081,INV-Vendor_065-344597,0,normal,35,3155.7917276126786,-2676.2217276126785,0,2,0
TX-000356,2024-03-01 22:49:00,4605.52,Vendor_028,Support,Consulting,Wire,Emp_058,INV-Vendor_028-712093,0,normal,37,3803.5322467308665,801.9877532691339,0,4,0
TX-000357,2024-01-25 13:45:00,516.84,Vendor_066,Support,Payroll,Card,Emp_076,INV-Vendor_066-564962,0,normal,32,2144.8066657789423,-1627.9666657789421,0,4,0
TX-000358,2024-01-08 11:25:00,404.74,Vendor_013,Legal,IT,Card,Emp_117,INV-Vendor_013-244406,0,normal,35,3320.0319506780124,-2915.2919506780127,0,5,0
TX-000359,2024-01-03 18:05:00,4062.46,Vendor_041,Legal,Operations,Wire,Emp_033,INV-Vendor_041-440652,0,normal,31,2695.650967741936,1366.8090322580642,0,2,0
TX-000360,2024-01-15 16:00:00,2469.15,Vendor_027,Operations,Operations,Check,Emp_014,INV-Vendor_027-897873,0,normal,24,4649.952627401481,-2180.8026274014805,0,16,0
TX-000361,2024-01-22 01:15:00,1670.22,Vendor_059,HR,Consulting,Wire,Emp_085,INV-Vendor_059-188195,0,normal,15,4133.840666666667,-2463.6206666666667,0,2,0
TX-000362,2024-02-28 13:25:00,2472.31,Vendor_008,Operations,Consulting,Check,Emp_078,INV-Vendor_008-897944,0,normal,38,2659.1583783783785,-186.84837837837858,0,10,0
TX-000363,2024-01-28 01:12:00,3373.59,Vendor_071,Operations,Travel,ACH,Emp_017,INV-Vendor_071-558412,0,normal,30,2482.368888888889,891.221111111111,0,7,0
TX-000364,2024-02-16 12:05:00,2386.62,Vendor_045,Legal,Payroll,Check,Emp_015,INV-Vendor_045-470838,0,normal,34,3352.6271875,-966.0071875000003,0,11,0
TX-000365,2024-02-08 18:47:00,2413.57,Vendor_061,Operations,Consulting,Card,Emp_044,INV-Vendor_061-428896,0,normal,41,3458.074275803163,-1044.5042758031627,0,3,0
TX-000366,2024-02-14 06:30:00,2663.94,Vendor_050,Operations,IT,Wire,Emp_079,INV-Vendor_050-106764,0,normal,26,2861.6157661684847,-197.67576616848464,0,2,0
TX-000367,2024-02-13 14:23:00,2310.14,Vendor_037,Legal,Supplies,Card,Emp_073,INV-Vendor_037-125523,0,normal,34,2707.582727272727,-397.4427272727271,0,5,0
TX-000368,2024-02-16 12:32:00,1802.73,Vendor_080,Operations,Supplies,Check,Emp_004,INV-Vendor_080-145126,0,normal,29,2652.113793103448,-849.3837931034482,0,2,0
TX-000369,2024-01-21 09:52:00,2568.17,Vendor_038,Operations,Consulting,Card,Emp_098,INV-Vendor_038-528473,0,normal,26,2540.0492307692307,28.120769230769383,0,2,0
TX-000370,2024-02-26 14:16:00,4323.51,Vendor_036,Support,Payroll,Wire,Emp_115,INV-Vendor_036-917532,0,normal,32,3055.038064516129,1268.4719354838712,0,4,0
TX-000371,2024-02-09 09:03:00,1210.87,Vendor_017,Sales,Payroll,Wire,Emp_065,INV-Vendor_017-708070,0,normal,27,2857.5396296296294,-1646.6696296296295,0,4,0
TX-000372,2024-02-10 07:59:00,1121.76,Vendor_077,Support,IT,Wire,Emp_079,INV-Vendor_077-940465,0,normal,33,3274.230606060606,-2152.470606060606,0,1,0
TX-000373,2024-01-27 09:44:00,683.21,Vendor_043,Sales,Travel,Card,Emp_096,INV-Vendor_043-149680,0,normal,36,3072.333244872456,-2389.123244872456,0,10,0
TX-000374,2024-01-15 15:16:00,4038.75,Vendor_032,Legal,Travel,Card,Emp_041,INV-Vendor_032-308585,0,normal,39,2537.203758786566,1501.5462412134339,0,13,0
TX-000375,2024-01-03 06:26:00,1270.47,Vendor_022,Support,Operations,Check,Emp_108,INV-Vendor_022-475408,0,normal,33,2766.22851906831,-1495.75851906831,0,1,0
TX-000376,2024-02-27 17:30:00,2251.54,Vendor_066,Support,Operations,Wire,Emp_030,INV-Vendor_066-751324,0,normal,32,2144.8066657789423,106.7333342210577,0,7,0
TX-000377,2024-02-28 02:39:00,264.68,Vendor_014,Sales,Supplies,Wire,Emp_046,INV-Vendor_014-106522,0,normal,36,2134.2634285714284,-1869.5834285714284,0,1,0
TX-000378,2024-02-29 19:38:00,4402.63,Vendor_035,Engineering,IT,Wire,Emp_116,INV-Vendor_035-448314,0,normal,35,2498.9767647058825,1903.6532352941176,0,4,0
TX-000379,2024-01-28 19:24:00,4640.58,Vendor_084,Legal,Operations,Check,Emp_033,INV-Vendor_084-165188,0,normal,44,3595.354474626231,1045.225525373769,0,4,0
TX-000380,2024-01-21 20:48:00,1157.27,Vendor_084,Engineering,Operations,Wire,Emp_004,INV-Vendor_084-608533,0,normal,44,3595.354474626231,-2438.084474626231,0,2,0
TX-000381,2024-02-27 06:58:00,465.04,Vendor_035,Finance,Operations,Wire,Emp_055,INV-Vendor_035-679815,0,normal,35,2498.9767647058825,-2033.9367647058825,0,4,0
TX-000382,2024-02-04 19:13:00,951.14,Vendor_028,Sales,Consulting,Check,Emp_068,INV-Vendor_028-369967,0,normal,37,3803.5322467308665,-2852.3922467308666,0,4,0
TX-000383,2024-02-09 15:28:00,4415.48,Vendor_085,Operations,IT,Check,Emp_112,INV-Vendor_085-206726,0,normal,28,3183.8122633457456,1231.667736654254,0,5,0
TX-000384,2024-01-05 19:56:00,3798.54,Vendor_099,Legal,Supplies,Check,Emp_031,INV-Vendor_099-998430,0,normal,21,2417.6414285714286,1380.8985714285714,0,5,0
TX-000385,2024-02-14 22:06:00,3014.9,Vendor_078,Engineering,Operations,Card,Emp_010,INV-Vendor_078-229336,0,normal,25,3293.4391947043987,-278.5391947043986,0,2,0
TX-000386,2024-01-26 08:03:00,3066.08,Vendor_054,HR,Consulting,Wire,Emp_099,INV-Vendor_054-308363,0,normal,23,3005.8517391304345,60.228260869565474,0,2,0
TX-000387,2024-02-02 04:44:00,3874.41,Vendor_028,Marketing,Payroll,Check,Emp_006,INV-Vendor_028-980094,0,normal,37,3803.5322467308665,70.87775326913334,0,4,0
TX-000388,2024-01-08 09:07:00,999.58,Vendor_072,Finance,Consulting,Check,Emp_111,INV-Vendor_072-610711,0,normal,21,2526.322857142857,-1526.7428571428572,0,1,0
TX-000389,2024-02-13 01:44:00,4330.58,Vendor_094,Sales,IT,Check,Emp_041,INV-Vendor_094-128466,0,normal,22,3627.416190476191,703.163809523809,0,1,0
TX-000390,2024-02-14 22:58:00,4641.89,Vendor_025,Operations,Consulting,Check,Emp_029,INV-Vendor_025-993654,0,normal,44,2815.369772727273,1826.5202272727274,0,4,0
TX-000391,2024-02-05 12:30:00,932.25,Vendor_070,Sales,IT,Card,Emp_083,INV-Vendor_070-159015,0,normal,27,2500.182222222222,-1567.9322222222222,0,4,0
TX-000392,2024-02-25 10:03:00,2237.26,Vendor_029,Finance,Supplies,Wire,Emp_078,INV-Vendor_029-657882,0,normal,23,3015.4890476190476,-778.2290476190474,0,2,0
TX-000393,2024-02-07 23:54:00,4717.56,Vendor_003,HR,Payroll,ACH,Emp_069,INV-Vendor_003-245951,0,normal,27,2746.7746153846156,1970.7853846153848,0,4,0
TX-000394,2024-01-30 17:00:00,4110.01,Vendor_062,Operations,Payroll,ACH,Emp_088,INV-Vendor_062-189072,0,normal,32,3565.037712437434,544.9722875625662,0,7,0
TX-000395,2024-01-06 01:38:00,584.99,Vendor_096,Finance,Consulting,ACH,Emp_084,INV-Vendor_096-615126,0,normal,35,3281.264857142857,-2696.2748571428574,0,4,0
TX-000396,2024-01-01 01:38:00,1474.25,Vendor_077,Engineering,Supplies,Wire,Emp_032,INV-Vendor_077-459177,0,normal,33,3274.230606060606,-1799.980606060606,0,2,0
TX-000397,2024-01-04 10:12:00,2227.37,Vendor_094,Engineering,Operations,Wire,Emp_074,INV-Vendor_094-789832,0,normal,22,3627.416190476191,-1400.046190476191,0,1,0
TX-000398,2024-03-01 04:51:00,349.75,Vendor_032,Sales,Operations,Wire,Emp_022,INV-Vendor_032-192160,0,normal,39,2537.203758786566,-2187.453758786566,0,14,0
TX-000399,2024-01-16 02:27:00,851.71,Vendor_032,Operations,Operations,Check,Emp_064,INV-Vendor_032-533376,0,normal,39,2537.203758786566,-1685.493758786566,0,13,0
TX-000400,2024-01-08 05:54:00,1765.69,Vendor_052,Finance,Payroll,Wire,Emp_080,INV-Vendor_052-862222,0,normal,27,3824.131111111111,-2058.441111111111,0,5,0
TX-000401,2024-02-11 16:57:00,4522.26,Vendor_097,Operations,IT,ACH,Emp_114,INV-Vendor_097-519753,0,normal,24,2534.625652173913,1987.6343478260874,0,4,0
TX-000402,2024-01-03 02:01:00,3894.21,Vendor_004,Finance,Supplies,Check,Emp_034,INV-Vendor_004-806918,0,normal,30,3943.4157484248335,-49.20574842483347,0,1,0
TX-000403,2024-01-17 21:06:00,2199.2,Vendor_069,Support,Consulting,ACH,Emp_112,INV-Vendor_069-479691,0,normal,24,2413.8735,-214.67350000000033,0,1,0
TX-000404,2024-01-16 12:57:00,4770.48,Vendor_023,Engineering,Payroll,Wire,Emp_060,INV-Vendor_023-992338,0,normal,34,2735.677272727273,2034.8027272727268,0,4,0
TX-000405,2024-01-17 13:41:00,352.34,Vendor_013,Engineering,Payroll,Check,Emp_052,INV-Vendor_013-821707,0,normal,35,3320.0319506780124,-2967.6919506780123,0,4,0
TX-000406,2024-02-26 01:50:00,37289.89002803099,Vendor_053,Marketing,IT,Card,Emp_001,INV-Vendor_053-108994,1,high_amount,32,5061.836796882053,32228.053231148937,0,1,0
TX-000407,2024-01-31 14:57:00,901.89,Vendor_079,Sales,IT,Card,Emp_079,INV-Vendor_079-225795,0,normal,29,2672.4585185185188,-1770.5685185185189,0,1,0
TX-000408,2024-01-03 06:41:00,4452.89,Vendor_013,Marketing,Travel,Wire,Emp_064,INV-Vendor_013-824198,0,normal,35,3320.0319506780124,1132.858049321988,0,4,0
TX-000409,2024-02-26 08:22:00,476.99,Vendor_002,Sales,Travel,Card,Emp_115,INV-Vendor_002-688355,0,normal,29,2921.2093209032923,-2444.219320903292,0,4,0
TX-000410,2024-01-27 14:58:00,4070.82,Vendor_007,Marketing,Consulting,ACH,Emp_119,INV-Vendor_007-347716,0,normal,34,3137.7673386319625,933.0526613680377,0,5,0
TX-000411,2024-01-20 21:41:00,4756.72,Vendor_039,Legal,Supplies,Card,Emp_016,INV-Vendor_039-717758,0,normal,23,2600.143043478261,2156.5769565217392,0,1,0
TX-000412,2024-02-05 13:09:00,827.28,Vendor_067,Sales,Supplies,ACH,Emp_011,INV-Vendor_067-473597,0,normal,44,2993.467335565413,-2166.1873355654134,0,3,0
TX-000413,2024-01-15 20:24:00,3608.05,Vendor_017,Legal,Payroll,ACH,Emp_051,INV-Vendor_017-298074,0,normal,27,2857.5396296296294,750.5103703703708,0,4,0
TX-000414,2024-02-14 19:02:00,1912.79,Vendor_096,Finance,Supplies,Card,Emp_010,INV-Vendor_096-828822,0,normal,35,3281.264857142857,-1368.4748571428572,0,5,0
TX-000415,2024-01-22 02:48:00,4862.72,Vendor_052,Operations,Payroll,Card,Emp_118,INV-Vendor_052-391452,0,normal,27,3824.131111111111,1038.5888888888894,0,5,0
TX-000416,2024-01-08 17:20:00,1141.01,Vendor_008,Operations,Travel,ACH,Emp_046,INV-Vendor_008-843984,0,normal,38,2659.1583783783785,-1518.1483783783785,0,11,0
TX-000417,2024-01-18 06:47:00,4674.54,Vendor_052,Legal,Supplies,Card,Emp_054,INV-Vendor_052-109098,0,normal,27,3824.131111111111,850.4088888888891,0,4,0
TX-000418,2024-01-10 08:00:00,4177.09,Vendor_023,Legal,Consulting,ACH,Emp_100,INV-Vendor_023-289368,0,normal,34,2735.677272727273,1441.4127272727274,0,4,0
TX-000419,2024-01-31 02:50:00,1956.1,Vendor_070,Marketing,Consulting,ACH,Emp_024,INV-Vendor_070-339033,0,normal,27,2500.182222222222,-544.0822222222223,0,5,0
TX-000420,2024-02-01 19:26:00,2167.73,Vendor_044,Support,Travel,ACH,Emp_056,INV-Vendor_044-770355,0,normal,35,3137.537058823529,-969.8070588235291,0,5,0
TX-000421,2024-01-26 01:42:00,1933.72,Vendor_047,Engineering,Payroll,Wire,Emp_012,INV-Vendor_047-411416,0,normal,33,2865.957997719541,-932.2379977195408,0,10,0
TX-000422,2024-02-27 19:28:00,412.39,Vendor_018,Sales,Payroll,ACH,Emp_059,INV-Vendor_018-419343,0,normal,25,3244.913714910847,-2832.523714910847,0,1,0
TX-000423,2024-02-29 11:20:00,3030.19,Vendor_080,HR,Operations,Card,Emp_089,INV-Vendor_080-939743,0,normal,29,2652.113793103448,378.07620689655187,0,1,0
TX-000424,2024-01-09 17:23:00,3322.39,Vendor_007,Legal,Operations,Check,Emp_009,INV-Vendor_007-952213,0,normal,34,3137.7673386319625,184.62266136803737,0,4,0
TX-000425,2024-02-05 14:16:00,3781.86,Vendor_003,Legal,Operations,Card,Emp_058,INV-Vendor_003-872515,0,normal,27,2746.7746153846156,1035.0853846153846,0,4,0
TX-000426,2024-01-17 20:46:00,354.98,Vendor_036,Sales,Supplies,Wire,Emp_075,INV-Vendor_036-524404,0,normal,32,3055.038064516129,-2700.058064516129,0,7,0
TX-000427,2024-01-07 13:01:00,3031.54,Vendor_057,Operations,Payroll,Check,Emp_085,INV-Vendor_057-185728,0,normal,28,3861.44182160464,-829.9018216046402,0,4,0
TX-000428,2024-01-07 15:00:00,3169.11,Vendor_055,Engineering,Operations,Wire,Emp_070,INV-Vendor_055-251511,0,normal,35,2730.5511428571426,438.5588571428575,0,13,0
TX-000429,2024-01-17 23:55:00,1625.96,Vendor_036,Support,Travel,Card,Emp_052,INV-Vendor_036-449997,0,normal,32,3055.038064516129,-1429.078064516129,0,7,0
TX-000430,2024-01-31 01:02:00,1723.1,Vendor_055,Finance,Operations,Wire,Emp_103,INV-Vendor_055-796090,0,normal,35,2730.5511428571426,-1007.4511428571427,0,13,0
TX-000431,2024-01-29 02:48:00,2123.28,Vendor_067,Operations,Payroll,ACH,Emp_074,INV-Vendor_067-690417,0,normal,44,2993.467335565413,-870.1873355654129,0,1,0
TX-000432,2024-01-11 04:20:00,3434.62,Vendor_063,Sales,Supplies,Check,Emp_015,INV-Vendor_028-381343,1,duplicate_invoice,30,2872.7581223683005,561.8618776316994,0,4,1
TX-000433,2024-02-19 01:12:00,1139.75,Vendor_085,Legal,Supplies,Wire,Emp_052,INV-Vendor_085-155905,0,normal,28,3183.8122633457456,-2044.0622633457456,0,6,0
TX-000434,2024-01-19 01:06:00,2496.81,Vendor_045,Marketing,Payroll,ACH,Emp_079,INV-Vendor_045-564132,0,normal,34,3352.6271875,-855.8171875000003,0,10,0
TX-000435,2024-02-18 11:04:00,1076.39,Vendor_028,Marketing,Supplies,Wire,Emp_012,INV-Vendor_028-143716,0,normal,37,3803.5322467308665,-2727.1422467308666,0,7,0
TX-000436,2024-01-09 22:34:00,2725.96,Vendor_087,HR,Travel,Wire,Emp_046,INV-Vendor_087-505143,0,normal,26,2325.0704,400.8896,0,5,0
TX-000437,2024-01-26 18:04:00,2209.11,Vendor_090,Legal,IT,Check,Emp_094,INV-Vendor_090-358898,0,normal,25,3892.3379999999997,-1683.2279999999996,0,1,0
TX-000438,2024-01-21 09:26:00,522.88,Vendor_011,Finance,Payroll,Wire,Emp_014,INV-Vendor_011-922357,0,normal,34,2846.199411764706,-2323.319411764706,0,7,0
TX-000439,2024-01-07 20:42:00,2659.02,Vendor_075,Legal,Operations,Card,Emp_047,INV-Vendor_075-407811,0,normal,31,2556.1941935483874,102.8258064516126,0,2,0
TX-000440,2024-02-14 23:00:00,372.75,Vendor_021,Legal,Supplies,Wire,Emp_069,INV-Vendor_021-662090,0,normal,34,3005.547197344895,-2632.797197344895,0,8,0
TX-000441,2024-01-27 10:22:00,3577.93,Vendor_070,Engineering,Supplies,Card,Emp_020,INV-Vendor_070-896494,0,normal,27,2500.182222222222,1077.7477777777776,0,4,0
TX-000442,2024-02-24 17:55:00,3881.63,Vendor_077,Sales,Operations,Check,Emp_008,INV-Vendor_077-200377,0,normal,33,3274.230606060606,607.399393939394,0,1,0
TX-000443,2024-01-06 15:22:00,2124.86,Vendor_046,Finance,Operations,Check,Emp_034,INV-Vendor_046-838984,0,normal,33,3052.1432305611957,-927.2832305611955,0,5,0
TX-000444,2024-01-11 15:45:00,4533.04,Vendor_067,HR,Travel,Check,Emp_112,INV-Vendor_067-183347,0,normal,44,2993.467335565413,1539.5726644345868,0,1,0
TX-000445,2024-01-12 00:26:00,1487.56,Vendor_017,Sales,Consulting,Wire,Emp_078,INV-Vendor_017-986499,0,normal,27,2857.5396296296294,-1369.9796296296295,0,5,0
TX-000446,2024-02-28 10:39:00,4052.31,Vendor_052,Engineering,Travel,Card,Emp_115,INV-Vendor_052-497537,0,normal,27,3824.131111111111,228.1788888888891,0,4,0
TX-000447,2024-02-09 22:43:00,1924.46,Vendor_029,Sales,Operations,Check,Emp_063,INV-Vendor_029-602112,0,normal,23,3015.4890476190476,-1091.0290476190476,0,1,0
TX-000448,2024-01-11 20:25:00,3738.88,Vendor_049,HR,Operations,Check,Emp_084,INV-Vendor_049-563216,0,normal,35,2968.721142857143,770.158857142857,0,5,0
TX-000449,2024-01-27 22:25:00,3035.93,Vendor_014,Operations,Supplies,ACH,Emp_063,INV-Vendor_014-745988,0,normal,36,2134.2634285714284,901.6665714285714,0,1,0
TX-000450,2024-01-29 11:19:00,4290.7,Vendor_096,Legal,Consulting,Check,Emp_110,INV-Vendor_075-114889,1,duplicate_invoice,35,3281.264857142857,1009.4351428571426,0,5,1
TX-000451,2024-02-04 02:02:00,20000.0,Vendor_077,Finance,Supplies,ACH,Emp_094,INV-Vendor_077-920019,1,round_number,33,3274.230606060606,16725.769393939394,1,2,0
TX-000452,2024-01-07 15:13:00,1824.03,Vendor_053,Finance,Supplies,ACH,Emp_032,INV-Vendor_053-454176,0,normal,32,5061.836796882053,-3237.8067968820533,0,1,0
TX-000453,2024-01-05 20:54:00,12797.76438017327,Vendor_010,Sales,IT,Card,Emp_061,INV-Vendor_010-168333,1,high_amount,22,2547.3354466749174,10250.428933498353,0,1,0
TX-000454,2024-02-07 01:15:00,1239.36,Vendor_077,Legal,Travel,Check,Emp_034,INV-Vendor_077-195927,0,normal,33,3274.230606060606,-2034.8706060606062,0,1,0
TX-000455,2024-02-10 17:01:00,1388.77,Vendor_013,Sales,Consulting,ACH,Emp_101,INV-Vendor_013-382789,0,normal,35,3320.0319506780124,-1931.2619506780125,0,4,0
TX-000456,2024-02-28 20:16:00,4039.41,Vendor_037,Finance,IT,Wire,Emp_099,INV-Vendor_037-293972,0,normal,34,2707.582727272727,1331.8272727272729,0,4,0
TX-000457,2024-01-17 10:31:00,3804.24,Vendor_038,Operations,Payroll,Wire,Emp_024,INV-Vendor_038-957926,0,normal,26,2540.0492307692307,1264.190769230769,0,3,0
TX-000458,2024-02-26 15:32:00,4684.31,Vendor_095,Legal,Travel,Wire,Emp_057,INV-Vendor_095-729225,0,normal,42,2756.728095238095,1927.5819047619052,0,5,0
TX-000459,2024-01-22 06:02:00,2899.04,Vendor_013,HR,Operations,Card,Emp_092,INV-Vendor_013-421093,1,high_frequency,35,3320.0319506780124,-420.9919506780125,0,4,0
TX-000460,2024-02-20 00:04:00,4793.23,Vendor_098,Operations,Operations,Card,Emp_048,INV-Vendor_098-608170,0,normal,33,3524.635628271743,1268.5943717282566,0,1,0
TX-000461,2024-01-01 01:22:00,1843.46,Vendor_077,Legal,Operations,Wire,Emp_107,INV-Vendor_077-734728,0,normal,33,3274.230606060606,-1430.770606060606,0,2,0
TX-000462,2024-01-07 00:58:00,1927.21,Vendor_063,Operations,Supplies,Card,Emp_026,INV-Vendor_063-650240,0,normal,30,2872.7581223683005,-945.5481223683005,0,6,0
TX-000463,2024-01-29 21:28:00,1129.64,Vendor_025,HR,IT,Check,Emp_019,INV-Vendor_025-763773,0,normal,44,2815.369772727273,-1685.7297727272728,0,1,0
TX-000464,2024-01-18 00:01:00,1774.12,Vendor_069,Marketing,Consulting,Card,Emp_070,INV-Vendor_069-247854,0,normal,24,2413.8735,-639.7535000000003,0,2,0
TX-000465,2024-01-03 10:10:00,1089.29,Vendor_055,Marketing,Operations,Check,Emp_015,INV-Vendor_055-682665,0,normal,35,2730.5511428571426,-1641.2611428571427,0,14,0
TX-000466,2024-01-02 09:01:00,1482.71,Vendor_023,HR,Consulting,ACH,Emp_064,INV-Vendor_023-728843,0,normal,34,2735.677272727273,-1252.9672727272728,0,5,0
TX-000467,2024-02-29 20:28:00,2405.35,Vendor_041,Marketing,Supplies,ACH,Emp_090,INV-Vendor_044-444993,1,duplicate_invoice,31,2695.650967741936,-290.3009677419359,0,2,1
TX-000468,2024-01-05 00:44:00,2790.85,Vendor_073,Engineering,Operations,Card,Emp_055,INV-Vendor_073-761513,0,normal,30,2825.4158620689655,-34.565862068965544,0,7,0
TX-000469,2024-01-03 09:06:00,4557.03,Vendor_016,Engineering,IT,Card,Emp_083,INV-Vendor_016-784862,0,normal,42,4104.852509181274,452.17749081872535,0,5,0
TX-000470,2024-01-01 18:56:00,2773.83,Vendor_078,Engineering,Operations,ACH,Emp_077,INV-Vendor_078-881735,0,normal,25,3293.4391947043987,-519.6091947043988,0,3,0
TX-000471,2024-01-24 10:40:00,2932.74,Vendor_075,Finance,Consulting,ACH,Emp_056,INV-Vendor_075-766073,0,normal,31,2556.1941935483874,376.5458064516124,0,1,0
TX-000472,2024-02-16 10:06:00,1416.74,Vendor_021,Sales,Consulting,Check,Emp_048,INV-Vendor_021-180974,0,normal,34,3005.547197344895,-1588.8071973448948,0,7,0
TX-000473,2024-02-24 00:40:00,766.71,Vendor_061,Sales,Supplies,Wire,Emp_052,INV-Vendor_061-510362,0,normal,41,3458.074275803163,-2691.364275803163,0,2,0
TX-000474,2024-01-30 01:08:00,2766.57,Vendor_008,Sales,Travel,Card,Emp_096,INV-Vendor_008-758596,1,high_frequency,38,2659.1583783783785,107.41162162162163,0,11,0
TX-000475,2024-01-20 19:50:00,1433.03,Vendor_040,Marketing,IT,Wire,Emp_055,INV-Vendor_040-692379,0,normal,32,3123.052929000477,-1690.022929000477,0,4,0
TX-000476,2024-02-06 04:32:00,236.79,Vendor_098,Marketing,Consulting,Check,Emp_023,INV-Vendor_098-463410,0,normal,33,3524.635628271743,-3287.845628271743,0,1,0
TX-000477,2024-02-07 06:37:00,2204.48,Vendor_019,Finance,Travel,Card,Emp_044,INV-Vendor_019-917784,0,normal,31,2977.7130705628747,-773.2330705628747,0,11,0
TX-000478,2024-01-18 18:02:00,3065.3,Vendor_020,Support,Supplies,Card,Emp_048,INV-Vendor_020-709261,0,normal,37,4048.926765951174,-983.6267659511736,0,4,0
TX-000479,2024-02-11 22:30:00,4282.66,Vendor_099,Support,Supplies,Wire,Emp_116,INV-Vendor_099-711330,0,normal,21,2417.6414285714286,1865.0185714285712,0,4,0
TX-000480,2024-01-08 02:26:00,4462.42,Vendor_058,HR,Payroll,Card,Emp_106,INV-Vendor_058-697577,0,normal,34,2718.410294117647,1744.009705882353,0,2,0
TX-000481,2024-01-31 16:37:00,2963.45,Vendor_006,Marketing,IT,Card,Emp_069,INV-Vendor_006-597334,0,normal,21,4452.1197045024655,-1488.6697045024657,0,7,0
TX-000482,2024-01-25 02:21:00,150.04,Vendor_074,HR,Supplies,ACH,Emp_030,INV-Vendor_074-736979,0,normal,34,3705.2793562097586,-3555.2393562097586,0,7,0
TX-000483,2024-02-26 01:48:00,4854.39,Vendor_064,Finance,Travel,ACH,Emp_010,INV-Vendor_064-607645,0,normal,33,2813.544242424243,2040.8457575757575,0,1,0
TX-000484,2024-01-13 08:59:00,2423.04,Vendor_019,Sales,Consulting,Card,Emp_054,INV-Vendor_019-693352,0,normal,31,2977.7130705628747,-554.6730705628747,0,11,0
TX-000485,2024-01-24 20:02:00,2416.58,Vendor_064,Finance,Supplies,Wire,Emp_108,INV-Vendor_064-759664,0,normal,33,2813.544242424243,-396.9642424242429,0,1,0
TX-000486,2024-02-23 18:35:00,629.96,Vendor_083,Sales,Travel,Check,Emp_111,INV-Vendor_083-429898,0,normal,25,2850.515,-2220.555,0,4,0
TX-000487,2024-01-13 19:19:00,3228.56,Vendor_073,Support,IT,ACH,Emp_023,INV-Vendor_073-193511,0,normal,30,2825.4158620689655,403.1441379310345,0,7,0
TX-000488,2024-02-05 08:29:00,4243.58,Vendor_065,Support,Supplies,Card,Emp_115,INV-Vendor_065-765407,0,normal,35,3155.7917276126786,1087.7882723873213,0,1,0
TX-000489,2024-01-22 14:51:00,1741.99,Vendor_098,HR,Supplies,Card,Emp_114,INV-Vendor_098-724408,0,normal,33,3524.635628271743,-1782.645628271743,0,1,0
TX-000490,2024-02-13 05:12:00,4653.92,Vendor_053,Engineering,Consulting,ACH,Emp_114,INV-Vendor_053-784424,0,normal,32,5061.836796882053,-407.91679688205295,0,1,0
TX-000491,2024-01-25 11:58:00,2958.93,Vendor_005,Legal,Consulting,Card,Emp_105,INV-Vendor_005-882334,0,normal,32,4139.26089842047,-1180.33089842047,0,2,0
TX-000492,2024-02-11 23:59:00,2626.5,Vendor_021,HR,Supplies,ACH,Emp_053,INV-Vendor_021-652901,0,normal,34,3005.547197344895,-379.0471973448948,0,10,0
TX-000493,2024-01-03 22:44:00,3755.06,Vendor_017,Legal,IT,Wire,Emp_064,INV-Vendor_017-253591,0,normal,27,2857.5396296296294,897.5203703703705,0,4,0
TX-000494,2024-02-09 10:50:00,3935.53,Vendor_020,Sales,IT,Card,Emp_007,INV-Vendor_020-469238,0,normal,37,4048.926765951174,-113.39676595117362,0,4,0
TX-000495,2024-01-28 16:35:00,1618.55,Vendor_006,Support,Payroll,Card,Emp_066,INV-Vendor_006-241016,0,normal,21,4452.1197045024655,-2833.5697045024654,0,7,0
TX-000496,2024-02-05 17:36:00,1236.36,Vendor_052,Legal,Consulting,Check,Emp_035,INV-Vendor_052-952289,0,normal,27,3824.131111111111,-2587.771111111111,0,4,0
TX-000497,2024-01-24 23:01:00,1761.86,Vendor_051,Finance,IT,Wire,Emp_053,INV-Vendor_051-449006,0,normal,33,3471.1343740931966,-1709.2743740931967,0,1,0
TX-000498,2024-01-03 16:32:00,3594.88,Vendor_020,Legal,Travel,Check,Emp_006,INV-Vendor_020-691385,0,normal,37,4048.926765951174,-454.0467659511737,0,4,0
TX-000499,2024-01-04 15:39:00,5000.0,Vendor_100,Legal,IT,Wire,Emp_011,INV-Vendor_100-743203,1,round_number,26,2712.692692307692,2287.307307692308,1,2,0
TX-000500,2024-01-24 21:45:00,159.87,Vendor_025,Engineering,Operations,Check,Emp_011,INV-Vendor_025-811575,0,normal,44,2815.369772727273,-2655.499772727273,0,1,0
TX-000501,2024-02-09 09:26:00,4050.99,Vendor_084,Engineering,Operations,Card,Emp_021,INV-Vendor_086-827150,1,duplicate_invoice,44,3595.354474626231,455.6355253737688,0,2,1
TX-000502,2024-01-03 14:20:00,827.21,Vendor_066,Support,IT,ACH,Emp_093,INV-Vendor_095-711943,1,duplicate_invoice,32,2144.8066657789423,-1317.5966657789422,0,5,1
TX-000503,2024-01-15 00:30:00,2847.09,Vendor_027,Marketing,Travel,Check,Emp_116,INV-Vendor_027-286901,0,normal,24,4649.952627401481,-1802.8626274014805,0,16,0
TX-000504,2024-01-05 04:13:00,2203.05,Vendor_099,Operations,Supplies,Card,Emp_091,INV-Vendor_099-958436,1,high_frequency,21,2417.6414285714286,-214.59142857142842,0,5,0
TX-000505,2024-02-09 12:32:00,712.24,Vendor_099,HR,Operations,Check,Emp_022,INV-Vendor_099-189706,0,normal,21,2417.6414285714286,-1705.4014285714286,0,4,0
TX-000506,2024-01-28 09:45:00,1738.91,Vendor_045,Sales,Consulting,ACH,Emp_004,INV-Vendor_045-310229,0,normal,34,3352.6271875,-1613.7171875000001,0,11,0
TX-000507,2024-02-02 20:04:00,4343.47,Vendor_027,Engineering,Consulting,Check,Emp_056,INV-Vendor_027-620885,1,high_frequency,24,4649.952627401481,-306.4826274014804,0,15,0
TX-000508,2024-02-14 18:40:00,303.27,Vendor_025,Support,IT,Wire,Emp_115,INV-Vendor_025-585738,0,normal,44,2815.369772727273,-2512.099772727273,0,4,0
TX-000509,2024-02-06 23:44:00,1665.98,Vendor_086,Engineering,Travel,ACH,Emp_105,INV-Vendor_086-892931,0,normal,35,3206.610882352941,-1540.6308823529412,0,5,0
TX-000510,2024-01-17 17:48:00,3101.24,Vendor_001,Sales,Payroll,Card,Emp_051,INV-Vendor_001-719359,0,normal,22,3603.7710087726696,-502.5310087726698,0,5,0
TX-000511,2024-01-26 08:43:00,1101.41,Vendor_036,Operations,Operations,ACH,Emp_061,INV-Vendor_036-808180,0,normal,32,3055.038064516129,-1953.628064516129,0,4,0
TX-000512,2024-02-06 11:55:00,1564.31,Vendor_050,Legal,Consulting,Wire,Emp_006,INV-Vendor_050-994720,0,normal,26,2861.6157661684847,-1297.3057661684848,0,1,0
TX-000513,2024-02-25 16:21:00,4974.27,Vendor_004,Legal,Payroll,Wire,Emp_032,INV-Vendor_004-611964,0,normal,30,3943.4157484248335,1030.854251575167,0,1,0
TX-000514,2024-02-17 06:46:00,2573.58,Vendor_060,Finance,Consulting,Check,Emp_034,INV-Vendor_060-815149,0,normal,28,3524.8804552927822,-951.3004552927823,0,7,0
TX-000515,2024-02-19 02:28:00,15065.649660246978,Vendor_NEW_515,HR,IT,ACH,Emp_091,INV-Vendor_009-933194,1,new_vendor_high,1,15065.649660246978,0.0,0,2,0
TX-000516,2024-02-05 02:56:00,10133.664572324742,Vendor_NEW_516,Finance,Consulting,Wire,Emp_096,INV-Vendor_071-531836,1,new_vendor_high,1,10133.664572324742,0.0,0,7,0
TX-000517,2024-02-27 22:02:00,1917.69,Vendor_003,Support,Operations,Wire,Emp_086,INV-Vendor_003-568834,0,normal,27,2746.7746153846156,-829.0846153846155,0,5,0
TX-000518,2024-02-02 07:45:00,3876.23,Vendor_015,Sales,IT,Wire,Emp_104,INV-Vendor_015-871947,0,normal,31,2923.1236666666664,953.1063333333336,0,1,0
TX-000519,2024-02-17 03:53:00,2298.59,Vendor_029,Sales,Consulting,Check,Emp_086,INV-Vendor_029-356482,0,normal,23,3015.4890476190476,-716.8990476190475,0,2,0
TX-000520,2024-02-14 23:10:00,249.99,Vendor_015,Marketing,Payroll,Check,Emp_107,INV-Vendor_015-598630,0,normal,31,2923.1236666666664,-2673.1336666666666,0,1,0
TX-000521,2024-01-14 09:36:00,1613.77,Vendor_009,HR,IT,ACH,Emp_041,INV-Vendor_009-649440,0,normal,23,2132.1145454545454,-518.3445454545454,0,1,0
TX-000522,2024-01-01 10:37:00,3329.76,Vendor_078,Operations,Consulting,Check,Emp_014,INV-Vendor_078-353660,0,normal,25,3293.4391947043987,36.32080529560153,0,3,0
TX-000523,2024-01-25 06:58:00,133.67,Vendor_037,Support,Supplies,Card,Emp_028,INV-Vendor_037-160293,0,normal,34,2707.582727272727,-2573.912727272727,0,5,0
TX-000524,2024-02-02 07:25:00,1193.37,Vendor_078,Legal,Supplies,Wire,Emp_002,INV-Vendor_078-276722,0,normal,25,3293.4391947043987,-2100.069194704399,0,1,0
TX-000525,2024-02-03 14:21:00,2546.98,Vendor_100,Operations,Payroll,Check,Emp_089,INV-Vendor_100-954838,0,normal,26,2712.692692307692,-165.71269230769212,0,2,0
TX-000526,2024-02-01 09:43:00,4580.0,Vendor_052,Engineering,IT,Check,Emp_082,INV-Vendor_052-961578,0,normal,27,3824.131111111111,755.8688888888892,0,4,0
TX-000527,2024-02-20 02:01:00,917.53,Vendor_072,HR,Consulting,Wire,Emp_008,INV-Vendor_072-798155,0,normal,21,2526.322857142857,-1608.7928571428572,0,2,0
TX-000528,2024-01-04 05:00:00,2175.7,Vendor_020,Operations,Supplies,Card,Emp_054,INV-Vendor_032-122602,1,duplicate_invoice,37,4048.926765951174,-1873.226765951174,0,4,1
TX-000529,2024-01-31 00:48:00,3930.82,Vendor_032,Legal,Consulting,Check,Emp_107,INV-Vendor_032-748403,0,normal,39,2537.203758786566,1393.616241213434,0,14,0
TX-000530,2024-02-11 03:06:00,1967.28,Vendor_029,Legal,Travel,ACH,Emp_022,INV-Vendor_029-313693,0,normal,23,3015.4890476190476,-1048.2090476190476,0,1,0
TX-000531,2024-02-22 19:29:00,858.3,Vendor_018,Engineering,Operations,Check,Emp_057,INV-Vendor_018-426962,0,normal,25,3244.913714910847,-2386.613714910847,0,1,0
TX-000532,2024-02-16 06:18:00,4156.5,Vendor_007,Sales,Supplies,Wire,Emp_041,INV-Vendor_007-626340,0,normal,34,3137.7673386319625,1018.7326613680375,0,4,0
TX-000533,2024-01-11 17:23:00,2721.0,Vendor_015,Engineering,Supplies,Check,Emp_108,INV-Vendor_015-388957,0,normal,31,2923.1236666666664,-202.1236666666664,0,1,0
TX-000534,2024-01-01 02:52:00,1466.56,Vendor_078,Support,Operations,Wire,Emp_094,INV-Vendor_078-298626,0,normal,25,3293.4391947043987,-1826.8791947043987,0,3,0
TX-000535,2024-01-23 07:36:00,3043.59,Vendor_028,Operations,Consulting,Card,Emp_076,INV-Vendor_028-992406,0,normal,37,3803.5322467308665,-759.9422467308664,0,4,0
TX-000536,2024-02-05 00:10:00,1394.03,Vendor_023,Sales,Consulting,Wire,Emp_057,INV-Vendor_023-401457,0,normal,34,2735.677272727273,-1341.6472727272728,0,5,0
TX-000537,2024-01-26 03:34:00,4640.7,Vendor_032,Engineering,Operations,Card,Emp_115,INV-Vendor_032-953117,0,normal,39,2537.203758786566,2103.4962412134337,0,13,0
TX-000538,2024-02-19 14:32:00,3831.27,Vendor_085,Engineering,IT,Wire,Emp_086,INV-Vendor_085-707353,0,normal,28,3183.8122633457456,647.4577366542544,0,6,0
TX-000539,2024-02-18 23:38:00,4336.0,Vendor_060,Sales,Consulting,Check,Emp_024,INV-Vendor_060-973819,0,normal,28,3524.8804552927822,811.1195447072178,0,7,0
TX-000540,2024-02-11 17:12:00,4278.95,Vendor_049,Sales,Consulting,ACH,Emp_071,INV-Vendor_049-784478,0,normal,35,2968.721142857143,1310.2288571428567,0,5,0
TX-000541,2024-01-14 04:26:00,3589.31,Vendor_032,Engineering,Consulting,Wire,Emp_026,INV-Vendor_032-735592,0,normal,39,2537.203758786566,1052.1062412134338,0,13,0
TX-000542,2024-02-28 13:30:00,1269.2,Vendor_088,HR,Travel,ACH,Emp_094,INV-Vendor_088-466074,0,normal,28,2593.798461538461,-1324.5984615384612,0,4,0
TX-000543,2024-02-20 14:20:00,1776.14,Vendor_075,Engineering,Consulting,Check,Emp_112,INV-Vendor_075-180514,0,normal,31,2556.1941935483874,-780.0541935483873,0,3,0
TX-000544,2024-01-19 08:57:00,4411.44,Vendor_009,HR,Supplies,Wire,Emp_031,INV-Vendor_009-724408,0,normal,23,2132.1145454545454,2279.3254545454542,0,1,0
TX-000545,2024-01-29 00:21:00,19200.055064465745,Vendor_NEW_545,Engineering,IT,Card,Emp_103,INV-Vendor_088-646995,1,new_vendor_high,1,19200.055064465745,0.0,0,6,0
TX-000546,2024-01-27 07:51:00,2538.04,Vendor_084,Support,Payroll,Check,Emp_019,INV-Vendor_084-449693,0,normal,44,3595.354474626231,-1057.314474626231,0,2,0
TX-000547,2024-02-28 11:55:00,3201.48,Vendor_095,Legal,Consulting,ACH,Emp_069,INV-Vendor_095-444195,0,normal,42,2756.728095238095,444.7519047619048,0,5,0
TX-000548,2024-01-16 04:33:00,3919.48,Vendor_014,Finance,IT,Card,Emp_050,INV-Vendor_014-727948,0,normal,36,2134.2634285714284,1785.2165714285716,0,3,0
TX-000549,2024-02-18 08:18:00,2559.01,Vendor_077,Legal,Operations,Card,Emp_028,INV-Vendor_077-137011,0,normal,33,3274.230606060606,-715.2206060606059,0,1,0
TX-000550,2024-01-26 04:08:00,1367.84,Vendor_058,Marketing,Supplies,Check,Emp_023,INV-Vendor_058-802116,0,normal,34,2718.410294117647,-1350.570294117647,0,2,0
TX-000551,2024-01-11 18:45:00,4956.26,Vendor_087,Engineering,Supplies,Check,Emp_087,INV-Vendor_087-918880,0,normal,26,2325.0704,2631.1896,0,4,0
TX-000552,2024-02-14 04:44:00,3746.48,Vendor_052,Finance,Supplies,Wire,Emp_119,INV-Vendor_052-258071,0,normal,27,3824.131111111111,-77.65111111111082,0,4,0
TX-000553,2024-02-15 03:57:00,4143.88,Vendor_005,HR,Consulting,Wire,Emp_006,INV-Vendor_005-208826,0,normal,32,4139.26089842047,4.619101579530252,0,1,0
TX-000554,2024-01-31 16:15:00,4196.93,Vendor_093,Support,Consulting,Wire,Emp_016,INV-Vendor_093-391908,0,normal,24,2552.386956521739,1644.543043478261,0,4,0
TX-000555,2024-02-02 23:47:00,4663.69,Vendor_046,Engineering,Travel,ACH,Emp_046,INV-Vendor_046-226284,0,normal,33,3052.1432305611957,1611.546769438804,0,4,0
TX-000556,2024-01-07 04:03:00,2178.24,Vendor_035,Finance,Consulting,Wire,Emp_054,INV-Vendor_035-255706,0,normal,35,2498.9767647058825,-320.7367647058827,0,5,0
TX-000557,2024-01-20 15:58:00,3161.16,Vendor_081,Support,Supplies,ACH,Emp_085,INV-Vendor_081-608993,0,normal,30,3787.006065906091,-625.8460659060911,0,6,0
TX-000558,2024-01-17 15:56:00,3388.76,Vendor_050,Engineering,Payroll,Check,Emp_118,INV-Vendor_050-766114,0,normal,26,2861.6157661684847,527.1442338315155,0,2,0
TX-000559,2024-01-29 19:04:00,4768.25,Vendor_036,Engineering,Supplies,Wire,Emp_074,INV-Vendor_036-694308,0,normal,32,3055.038064516129,1713.211935483871,0,4,0
TX-000560,2024-01-10 17:38:00,1370.67,Vendor_053,Marketing,Travel,ACH,Emp_105,INV-Vendor_053-314845,0,normal,32,5061.836796882053,-3691.166796882053,0,2,0
TX-000561,2024-01-17 11:53:00,1254.62,Vendor_087,Finance,Consulting,Check,Emp_061,INV-Vendor_087-687646,0,normal,26,2325.0704,-1070.4504000000002,0,4,0
TX-000562,2024-01-13 01:12:00,3385.0,Vendor_014,Finance,Operations,Wire,Emp_033,INV-Vendor_042-469636,1,duplicate_invoice,36,2134.2634285714284,1250.7365714285716,0,1,1
TX-000563,2024-01-14 21:30:00,4644.12,Vendor_035,Marketing,Operations,Wire,Emp_089,INV-Vendor_035-239300,0,normal,35,2498.9767647058825,2145.1432352941174,0,4,0
TX-000564,2024-02-29 14:11:00,1199.14,Vendor_076,Legal,Supplies,Card,Emp_056,INV-Vendor_076-424854,0,normal,30,2646.702525461832,-1447.562525461832,0,4,0
TX-000565,2024-01-26 00:46:00,4228.07,Vendor_080,HR,Consulting,Check,Emp_030,INV-Vendor_080-149882,0,normal,29,2652.113793103448,1575.9562068965515,0,1,0
TX-000566,2024-01-18 14:19:00,803.24,Vendor_092,HR,Consulting,Wire,Emp_031,INV-Vendor_092-681859,0,normal,32,2637.2259197610306,-1833.9859197610306,0,1,0
TX-000567,2024-02-01 15:28:00,641.44,Vendor_075,Sales,IT,Check,Emp_013,INV-Vendor_075-526191,0,normal,31,2556.1941935483874,-1914.7541935483873,0,1,0
TX-000568,2024-01-23 16:14:00,2273.51,Vendor_091,Operations,Travel,Card,Emp_040,INV-Vendor_091-821023,1,high_frequency,23,2089.608260869565,183.9017391304351,0,10,0
TX-000569,2024-02-11 18:16:00,2206.98,Vendor_021,Finance,Travel,Wire,Emp_070,INV-Vendor_021-175016,0,normal,34,3005.547197344895,-798.5671973448948,0,10,0
TX-000570,2024-01-04 16:55:00,758.03,Vendor_069,HR,Payroll,Wire,Emp_055,INV-Vendor_069-474608,0,normal,24,2413.8735,-1655.8435000000002,0,1,0
TX-000571,2024-01-04 15:42:00,1235.51,Vendor_022,Finance,Supplies,Card,Emp_006,INV-Vendor_086-827150,1,duplicate_invoice,33,2766.22851906831,-1530.7185190683101,0,1,1
TX-000572,2024-02-22 22:07:00,3065.31,Vendor_091,Engineering,Consulting,ACH,Emp_091,INV-Vendor_091-251303,0,normal,23,2089.608260869565,975.7017391304348,0,10,0
TX-000573,2024-02-16 12:54:00,1143.06,Vendor_035,Engineering,Consulting,Check,Emp_060,INV-Vendor_035-196340,0,normal,35,2498.9767647058825,-1355.9167647058825,0,6,0
TX-000574,2024-01-31 16:32:00,3676.08,Vendor_080,Operations,Supplies,Card,Emp_065,INV-Vendor_080-351883,0,normal,29,2652.113793103448,1023.9662068965517,0,2,0
TX-000575,2024-02-05 01:53:00,695.86,Vendor_031,Support,IT,Wire,Emp_066,INV-Vendor_031-152622,0,normal,37,2623.9062292690023,-1928.0462292690022,0,4,0
TX-000576,2024-01-13 13:27:00,3516.85,Vendor_028,Operations,Travel,Wire,Emp_080,INV-Vendor_028-533868,0,normal,37,3803.5322467308665,-286.6822467308666,0,4,0
TX-000577,2024-01-16 20:57:00,1567.27,Vendor_081,HR,Operations,Card,Emp_036,INV-Vendor_081-328417,0,normal,30,3787.006065906091,-2219.736065906091,0,4,0
TX-000578,2024-01-20 22:17:00,2028.88,Vendor_086,Support,Operations,Wire,Emp_002,INV-Vendor_086-474590,0,normal,35,3206.610882352941,-1177.730882352941,0,4,0
TX-000579,2024-02-07 11:15:00,2297.74,Vendor_026,Sales,Consulting,ACH,Emp_063,INV-Vendor_026-898231,0,normal,25,2417.752,-120.01200000000017,0,1,0
TX-000580,2024-01-03 12:40:00,2822.77,Vendor_009,Finance,Supplies,Check,Emp_110,INV-Vendor_009-132214,0,normal,23,2132.1145454545454,690.6554545454546,0,3,0
TX-000581,2024-01-29 16:07:00,8382.629232517436,Vendor_NEW_581,Support,Operations,Wire,Emp_019,INV-Vendor_069-114196,1,new_vendor_high,1,8382.629232517436,0.0,0,1,0
TX-000582,2024-02-11 06:44:00,458.09,Vendor_049,Operations,Supplies,Card,Emp_083,INV-Vendor_049-846483,0,normal,35,2968.721142857143,-2510.631142857143,0,5,0
TX-000583,2024-02-14 22:04:00,16150.75312590208,Vendor_051,HR,Operations,Wire,Emp_064,INV-Vendor_051-622359,1,high_amount,33,3471.1343740931966,12679.618751808883,0,1,0
TX-000584,2024-01-08 10:27:00,1531.97,Vendor_009,HR,Payroll,Wire,Emp_014,INV-Vendor_009-721641,0,normal,23,2132.1145454545454,-600.1445454545453,0,1,0
TX-000585,2024-01-12 03:36:00,183.41,Vendor_096,HR,Supplies,Wire,Emp_003,INV-Vendor_096-636907,0,normal,35,3281.264857142857,-3097.8548571428573,0,4,0
TX-000586,2024-01-01 15:47:00,3304.38,Vendor_071,HR,IT,Card,Emp_008,INV-Vendor_071-622762,0,normal,30,2482.368888888889,822.011111111111,0,7,0
TX-000587,2024-02-10 03:17:00,3564.13,Vendor_068,Operations,Travel,Check,Emp_008,INV-Vendor_068-868710,0,normal,20,2901.888209334918,662.2417906650821,0,1,0
TX-000588,2024-02-19 03:59:00,3103.87,Vendor_082,Finance,Payroll,ACH,Emp_009,INV-Vendor_082-487061,0,normal,20,3988.878997849292,-885.008997849292,0,5,0
TX-000589,2024-01-03 01:00:00,4590.58,Vendor_018,Support,Supplies,Wire,Emp_109,INV-Vendor_018-816238,0,normal,25,3244.913714910847,1345.666285089153,0,2,0
TX-000590,2024-02-28 18:07:00,3187.84,Vendor_034,Operations,Payroll,Check,Emp_097,INV-Vendor_034-352986,0,normal,31,2820.5182405182827,367.32175948171744,0,1,0
TX-000591,2024-02-10 11:01:00,828.74,Vendor_011,Finance,Supplies,ACH,Emp_017,INV-Vendor_011-237846,1,high_frequency,34,2846.199411764706,-2017.459411764706,0,7,0
TX-000592,2024-01-01 08:44:00,281.58,Vendor_045,Engineering,Operations,ACH,Emp_073,INV-Vendor_045-475498,0,normal,34,3352.6271875,-3071.0471875000003,0,12,0
TX-000593,2024-02-25 20:25:00,2388.22,Vendor_012,Sales,Payroll,Check,Emp_002,INV-Vendor_012-598268,0,normal,32,2499.3235160701242,-111.10351607012444,0,1,0
TX-000594,2024-02-28 12:52:00,3272.88,Vendor_016,Sales,Payroll,ACH,Emp_067,INV-Vendor_016-251816,0,normal,42,4104.852509181274,-831.9725091812743,0,4,0
TX-000595,2024-01-29 10:57:00,3824.65,Vendor_079,Marketing,Operations,Card,Emp_029,INV-Vendor_079-472299,0,normal,29,2672.4585185185188,1152.1914814814813,0,2,0
TX-000596,2024-01-19 07:53:00,2203.88,Vendor_028,Marketing,Consulting,Check,Emp_030,INV-Vendor_028-290025,0,normal,37,3803.5322467308665,-1599.6522467308664,0,4,0
TX-000597,2024-02-18 19:53:00,4888.36,Vendor_091,Finance,Supplies,ACH,Emp_030,INV-Vendor_091-851545,0,normal,23,2089.608260869565,2798.7517391304345,0,10,0
TX-000598,2024-02-28 01:14:00,330.36,Vendor_087,Engineering,Operations,Wire,Emp_084,INV-Vendor_087-132539,0,normal,26,2325.0704,-1994.7104,0,5,0
TX-000599,2024-02-16 05:24:00,4685.04,Vendor_073,Engineering,IT,Wire,Emp_112,INV-Vendor_073-495403,0,normal,30,2825.4158620689655,1859.6241379310345,0,7,0
TX-000600,2024-01-27 07:15:00,2028.41,Vendor_091,Legal,Payroll,Wire,Emp_030,INV-Vendor_091-909815,0,normal,23,2089.608260869565,-61.19826086956505,0,11,0
TX-000601,2024-02-07 04:05:00,5634.020873926291,Vendor_012,Sales,Consulting,Wire,Emp_023,INV-Vendor_012-300143,1,high_amount,32,2499.3235160701242,3134.6973578561665,0,3,0
TX-000602,2024-02-05 13:18:00,1268.34,Vendor_007,Sales,Travel,Wire,Emp_023,INV-Vendor_007-858019,0,normal,34,3137.7673386319625,-1869.4273386319626,0,4,0
TX-000603,2024-01-07 06:04:00,4568.04,Vendor_028,Support,Consulting,ACH,Emp_095,INV-Vendor_028-115927,0,normal,37,3803.5322467308665,764.5077532691334,0,4,0
TX-000604,2024-01-28 09:08:00,4507.49,Vendor_089,Operations,Travel,Check,Emp_030,INV-Vendor_089-715813,1,high_frequency,29,4049.3871695268895,458.1028304731103,0,7,0
TX-000605,2024-02-06 19:09:00,1963.88,Vendor_014,Marketing,Operations,Check,Emp_010,INV-Vendor_014-483581,0,normal,36,2134.2634285714284,-170.38342857142834,0,3,0
TX-000606,2024-02-29 15:32:00,4418.59,Vendor_081,Finance,Consulting,ACH,Emp_009,INV-Vendor_081-852580,0,normal,30,3787.006065906091,631.5839340939092,0,6,0
TX-000607,2024-01-26 01:22:00,761.32,Vendor_064,Support,Operations,Wire,Emp_077,INV-Vendor_064-411138,0,normal,33,2813.544242424243,-2052.2242424242427,0,1,0
TX-000608,2024-01-11 19:55:00,1310.57,Vendor_045,HR,Supplies,Check,Emp_096,INV-Vendor_045-873503,0,normal,34,3352.6271875,-2042.0571875000003,0,10,0
TX-000609,2024-01-09 18:48:00,3255.4,Vendor_080,Legal,Consulting,Check,Emp_062,INV-Vendor_080-904543,0,normal,29,2652.113793103448,603.2862068965519,0,1,0
TX-000610,2024-02-05 16:15:00,499.92,Vendor_017,Support,IT,Card,Emp_103,INV-Vendor_017-172511,0,normal,27,2857.5396296296294,-2357.6196296296293,0,4,0
TX-000611,2024-01-19 09:42:00,2323.09,Vendor_070,Operations,Supplies,Card,Emp_031,INV-Vendor_070-317996,0,normal,27,2500.182222222222,-177.09222222222206,0,4,0
TX-000612,2024-02-09 22:09:00,18353.25535567021,Vendor_NEW_612,Finance,Supplies,Card,Emp_115,INV-Vendor_008-737270,1,new_vendor_high,1,18353.25535567021,0.0,0,1,0
TX-000613,2024-02-20 08:35:00,715.95,Vendor_060,Sales,Operations,Wire,Emp_107,INV-Vendor_057-579386,1,duplicate_invoice,28,3524.8804552927822,-2808.9304552927824,0,8,1
TX-000614,2024-02-05 05:15:00,3833.18,Vendor_074,Finance,Operations,Check,Emp_042,INV-Vendor_074-619831,0,normal,34,3705.2793562097586,127.90064379024125,0,8,0
TX-000615,2024-02-03 14:51:00,3149.11,Vendor_008,Support,Payroll,Wire,Emp_109,INV-Vendor_008-192164,0,normal,38,2659.1583783783785,489.9516216216216,0,10,0
TX-000616,2024-01-22 02:12:00,3158.88,Vendor_030,Marketing,IT,Wire,Emp_068,INV-Vendor_030-551940,0,normal,23,3033.8827608649813,124.99723913501884,0,7,0
TX-000617,2024-02-24 20:14:00,1656.99,Vendor_041,Operations,Consulting,ACH,Emp_018,INV-Vendor_041-676182,0,normal,31,2695.650967741936,-1038.6609677419358,0,1,0
TX-000618,2024-01-20 18:02:00,10000.0,Vendor_056,HR,Travel,Card,Emp_064,INV-Vendor_056-774112,1,round_number,23,2481.271304347826,7518.728695652174,1,2,0
TX-000619,2024-02-22 20:42:00,1594.47,Vendor_033,HR,Supplies,Check,Emp_008,INV-Vendor_033-100039,0,normal,28,2550.7607142857146,-956.2907142857146,0,4,0
TX-000620,2024-01-09 07:05:00,3079.95,Vendor_006,Engineering,IT,ACH,Emp_048,INV-Vendor_006-723604,0,normal,21,4452.1197045024655,-1372.1697045024657,0,8,0
TX-000621,2024-01-19 20:10:00,4040.09,Vendor_059,HR,Travel,Card,Emp_049,INV-Vendor_059-154860,0,normal,15,4133.840666666667,-93.7506666666668,0,1,0
TX-000622,2024-02-25 09:36:00,3712.16,Vendor_041,Engineering,Operations,ACH,Emp_045,INV-Vendor_041-342699,0,normal,31,2695.650967741936,1016.509032258064,0,1,0
TX-000623,2024-01-22 16:09:00,242.84,Vendor_002,HR,Operations,Card,Emp_039,INV-Vendor_006-951544,1,duplicate_invoice,29,2921.2093209032923,-2678.369320903292,0,7,1
TX-000624,2024-01-03 13:22:00,387.54,Vendor_060,Legal,Payroll,Check,Emp_086,INV-Vendor_060-724601,0,normal,28,3524.8804552927822,-3137.3404552927823,0,8,0
TX-000625,2024-01-06 01:11:00,4687.54,Vendor_086,Support,Operations,Card,Emp_026,INV-Vendor_086-549972,0,normal,35,3206.610882352941,1480.9291176470588,0,5,0
TX-000626,2024-02-02 15:41:00,552.14,Vendor_091,Operations,Travel,ACH,Emp_083,INV-Vendor_091-731966,0,normal,23,2089.608260869565,-1537.4682608695653,0,10,0
TX-000627,2024-03-01 10:48:00,3240.99,Vendor_023,HR,Payroll,ACH,Emp_111,INV-Vendor_023-456113,0,normal,34,2735.677272727273,505.312727272727,0,4,0
TX-000628,2024-01-17 05:47:00,1314.09,Vendor_015,HR,Consulting,ACH,Emp_033,INV-Vendor_015-836884,0,normal,31,2923.1236666666664,-1609.0336666666665,0,1,0
TX-000629,2024-01-07 22:31:00,1238.65,Vendor_086,HR,Supplies,Wire,Emp_021,INV-Vendor_086-678037,0,normal,35,3206.610882352941,-1967.960882352941,0,7,0
TX-000630,2024-01-01 02:42:00,3255.52,Vendor_074,Marketing,Operations,Card,Emp_022,INV-Vendor_074-379139,0,normal,34,3705.2793562097586,-449.7593562097586,0,7,0
TX-000631,2024-02-25 11:36:00,4523.74,Vendor_076,Support,Travel,Wire,Emp_096,INV-Vendor_076-399685,0,normal,30,2646.702525461832,1877.0374745381678,0,5,0
TX-000632,2024-02-20 23:13:00,507.78,Vendor_031,Marketing,IT,Card,Emp_072,INV-Vendor_031-439777,0,normal,37,2623.9062292690023,-2116.1262292690026,0,4,0
TX-000633,2024-01-21 20:42:00,1310.93,Vendor_046,Support,Consulting,Card,Emp_070,INV-Vendor_046-855366,0,normal,33,3052.1432305611957,-1741.2132305611956,0,5,0
TX-000634,2024-02-19 13:55:00,2773.88,Vendor_097,Support,Supplies,Card,Emp_059,INV-Vendor_097-917999,0,normal,24,2534.625652173913,239.25434782608727,0,5,0
TX-000635,2024-01-14 14:19:00,4320.57,Vendor_051,Marketing,Payroll,Check,Emp_091,INV-Vendor_051-782314,0,normal,33,3471.1343740931966,849.4356259068031,0,3,0
TX-000636,2024-02-26 22:06:00,1826.83,Vendor_074,Finance,Payroll,Card,Emp_070,INV-Vendor_074-107325,0,normal,34,3705.2793562097586,-1878.4493562097587,0,8,0
TX-000637,2024-02-11 21:21:00,4819.0,Vendor_085,HR,Consulting,ACH,Emp_043,INV-Vendor_085-442772,0,normal,28,3183.8122633457456,1635.1877366542544,0,4,0
TX-000638,2024-02-22 17:05:00,1178.98,Vendor_043,HR,Supplies,Check,Emp_108,INV-Vendor_043-838257,0,normal,36,3072.333244872456,-1893.353244872456,0,11,0
TX-000639,2024-01-01 05:55:00,2623.83,Vendor_084,Marketing,IT,Check,Emp_088,INV-Vendor_084-423323,0,normal,44,3595.354474626231,-971.524474626231,0,1,0
TX-000640,2024-01-30 08:29:00,245.02,Vendor_051,Legal,Supplies,Check,Emp_006,INV-Vendor_051-477547,0,normal,33,3471.1343740931966,-3226.1143740931966,0,1,0
TX-000641,2024-02-11 14:32:00,581.22,Vendor_022,Engineering,Supplies,Card,Emp_104,INV-Vendor_022-409751,0,normal,33,2766.22851906831,-2185.0085190683103,0,1,0
TX-000642,2024-01-09 20:18:00,4284.46,Vendor_044,Sales,IT,Check,Emp_028,INV-Vendor_044-703965,0,normal,35,3137.537058823529,1146.9229411764709,0,4,0
TX-000643,2024-02-28 01:06:00,1531.6,Vendor_025,HR,Payroll,Card,Emp_099,INV-Vendor_025-521779,0,normal,44,2815.369772727273,-1283.769772727273,0,1,0
TX-000644,2024-02-22 12:47:00,4547.53,Vendor_081,Operations,Supplies,Wire,Emp_019,INV-Vendor_081-152892,0,normal,30,3787.006065906091,760.5239340939088,0,4,0
TX-000645,2024-02-03 15:25:00,3350.02,Vendor_002,HR,Travel,Card,Emp_119,INV-Vendor_002-775545,0,normal,29,2921.2093209032923,428.81067909670764,0,5,0
TX-000646,2024-02-05 03:48:00,552.38,Vendor_067,Support,IT,Card,Emp_088,INV-Vendor_067-724093,0,normal,44,2993.467335565413,-2441.087335565413,0,3,0
TX-000647,2024-01-07 19:13:00,4648.59,Vendor_043,Engineering,Operations,ACH,Emp_115,INV-Vendor_043-629621,0,normal,36,3072.333244872456,1576.2567551275442,0,11,0
TX-000648,2024-02-15 08:33:00,14585.951549883526,Vendor_006,HR,Operations,Wire,Emp_031,INV-Vendor_006-556949,1,high_amount,21,4452.1197045024655,10133.83184538106,0,7,0
TX-000649,2024-02-23 16:08:00,2498.56,Vendor_096,Legal,Consulting,ACH,Emp_103,INV-Vendor_096-251871,0,normal,35,3281.264857142857,-782.7048571428572,0,5,0
TX-000650,2024-01-02 00:09:00,3286.33,Vendor_035,Legal,Supplies,ACH,Emp_011,INV-Vendor_035-295215,0,normal,35,2498.9767647058825,787.3532352941174,0,5,0
TX-000651,2024-01-16 12:27:00,1483.43,Vendor_008,Sales,Payroll,ACH,Emp_111,INV-Vendor_008-297083,0,normal,38,2659.1583783783785,-1175.7283783783785,0,10,0
TX-000652,2024-01-01 11:37:00,801.91,Vendor_006,Support,Supplies,ACH,Emp_033,INV-Vendor_006-954690,1,high_frequency,21,4452.1197045024655,-3650.2097045024657,0,8,0
TX-000653,2024-02-15 05:12:00,212.28,Vendor_056,Operations,Payroll,Card,Emp_036,INV-Vendor_056-656039,0,normal,23,2481.271304347826,-2268.991304347826,0,1,0
TX-000654,2024-02-03 23:43:00,25941.597851034578,Vendor_005,HR,Travel,Wire,Emp_116,INV-Vendor_005-796430,1,high_amount,32,4139.26089842047,21802.336952614107,0,1,0
TX-000655,2024-02-18 11:05:00,1084.36,Vendor_021,Finance,Travel,Wire,Emp_065,INV-Vendor_021-151976,0,normal,34,3005.547197344895,-1921.187197344895,0,7,0
TX-000656,2024-01-03 20:13:00,2692.69,Vendor_060,Operations,Operations,Card,Emp_103,INV-Vendor_060-256827,0,normal,28,3524.8804552927822,-832.1904552927822,0,8,0
TX-000657,2024-01-22 05:35:00,1478.26,Vendor_062,Support,IT,Wire,Emp_091,INV-Vendor_062-349645,0,normal,32,3565.037712437434,-2086.7777124374343,0,7,0
TX-000658,2024-02-25 14:08:00,4609.55,Vendor_040,Sales,Payroll,ACH,Emp_014,INV-Vendor_040-982193,0,normal,32,3123.052929000477,1486.4970709995232,0,4,0
TX-000659,2024-02-17 02:55:00,1023.22,Vendor_080,HR,Consulting,Wire,Emp_108,INV-Vendor_080-521980,0,normal,29,2652.113793103448,-1628.8937931034482,0,1,0
TX-000660,2024-01-09 13:05:00,1967.1,Vendor_091,Operations,Supplies,ACH,Emp_037,INV-Vendor_091-166663,0,normal,23,2089.608260869565,-122.50826086956522,0,10,0
TX-000661,2024-01-14 12:59:00,26888.21313454672,Vendor_020,Sales,Payroll,ACH,Emp_085,INV-Vendor_020-993514,1,high_amount,37,4048.926765951174,22839.286368595545,0,4,0
TX-000662,2024-02-20 06:52:00,3846.5,Vendor_011,Operations,IT,ACH,Emp_083,INV-Vendor_011-843817,0,normal,34,2846.199411764706,1000.3005882352941,0,7,0
TX-000663,2024-01-24 00:20:00,1546.2,Vendor_046,Legal,Travel,Card,Emp_030,INV-Vendor_046-633540,0,normal,33,3052.1432305611957,-1505.9432305611956,0,5,0
TX-000664,2024-02-27 05:38:00,1784.36,Vendor_008,Operations,Payroll,Wire,Emp_031,INV-Vendor_008-433475,0,normal,38,2659.1583783783785,-874.7983783783786,0,12,0
TX-000665,2024-01-29 14:50:00,1440.69,Vendor_044,Engineering,Consulting,Card,Emp_115,INV-Vendor_044-164564,0,normal,35,3137.537058823529,-1696.847058823529,0,4,0
TX-000666,2024-01-31 14:34:00,3397.57,Vendor_092,Engineering,Travel,Card,Emp_117,INV-Vendor_092-341036,0,normal,32,2637.2259197610306,760.3440802389696,0,1,0
TX-000667,2024-01-15 05:26:00,3074.63,Vendor_055,Support,Payroll,Check,Emp_030,INV-Vendor_055-696858,0,normal,35,2730.5511428571426,344.0788571428575,0,13,0
TX-000668,2024-02-19 15:25:00,2094.37,Vendor_029,Operations,Supplies,Wire,Emp_028,INV-Vendor_029-810128,0,normal,23,3015.4890476190476,-921.1190476190477,0,1,0
TX-000669,2024-02-12 22:43:00,3380.36,Vendor_062,Marketing,Consulting,Wire,Emp_107,INV-Vendor_062-781115,0,normal,32,3565.037712437434,-184.6777124374339,0,9,0
TX-000670,2024-01-10 16:06:00,20000.0,Vendor_084,Operations,IT,ACH,Emp_015,INV-Vendor_084-222849,1,round_number,44,3595.354474626231,16404.64552537377,1,2,0
TX-000671,2024-02-21 18:23:00,3006.79,Vendor_079,Legal,Consulting,Wire,Emp_097,INV-Vendor_079-622757,0,normal,29,2672.4585185185188,334.3314814814812,0,1,0
TX-000672,2024-02-23 15:38:00,102.06,Vendor_095,Operations,IT,ACH,Emp_077,INV-Vendor_095-876475,0,normal,42,2756.728095238095,-2654.6680952380952,0,6,0
TX-000673,2024-01-08 20:18:00,1731.1,Vendor_040,Sales,Consulting,Wire,Emp_103,INV-Vendor_040-531100,0,normal,32,3123.052929000477,-1391.952929000477,0,5,0
TX-000674,2024-01-24 19:46:00,848.98,Vendor_012,Engineering,Payroll,ACH,Emp_105,INV-Vendor_012-984833,0,normal,32,2499.3235160701242,-1650.3435160701242,0,1,0
TX-000675,2024-01-24 14:45:00,2915.53,Vendor_063,Support,Operations,Wire,Emp_040,INV-Vendor_063-807280,0,normal,30,2872.7581223683005,42.77187763169968,0,4,0
TX-000676,2024-01-03 20:15:00,1896.87,Vendor_089,Operations,Operations,ACH,Emp_106,INV-Vendor_089-186341,0,normal,29,4049.3871695268895,-2152.5171695268896,0,7,0
TX-000677,2024-01-08 22:56:00,4392.05,Vendor_024,Marketing,Payroll,Check,Emp_114,INV-Vendor_024-253193,0,normal,22,3212.8424589157476,1179.2075410842526,0,1,0
TX-000678,2024-01-22 08:21:00,1808.44,Vendor_091,Operations,Operations,Card,Emp_068,INV-Vendor_091-399093,0,normal,23,2089.608260869565,-281.1682608695651,0,10,0
TX-000679,2024-01-20 11:51:00,3289.27,Vendor_026,HR,Travel,Wire,Emp_035,INV-Vendor_026-485362,0,normal,25,2417.752,871.518,0,1,0
TX-000680,2024-02-26 12:43:00,1538.86,Vendor_086,Finance,Supplies,Wire,Emp_042,INV-Vendor_086-489502,0,normal,35,3206.610882352941,-1667.7508823529413,0,4,0
TX-000681,2024-01-12 07:51:00,2489.24,Vendor_004,Finance,Consulting,Wire,Emp_089,INV-Vendor_004-983964,0,normal,30,3943.4157484248335,-1454.1757484248337,0,1,0
TX-000682,2024-01-02 23:09:00,2743.68,Vendor_033,Operations,Operations,Wire,Emp_109,INV-Vendor_033-434511,0,normal,28,2550.7607142857146,192.91928571428525,0,4,0
TX-000683,2024-02-26 12:30:00,2057.34,Vendor_074,Support,Operations,Check,Emp_074,INV-Vendor_074-401661,0,normal,34,3705.2793562097586,-1647.9393562097584,0,8,0
TX-000684,2024-01-26 14:40:00,3889.83,Vendor_023,Engineering,Supplies,Check,Emp_098,INV-Vendor_023-208168,0,normal,34,2735.677272727273,1154.1527272727271,0,4,0
TX-000685,2024-01-28 09:19:00,3353.95,Vendor_095,Engineering,Payroll,Card,Emp_042,INV-Vendor_095-851605,0,normal,42,2756.728095238095,597.2219047619046,0,6,0
TX-000686,2024-03-01 11:58:00,12018.784012619097,Vendor_027,Operations,Travel,Card,Emp_037,INV-Vendor_027-568323,1,high_amount,24,4649.952627401481,7368.831385217616,0,14,0
TX-000687,2024-01-15 02:17:00,745.66,Vendor_036,HR,IT,Check,Emp_026,INV-Vendor_036-180644,0,normal,32,3055.038064516129,-2309.378064516129,0,4,0
TX-000688,2024-02-27 03:01:00,2304.15,Vendor_060,Operations,Payroll,Check,Emp_113,INV-Vendor_060-282701,0,normal,28,3524.8804552927822,-1220.7304552927822,0,7,0
TX-000689,2024-02-27 02:26:00,214.5,Vendor_085,Engineering,Consulting,ACH,Emp_040,INV-Vendor_085-537051,0,normal,28,3183.8122633457456,-2969.3122633457456,0,4,0
TX-000690,2024-01-25 13:43:00,3537.97,Vendor_008,Finance,Operations,ACH,Emp_055,INV-Vendor_008-311812,0,normal,38,2659.1583783783785,878.8116216216213,0,10,0
TX-000691,2024-01-06 22:43:00,617.55,Vendor_098,Finance,Payroll,Check,Emp_094,INV-Vendor_098-452187,0,normal,33,3524.635628271743,-2907.085628271743,0,2,0
TX-000692,2024-01-01 08:17:00,334.11,Vendor_088,Support,Operations,ACH,Emp_023,INV-Vendor_088-364646,0,normal,28,2593.798461538461,-2259.688461538461,0,5,0
TX-000693,2024-01-02 20:49:00,2998.67,Vendor_022,Engineering,Payroll,ACH,Emp_020,INV-Vendor_022-429407,0,normal,33,2766.22851906831,232.44148093168997,0,2,0
TX-000694,2024-02-08 11:02:00,4027.81,Vendor_063,Marketing,IT,ACH,Emp_103,INV-Vendor_063-779946,0,normal,30,2872.7581223683005,1155.0518776316994,0,4,0
TX-000695,2024-02-26 00:09:00,2355.45,Vendor_016,Finance,Consulting,Card,Emp_002,INV-Vendor_016-957963,0,normal,42,4104.852509181274,-1749.4025091812746,0,5,0
TX-000696,2024-02-13 23:28:00,597.64,Vendor_060,Marketing,Payroll,ACH,Emp_085,INV-Vendor_060-900042,1,high_frequency,28,3524.8804552927822,-2927.2404552927824,0,7,0
TX-000697,2024-01-27 00:33:00,2516.51,Vendor_089,Sales,Operations,Check,Emp_090,INV-Vendor_089-672784,0,normal,29,4049.3871695268895,-1532.8771695268892,0,7,0
TX-000698,2024-02-17 14:42:00,4448.84,Vendor_028,Legal,Travel,Wire,Emp_071,INV-Vendor_028-740428,0,normal,37,3803.5322467308665,645.3077532691336,0,6,0
TX-000699,2024-01-30 00:56:00,3442.35,Vendor_041,Engineering,Operations,Card,Emp_097,INV-Vendor_041-986596,0,normal,31,2695.650967741936,746.6990322580641,0,1,0
TX-000700,2024-02-02 18:08:00,2596.0,Vendor_097,Marketing,Supplies,ACH,Emp_084,INV-Vendor_097-975181,0,normal,24,2534.625652173913,61.37434782608716,0,5,0
TX-000701,2024-01-26 14:36:00,2653.95,Vendor_074,Legal,Operations,ACH,Emp_072,INV-Vendor_074-232175,1,high_frequency,34,3705.2793562097586,-1051.3293562097588,0,7,0
TX-000702,2024-02-05 09:51:00,4480.93,Vendor_069,Support,IT,Check,Emp_082,INV-Vendor_069-641619,0,normal,24,2413.8735,2067.0565,0,1,0
TX-000703,2024-02-13 12:33:00,4102.97,Vendor_092,Support,IT,Wire,Emp_089,INV-Vendor_092-587308,0,normal,32,2637.2259197610306,1465.7440802389697,0,1,0
TX-000704,2024-01-05 02:37:00,2339.74,Vendor_075,Sales,Consulting,Wire,Emp_021,INV-Vendor_075-124127,0,normal,31,2556.1941935483874,-216.4541935483876,0,1,0
TX-000705,2024-02-15 16:46:00,3229.12,Vendor_009,Sales,Payroll,Check,Emp_013,INV-Vendor_009-731247,0,normal,23,2132.1145454545454,1097.0054545454545,0,1,0
TX-000706,2024-02-27 20:52:00,3384.84,Vendor_064,Support,Payroll,Check,Emp_069,INV-Vendor_064-801455,0,normal,33,2813.544242424243,571.2957575757573,0,1,0
TX-000707,2024-01-13 13:45:00,1577.27,Vendor_082,Support,IT,Wire,Emp_078,INV-Vendor_082-422939,1,high_frequency,20,3988.878997849292,-2411.608997849292,0,4,0
TX-000708,2024-01-17 23:45:00,443.1,Vendor_043,Operations,Payroll,Wire,Emp_043,INV-Vendor_043-831858,0,normal,36,3072.333244872456,-2629.233244872456,0,10,0
TX-000709,2024-01-06 01:42:00,2565.35,Vendor_072,Sales,Consulting,ACH,Emp_041,INV-Vendor_072-893723,0,normal,21,2526.322857142857,39.027142857142735,0,2,0
TX-000710,2024-01-24 20:38:00,2987.0,Vendor_021,Engineering,Supplies,Check,Emp_118,INV-Vendor_021-218184,0,normal,34,3005.547197344895,-18.547197344894812,0,8,0
TX-000711,2024-01-02 11:07:00,3019.34,Vendor_079,Support,IT,ACH,Emp_056,INV-Vendor_084-539352,1,duplicate_invoice,29,2672.4585185185188,346.8814814814814,0,1,1
TX-000712,2024-01-26 22:25:00,2664.0,Vendor_088,Sales,Travel,Wire,Emp_057,INV-Vendor_088-763597,0,normal,28,2593.798461538461,70.2015384615388,0,5,0
TX-000713,2024-02-01 03:13:00,4614.48,Vendor_007,HR,Operations,Card,Emp_012,INV-Vendor_007-595750,0,normal,34,3137.7673386319625,1476.712661368037,0,4,0
TX-000714,2024-01-24 09:23:00,3791.87,Vendor_018,Sales,Payroll,ACH,Emp_063,INV-Vendor_018-875469,0,normal,25,3244.913714910847,546.956285089153,0,3,0
TX-000715,2024-02-04 21:38:00,3822.34,Vendor_090,Finance,Consulting,Card,Emp_071,INV-Vendor_090-369596,0,normal,25,3892.3379999999997,-69.99799999999959,0,2,0
TX-000716,2024-02-10 23:36:00,2732.06,Vendor_020,Legal,Supplies,Card,Emp_031,INV-Vendor_020-240638,0,normal,37,4048.926765951174,-1316.8667659511739,0,4,0
TX-000717,2024-02-15 03:23:00,1135.38,Vendor_015,Operations,Consulting,Check,Emp_073,INV-Vendor_081-608993,1,duplicate_invoice,31,2923.1236666666664,-1787.7436666666663,0,3,1
TX-000718,2024-02-12 18:58:00,1979.66,Vendor_014,Sales,Travel,Wire,Emp_082,INV-Vendor_014-527192,0,normal,36,2134.2634285714284,-154.60342857142837,0,1,0
TX-000719,2024-02-26 14:13:00,9406.539108597617,Vendor_NEW_719,HR,Travel,ACH,Emp_022,INV-Vendor_046-336757,1,new_vendor_high,1,9406.539108597617,0.0,0,4,0
TX-000720,2024-02-05 02:59:00,2880.2,Vendor_084,Operations,Supplies,Check,Emp_070,INV-Vendor_084-401021,0,normal,44,3595.354474626231,-715.1544746262311,0,2,0
TX-000721,2024-01-23 13:15:00,4257.56,Vendor_047,Operations,Consulting,Check,Emp_009,INV-Vendor_047-522679,0,normal,33,2865.957997719541,1391.6020022804596,0,10,0
TX-000722,2024-01-26 00:27:00,2155.58,Vendor_021,Marketing,Payroll,Card,Emp_101,INV-Vendor_021-129835,1,high_frequency,34,3005.547197344895,-849.9671973448949,0,7,0
TX-000723,2024-02-28 18:23:00,209.16,Vendor_091,HR,Travel,Card,Emp_067,INV-Vendor_091-566356,0,normal,23,2089.608260869565,-1880.448260869565,0,11,0
TX-000724,2024-02-06 10:19:00,2934.64,Vendor_053,Finance,Operations,Wire,Emp_046,INV-Vendor_053-111951,0,normal,32,5061.836796882053,-2127.196796882053,0,2,0
TX-000725,2024-01-05 18:46:00,4527.7,Vendor_016,HR,Payroll,Wire,Emp_036,INV-Vendor_016-933119,0,normal,42,4104.852509181274,422.8474908187254,0,5,0
TX-000726,2024-02-09 21:58:00,3049.59,Vendor_023,Support,Consulting,Card,Emp_078,INV-Vendor_023-956568,0,normal,34,2735.677272727273,313.91272727272735,0,4,0
TX-000727,2024-02-10 11:51:00,2084.43,Vendor_029,Finance,Supplies,Check,Emp_018,INV-Vendor_029-159568,0,normal,23,3015.4890476190476,-931.0590476190478,0,1,0
TX-000728,2024-02-25 08:33:00,3516.96,Vendor_031,Engineering,Operations,Wire,Emp_048,INV-Vendor_031-947617,0,normal,37,2623.9062292690023,893.0537707309977,0,5,0
TX-000729,2024-02-15 09:38:00,2955.67,Vendor_077,Operations,Payroll,Card,Emp_082,INV-Vendor_077-787446,0,normal,33,3274.230606060606,-318.560606060606,0,1,0
TX-000730,2024-02-08 02:13:00,775.44,Vendor_026,Operations,IT,Wire,Emp_091,INV-Vendor_026-663640,0,normal,25,2417.752,-1642.312,0,1,0
TX-000731,2024-01-23 17:13:00,2755.15,Vendor_095,Operations,Payroll,Check,Emp_108,INV-Vendor_095-618068,0,normal,42,2756.728095238095,-1.578095238095102,0,6,0
TX-000732,2024-01-23 03:08:00,3728.8,Vendor_030,Finance,Payroll,Check,Emp_111,INV-Vendor_030-122438,0,normal,23,3033.8827608649813,694.9172391350189,0,7,0
TX-000733,2024-01-29 09:59:00,2735.54,Vendor_082,Sales,IT,Wire,Emp_098,INV-Vendor_082-806920,0,normal,20,3988.878997849292,-1253.338997849292,0,4,0
TX-000734,2024-01-09 08:30:00,3823.67,Vendor_035,Sales,Operations,Wire,Emp_093,INV-Vendor_035-276037,0,normal,35,2498.9767647058825,1324.6932352941176,0,5,0
TX-000735,2024-01-13 22:00:00,4574.7,Vendor_019,HR,Travel,Card,Emp_030,INV-Vendor_019-438595,0,normal,31,2977.7130705628747,1596.9869294371251,0,11,0
TX-000736,2024-02-23 03:39:00,3041.05,Vendor_096,Marketing,Travel,Card,Emp_001,INV-Vendor_096-143459,0,normal,35,3281.264857142857,-240.214857142857,0,5,0
TX-000737,2024-01-05 16:42:00,1168.37,Vendor_093,HR,Operations,Check,Emp_003,INV-Vendor_093-391337,0,normal,24,2552.386956521739,-1384.0169565217393,0,5,0
TX-000738,2024-02-21 10:38:00,1559.4,Vendor_025,Engineering,Consulting,Wire,Emp_024,INV-Vendor_096-402111,1,duplicate_invoice,44,2815.369772727273,-1255.9697727272728,0,2,1
TX-000739,2024-02-02 13:33:00,3652.05,Vendor_057,Operations,Travel,Check,Emp_022,INV-Vendor_057-384425,0,normal,28,3861.44182160464,-209.39182160463997,0,4,0
TX-000740,2024-02-24 04:54:00,2209.1,Vendor_097,Engineering,Operations,Wire,Emp_002,INV-Vendor_097-298828,0,normal,24,2534.625652173913,-325.52565217391293,0,4,0
TX-000741,2024-01-17 06:21:00,4389.52,Vendor_083,HR,Travel,Card,Emp_114,INV-Vendor_083-934963,0,normal,25,2850.515,1539.0050000000006,0,4,0
TX-000742,2024-02-25 10:52:00,4101.56,Vendor_076,Finance,Consulting,ACH,Emp_044,INV-Vendor_076-857389,0,normal,30,2646.702525461832,1454.8574745381684,0,5,0
TX-000743,2024-01-06 17:59:00,4201.82,Vendor_001,Finance,IT,ACH,Emp_056,INV-Vendor_001-930910,0,normal,22,3603.7710087726696,598.0489912273301,0,4,0
TX-000744,2024-02-24 15:05:00,4023.58,Vendor_045,Legal,Travel,Wire,Emp_006,INV-Vendor_045-903824,0,normal,34,3352.6271875,670.9528124999997,0,11,0
TX-000745,2024-01-16 07:19:00,14008.51136345123,Vendor_NEW_745,HR,Consulting,Wire,Emp_044,INV-Vendor_083-596200,1,new_vendor_high,1,14008.51136345123,0.0,0,4,0
TX-000746,2024-01-17 23:01:00,3935.65,Vendor_056,Finance,Consulting,ACH,Emp_070,INV-Vendor_056-875548,0,normal,23,2481.271304347826,1454.378695652174,0,1,0
TX-000747,2024-02-03 15:25:00,20000.0,Vendor_053,Support,Operations,Check,Emp_072,INV-Vendor_053-900988,1,round_number,32,5061.836796882053,14938.163203117947,1,1,0
TX-000748,2024-02-29 14:38:00,5000.0,Vendor_023,Engineering,Travel,Card,Emp_120,INV-Vendor_023-569926,1,round_number,34,2735.677272727273,2264.322727272727,1,5,0
TX-000749,2024-02-29 20:19:00,3357.75,Vendor_062,Legal,Consulting,Wire,Emp_026,INV-Vendor_062-617679,0,normal,32,3565.037712437434,-207.28771243743404,0,8,0
TX-000750,2024-01-28 07:41:00,2120.44,Vendor_030,Operations,IT,Check,Emp_003,INV-Vendor_030-796450,0,normal,23,3033.8827608649813,-913.4427608649812,0,7,0
TX-000751,2024-01-07 20:47:00,4203.25,Vendor_066,HR,Travel,Wire,Emp_046,INV-Vendor_066-418349,0,normal,32,2144.8066657789423,2058.4433342210577,0,4,0
TX-000752,2024-01-09 07:15:00,3126.2333049261574,Vendor_066,Marketing,Supplies,Check,Emp_109,INV-Vendor_066-210046,1,high_amount,32,2144.8066657789423,981.4266391472152,0,4,0
TX-000753,2024-01-25 12:06:00,2799.84,Vendor_039,Marketing,Payroll,Check,Emp_030,INV-Vendor_039-126145,0,normal,23,2600.143043478261,199.69695652173914,0,3,0
TX-000754,2024-01-20 02:01:00,1301.94,Vendor_094,HR,Supplies,Wire,Emp_011,INV-Vendor_094-889096,0,normal,22,3627.416190476191,-2325.476190476191,0,1,0
TX-000755,2024-02-18 11:33:00,1154.36,Vendor_051,HR,Supplies,Wire,Emp_039,INV-Vendor_051-932198,0,normal,33,3471.1343740931966,-2316.7743740931965,0,2,0
TX-000756,2024-02-26 23:10:00,2642.14,Vendor_071,Finance,Operations,Check,Emp_110,INV-Vendor_071-367118,0,normal,30,2482.368888888889,159.7711111111107,0,7,0
TX-000757,2024-01-01 11:57:00,10000.0,Vendor_072,Operations,Payroll,Card,Emp_053,INV-Vendor_072-877698,1,round_number,21,2526.322857142857,7473.677142857143,1,1,0
TX-000758,2024-02-17 12:35:00,1992.37,Vendor_062,Marketing,Travel,Card,Emp_044,INV-Vendor_062-986069,0,normal,32,3565.037712437434,-1572.6677124374341,0,8,0
TX-000759,2024-02-02 16:30:00,341.59,Vendor_070,Legal,IT,Check,Emp_035,INV-Vendor_070-908108,0,normal,27,2500.182222222222,-2158.592222222222,0,5,0
TX-000760,2024-02-19 22:33:00,2793.51,Vendor_040,Operations,Operations,Wire,Emp_011,INV-Vendor_040-817594,0,normal,32,3123.052929000477,-329.54292900047676,0,5,0
TX-000761,2024-01-18 17:07:00,2675.8,Vendor_025,Legal,Consulting,Wire,Emp_039,INV-Vendor_025-956721,0,normal,44,2815.369772727273,-139.56977272727272,0,1,0
TX-000762,2024-02-07 09:50:00,4759.37,Vendor_065,Sales,Supplies,ACH,Emp_093,INV-Vendor_065-151040,0,normal,35,3155.7917276126786,1603.5782723873212,0,2,0
TX-000763,2024-02-26 11:08:00,3647.98,Vendor_012,Support,Consulting,Card,Emp_025,INV-Vendor_012-857321,0,normal,32,2499.3235160701242,1148.6564839298758,0,1,0
TX-000764,2024-01-29 08:54:00,4686.98,Vendor_043,Marketing,IT,ACH,Emp_053,INV-Vendor_043-990694,0,normal,36,3072.333244872456,1614.6467551275437,0,11,0
TX-000765,2024-01-17 14:59:00,13385.26965365711,Vendor_NEW_765,Sales,IT,ACH,Emp_038,INV-Vendor_036-558324,1,new_vendor_high,1,13385.26965365711,0.0,0,7,0
TX-000766,2024-01-17 09:13:00,3514.13,Vendor_008,Sales,Payroll,Wire,Emp_080,INV-Vendor_008-607375,0,normal,38,2659.1583783783785,854.9716216216216,0,10,0
TX-000767,2024-01-24 00:49:00,2154.51,Vendor_077,Marketing,Travel,Card,Emp_080,INV-Vendor_077-583864,0,normal,33,3274.230606060606,-1119.7206060606059,0,1,0
TX-000768,2024-02-03 16:36:00,3722.9,Vendor_015,Legal,Payroll,Wire,Emp_053,INV-Vendor_015-804843,0,normal,31,2923.1236666666664,799.7763333333337,0,1,0
TX-000769,2024-02-09 21:24:00,10000.0,Vendor_044,Marketing,IT,Check,Emp_087,INV-Vendor_044-555091,1,round_number,35,3137.537058823529,6862.462941176471,1,4,0
TX-000770,2024-02-15 10:48:00,2746.08,Vendor_064,Operations,Payroll,ACH,Emp_110,INV-Vendor_064-104717,0,normal,33,2813.544242424243,-67.46424242424291,0,1,0
TX-000771,2024-02-15 12:06:00,3417.48,Vendor_091,Legal,Travel,Check,Emp_107,INV-Vendor_091-466524,0,normal,23,2089.608260869565,1327.871739130435,0,10,0
TX-000772,2024-01-08 15:11:00,623.82,Vendor_031,Engineering,Travel,Check,Emp_059,INV-Vendor_031-617366,0,normal,37,2623.9062292690023,-2000.0862292690022,0,4,0
TX-000773,2024-01-12 23:56:00,2977.47,Vendor_001,Legal,Consulting,Card,Emp_052,INV-Vendor_001-472134,0,normal,22,3603.7710087726696,-626.3010087726698,0,4,0
TX-000774,2024-01-08 14:14:00,396.3,Vendor_054,Engineering,Consulting,Card,Emp_041,INV-Vendor_054-500494,0,normal,23,3005.8517391304345,-2609.5517391304343,0,1,0
TX-000775,2024-02-13 19:16:00,1223.91,Vendor_025,HR,Operations,Wire,Emp_053,INV-Vendor_025-607260,0,normal,44,2815.369772727273,-1591.4597727272728,0,1,0
TX-000776,2024-01-22 04:24:00,1766.11,Vendor_016,HR,Supplies,Wire,Emp_049,INV-Vendor_016-455515,0,normal,42,4104.852509181274,-2338.7425091812747,0,4,0
TX-000777,2024-02-21 06:00:00,1348.9,Vendor_066,Marketing,Payroll,Wire,Emp_030,INV-Vendor_066-236592,0,normal,32,2144.8066657789423,-795.9066657789422,0,5,0
TX-000778,2024-02-05 02:59:00,2957.57,Vendor_056,Legal,Supplies,Card,Emp_004,INV-Vendor_056-176220,0,normal,23,2481.271304347826,476.29869565217405,0,1,0
TX-000779,2024-02-28 16:49:00,2871.31,Vendor_089,Operations,Travel,ACH,Emp_103,INV-Vendor_089-630026,0,normal,29,4049.3871695268895,-1178.0771695268895,0,7,0
TX-000780,2024-01-06 09:52:00,3062.58,Vendor_062,Finance,IT,Card,Emp_051,INV-Vendor_062-682693,0,normal,32,3565.037712437434,-502.4577124374341,0,7,0
TX-000781,2024-01-16 20:53:00,2203.44,Vendor_082,Finance,Travel,Check,Emp_095,INV-Vendor_082-812385,0,normal,20,3988.878997849292,-1785.4389978492918,0,4,0
TX-000782,2024-01-21 02:36:00,14268.13884698938,Vendor_085,Marketing,Operations,Check,Emp_032,INV-Vendor_085-843517,1,high_amount,28,3183.8122633457456,11084.326583643635,0,4,0
TX-000783,2024-02-17 14:42:00,651.58,Vendor_066,Finance,Consulting,Wire,Emp_002,INV-Vendor_066-352464,0,normal,32,2144.8066657789423,-1493.2266657789423,0,4,0
TX-000784,2024-02-05 14:01:00,783.79,Vendor_034,Engineering,IT,Check,Emp_017,INV-Vendor_034-530888,0,normal,31,2820.5182405182827,-2036.7282405182827,0,1,0
TX-000785,2024-01-28 12:48:00,2444.55,Vendor_070,Finance,Payroll,Wire,Emp_112,INV-Vendor_070-771582,0,normal,27,2500.182222222222,-55.632222222222026,0,5,0
TX-000786,2024-02-21 15:07:00,2127.2,Vendor_058,Operations,IT,Check,Emp_038,INV-Vendor_058-778621,0,normal,34,2718.410294117647,-591.2102941176472,0,1,0
TX-000787,2024-02-03 21:31:00,4687.25,Vendor_040,Support,Consulting,Card,Emp_035,INV-Vendor_040-834750,0,normal,32,3123.052929000477,1564.197070999523,0,5,0
TX-000788,2024-01-11 11:32:00,10000.0,Vendor_049,Support,Supplies,ACH,Emp_060,INV-Vendor_049-876773,1,round_number,35,2968.721142857143,7031.278857142857,1,5,0
TX-000789,2024-02-26 01:59:00,2489.9,Vendor_021,Support,IT,ACH,Emp_082,INV-Vendor_021-650132,0,normal,34,3005.547197344895,-515.6471973448947,0,7,0
TX-000790,2024-01-22 23:19:00,3922.85,Vendor_037,Engineering,Travel,Check,Emp_019,INV-Vendor_037-438315,0,normal,34,2707.582727272727,1215.267272727273,0,4,0
TX-000791,2024-02-11 09:48:00,2431.5,Vendor_065,Legal,IT,Card,Emp_095,INV-Vendor_065-508374,0,normal,35,3155.7917276126786,-724.2917276126786,0,1,0
TX-000792,2024-02-14 15:02:00,2064.8,Vendor_063,HR,IT,Wire,Emp_079,INV-Vendor_063-551665,0,normal,30,2872.7581223683005,-807.9581223683003,0,4,0
TX-000793,2024-02-18 13:13:00,4661.85,Vendor_025,Marketing,IT,Card,Emp_091,INV-Vendor_025-274903,0,normal,44,2815.369772727273,1846.4802272727275,0,2,0
TX-000794,2024-01-15 15:49:00,718.92,Vendor_007,HR,Payroll,ACH,Emp_113,INV-Vendor_007-493404,0,normal,34,3137.7673386319625,-2418.8473386319624,0,4,0
TX-000795,2024-01-23 21:13:00,1367.71,Vendor_089,Finance,Consulting,Card,Emp_024,INV-Vendor_089-860269,0,normal,29,4049.3871695268895,-2681.6771695268894,0,8,0
TX-000796,2024-02-16 22:56:00,695.86,Vendor_076,Finance,Operations,Check,Emp_054,INV-Vendor_076-887485,0,normal,30,2646.702525461832,-1950.8425254618319,0,4,0
TX-000797,2024-02-16 05:39:00,4595.15,Vendor_028,Sales,Travel,Check,Emp_063,INV-Vendor_028-404545,0,normal,37,3803.5322467308665,791.6177532691331,0,4,0
TX-000798,2024-01-10 02:24:00,840.61,Vendor_092,Finance,Payroll,Check,Emp_120,INV-Vendor_092-442319,0,normal,32,2637.2259197610306,-1796.6159197610305,0,3,0
TX-000799,2024-02-05 22:59:00,1519.05,Vendor_077,Sales,Supplies,Wire,Emp_107,INV-Vendor_077-354959,0,normal,33,3274.230606060606,-1755.1806060606061,0,1,0
TX-000800,2024-01-09 17:29:00,1222.39,Vendor_043,Finance,Travel,Wire,Emp_009,INV-Vendor_043-376191,0,normal,36,3072.333244872456,-1849.9432448724558,0,10,0
TX-000801,2024-02-22 15:16:00,1139.33,Vendor_011,Legal,Payroll,Card,Emp_117,INV-Vendor_011-468353,0,normal,34,2846.199411764706,-1706.869411764706,0,8,0
TX-000802,2024-01-26 10:01:00,1542.15,Vendor_067,Legal,Travel,Wire,Emp_086,INV-Vendor_067-529812,0,normal,44,2993.467335565413,-1451.317335565413,0,1,0
TX-000803,2024-01-08 14:14:00,1171.73,Vendor_014,Operations,Supplies,Card,Emp_001,INV-Vendor_014-911517,0,normal,36,2134.2634285714284,-962.5334285714284,0,1,0
TX-000804,2024-01-02 21:05:00,135.77,Vendor_060,Operations,IT,Wire,Emp_016,INV-Vendor_060-679693,0,normal,28,3524.8804552927822,-3389.1104552927823,0,7,0
TX-000805,2024-01-01 05:51:00,3612.37,Vendor_088,Marketing,Travel,Card,Emp_095,INV-Vendor_088-202049,1,high_frequency,28,2593.798461538461,1018.5715384615387,0,5,0
TX-000806,2024-02-03 06:00:00,4048.66,Vendor_025,Legal,IT,Check,Emp_101,INV-Vendor_025-397958,0,normal,44,2815.369772727273,1233.290227272727,0,3,0
TX-000807,2024-02-11 20:08:00,2572.36,Vendor_083,Finance,Consulting,Wire,Emp_089,INV-Vendor_083-648103,0,normal,25,2850.515,-278.15499999999975,0,5,0
TX-000808,2024-01-29 18:36:00,893.53,Vendor_026,Operations,Supplies,Check,Emp_113,INV-Vendor_026-575060,0,normal,25,2417.752,-1524.222,0,2,0
TX-000809,2024-02-16 02:37:00,4728.57,Vendor_014,Finance,Consulting,Wire,Emp_016,INV-Vendor_014-409678,0,normal,36,2134.2634285714284,2594.3065714285713,0,1,0
TX-000810,2024-01-10 15:58:00,4651.79,Vendor_067,Operations,Travel,Check,Emp_075,INV-Vendor_067-802874,0,normal,44,2993.467335565413,1658.3226644345868,0,1,0
TX-000811,2024-01-07 18:55:00,4877.73,Vendor_054,HR,Consulting,Check,Emp_117,INV-Vendor_054-939159,0,normal,23,3005.8517391304345,1871.878260869565,0,1,0
TX-000812,2024-01-03 00:08:00,13573.647361529489,Vendor_NEW_812,Marketing,Payroll,Wire,Emp_054,INV-Vendor_065-240721,1,new_vendor_high,1,13573.647361529489,0.0,0,1,0
TX-000813,2024-02-20 13:08:00,186.18,Vendor_051,Marketing,Operations,Check,Emp_032,INV-Vendor_051-439016,0,normal,33,3471.1343740931966,-3284.9543740931967,0,2,0
TX-000814,2024-01-17 14:21:00,20000.0,Vendor_098,Operations,IT,Card,Emp_063,INV-Vendor_098-329869,1,round_number,33,3524.635628271743,16475.364371728258,1,1,0
TX-000815,2024-02-11 08:50:00,1698.36,Vendor_048,Operations,Operations,Wire,Emp_002,INV-Vendor_048-776315,0,normal,23,3207.9171428571435,-1509.5571428571436,0,1,0
TX-000816,2024-02-28 09:05:00,1126.63,Vendor_027,HR,Supplies,Wire,Emp_058,INV-Vendor_027-739802,1,high_frequency,24,4649.952627401481,-3523.3226274014805,0,13,0
TX-000817,2024-02-07 00:13:00,1190.94,Vendor_012,Support,Consulting,Card,Emp_071,INV-Vendor_012-515860,0,normal,32,2499.3235160701242,-1308.3835160701242,0,3,0
TX-000818,2024-02-26 09:34:00,2693.48,Vendor_047,Marketing,Travel,Card,Emp_066,INV-Vendor_047-115641,0,normal,33,2865.957997719541,-172.47799771954078,0,10,0
TX-000819,2024-02-28 10:30:00,3879.07,Vendor_075,Support,Supplies,Wire,Emp_051,INV-Vendor_075-114889,0,normal,31,2556.1941935483874,1322.8758064516128,0,1,0
TX-000820,2024-01-01 17:37:00,4768.8,Vendor_096,Engineering,Payroll,Wire,Emp_045,INV-Vendor_096-470604,0,normal,35,3281.264857142857,1487.535142857143,0,4,0
TX-000821,2024-01-04 08:07:00,3400.12,Vendor_042,Support,Travel,Check,Emp_083,INV-Vendor_042-419646,0,normal,30,3465.2441635710875,-65.12416357108759,0,7,0
TX-000822,2024-01-22 21:35:00,1222.12,Vendor_094,HR,Travel,ACH,Emp_061,INV-Vendor_094-953670,0,normal,22,3627.416190476191,-2405.296190476191,0,1,0
TX-000823,2024-02-09 08:59:00,4311.84,Vendor_045,Finance,Supplies,Wire,Emp_115,INV-Vendor_045-854918,0,normal,34,3352.6271875,959.2128124999999,0,10,0
TX-000824,2024-01-01 05:03:00,3875.99,Vendor_045,Sales,Operations,Check,Emp_106,INV-Vendor_045-296680,0,normal,34,3352.6271875,523.3628124999996,0,12,0
TX-000825,2024-01-23 11:56:00,1282.86,Vendor_087,Legal,Operations,Card,Emp_020,INV-Vendor_087-526216,0,normal,26,2325.0704,-1042.2104000000002,0,5,0
TX-000826,2024-03-01 00:02:00,435.86,Vendor_088,Support,Payroll,Wire,Emp_054,INV-Vendor_088-341972,0,normal,28,2593.798461538461,-2157.938461538461,0,4,0
TX-000827,2024-01-19 23:36:00,2292.84,Vendor_016,Finance,Travel,Card,Emp_102,INV-Vendor_016-853380,0,normal,42,4104.852509181274,-1812.0125091812743,0,5,0
TX-000828,2024-01-02 08:10:00,1887.82,Vendor_085,Marketing,Supplies,Check,Emp_072,INV-Vendor_085-682055,0,normal,28,3183.8122633457456,-1295.9922633457456,0,4,0
TX-000829,2024-01-17 01:22:00,3717.3,Vendor_033,Operations,Consulting,ACH,Emp_073,INV-Vendor_033-388589,0,normal,28,2550.7607142857146,1166.5392857142856,0,4,0
TX-000830,2024-01-26 17:40:00,854.21,Vendor_001,Marketing,Operations,Wire,Emp_081,INV-Vendor_001-808852,0,normal,22,3603.7710087726696,-2749.5610087726695,0,4,0
TX-000831,2024-02-04 23:06:00,3057.36,Vendor_088,Legal,IT,Wire,Emp_007,INV-Vendor_088-962466,0,normal,28,2593.798461538461,463.56153846153893,0,4,0
TX-000832,2024-02-03 23:41:00,3544.32,Vendor_019,Engineering,IT,Wire,Emp_060,INV-Vendor_019-763779,0,normal,31,2977.7130705628747,566.6069294371255,0,10,0
TX-000833,2024-02-27 01:32:00,527.99,Vendor_050,HR,Supplies,Wire,Emp_089,INV-Vendor_050-852585,0,normal,26,2861.6157661684847,-2333.625766168485,0,1,0
TX-000834,2024-01-22 19:33:00,2244.72,Vendor_024,Legal,IT,Wire,Emp_065,INV-Vendor_024-492121,0,normal,22,3212.8424589157476,-968.1224589157478,0,2,0
TX-000835,2024-01-21 16:23:00,1174.84,Vendor_055,Sales,Consulting,Card,Emp_083,INV-Vendor_055-358190,0,normal,35,2730.5511428571426,-1555.7111428571427,0,13,0
TX-000836,2024-01-10 17:29:00,4039.65,Vendor_082,Sales,Payroll,Card,Emp_082,INV-Vendor_082-798420,0,normal,20,3988.878997849292,50.77100215070823,0,5,0
TX-000837,2024-01-10 00:51:00,961.24,Vendor_097,Engineering,Consulting,ACH,Emp_023,INV-Vendor_097-539486,0,normal,24,2534.625652173913,-1573.3856521739128,0,4,0
TX-000838,2024-01-22 04:43:00,618.0,Vendor_075,Support,IT,Check,Emp_025,INV-Vendor_075-157581,0,normal,31,2556.1941935483874,-1938.1941935483874,0,1,0
TX-000839,2024-01-09 14:53:00,4977.74,Vendor_068,Finance,Payroll,Wire,Emp_044,INV-Vendor_068-726907,0,normal,20,2901.888209334918,2075.851790665082,0,1,0
TX-000840,2024-01-25 04:58:00,4512.27,Vendor_033,Finance,Payroll,Card,Emp_089,INV-Vendor_033-735372,0,normal,28,2550.7607142857146,1961.5092857142859,0,4,0
TX-000841,2024-02-29 01:09:00,1477.32,Vendor_002,Legal,IT,Wire,Emp_006,INV-Vendor_002-710637,0,normal,29,2921.2093209032923,-1443.8893209032924,0,4,0
TX-000842,2024-02-16 11:05:00,2770.25,Vendor_023,Finance,Supplies,Check,Emp_093,INV-Vendor_023-168297,0,normal,34,2735.677272727273,34.57272727272721,0,4,0
TX-000843,2024-01-29 08:19:00,1196.15,Vendor_008,Legal,Payroll,ACH,Emp_042,INV-Vendor_008-145338,0,normal,38,2659.1583783783785,-1463.0083783783784,0,11,0
TX-000844,2024-01-22 16:26:00,376.28,Vendor_005,HR,Supplies,ACH,Emp_007,INV-Vendor_005-778010,0,normal,32,4139.26089842047,-3762.98089842047,0,1,0
TX-000845,2024-02-29 13:58:00,3110.16,Vendor_047,Marketing,Operations,Card,Emp_078,INV-Vendor_047-853845,1,high_frequency,33,2865.957997719541,244.20200228045906,0,10,0
TX-000846,2024-02-21 16:07:00,1031.4,Vendor_014,HR,Supplies,ACH,Emp_101,INV-Vendor_014-538243,0,normal,36,2134.2634285714284,-1102.8634285714284,0,2,0
TX-000847,2024-02-11 07:46:00,3929.02,Vendor_033,Support,IT,Card,Emp_046,INV-Vendor_033-245395,0,normal,28,2550.7607142857146,1378.2592857142854,0,4,0
TX-000848,2024-02-11 15:03:00,4575.9,Vendor_011,Finance,Payroll,ACH,Emp_097,INV-Vendor_011-515061,0,normal,34,2846.199411764706,1729.7005882352937,0,8,0
TX-000849,2024-02-04 08:04:00,3948.01,Vendor_037,Finance,IT,Wire,Emp_043,INV-Vendor_037-958465,0,normal,34,2707.582727272727,1240.4272727272732,0,4,0
TX-000850,2024-01-07 00:12:00,20000.0,Vendor_086,HR,Travel,Check,Emp_110,INV-Vendor_086-907075,1,round_number,35,3206.610882352941,16793.389117647057,1,7,0
TX-000851,2024-02-02 22:31:00,613.6,Vendor_074,Legal,Operations,Check,Emp_051,INV-Vendor_074-994437,0,normal,34,3705.2793562097586,-3091.6793562097587,0,8,0
TX-000852,2024-01-31 14:26:00,10000.0,Vendor_058,Engineering,Travel,Card,Emp_041,INV-Vendor_058-549830,1,round_number,34,2718.410294117647,7281.589705882353,1,2,0
TX-000853,2024-01-10 04:50:00,4021.54,Vendor_034,HR,Operations,Wire,Emp_098,INV-Vendor_034-137092,0,normal,31,2820.5182405182827,1201.0217594817173,0,1,0
TX-000854,2024-02-04 03:54:00,4925.92,Vendor_077,Legal,Travel,Check,Emp_120,INV-Vendor_077-374695,0,normal,33,3274.230606060606,1651.689393939394,0,2,0
TX-000855,2024-02-12 07:55:00,1058.55,Vendor_071,Engineering,IT,Check,Emp_042,INV-Vendor_071-287512,0,normal,30,2482.368888888889,-1423.8188888888892,0,7,0
TX-000856,2024-02-17 02:48:00,3800.66,Vendor_088,Marketing,IT,ACH,Emp_076,INV-Vendor_088-638022,0,normal,28,2593.798461538461,1206.8615384615387,0,4,0
TX-000857,2024-01-30 13:08:00,4670.34,Vendor_053,Marketing,Travel,ACH,Emp_024,INV-Vendor_053-520627,0,normal,32,5061.836796882053,-391.4967968820529,0,1,0
TX-000858,2024-02-28 03:18:00,4983.36,Vendor_041,Sales,Operations,Wire,Emp_019,INV-Vendor_041-128884,0,normal,31,2695.650967741936,2287.709032258064,0,2,0
TX-000859,2024-01-27 07:08:00,3813.47,Vendor_026,HR,Supplies,Check,Emp_059,INV-Vendor_026-518829,0,normal,25,2417.752,1395.7179999999998,0,1,0
TX-000860,2024-01-03 05:21:00,3201.15,Vendor_041,Finance,Operations,ACH,Emp_007,INV-Vendor_041-303470,0,normal,31,2695.650967741936,505.4990322580643,0,2,0
TX-000861,2024-01-09 17:04:00,2680.48,Vendor_073,Support,Operations,Check,Emp_087,INV-Vendor_073-277777,0,normal,30,2825.4158620689655,-144.93586206896543,0,7,0
TX-000862,2024-02-12 03:55:00,4082.18,Vendor_032,Sales,Consulting,Wire,Emp_074,INV-Vendor_032-122602,0,normal,39,2537.203758786566,1544.9762412134337,0,13,0
TX-000863,2024-02-10 20:18:00,4051.28,Vendor_005,Operations,IT,Wire,Emp_010,INV-Vendor_005-111877,0,normal,32,4139.26089842047,-87.98089842046966,0,1,0
TX-000864,2024-01-08 03:44:00,133.45,Vendor_092,Engineering,Travel,Card,Emp_029,INV-Vendor_092-742793,0,normal,32,2637.2259197610306,-2503.7759197610308,0,1,0
TX-000865,2024-02-17 01:28:00,910.0,Vendor_076,Engineering,Travel,Check,Emp_072,INV-Vendor_076-636379,0,normal,30,2646.702525461832,-1736.702525461832,0,5,0
TX-000866,2024-01-24 21:10:00,1517.57,Vendor_096,Finance,Supplies,Card,Emp_016,INV-Vendor_096-267476,0,normal,35,3281.264857142857,-1763.6948571428572,0,4,0
TX-000867,2024-01-22 23:05:00,4786.940295809076,Vendor_002,Sales,Payroll,ACH,Emp_113,INV-Vendor_002-124375,1,high_amount,29,2921.2093209032923,1865.7309749057836,0,7,0
TX-000868,2024-01-14 13:22:00,4545.25,Vendor_015,Engineering,Consulting,ACH,Emp_033,INV-Vendor_015-497007,0,normal,31,2923.1236666666664,1622.1263333333336,0,2,0
TX-000869,2024-01-21 20:28:00,4798.63,Vendor_070,Sales,Supplies,Check,Emp_019,INV-Vendor_070-618017,0,normal,27,2500.182222222222,2298.447777777778,0,4,0
TX-000870,2024-03-01 14:24:00,3345.13,Vendor_096,Support,Operations,Card,Emp_060,INV-Vendor_096-836429,0,normal,35,3281.264857142857,63.86514285714293,0,5,0
TX-000871,2024-01-13 16:57:00,2796.99,Vendor_071,HR,Operations,Wire,Emp_104,INV-Vendor_071-199754,0,normal,30,2482.368888888889,314.6211111111106,0,8,0
TX-000872,2024-02-04 01:13:00,3397.09,Vendor_091,Finance,Operations,ACH,Emp_118,INV-Vendor_091-261857,0,normal,23,2089.608260869565,1307.481739130435,0,10,0
TX-000873,2024-01-01 11:38:00,649.65,Vendor_100,Sales,IT,Wire,Emp_077,INV-Vendor_100-884562,0,normal,26,2712.692692307692,-2063.042692307692,0,1,0
TX-000874,2024-01-19 15:02:00,2909.12,Vendor_018,Legal,Consulting,Check,Emp_120,INV-Vendor_018-975205,0,normal,25,3244.913714910847,-335.79371491084703,0,1,0
TX-000875,2024-02-27 12:49:00,3015.09,Vendor_037,Support,IT,Card,Emp_074,INV-Vendor_074-332469,1,duplicate_invoice,34,2707.582727272727,307.5072727272732,0,4,1
TX-000876,2024-01-05 08:08:00,2079.4,Vendor_045,Finance,IT,Wire,Emp_096,INV-Vendor_045-471801,0,normal,34,3352.6271875,-1273.2271875000001,0,10,0
TX-000877,2024-01-30 00:34:00,16361.877512381518,Vendor_021,HR,IT,Wire,Emp_087,INV-Vendor_021-187292,1,high_amount,34,3005.547197344895,13356.330315036623,0,7,0
TX-000878,2024-02-01 04:50:00,1292.32,Vendor_026,HR,Consulting,Card,Emp_087,INV-Vendor_026-482126,0,normal,25,2417.752,-1125.432,0,1,0
TX-000879,2024-01-14 07:13:00,979.36,Vendor_005,Operations,Payroll,Card,Emp_027,INV-Vendor_005-614226,0,normal,32,4139.26089842047,-3159.9008984204697,0,1,0
TX-000880,2024-03-01 23:13:00,4883.16,Vendor_036,Marketing,IT,Check,Emp_095,INV-Vendor_036-792286,0,normal,32,3055.038064516129,1828.1219354838709,0,4,0
TX-000881,2024-01-09 17:04:00,687.85,Vendor_064,Finance,IT,Wire,Emp_088,INV-Vendor_064-345438,0,normal,33,2813.544242424243,-2125.694242424243,0,1,0
TX-000882,2024-01-05 00:32:00,1340.05,Vendor_007,HR,Supplies,ACH,Emp_087,INV-Vendor_007-708692,0,normal,34,3137.7673386319625,-1797.7173386319625,0,4,0
TX-000883,2024-02-24 16:56:00,2357.98,Vendor_070,Legal,IT,Check,Emp_023,INV-Vendor_070-994629,0,normal,27,2500.182222222222,-142.2022222222222,0,6,0
TX-000884,2024-01-02 19:17:00,391.47,Vendor_046,Finance,Operations,Card,Emp_001,INV-Vendor_046-499520,0,normal,33,3052.1432305611957,-2660.673230561196,0,5,0
TX-000885,2024-02-12 18:08:00,3276.95,Vendor_036,Operations,Travel,Card,Emp_026,INV-Vendor_036-801096,0,normal,32,3055.038064516129,221.91193548387082,0,4,0
TX-000886,2024-02-20 11:24:00,3312.74,Vendor_076,Finance,Travel,Wire,Emp_023,INV-Vendor_076-364995,0,normal,30,2646.702525461832,666.0374745381678,0,4,0
TX-000887,2024-02-15 19:14:00,1188.2,Vendor_047,HR,Operations,Card,Emp_102,INV-Vendor_047-417573,0,normal,33,2865.957997719541,-1677.7579977195408,0,11,0
TX-000888,2024-01-25 07:08:00,816.3,Vendor_043,Support,Operations,Card,Emp_033,INV-Vendor_043-238192,0,normal,36,3072.333244872456,-2256.0332448724557,0,10,0
TX-000889,2024-01-12 16:13:00,3702.78,Vendor_013,Legal,Operations,ACH,Emp_025,INV-Vendor_013-162640,0,normal,35,3320.0319506780124,382.74804932198776,0,6,0
TX-000890,2024-02-21 14:05:00,2463.25,Vendor_023,Legal,Supplies,Wire,Emp_097,INV-Vendor_023-930417,0,normal,34,2735.677272727273,-272.4272727272728,0,4,0
TX-000891,2024-02-01 12:56:00,1947.9,Vendor_006,Marketing,Payroll,Card,Emp_012,INV-Vendor_006-991145,0,normal,21,4452.1197045024655,-2504.2197045024654,0,7,0
TX-000892,2024-02-24 02:24:00,2039.3,Vendor_076,Marketing,Consulting,Wire,Emp_098,INV-Vendor_076-726734,0,normal,30,2646.702525461832,-607.402525461832,0,5,0
TX-000893,2024-01-09 17:53:00,3821.26,Vendor_026,Legal,IT,Wire,Emp_088,INV-Vendor_026-567081,0,normal,25,2417.752,1403.5080000000003,0,1,0
TX-000894,2024-01-08 00:19:00,2770.51,Vendor_042,Marketing,Operations,Check,Emp_004,INV-Vendor_042-513027,0,normal,30,3465.2441635710875,-694.7341635710873,0,7,0
TX-000895,2024-01-19 22:06:00,1519.43,Vendor_092,Operations,Operations,Card,Emp_115,INV-Vendor_092-777365,0,normal,32,2637.2259197610306,-1117.7959197610305,0,1,0
TX-000896,2024-02-13 04:47:00,143.81,Vendor_080,HR,Consulting,Card,Emp_085,INV-Vendor_080-125109,0,normal,29,2652.113793103448,-2508.3037931034482,0,1,0
TX-000897,2024-02-12 17:38:00,886.93,Vendor_086,Support,Supplies,ACH,Emp_111,INV-Vendor_086-278158,0,normal,35,3206.610882352941,-2319.6808823529414,0,4,0
TX-000898,2024-01-27 19:10:00,2961.73,Vendor_018,Engineering,Payroll,ACH,Emp_043,INV-Vendor_018-637994,0,normal,25,3244.913714910847,-283.1837149108469,0,1,0
TX-000899,2024-01-11 21:11:00,2276.11,Vendor_075,Legal,Payroll,Wire,Emp_103,INV-Vendor_075-719923,0,normal,31,2556.1941935483874,-280.08419354838725,0,2,0
TX-000900,2024-01-04 02:48:00,3288.04,Vendor_044,Sales,Travel,Card,Emp_008,INV-Vendor_044-760856,0,normal,35,3137.537058823529,150.5029411764708,0,4,0
TX-000901,2024-01-05 17:05:00,2826.43,Vendor_029,Finance,IT,Card,Emp_099,INV-Vendor_029-197232,0,normal,23,3015.4890476190476,-189.05904761904776,0,1,0
TX-000902,2024-01-06 10:54:00,4894.3,Vendor_081,Legal,Travel,ACH,Emp_007,INV-Vendor_081-647667,0,normal,30,3787.006065906091,1107.2939340939092,0,4,0
TX-000903,2024-01-10 12:19:00,3244.29,Vendor_038,Finance,IT,ACH,Emp_055,INV-Vendor_038-637682,0,normal,26,2540.0492307692307,704.2407692307693,0,1,0
TX-000904,2024-02-18 05:46:00,2386.28,Vendor_076,Support,Consulting,ACH,Emp_120,INV-Vendor_076-151490,0,normal,30,2646.702525461832,-260.4225254618318,0,4,0
TX-000905,2024-02-16 16:58:00,3972.98,Vendor_084,Finance,Operations,Wire,Emp_056,INV-Vendor_084-585509,0,normal,44,3595.354474626231,377.62552537376905,0,3,0
TX-000906,2024-02-24 04:01:00,2892.12,Vendor_076,Legal,Payroll,Check,Emp_044,INV-Vendor_076-680086,0,normal,30,2646.702525461832,245.41747453816788,0,5,0
TX-000907,2024-02-21 09:53:00,1988.52,Vendor_053,Sales,IT,Check,Emp_066,INV-Vendor_053-398672,0,normal,32,5061.836796882053,-3073.316796882053,0,2,0
TX-000908,2024-01-30 09:22:00,2798.98,Vendor_095,HR,IT,Check,Emp_115,INV-Vendor_095-347117,0,normal,42,2756.728095238095,42.251904761904825,0,4,0
TX-000909,2024-01-03 05:05:00,29390.919956985832,Vendor_082,Engineering,IT,Card,Emp_045,INV-Vendor_082-101319,1,high_amount,20,3988.878997849292,25402.04095913654,0,4,0
TX-000910,2024-01-26 03:49:00,2387.55,Vendor_044,Engineering,Consulting,Check,Emp_030,INV-Vendor_044-281812,0,normal,35,3137.537058823529,-749.987058823529,0,5,0
TX-000911,2024-02-22 00:26:00,240.73,Vendor_013,Engineering,Payroll,Check,Emp_098,INV-Vendor_013-163389,0,normal,35,3320.0319506780124,-3079.3019506780124,0,4,0
TX-000912,2024-01-05 15:47:00,1344.64,Vendor_036,Operations,Payroll,ACH,Emp_061,INV-Vendor_036-356857,0,normal,32,3055.038064516129,-1710.398064516129,0,4,0
TX-000913,2024-01-02 18:55:00,3949.01,Vendor_068,Operations,Supplies,ACH,Emp_109,INV-Vendor_068-883143,0,normal,20,2901.888209334918,1047.1217906650822,0,2,0
TX-000914,2024-01-18 05:26:00,3400.13,Vendor_032,Engineering,Travel,ACH,Emp_003,INV-Vendor_032-121719,0,normal,39,2537.203758786566,862.926241213434,0,13,0
TX-000915,2024-01-26 13:01:00,374.19,Vendor_088,Support,IT,Card,Emp_054,INV-Vendor_088-643765,0,normal,28,2593.798461538461,-2219.608461538461,0,5,0
TX-000916,2024-01-31 09:29:00,548.76,Vendor_004,Engineering,Operations,Card,Emp_062,INV-Vendor_004-724014,0,normal,30,3943.4157484248335,-3394.6557484248333,0,2,0
TX-000917,2024-02-10 01:42:00,20000.0,Vendor_043,Marketing,Consulting,Card,Emp_080,INV-Vendor_043-801787,1,round_number,36,3072.333244872456,16927.666755127546,1,10,0
TX-000918,2024-02-19 03:01:00,4827.86,Vendor_097,Support,Payroll,Card,Emp_088,INV-Vendor_097-617720,0,normal,24,2534.625652173913,2293.234347826087,0,5,0
TX-000919,2024-01-01 10:03:00,2858.55,Vendor_008,Marketing,Travel,Wire,Emp_116,INV-Vendor_008-922227,0,normal,38,2659.1583783783785,199.39162162162165,0,10,0
TX-000920,2024-01-11 15:27:00,2461.97,Vendor_023,Operations,Supplies,Wire,Emp_063,INV-Vendor_023-686555,0,normal,34,2735.677272727273,-273.707272727273,0,4,0
TX-000921,2024-01-04 07:11:00,3289.98,Vendor_050,Support,Consulting,Card,Emp_019,INV-Vendor_050-484090,0,normal,26,2861.6157661684847,428.3642338315153,0,1,0
TX-000922,2024-02-03 13:53:00,4717.1,Vendor_071,Legal,Consulting,Check,Emp_064,INV-Vendor_071-436540,1,high_frequency,30,2482.368888888889,2234.731111111111,0,7,0
TX-000923,2024-01-24 22:23:00,1105.91,Vendor_018,HR,IT,Card,Emp_025,INV-Vendor_018-974204,0,normal,25,3244.913714910847,-2139.0037149108466,0,3,0
TX-000924,2024-01-09 10:27:00,2852.17,Vendor_055,Support,Payroll,ACH,Emp_113,INV-Vendor_055-161545,0,normal,35,2730.5511428571426,121.61885714285745,0,13,0
TX-000925,2024-01-22 14:47:00,4049.46,Vendor_092,Operations,Travel,ACH,Emp_002,INV-Vendor_092-215343,0,normal,32,2637.2259197610306,1412.2340802389695,0,1,0
TX-000926,2024-01-26 06:45:00,1766.33,Vendor_054,Engineering,Travel,Wire,Emp_049,INV-Vendor_054-585745,0,normal,23,3005.8517391304345,-1239.5217391304345,0,2,0
TX-000927,2024-02-08 09:37:00,196.31,Vendor_060,Marketing,Operations,Card,Emp_096,INV-Vendor_060-453433,0,normal,28,3524.8804552927822,-3328.5704552927823,0,9,0
TX-000928,2024-01-21 01:17:00,1139.02,Vendor_043,Legal,Travel,Card,Emp_051,INV-Vendor_043-202736,0,normal,36,3072.333244872456,-1933.313244872456,0,11,0
TX-000929,2024-02-14 21:01:00,3780.43,Vendor_021,Sales,Supplies,Card,Emp_026,INV-Vendor_021-658636,0,normal,34,3005.547197344895,774.882802655105,0,8,0
TX-000930,2024-01-02 14:14:00,3116.22,Vendor_065,HR,Consulting,Wire,Emp_091,INV-Vendor_065-505693,0,normal,35,3155.7917276126786,-39.57172761267884,0,1,0
TX-000931,2024-02-28 06:14:00,3362.22,Vendor_022,Operations,Travel,Check,Emp_024,INV-Vendor_022-201343,0,normal,33,2766.22851906831,595.9914809316897,0,1,0
TX-000932,2024-01-14 18:55:00,182.52,Vendor_056,Operations,Travel,Card,Emp_042,INV-Vendor_056-374654,0,normal,23,2481.271304347826,-2298.751304347826,0,2,0
TX-000933,2024-01-14 19:37:00,4652.31,Vendor_088,Operations,Supplies,ACH,Emp_020,INV-Vendor_088-746927,0,normal,28,2593.798461538461,2058.511538461539,0,5,0
TX-000934,2024-01-25 07:39:00,4358.8,Vendor_023,Sales,Consulting,Wire,Emp_045,INV-Vendor_023-276248,0,normal,34,2735.677272727273,1623.1227272727274,0,4,0
TX-000935,2024-02-12 12:58:00,2691.01,Vendor_030,Support,Payroll,ACH,Emp_034,INV-Vendor_030-914943,0,normal,23,3033.8827608649813,-342.87276086498105,0,7,0
TX-000936,2024-01-08 06:23:00,774.33,Vendor_091,Finance,Payroll,Check,Emp_084,INV-Vendor_091-969036,0,normal,23,2089.608260869565,-1315.2782608695652,0,10,0
TX-000937,2024-01-16 14:53:00,1567.93,Vendor_067,HR,Consulting,Card,Emp_063,INV-Vendor_067-224380,0,normal,44,2993.467335565413,-1425.537335565413,0,3,0
TX-000938,2024-01-28 19:31:00,4967.77,Vendor_083,HR,Operations,ACH,Emp_049,INV-Vendor_083-679612,0,normal,25,2850.515,2117.2550000000006,0,4,0
TX-000939,2024-01-31 12:50:00,1011.8451874491034,Vendor_019,Engineering,Payroll,Card,Emp_039,INV-Vendor_019-585571,1,high_amount,31,2977.7130705628747,-1965.8678831137713,0,11,0
TX-000940,2024-01-29 21:14:00,4346.75,Vendor_085,Operations,IT,ACH,Emp_036,INV-Vendor_085-195689,0,normal,28,3183.8122633457456,1162.9377366542544,0,4,0
TX-000941,2024-02-28 16:09:00,4288.78,Vendor_049,Finance,IT,Check,Emp_012,INV-Vendor_049-403924,0,normal,35,2968.721142857143,1320.0588571428566,0,4,0
TX-000942,2024-01-14 21:22:00,458.74,Vendor_023,Operations,Supplies,Wire,Emp_064,INV-Vendor_023-809214,0,normal,34,2735.677272727273,-2276.937272727273,0,4,0
TX-000943,2024-01-28 14:51:00,2577.08,Vendor_021,Operations,Consulting,Wire,Emp_070,INV-Vendor_021-539284,1,high_frequency,34,3005.547197344895,-428.4671973448949,0,7,0
TX-000944,2024-02-10 08:34:00,1115.19,Vendor_075,Support,Travel,Check,Emp_095,INV-Vendor_075-222646,0,normal,31,2556.1941935483874,-1441.0041935483873,0,1,0
TX-000945,2024-02-05 18:28:00,4510.49,Vendor_014,Operations,Supplies,Wire,Emp_099,INV-Vendor_014-953759,0,normal,36,2134.2634285714284,2376.2265714285713,0,2,0
TX-000946,2024-02-25 01:00:00,1294.76,Vendor_056,Marketing,IT,Check,Emp_092,INV-Vendor_056-255527,0,normal,23,2481.271304347826,-1186.5113043478261,0,1,0
TX-000947,2024-01-26 20:55:00,4801.25,Vendor_077,Operations,IT,Wire,Emp_109,INV-Vendor_077-413610,0,normal,33,3274.230606060606,1527.019393939394,0,2,0
TX-000948,2024-01-29 16:58:00,2715.07,Vendor_035,Legal,Operations,Wire,Emp_045,INV-Vendor_035-604759,0,normal,35,2498.9767647058825,216.09323529411768,0,4,0
TX-000949,2024-01-08 07:30:00,941.23,Vendor_017,Engineering,IT,Check,Emp_012,INV-Vendor_017-829845,0,normal,27,2857.5396296296294,-1916.3096296296294,0,5,0
TX-000950,2024-01-16 09:03:00,9497.468286253948,Vendor_NEW_950,Finance,Supplies,Wire,Emp_054,INV-Vendor_074-697715,1,new_vendor_high,1,9497.468286253948,0.0,0,4,0
TX-000951,2024-02-08 16:25:00,3778.14,Vendor_030,HR,Operations,Wire,Emp_079,INV-Vendor_030-755008,0,normal,23,3033.8827608649813,744.2572391350186,0,7,0
TX-000952,2024-01-15 04:15:00,1813.78,Vendor_079,Support,IT,Check,Emp_013,INV-Vendor_079-857907,0,normal,29,2672.4585185185188,-858.6785185185188,0,3,0
TX-000953,2024-01-30 16:41:00,2552.66,Vendor_004,Operations,Payroll,Check,Emp_026,INV-Vendor_004-764422,0,normal,30,3943.4157484248335,-1390.7557484248337,0,2,0
TX-000954,2024-02-29 23:35:00,1506.63,Vendor_071,Finance,Supplies,ACH,Emp_118,INV-Vendor_071-132504,0,normal,30,2482.368888888889,-975.738888888889,0,7,0
TX-000955,2024-02-20 15:46:00,882.54,Vendor_013,Marketing,Payroll,Wire,Emp_112,INV-Vendor_013-772819,0,normal,35,3320.0319506780124,-2437.4919506780125,0,5,0
TX-000956,2024-01-21 01:23:00,211.16,Vendor_046,Operations,Consulting,ACH,Emp_118,INV-Vendor_046-164523,0,normal,33,3052.1432305611957,-2840.983230561196,0,5,0
TX-000957,2024-02-19 16:52:00,1235.81,Vendor_057,Legal,Travel,Check,Emp_095,INV-Vendor_057-203154,0,normal,28,3861.44182160464,-2625.63182160464,0,4,0
TX-000958,2024-02-06 10:11:00,5000.0,Vendor_036,Legal,Supplies,ACH,Emp_116,INV-Vendor_036-443402,1,round_number,32,3055.038064516129,1944.961935483871,1,4,0
TX-000959,2024-02-07 13:13:00,3861.74,Vendor_070,Sales,IT,Wire,Emp_060,INV-Vendor_070-789160,0,normal,27,2500.182222222222,1361.5577777777776,0,4,0
TX-000960,2024-02-14 20:19:00,20673.93276487817,Vendor_067,HR,Consulting,ACH,Emp_084,INV-Vendor_067-791967,1,high_amount,44,2993.467335565413,17680.465429312757,0,1,0
TX-000961,2024-01-14 10:30:00,2159.46,Vendor_010,Marketing,Operations,Wire,Emp_078,INV-Vendor_010-199109,0,normal,22,2547.3354466749174,-387.8754466749174,0,1,0
TX-000962,2024-01-22 05:59:00,2866.76,Vendor_079,HR,Consulting,Card,Emp_024,INV-Vendor_079-785267,0,normal,29,2672.4585185185188,194.30148148148146,0,2,0
TX-000963,2024-02-05 17:32:00,3069.33,Vendor_074,Engineering,Operations,Check,Emp_107,INV-Vendor_040-421816,1,duplicate_invoice,34,3705.2793562097586,-635.9493562097587,0,8,1
TX-000964,2024-01-12 04:10:00,16089.61522175574,Vendor_NEW_964,HR,Travel,Check,Emp_032,INV-Vendor_057-579087,1,new_vendor_high,1,16089.61522175574,0.0,0,4,0
TX-000965,2024-01-18 18:29:00,3848.98,Vendor_046,Support,Operations,Card,Emp_114,INV-Vendor_046-486296,0,normal,33,3052.1432305611957,796.8367694388044,0,4,0
TX-000966,2024-02-09 20:09:00,20000.0,Vendor_048,HR,Travel,ACH,Emp_063,INV-Vendor_048-821018,1,round_number,23,3207.9171428571435,16792.082857142857,1,1,0
TX-000967,2024-01-07 14:42:00,2545.58,Vendor_062,Operations,Operations,Wire,Emp_108,INV-Vendor_062-412093,0,normal,32,3565.037712437434,-1019.4577124374341,0,7,0
TX-000968,2024-01-06 17:24:00,3494.65,Vendor_043,Marketing,Operations,ACH,Emp_018,INV-Vendor_043-283997,0,normal,36,3072.333244872456,422.3167551275442,0,10,0
TX-000969,2024-01-08 09:15:00,2424.69,Vendor_098,HR,Payroll,ACH,Emp_063,INV-Vendor_098-411132,0,normal,33,3524.635628271743,-1099.9456282717429,0,3,0
TX-000970,2024-01-05 14:53:00,3322.73,Vendor_091,Operations,IT,ACH,Emp_120,INV-Vendor_091-202082,1,high_frequency,23,2089.608260869565,1233.121739130435,0,10,0
TX-000971,2024-02-11 18:21:00,1533.01,Vendor_041,Marketing,Operations,Card,Emp_119,INV-Vendor_041-667440,0,normal,31,2695.650967741936,-1162.6409677419358,0,1,0
TX-000972,2024-02-12 23:26:00,494.93,Vendor_093,Marketing,Payroll,Wire,Emp_072,INV-Vendor_093-524626,0,normal,24,2552.386956521739,-2057.4569565217394,0,4,0
TX-000973,2024-02-18 01:28:00,4294.845456066761,Vendor_034,HR,Travel,Card,Emp_080,INV-Vendor_034-627831,1,high_amount,31,2820.5182405182827,1474.3272155484779,0,2,0
TX-000974,2024-01-02 06:09:00,1943.26,Vendor_044,Support,IT,Wire,Emp_009,INV-Vendor_044-190491,0,normal,35,3137.537058823529,-1194.2770588235292,0,4,0
TX-000975,2024-02-21 03:46:00,455.06,Vendor_075,Sales,Consulting,Check,Emp_044,INV-Vendor_075-929306,0,normal,31,2556.1941935483874,-2101.1341935483874,0,1,0
TX-000976,2024-02-04 02:44:00,1060.34,Vendor_010,Legal,Payroll,Card,Emp_011,INV-Vendor_010-352545,0,normal,22,2547.3354466749174,-1486.9954466749175,0,2,0
TX-000977,2024-01-12 08:50:00,2258.88,Vendor_070,Finance,Operations,Card,Emp_092,INV-Vendor_070-629066,0,normal,27,2500.182222222222,-241.3022222222221,0,4,0
TX-000978,2024-01-24 16:30:00,3466.49,Vendor_044,Sales,Payroll,Wire,Emp_086,INV-Vendor_044-294304,0,normal,35,3137.537058823529,328.95294117647063,0,6,0
TX-000979,2024-01-16 00:34:00,888.49,Vendor_005,Legal,Operations,ACH,Emp_003,INV-Vendor_005-704930,0,normal,32,4139.26089842047,-3250.77089842047,0,2,0
TX-000980,2024-02-24 13:00:00,1196.78,Vendor_028,Finance,Payroll,Check,Emp_065,INV-Vendor_028-233941,0,normal,37,3803.5322467308665,-2606.7522467308663,0,4,0
TX-000981,2024-02-15 12:07:00,4195.3,Vendor_058,Marketing,Supplies,ACH,Emp_021,INV-Vendor_058-965566,0,normal,34,2718.410294117647,1476.8897058823532,0,1,0
TX-000982,2024-02-11 21:37:00,2027.56,Vendor_066,Finance,Operations,ACH,Emp_037,INV-Vendor_066-810370,0,normal,32,2144.8066657789423,-117.24666577894232,0,4,0
TX-000983,2024-01-28 23:00:00,2895.07,Vendor_040,Sales,Consulting,Wire,Emp_103,INV-Vendor_040-584185,0,normal,32,3123.052929000477,-227.98292900047682,0,5,0
TX-000984,2024-02-06 03:09:00,3114.84,Vendor_077,Finance,IT,Wire,Emp_052,INV-Vendor_077-836468,0,normal,33,3274.230606060606,-159.39060606060593,0,1,0
TX-000985,2024-01-21 09:58:00,1373.12,Vendor_063,Support,IT,ACH,Emp_082,INV-Vendor_063-929580,0,normal,30,2872.7581223683005,-1499.6381223683006,0,4,0
TX-000986,2024-01-07 04:37:00,4873.98,Vendor_046,Support,Consulting,Card,Emp_091,INV-Vendor_046-848754,0,normal,33,3052.1432305611957,1821.836769438804,0,4,0
TX-000987,2024-01-02 08:39:00,4584.5,Vendor_088,Finance,Travel,Card,Emp_077,INV-Vendor_088-418420,0,normal,28,2593.798461538461,1990.7015384615388,0,4,0
TX-000988,2024-01-09 22:39:00,693.25,Vendor_084,Finance,Payroll,Check,Emp_080,INV-Vendor_084-801333,0,normal,44,3595.354474626231,-2902.104474626231,0,2,0
TX-000989,2024-01-16 13:34:00,2315.82,Vendor_070,Marketing,IT,Check,Emp_061,INV-Vendor_070-848816,0,normal,27,2500.182222222222,-184.36222222222204,0,4,0
TX-000990,2024-03-01 10:48:00,743.23,Vendor_081,HR,Payroll,Check,Emp_024,INV-Vendor_081-222356,0,normal,30,3787.006065906091,-3043.776065906091,0,4,0
TX-000991,2024-01-23 04:44:00,1210.46,Vendor_024,Operations,Consulting,ACH,Emp_023,INV-Vendor_024-668376,0,normal,22,3212.8424589157476,-2002.3824589157475,0,1,0
TX-000992,2024-01-21 00:51:00,2623.38,Vendor_078,Operations,Travel,Wire,Emp_106,INV-Vendor_078-949373,0,normal,25,3293.4391947043987,-670.0591947043986,0,2,0
TX-000993,2024-01-10 11:32:00,916.0,Vendor_092,Operations,Supplies,Check,Emp_018,INV-Vendor_092-566504,0,normal,32,2637.2259197610306,-1721.2259197610306,0,3,0
TX-000994,2024-01-19 09:39:00,4112.2,Vendor_100,Marketing,Consulting,Card,Emp_101,INV-Vendor_100-591108,0,normal,26,2712.692692307692,1399.5073076923077,0,1,0
TX-000995,2024-01-31 03:31:00,4203.52,Vendor_080,HR,Travel,Wire,Emp_081,INV-Vendor_080-274255,0,normal,29,2652.113793103448,1551.4062068965522,0,2,0
TX-000996,2024-02-27 23:28:00,4220.79,Vendor_008,Engineering,Consulting,Check,Emp_120,INV-Vendor_075-730179,1,duplicate_invoice,38,2659.1583783783785,1561.6316216216214,0,12,1
TX-000997,2024-02-03 07:09:00,2256.38,Vendor_086,Support,Supplies,ACH,Emp_025,INV-Vendor_086-294580,0,normal,35,3206.610882352941,-950.2308823529411,0,6,0
TX-000998,2024-01-28 18:00:00,4698.01,Vendor_029,Finance,Operations,Wire,Emp_021,INV-Vendor_029-945228,0,normal,23,3015.4890476190476,1682.5209523809526,0,1,0
TX-000999,2024-02-23 17:43:00,512.78,Vendor_077,Operations,Travel,ACH,Emp_090,INV-Vendor_077-860782,0,normal,33,3274.230606060606,-2761.4506060606063,0,2,0
TX-001000,2024-02-13 17:27:00,1526.12,Vendor_087,HR,Operations,ACH,Emp_064,INV-Vendor_087-724035,0,normal,26,2325.0704,-798.9504000000002,0,4,0
TX-001001,2024-01-28 23:56:00,708.76,Vendor_045,Sales,Operations,Card,Emp_010,INV-Vendor_045-534294,1,high_frequency,34,3352.6271875,-2643.8671875,0,11,0
TX-001002,2024-01-02 05:46:00,1584.33,Vendor_011,Support,Supplies,ACH,Emp_090,INV-Vendor_011-506432,0,normal,34,2846.199411764706,-1261.869411764706,0,7,0
TX-001003,2024-02-15 13:41:00,2698.12,Vendor_092,HR,IT,Check,Emp_090,INV-Vendor_092-935058,0,normal,32,2637.2259197610306,60.89408023896931,0,1,0
TX-001004,2024-01-02 11:54:00,4448.74,Vendor_063,HR,Travel,Check,Emp_078,INV-Vendor_063-760191,0,normal,30,2872.7581223683005,1575.9818776316993,0,4,0
TX-001005,2024-02-11 06:52:00,20960.52530792968,Vendor_061,Finance,Operations,Check,Emp_061,INV-Vendor_061-167822,1,high_amount,41,3458.074275803163,17502.45103212652,0,1,0
TX-001006,2024-01-31 18:39:00,4004.98,Vendor_053,Engineering,Operations,Wire,Emp_002,INV-Vendor_053-593639,0,normal,32,5061.836796882053,-1056.856796882053,0,1,0
TX-001007,2024-01-23 04:56:00,1427.68,Vendor_064,Marketing,Travel,Check,Emp_076,INV-Vendor_064-407158,0,normal,33,2813.544242424243,-1385.8642424242428,0,1,0
TX-001008,2024-02-03 12:14:00,3638.88,Vendor_010,Support,Operations,ACH,Emp_038,INV-Vendor_010-124962,0,normal,22,2547.3354466749174,1091.5445533250827,0,1,0
TX-001009,2024-02-12 03:06:00,19679.075210707477,Vendor_NEW_1009,Marketing,Operations,Card,Emp_113,INV-Vendor_028-495211,1,new_vendor_high,1,19679.075210707477,0.0,0,4,0
TX-001010,2024-02-16 22:44:00,2014.79,Vendor_067,Operations,Payroll,Card,Emp_031,INV-Vendor_067-711047,0,normal,44,2993.467335565413,-978.6773355654132,0,1,0
TX-001011,2024-01-30 17:41:00,1213.89,Vendor_045,Operations,Consulting,Card,Emp_062,INV-Vendor_045-729382,1,high_frequency,34,3352.6271875,-2138.7371875,0,10,0
TX-001012,2024-02-29 17:41:00,1097.89,Vendor_022,Marketing,Supplies,ACH,Emp_088,INV-Vendor_022-922910,0,normal,33,2766.22851906831,-1668.33851906831,0,1,0
TX-001013,2024-01-12 01:13:00,4673.85,Vendor_067,Finance,Payroll,Wire,Emp_071,INV-Vendor_067-902716,0,normal,44,2993.467335565413,1680.3826644345872,0,2,0
TX-001014,2024-01-05 07:57:00,1986.17,Vendor_047,Engineering,Travel,Card,Emp_048,INV-Vendor_047-543924,0,normal,33,2865.957997719541,-879.7879977195407,0,10,0
TX-001015,2024-02-12 17:20:00,2096.16,Vendor_073,HR,Consulting,ACH,Emp_012,INV-Vendor_073-644162,0,normal,30,2825.4158620689655,-729.2558620689656,0,8,0
TX-001016,2024-01-22 18:57:00,3578.03,Vendor_039,Finance,Travel,ACH,Emp_094,INV-Vendor_039-856565,0,normal,23,2600.143043478261,977.8869565217392,0,1,0
TX-001017,2024-01-01 20:28:00,1921.12,Vendor_089,Sales,Travel,Card,Emp_101,INV-Vendor_089-686567,0,normal,29,4049.3871695268895,-2128.2671695268896,0,7,0
TX-001018,2024-02-08 07:21:00,821.38,Vendor_034,Support,Consulting,Check,Emp_018,INV-Vendor_034-647303,0,normal,31,2820.5182405182827,-1999.1382405182826,0,1,0
TX-001019,2024-01-23 23:22:00,2998.36,Vendor_087,Marketing,IT,Check,Emp_035,INV-Vendor_087-719778,0,normal,26,2325.0704,673.2896000000001,0,5,0
TX-001020,2024-02-27 16:05:00,4752.72,Vendor_090,Finance,Supplies,Check,Emp_087,INV-Vendor_090-864806,0,normal,25,3892.3379999999997,860.3820000000005,0,1,0
TX-001021,2024-02-14 06:21:00,1457.88,Vendor_050,Finance,Travel,ACH,Emp_021,INV-Vendor_050-286490,0,normal,26,2861.6157661684847,-1403.7357661684846,0,2,0
TX-001022,2024-01-06 23:39:00,1136.88,Vendor_068,Sales,Supplies,Wire,Emp_065,INV-Vendor_068-500727,0,normal,20,2901.888209334918,-1765.0082093349179,0,1,0
TX-001023,2024-02-09 04:06:00,3950.58,Vendor_085,Support,Travel,Card,Emp_106,INV-Vendor_085-271128,0,normal,28,3183.8122633457456,766.7677366542543,0,5,0
TX-001024,2024-02-07 19:47:00,1408.22,Vendor_086,Marketing,Travel,Card,Emp_109,INV-Vendor_086-815900,0,normal,35,3206.610882352941,-1798.3908823529412,0,4,0
TX-001025,2024-02-05 14:34:00,3526.04,Vendor_038,Support,Supplies,Wire,Emp_099,INV-Vendor_038-751344,0,normal,26,2540.0492307692307,985.9907692307693,0,1,0
TX-001026,2024-02-14 23:58:00,481.24,Vendor_037,Operations,Operations,Wire,Emp_070,INV-Vendor_037-700461,0,normal,34,2707.582727272727,-2226.3427272727267,0,4,0
TX-001027,2024-02-03 20:20:00,203.24,Vendor_038,Legal,Travel,ACH,Emp_012,INV-Vendor_038-829483,0,normal,26,2540.0492307692307,-2336.8092307692305,0,2,0
TX-001028,2024-01-24 05:58:00,2559.86,Vendor_024,Legal,Consulting,ACH,Emp_020,INV-Vendor_024-349415,0,normal,22,3212.8424589157476,-652.9824589157474,0,2,0
TX-001029,2024-02-08 04:18:00,441.64,Vendor_021,Marketing,Payroll,Card,Emp_074,INV-Vendor_021-383926,0,normal,34,3005.547197344895,-2563.907197344895,0,7,0
TX-001030,2024-01-03 08:42:00,1559.27,Vendor_014,Support,Travel,Wire,Emp_042,INV-Vendor_014-972159,0,normal,36,2134.2634285714284,-574.9934285714285,0,1,0
TX-001031,2024-01-30 23:54:00,2624.55,Vendor_085,Operations,Payroll,ACH,Emp_042,INV-Vendor_085-365017,0,normal,28,3183.8122633457456,-559.2622633457454,0,4,0
TX-001032,2024-01-06 09:14:00,985.18,Vendor_089,Legal,Supplies,ACH,Emp_037,INV-Vendor_089-845367,0,normal,29,4049.3871695268895,-3064.2071695268896,0,8,0
TX-001033,2024-02-26 17:54:00,3371.16,Vendor_075,Legal,Travel,Card,Emp_025,INV-Vendor_075-786809,0,normal,31,2556.1941935483874,814.9658064516125,0,2,0
TX-001034,2024-02-28 13:25:00,3417.11,Vendor_061,Finance,Travel,Card,Emp_091,INV-Vendor_061-226798,0,normal,41,3458.074275803163,-40.964275803162764,0,1,0
TX-001035,2024-01-26 09:58:00,2075.26,Vendor_011,Finance,Travel,ACH,Emp_089,INV-Vendor_011-402944,0,normal,34,2846.199411764706,-770.9394117647057,0,7,0
TX-001036,2024-01-11 04:46:00,131.9,Vendor_009,Operations,Supplies,Wire,Emp_092,INV-Vendor_009-248616,0,normal,23,2132.1145454545454,-2000.2145454545453,0,1,0
TX-001037,2024-01-11 08:37:00,4672.99,Vendor_076,Support,Operations,Card,Emp_056,INV-Vendor_076-224328,0,normal,30,2646.702525461832,2026.2874745381678,0,4,0
TX-001038,2024-01-03 15:37:00,2899.26,Vendor_076,HR,IT,Check,Emp_025,INV-Vendor_076-987063,0,normal,30,2646.702525461832,252.5574745381682,0,4,0
TX-001039,2024-01-07 11:29:00,3778.34,Vendor_019,Operations,Travel,ACH,Emp_009,INV-Vendor_019-836208,0,normal,31,2977.7130705628747,800.6269294371255,0,10,0
TX-001040,2024-01-30 16:19:00,26235.768583386944,Vendor_074,Sales,Payroll,Check,Emp_100,INV-Vendor_074-122943,1,high_amount,34,3705.2793562097586,22530.489227177186,0,7,0
TX-001041,2024-01-08 20:27:00,1689.09,Vendor_083,HR,Travel,ACH,Emp_070,INV-Vendor_083-357246,0,normal,25,2850.515,-1161.425,0,4,0
TX-001042,2024-02-05 15:06:00,4470.2,Vendor_055,Support,Payroll,ACH,Emp_048,INV-Vendor_055-510924,0,normal,35,2730.5511428571426,1739.6488571428572,0,14,0
TX-001043,2024-02-03 04:41:00,1745.99,Vendor_011,Sales,Payroll,ACH,Emp_105,INV-Vendor_011-439664,0,normal,34,2846.199411764706,-1100.209411764706,0,7,0
TX-001044,2024-01-09 01:52:00,3553.48,Vendor_049,Engineering,Consulting,ACH,Emp_109,INV-Vendor_049-790283,0,normal,35,2968.721142857143,584.7588571428569,0,5,0
TX-001045,2024-01-22 18:08:00,2168.02,Vendor_002,Sales,Operations,Card,Emp_063,INV-Vendor_002-162394,0,normal,29,2921.2093209032923,-753.1893209032924,0,7,0
TX-001046,2024-01-06 11:39:00,1573.16,Vendor_025,HR,Supplies,Wire,Emp_067,INV-Vendor_025-916054,0,normal,44,2815.369772727273,-1242.2097727272728,0,1,0
TX-001047,2024-01-16 12:40:00,3580.93,Vendor_041,Finance,Payroll,Card,Emp_066,INV-Vendor_041-882774,0,normal,31,2695.650967741936,885.279032258064,0,2,0
TX-001048,2024-01-27 14:13:00,378.13,Vendor_081,Operations,Payroll,Card,Emp_017,INV-Vendor_081-405093,0,normal,30,3787.006065906091,-3408.876065906091,0,4,0
TX-001049,2024-02-22 08:42:00,242.34,Vendor_074,Finance,Operations,ACH,Emp_070,INV-Vendor_074-279044,0,normal,34,3705.2793562097586,-3462.9393562097584,0,8,0
TX-001050,2024-02-19 15:37:00,448.7,Vendor_013,Legal,Travel,Check,Emp_033,INV-Vendor_013-554419,0,normal,35,3320.0319506780124,-2871.3319506780126,0,5,0
TX-001051,2024-01-02 07:58:00,4562.28,Vendor_068,Legal,Payroll,Card,Emp_075,INV-Vendor_068-658877,0,normal,20,2901.888209334918,1660.3917906650818,0,2,0
TX-001052,2024-02-10 09:30:00,1704.92,Vendor_059,Legal,IT,Card,Emp_010,INV-Vendor_059-114915,0,normal,15,4133.840666666667,-2428.920666666667,0,1,0
TX-001053,2024-02-06 20:07:00,4551.94,Vendor_067,Legal,IT,ACH,Emp_002,INV-Vendor_067-915463,0,normal,44,2993.467335565413,1558.4726644345865,0,1,0
TX-001054,2024-02-21 11:58:00,1579.85,Vendor_072,Support,IT,Wire,Emp_030,INV-Vendor_072-631837,0,normal,21,2526.322857142857,-946.4728571428573,0,2,0
TX-001055,2024-02-09 08:34:00,1968.65,Vendor_066,Sales,Operations,Wire,Emp_065,INV-Vendor_066-184129,0,normal,32,2144.8066657789423,-176.15666577894217,0,5,0
TX-001056,2024-01-25 01:54:00,1377.16,Vendor_062,Finance,Travel,Check,Emp_107,INV-Vendor_062-535779,0,normal,32,3565.037712437434,-2187.8777124374337,0,8,0
TX-001057,2024-02-22 05:10:00,1193.85,Vendor_067,Legal,IT,Wire,Emp_074,INV-Vendor_067-153706,0,normal,44,2993.467335565413,-1799.6173355654132,0,1,0
TX-001058,2024-01-01 08:26:00,1181.16,Vendor_058,Support,Operations,Card,Emp_025,INV-Vendor_058-579931,0,normal,34,2718.410294117647,-1537.250294117647,0,1,0
TX-001059,2024-01-06 11:08:00,2184.07,Vendor_004,HR,IT,ACH,Emp_042,INV-Vendor_004-187646,0,normal,30,3943.4157484248335,-1759.3457484248333,0,2,0
TX-001060,2024-02-01 21:21:00,2012.82,Vendor_095,Legal,Travel,Card,Emp_001,INV-Vendor_095-718375,0,normal,42,2756.728095238095,-743.9080952380953,0,4,0
TX-001061,2024-02-17 02:37:00,1710.45,Vendor_078,Engineering,IT,Check,Emp_018,INV-Vendor_078-124014,0,normal,25,3293.4391947043987,-1582.9891947043986,0,1,0
TX-001062,2024-01-21 15:45:00,1792.54,Vendor_058,Finance,Payroll,ACH,Emp_035,INV-Vendor_058-439807,0,normal,34,2718.410294117647,-925.8702941176471,0,3,0
TX-001063,2024-02-12 02:46:00,4711.23,Vendor_069,Finance,Supplies,Card,Emp_079,INV-Vendor_069-143079,0,normal,24,2413.8735,2297.3564999999994,0,2,0
TX-001064,2024-01-01 02:57:00,541.79,Vendor_036,Engineering,Operations,Wire,Emp_045,INV-Vendor_036-846953,1,high_frequency,32,3055.038064516129,-2513.248064516129,0,4,0
TX-001065,2024-01-23 21:11:00,722.71,Vendor_062,Support,Supplies,ACH,Emp_045,INV-Vendor_062-527126,0,normal,32,3565.037712437434,-2842.327712437434,0,7,0
TX-001066,2024-02-26 00:36:00,2606.93,Vendor_041,Engineering,IT,ACH,Emp_082,INV-Vendor_041-931232,0,normal,31,2695.650967741936,-88.72096774193597,0,2,0
TX-001067,2024-02-09 01:43:00,4340.27,Vendor_004,Sales,Consulting,ACH,Emp_079,INV-Vendor_004-915796,0,normal,30,3943.4157484248335,396.8542515751669,0,1,0
TX-001068,2024-01-28 14:33:00,2136.92,Vendor_010,Support,Supplies,Wire,Emp_029,INV-Vendor_010-335746,0,normal,22,2547.3354466749174,-410.41544667491735,0,1,0
TX-001069,2024-02-10 19:22:00,4159.77,Vendor_056,Support,IT,Card,Emp_002,INV-Vendor_056-412455,0,normal,23,2481.271304347826,1678.4986956521743,0,1,0
TX-001070,2024-01-01 20:37:00,3288.95,Vendor_086,Operations,Travel,Check,Emp_041,INV-Vendor_086-891989,0,normal,35,3206.610882352941,82.33911764705863,0,5,0
TX-001071,2024-02-11 01:18:00,1903.93,Vendor_046,Finance,Supplies,ACH,Emp_096,INV-Vendor_046-190562,0,normal,33,3052.1432305611957,-1148.2132305611956,0,4,0
TX-001072,2024-01-26 10:18:00,2756.0,Vendor_035,Sales,Travel,Wire,Emp_038,INV-Vendor_094-942264,1,duplicate_invoice,35,2498.9767647058825,257.0232352941175,0,4,1
TX-001073,2024-02-05 21:43:00,20000.0,Vendor_013,HR,Supplies,Wire,Emp_064,INV-Vendor_013-393019,1,round_number,35,3320.0319506780124,16679.968049321986,1,4,0
TX-001074,2024-02-09 23:40:00,1590.48,Vendor_022,Sales,Payroll,Card,Emp_090,INV-Vendor_022-431003,0,normal,33,2766.22851906831,-1175.74851906831,0,1,0
TX-001075,2024-02-16 17:21:00,3982.96,Vendor_043,Operations,Consulting,Card,Emp_109,INV-Vendor_043-514661,0,normal,36,3072.333244872456,910.6267551275441,0,10,0
TX-001076,2024-02-10 09:35:00,4821.7,Vendor_094,Engineering,Travel,Wire,Emp_092,INV-Vendor_094-198223,0,normal,22,3627.416190476191,1194.283809523809,0,1,0
TX-001077,2024-01-06 19:01:00,1674.22,Vendor_046,Marketing,Consulting,Card,Emp_038,INV-Vendor_046-565925,0,normal,33,3052.1432305611957,-1377.9232305611956,0,5,0
TX-001078,2024-01-14 13:41:00,1300.69,Vendor_008,Sales,Supplies,Card,Emp_016,INV-Vendor_008-644579,0,normal,38,2659.1583783783785,-1358.4683783783785,0,10,0
TX-001079,2024-01-01 04:35:00,2475.13,Vendor_051,HR,Consulting,Wire,Emp_089,INV-Vendor_051-652792,0,normal,33,3471.1343740931966,-996.0043740931965,0,3,0
TX-001080,2024-01-26 14:43:00,4789.43,Vendor_031,Sales,IT,Check,Emp_004,INV-Vendor_031-213299,0,normal,37,2623.9062292690023,2165.523770730998,0,5,0
TX-001081,2024-02-12 07:42:00,4755.98,Vendor_010,Operations,Consulting,ACH,Emp_077,INV-Vendor_010-241726,0,normal,22,2547.3354466749174,2208.644553325082,0,1,0
TX-001082,2024-02-17 23:02:00,3338.16,Vendor_087,Operations,Consulting,ACH,Emp_054,INV-Vendor_087-965554,0,normal,26,2325.0704,1013.0895999999998,0,4,0
TX-001083,2024-02-14 23:36:00,846.57,Vendor_031,Finance,Travel,Card,Emp_064,INV-Vendor_031-149466,0,normal,37,2623.9062292690023,-1777.3362292690022,0,5,0
TX-001084,2024-01-04 02:46:00,1012.45,Vendor_017,Legal,Supplies,Check,Emp_007,INV-Vendor_017-664304,0,normal,27,2857.5396296296294,-1845.0896296296294,0,5,0
TX-001085,2024-02-10 14:03:00,3884.49,Vendor_092,Legal,Supplies,ACH,Emp_017,INV-Vendor_092-143720,0,normal,32,2637.2259197610306,1247.2640802389692,0,1,0
TX-001086,2024-02-29 17:31:00,2614.36,Vendor_041,Operations,IT,ACH,Emp_047,INV-Vendor_041-545643,0,normal,31,2695.650967741936,-81.29096774193567,0,2,0
TX-001087,2024-02-15 07:40:00,435.44,Vendor_035,Legal,IT,Check,Emp_015,INV-Vendor_035-733366,0,normal,35,2498.9767647058825,-2063.5367647058824,0,4,0
TX-001088,2024-01-14 15:51:00,12229.566982227176,Vendor_NEW_1088,Support,IT,ACH,Emp_045,INV-Vendor_048-735452,1,new_vendor_high,1,12229.566982227176,0.0,0,2,0
TX-001089,2024-01-21 08:52:00,3304.84,Vendor_050,Marketing,IT,Check,Emp_043,INV-Vendor_050-235468,0,normal,26,2861.6157661684847,443.22423383151545,0,2,0
TX-001090,2024-01-24 09:38:00,4448.25,Vendor_074,Legal,Supplies,Check,Emp_010,INV-Vendor_074-339933,0,normal,34,3705.2793562097586,742.9706437902414,0,8,0
TX-001091,2024-02-20 20:51:00,279.96,Vendor_051,Legal,Consulting,Card,Emp_117,INV-Vendor_051-977177,0,normal,33,3471.1343740931966,-3191.1743740931965,0,2,0
TX-001092,2024-02-11 04:54:00,4684.69,Vendor_062,Legal,Supplies,Check,Emp_027,INV-Vendor_062-152370,0,normal,32,3565.037712437434,1119.6522875625656,0,8,0
TX-001093,2024-02-26 20:50:00,1412.48,Vendor_089,Finance,Consulting,ACH,Emp_060,INV-Vendor_089-431274,0,normal,29,4049.3871695268895,-2636.9071695268894,0,7,0
TX-001094,2024-02-24 15:14:00,1148.63,Vendor_100,Operations,Travel,Card,Emp_014,INV-Vendor_100-235635,0,normal,26,2712.692692307692,-1564.062692307692,0,1,0
TX-001095,2024-01-09 09:07:00,1965.1937733085526,Vendor_081,Support,IT,Check,Emp_092,INV-Vendor_081-755372,1,high_amount,30,3787.006065906091,-1821.8122925975383,0,5,0
TX-001096,2024-01-03 18:13:00,2983.84,Vendor_046,Legal,Travel,Card,Emp_115,INV-Vendor_046-796912,0,normal,33,3052.1432305611957,-68.3032305611955,0,4,0
TX-001097,2024-01-10 06:22:00,2754.4,Vendor_005,Engineering,Consulting,Wire,Emp_003,INV-Vendor_005-443185,0,normal,32,4139.26089842047,-1384.8608984204698,0,1,0
TX-001098,2024-01-03 03:04:00,2167.52,Vendor_016,Operations,IT,Wire,Emp_012,INV-Vendor_016-427801,0,normal,42,4104.852509181274,-1937.3325091812744,0,5,0
TX-001099,2024-02-05 04:42:00,4391.21,Vendor_064,Legal,Operations,Check,Emp_041,INV-Vendor_064-105739,0,normal,33,2813.544242424243,1577.6657575757572,0,1,0
TX-001100,2024-01-11 11:38:00,829.32,Vendor_075,Finance,IT,Check,Emp_039,INV-Vendor_075-875005,0,normal,31,2556.1941935483874,-1726.8741935483872,0,2,0
TX-001101,2024-02-06 09:46:00,2489.37,Vendor_094,Legal,IT,Card,Emp_003,INV-Vendor_094-401816,0,normal,22,3627.416190476191,-1138.046190476191,0,1,0
TX-001102,2024-01-27 21:59:00,23369.822408927925,Vendor_084,Engineering,Travel,Check,Emp_049,INV-Vendor_084-484165,1,high_amount,44,3595.354474626231,19774.467934301694,0,2,0
TX-001103,2024-01-23 11:20:00,1965.08,Vendor_004,Finance,Supplies,ACH,Emp_050,INV-Vendor_004-616269,0,normal,30,3943.4157484248335,-1978.3357484248336,0,2,0
TX-001104,2024-02-22 13:47:00,4580.8,Vendor_025,Finance,Consulting,Card,Emp_039,INV-Vendor_025-466676,0,normal,44,2815.369772727273,1765.4302272727273,0,2,0
TX-001105,2024-01-01 11:17:00,3920.24,Vendor_086,Support,Travel,ACH,Emp_044,INV-Vendor_086-233879,0,normal,35,3206.610882352941,713.6291176470586,0,5,0
TX-001106,2024-02-14 06:03:00,2891.13,Vendor_099,Legal,Supplies,ACH,Emp_116,INV-Vendor_099-852072,0,normal,21,2417.6414285714286,473.4885714285715,0,4,0
TX-001107,2024-01-23 15:19:00,2168.72,Vendor_020,Finance,Travel,Wire,Emp_055,INV-Vendor_020-981872,0,normal,37,4048.926765951174,-1880.206765951174,0,5,0
TX-001108,2024-01-20 04:23:00,873.29,Vendor_012,Legal,IT,Wire,Emp_038,INV-Vendor_012-378145,0,normal,32,2499.3235160701242,-1626.0335160701243,0,1,0
TX-001109,2024-02-21 17:44:00,2451.09,Vendor_049,Finance,Travel,Card,Emp_031,INV-Vendor_049-851655,0,normal,35,2968.721142857143,-517.631142857143,0,6,0
TX-001110,2024-02-01 17:29:00,620.95,Vendor_011,Support,Supplies,ACH,Emp_083,INV-Vendor_011-455952,0,normal,34,2846.199411764706,-2225.2494117647057,0,8,0
TX-001111,2024-01-13 16:08:00,4182.88,Vendor_064,Support,Operations,Wire,Emp_109,INV-Vendor_064-961431,0,normal,33,2813.544242424243,1369.3357575757573,0,2,0
TX-001112,2024-01-26 18:41:00,781.25,Vendor_071,Finance,Consulting,Card,Emp_048,INV-Vendor_071-241202,0,normal,30,2482.368888888889,-1701.1188888888892,0,7,0
TX-001113,2024-03-01 01:51:00,4640.69,Vendor_055,HR,Operations,ACH,Emp_054,INV-Vendor_055-253493,0,normal,35,2730.5511428571426,1910.138857142857,0,14,0
TX-001114,2024-01-11 14:44:00,642.53,Vendor_050,Legal,IT,Card,Emp_056,INV-Vendor_050-896690,0,normal,26,2861.6157661684847,-2219.085766168485,0,1,0
TX-001115,2024-02-27 23:48:00,3909.84,Vendor_072,Finance,Payroll,Card,Emp_105,INV-Vendor_072-280802,0,normal,21,2526.322857142857,1383.517142857143,0,2,0
TX-001116,2024-02-19 09:04:00,1887.45,Vendor_061,Operations,Payroll,ACH,Emp_119,INV-Vendor_061-267652,0,normal,41,3458.074275803163,-1570.6242758031628,0,1,0
TX-001117,2024-01-23 13:02:00,4797.28,Vendor_089,Finance,Supplies,Wire,Emp_017,INV-Vendor_089-164402,0,normal,29,4049.3871695268895,747.8928304731103,0,8,0
TX-001118,2024-02-23 05:42:00,2101.98,Vendor_092,Marketing,Consulting,Wire,Emp_082,INV-Vendor_092-212228,0,normal,32,2637.2259197610306,-535.2459197610306,0,1,0
TX-001119,2024-02-26 06:57:00,3740.76,Vendor_067,Engineering,Payroll,Check,Emp_065,INV-Vendor_067-537044,0,normal,44,2993.467335565413,747.2926644345871,0,2,0
TX-001120,2024-01-08 13:06:00,1530.38,Vendor_039,Sales,Consulting,Card,Emp_049,INV-Vendor_039-906456,0,normal,23,2600.143043478261,-1069.763043478261,0,1,0
TX-001121,2024-01-29 13:23:00,12204.540944953947,Vendor_NEW_1121,Legal,Consulting,Check,Emp_107,INV-Vendor_071-376547,1,new_vendor_high,1,12204.540944953947,0.0,0,7,0
TX-001122,2024-01-24 06:23:00,3510.46,Vendor_044,Finance,Travel,ACH,Emp_082,INV-Vendor_044-106200,0,normal,35,3137.537058823529,372.9229411764709,0,6,0
TX-001123,2024-01-06 08:38:00,8147.622470763403,Vendor_NEW_1123,Operations,Operations,Card,Emp_036,INV-Vendor_086-827150,1,new_vendor_high,1,8147.622470763403,0.0,0,2,0
TX-001124,2024-02-03 19:28:00,3169.99,Vendor_092,Operations,Payroll,ACH,Emp_038,INV-Vendor_092-592894,0,normal,32,2637.2259197610306,532.7640802389692,0,1,0
TX-001125,2024-01-03 03:42:00,20000.0,Vendor_052,Marketing,IT,ACH,Emp_110,INV-Vendor_052-377514,1,round_number,27,3824.131111111111,16175.86888888889,1,5,0
TX-001126,2024-01-20 06:11:00,2994.15,Vendor_006,Operations,Consulting,Wire,Emp_083,INV-Vendor_006-916669,0,normal,21,4452.1197045024655,-1457.9697045024654,0,7,0
TX-001127,2024-02-06 18:34:00,2650.36,Vendor_076,Finance,Payroll,Wire,Emp_061,INV-Vendor_076-316486,0,normal,30,2646.702525461832,3.657474538168117,0,6,0
TX-001128,2024-02-07 17:33:00,4196.12,Vendor_095,Legal,Supplies,ACH,Emp_069,INV-Vendor_095-277808,0,normal,42,2756.728095238095,1439.3919047619047,0,5,0
TX-001129,2024-01-01 10:57:00,4365.68,Vendor_047,Engineering,Supplies,Wire,Emp_049,INV-Vendor_047-287019,0,normal,33,2865.957997719541,1499.7220022804595,0,11,0
TX-001130,2024-01-26 13:46:00,196.66,Vendor_097,Legal,IT,Card,Emp_104,INV-Vendor_097-565103,0,normal,24,2534.625652173913,-2337.965652173913,0,5,0
TX-001131,2024-02-29 01:45:00,2970.27,Vendor_049,HR,Travel,Wire,Emp_057,INV-Vendor_049-845162,0,normal,35,2968.721142857143,1.548857142856832,0,6,0
TX-001132,2024-01-30 14:55:00,2176.18,Vendor_081,Sales,Travel,Check,Emp_114,INV-Vendor_081-783406,0,normal,30,3787.006065906091,-1610.8260659060911,0,4,0
TX-001133,2024-02-13 06:53:00,1888.31,Vendor_028,Engineering,IT,Wire,Emp_001,INV-Vendor_028-203654,0,normal,37,3803.5322467308665,-1915.2222467308666,0,5,0
TX-001134,2024-02-02 00:00:00,313.98,Vendor_026,Support,Travel,Card,Emp_114,INV-Vendor_026-294786,0,normal,25,2417.752,-2103.772,0,2,0
TX-001135,2024-01-09 10:36:00,662.41,Vendor_096,Engineering,Consulting,Card,Emp_119,INV-Vendor_096-525966,0,normal,35,3281.264857142857,-2618.8548571428573,0,5,0
TX-001136,2024-02-27 15:05:00,1873.19,Vendor_083,Marketing,IT,ACH,Emp_026,INV-Vendor_083-822825,0,normal,25,2850.515,-977.3249999999998,0,4,0
TX-001137,2024-01-04 21:07:00,920.55,Vendor_049,Sales,Consulting,ACH,Emp_018,INV-Vendor_049-262161,0,normal,35,2968.721142857143,-2048.1711428571434,0,5,0
TX-001138,2024-02-07 01:50:00,340.2,Vendor_073,Marketing,Operations,Card,Emp_106,INV-Vendor_073-652842,0,normal,30,2825.4158620689655,-2485.2158620689656,0,7,0
TX-001139,2024-02-27 23:30:00,4113.89,Vendor_079,Sales,IT,ACH,Emp_034,INV-Vendor_079-138957,0,normal,29,2672.4585185185188,1441.4314814814816,0,1,0
TX-001140,2024-02-07 01:48:00,4676.16,Vendor_089,Sales,IT,Card,Emp_058,INV-Vendor_089-135313,0,normal,29,4049.3871695268895,626.7728304731104,0,7,0
TX-001141,2024-02-20 01:24:00,6341.225279189434,Vendor_068,Marketing,Payroll,Wire,Emp_058,INV-Vendor_068-506004,1,high_amount,20,2901.888209334918,3439.3370698545164,0,2,0
TX-001142,2024-01-04 14:46:00,1118.77,Vendor_037,Marketing,IT,Wire,Emp_027,INV-Vendor_037-581821,0,normal,34,2707.582727272727,-1588.812727272727,0,7,0
TX-001143,2024-02-15 17:19:00,453.08,Vendor_051,Sales,Travel,Card,Emp_117,INV-Vendor_051-173054,0,normal,33,3471.1343740931966,-3018.0543740931967,0,2,0
TX-001144,2024-02-15 22:17:00,1238.08,Vendor_013,Operations,Travel,Check,Emp_025,INV-Vendor_013-337644,0,normal,35,3320.0319506780124,-2081.9519506780125,0,5,0
TX-001145,2024-02-29 22:18:00,2093.11,Vendor_089,Engineering,Consulting,Wire,Emp_039,INV-Vendor_089-482427,0,normal,29,4049.3871695268895,-1956.2771695268893,0,7,0
TX-001146,2024-02-17 16:38:00,3637.25,Vendor_084,HR,Operations,ACH,Emp_037,INV-Vendor_084-567959,0,normal,44,3595.354474626231,41.89552537376903,0,1,0
TX-001147,2024-01-24 09:54:00,3251.34,Vendor_078,Engineering,Consulting,Wire,Emp_023,INV-Vendor_078-533594,0,normal,25,3293.4391947043987,-42.09919470439854,0,2,0
TX-001148,2024-01-31 09:45:00,4697.73,Vendor_039,Finance,Travel,Card,Emp_079,INV-Vendor_039-196611,0,normal,23,2600.143043478261,2097.5869565217386,0,1,0
TX-001149,2024-01-08 11:43:00,1031.45,Vendor_011,Engineering,Consulting,Check,Emp_096,INV-Vendor_011-319427,0,normal,34,2846.199411764706,-1814.7494117647059,0,7,0
TX-001150,2024-01-10 20:57:00,1210.84,Vendor_044,Finance,IT,Wire,Emp_022,INV-Vendor_044-535862,0,normal,35,3137.537058823529,-1926.6970588235292,0,5,0
TX-001151,2024-01-20 20:50:00,383.9,Vendor_056,Operations,Operations,Check,Emp_065,INV-Vendor_056-783294,0,normal,23,2481.271304347826,-2097.371304347826,0,2,0
TX-001152,2024-02-17 23:32:00,1315.01,Vendor_052,Sales,Operations,Check,Emp_109,INV-Vendor_052-383288,0,normal,27,3824.131111111111,-2509.1211111111106,0,4,0
TX-001153,2024-02-29 01:01:00,1227.32,Vendor_056,Sales,Payroll,Check,Emp_103,INV-Vendor_056-340771,0,normal,23,2481.271304347826,-1253.9513043478262,0,2,0
TX-001154,2024-02-20 13:35:00,14742.207742232176,Vendor_NEW_1154,Legal,Supplies,Wire,Emp_106,INV-Vendor_029-333923,1,new_vendor_high,1,14742.207742232176,0.0,0,2,0
TX-001155,2024-02-21 03:11:00,1793.62,Vendor_024,Engineering,Supplies,ACH,Emp_066,INV-Vendor_024-280819,0,normal,22,3212.8424589157476,-1419.2224589157477,0,1,0
TX-001156,2024-02-09 09:43:00,280.67,Vendor_047,Sales,Travel,Wire,Emp_073,INV-Vendor_047-728490,0,normal,33,2865.957997719541,-2585.2879977195407,0,10,0
TX-001157,2024-01-16 20:59:00,3032.6,Vendor_059,Finance,Travel,Card,Emp_022,INV-Vendor_059-542325,0,normal,15,4133.840666666667,-1101.240666666667,0,2,0
TX-001158,2024-01-26 03:40:00,2473.76,Vendor_033,HR,Consulting,Check,Emp_071,INV-Vendor_033-243432,0,normal,28,2550.7607142857146,-77.00071428571437,0,4,0
TX-001159,2024-02-18 23:51:00,10361.755018795318,Vendor_NEW_1159,Legal,Payroll,Check,Emp_050,INV-Vendor_004-839636,1,new_vendor_high,1,10361.755018795318,0.0,0,1,0
TX-001160,2024-02-06 07:40:00,4730.95,Vendor_089,Sales,Travel,Card,Emp_047,INV-Vendor_089-652227,0,normal,29,4049.3871695268895,681.5628304731104,0,7,0
TX-001161,2024-02-22 13:40:00,183.41,Vendor_099,Sales,Travel,Wire,Emp_029,INV-Vendor_099-527439,0,normal,21,2417.6414285714286,-2234.2314285714288,0,5,0
TX-001162,2024-01-26 22:19:00,3050.59,Vendor_082,Engineering,IT,Card,Emp_114,INV-Vendor_082-120126,0,normal,20,3988.878997849292,-938.2889978492917,0,4,0
TX-001163,2024-02-23 18:40:00,866.18,Vendor_095,Support,Travel,ACH,Emp_059,INV-Vendor_095-551886,0,normal,42,2756.728095238095,-1890.5480952380954,0,6,0
TX-001164,2024-01-10 07:06:00,4915.03,Vendor_063,Operations,Supplies,ACH,Emp_082,INV-Vendor_063-855334,0,normal,30,2872.7581223683005,2042.2718776316992,0,4,0
TX-001165,2024-01-27 04:25:00,4159.98,Vendor_098,Sales,Operations,Wire,Emp_093,INV-Vendor_098-282702,0,normal,33,3524.635628271743,635.3443717282566,0,1,0
TX-001166,2024-02-29 09:36:00,3505.66,Vendor_023,Engineering,Operations,ACH,Emp_036,INV-Vendor_023-651133,0,normal,34,2735.677272727273,769.9827272727271,0,5,0
TX-001167,2024-02-02 09:41:00,147.16,Vendor_093,Engineering,Operations,ACH,Emp_113,INV-Vendor_093-289072,0,normal,24,2552.386956521739,-2405.2269565217393,0,4,0
TX-001168,2024-01-19 06:32:00,3690.86,Vendor_050,Marketing,Operations,Card,Emp_025,INV-Vendor_050-493946,0,normal,26,2861.6157661684847,829.2442338315154,0,1,0
TX-001169,2024-02-21 02:51:00,2726.75,Vendor_043,Sales,IT,Card,Emp_029,INV-Vendor_043-974822,1,high_frequency,36,3072.333244872456,-345.5832448724559,0,10,0
TX-001170,2024-02-21 09:18:00,4880.53,Vendor_010,Sales,Travel,Check,Emp_039,INV-Vendor_010-322590,0,normal,22,2547.3354466749174,2333.1945533250823,0,1,0
TX-001171,2024-02-12 22:07:00,3750.91,Vendor_095,Sales,Travel,Wire,Emp_043,INV-Vendor_095-326364,0,normal,42,2756.728095238095,994.1819047619047,0,4,0
TX-001172,2024-01-13 21:02:00,2598.86,Vendor_099,Finance,Payroll,Card,Emp_088,INV-Vendor_099-215005,0,normal,21,2417.6414285714286,181.21857142857152,0,4,0
TX-001173,2024-01-19 12:07:00,4506.83,Vendor_079,HR,Supplies,Check,Emp_013,INV-Vendor_079-304626,0,normal,29,2672.4585185185188,1834.3714814814812,0,1,0
TX-001174,2024-02-08 02:42:00,4500.44,Vendor_071,Legal,Operations,Check,Emp_103,INV-Vendor_071-436640,0,normal,30,2482.368888888889,2018.0711111111104,0,7,0
TX-001175,2024-02-14 15:22:00,4829.06,Vendor_008,Sales,IT,Check,Emp_057,INV-Vendor_008-661535,0,normal,38,2659.1583783783785,2169.901621621622,0,10,0
TX-001176,2024-02-07 15:39:00,2092.18,Vendor_081,Support,Supplies,Wire,Emp_079,INV-Vendor_081-137232,0,normal,30,3787.006065906091,-1694.8260659060911,0,5,0
TX-001177,2024-02-02 21:44:00,2513.5,Vendor_050,Support,Payroll,Check,Emp_115,INV-Vendor_050-155306,0,normal,26,2861.6157661684847,-348.1157661684847,0,3,0
TX-001178,2024-01-30 02:25:00,686.83,Vendor_004,Engineering,IT,ACH,Emp_066,INV-Vendor_004-239231,0,normal,30,3943.4157484248335,-3256.5857484248336,0,2,0
TX-001179,2024-01-31 01:58:00,2114.43,Vendor_060,Operations,Travel,Card,Emp_055,INV-Vendor_060-121475,0,normal,28,3524.8804552927822,-1410.4504552927824,0,8,0
TX-001180,2024-02-05 20:07:00,4939.82,Vendor_015,HR,Travel,ACH,Emp_024,INV-Vendor_015-444314,0,normal,31,2923.1236666666664,2016.6963333333333,0,1,0
TX-001181,2024-01-18 07:34:00,4048.75,Vendor_084,HR,Travel,ACH,Emp_057,INV-Vendor_084-414954,0,normal,44,3595.354474626231,453.39552537376903,0,2,0
TX-001182,2024-03-01 22:35:00,2398.09,Vendor_056,Support,Payroll,Check,Emp_012,INV-Vendor_056-963465,0,normal,23,2481.271304347826,-83.18130434782597,0,1,0
TX-001183,2024-01-15 13:12:00,3743.3,Vendor_045,Sales,Payroll,ACH,Emp_001,INV-Vendor_045-703519,0,normal,34,3352.6271875,390.67281249999996,0,11,0
TX-001184,2024-01-21 06:42:00,3431.27,Vendor_065,HR,Payroll,ACH,Emp_027,INV-Vendor_065-115712,0,normal,35,3155.7917276126786,275.47827238732134,0,2,0
TX-001185,2024-01-05 20:50:00,616.2,Vendor_067,Legal,IT,Wire,Emp_060,INV-Vendor_067-270872,0,normal,44,2993.467335565413,-2377.2673355654133,0,1,0
TX-001186,2024-02-06 13:02:00,3305.49,Vendor_025,Legal,Payroll,Wire,Emp_013,INV-Vendor_025-898402,0,normal,44,2815.369772727273,490.1202272727269,0,1,0
TX-001187,2024-02-20 12:47:00,4969.53,Vendor_075,HR,Consulting,Check,Emp_051,INV-Vendor_075-340218,0,normal,31,2556.1941935483874,2413.3358064516124,0,3,0
TX-001188,2024-02-27 18:31:00,2674.65,Vendor_024,Engineering,Payroll,Check,Emp_084,INV-Vendor_024-465846,0,normal,22,3212.8424589157476,-538.1924589157475,0,1,0
TX-001189,2024-01-19 17:17:00,10000.0,Vendor_017,Legal,Supplies,Check,Emp_069,INV-Vendor_017-955455,1,round_number,27,2857.5396296296294,7142.460370370371,1,4,0
TX-001190,2024-01-13 11:39:00,177.81,Vendor_092,Finance,Payroll,Card,Emp_110,INV-Vendor_092-619278,0,normal,32,2637.2259197610306,-2459.4159197610306,0,1,0
TX-001191,2024-02-10 14:14:00,1968.97,Vendor_073,HR,Consulting,Card,Emp_103,INV-Vendor_073-104499,0,normal,30,2825.4158620689655,-856.4458620689654,0,7,0
TX-001192,2024-01-10 00:27:00,718.22,Vendor_088,Finance,Travel,ACH,Emp_090,INV-Vendor_088-588339,0,normal,28,2593.798461538461,-1875.5784615384612,0,4,0
TX-001193,2024-02-20 00:15:00,741.8,Vendor_042,Sales,IT,Check,Emp_037,INV-Vendor_042-987922,0,normal,30,3465.2441635710875,-2723.4441635710873,0,7,0
TX-001194,2024-02-24 10:49:00,3566.87,Vendor_045,Sales,Payroll,ACH,Emp_014,INV-Vendor_045-758575,0,normal,34,3352.6271875,214.24281249999967,0,11,0
TX-001195,2024-01-18 14:14:00,1930.81,Vendor_076,Legal,Consulting,Card,Emp_054,INV-Vendor_076-275450,0,normal,30,2646.702525461832,-715.8925254618321,0,4,0
TX-001196,2024-01-08 09:30:00,3298.31,Vendor_086,Marketing,Supplies,Check,Emp_005,INV-Vendor_086-544066,1,high_frequency,35,3206.610882352941,91.69911764705876,0,4,0
TX-001197,2024-02-13 11:42:00,427.17,Vendor_001,Support,Supplies,Check,Emp_016,INV-Vendor_001-568012,0,normal,22,3603.7710087726696,-3176.6010087726695,0,6,0
TX-001198,2024-01-23 12:18:00,3370.46,Vendor_061,Legal,Supplies,Check,Emp_052,INV-Vendor_061-643162,0,normal,41,3458.074275803163,-87.61427580316285,0,2,0
TX-001199,2024-02-26 21:50:00,388.22,Vendor_028,Support,Consulting,ACH,Emp_120,INV-Vendor_028-969970,0,normal,37,3803.5322467308665,-3415.3122467308667,0,4,0
TX-001200,2024-02-02 13:24:00,1604.0,Vendor_064,Engineering,Payroll,Check,Emp_046,INV-Vendor_064-157825,0,normal,33,2813.544242424243,-1209.5442424242428,0,2,0
TX-001201,2024-02-13 09:08:00,431.47,Vendor_048,Support,IT,Wire,Emp_104,INV-Vendor_048-595267,0,normal,23,3207.9171428571435,-2776.4471428571433,0,1,0
TX-001202,2024-02-02 23:43:00,1869.11,Vendor_074,Sales,Payroll,ACH,Emp_103,INV-Vendor_074-766970,0,normal,34,3705.2793562097586,-1836.1693562097587,0,8,0
TX-001203,2024-02-02 21:43:00,336.19,Vendor_076,HR,Operations,ACH,Emp_067,INV-Vendor_076-656988,0,normal,30,2646.702525461832,-2310.512525461832,0,4,0
TX-001204,2024-01-14 08:40:00,497.55,Vendor_080,Operations,Consulting,Wire,Emp_097,INV-Vendor_080-450124,0,normal,29,2652.113793103448,-2154.563793103448,0,1,0
TX-001205,2024-01-21 03:13:00,3310.75,Vendor_015,Operations,Travel,ACH,Emp_097,INV-Vendor_015-859928,0,normal,31,2923.1236666666664,387.6263333333336,0,2,0
TX-001206,2024-01-04 23:26:00,1596.09,Vendor_073,Operations,Payroll,Card,Emp_035,INV-Vendor_073-291557,0,normal,30,2825.4158620689655,-1229.3258620689655,0,8,0
TX-001207,2024-02-09 13:04:00,1857.04,Vendor_033,HR,Payroll,Wire,Emp_034,INV-Vendor_033-368634,0,normal,28,2550.7607142857146,-693.7207142857146,0,4,0
TX-001208,2024-02-02 23:48:00,2058.88,Vendor_087,Sales,Payroll,Check,Emp_057,INV-Vendor_087-183428,0,normal,26,2325.0704,-266.19039999999995,0,4,0
TX-001209,2024-01-16 18:35:00,2857.05,Vendor_097,Legal,Consulting,Card,Emp_119,INV-Vendor_097-742919,0,normal,24,2534.625652173913,322.42434782608734,0,5,0
TX-001210,2024-02-14 04:48:00,1251.52,Vendor_098,Sales,IT,Check,Emp_100,INV-Vendor_098-517670,0,normal,33,3524.635628271743,-2273.115628271743,0,1,0
TX-001211,2024-01-05 00:04:00,759.31,Vendor_097,Operations,Travel,ACH,Emp_087,INV-Vendor_097-809298,1,high_frequency,24,2534.625652173913,-1775.315652173913,0,4,0
TX-001212,2024-02-12 04:32:00,2804.49,Vendor_017,Sales,Payroll,Card,Emp_118,INV-Vendor_017-444445,0,normal,27,2857.5396296296294,-53.049629629629635,0,4,0
TX-001213,2024-01-06 05:42:00,2636.84,Vendor_028,Legal,Payroll,Wire,Emp_104,INV-Vendor_028-250610,0,normal,37,3803.5322467308665,-1166.6922467308664,0,4,0
TX-001214,2024-03-01 11:38:00,177.39,Vendor_011,HR,Consulting,ACH,Emp_068,INV-Vendor_011-946315,0,normal,34,2846.199411764706,-2668.809411764706,0,7,0
TX-001215,2024-01-25 20:23:00,3015.62,Vendor_028,HR,Payroll,Wire,Emp_118,INV-Vendor_028-925659,0,normal,37,3803.5322467308665,-787.9122467308666,0,4,0
TX-001216,2024-01-25 10:33:00,1864.04,Vendor_017,Finance,Operations,Wire,Emp_024,INV-Vendor_017-634760,0,normal,27,2857.5396296296294,-993.4996296296295,0,4,0
TX-001217,2024-02-03 21:36:00,4493.53,Vendor_048,Marketing,Payroll,Card,Emp_058,INV-Vendor_048-558561,0,normal,23,3207.9171428571435,1285.6128571428562,0,1,0
TX-001218,2024-02-25 22:59:00,939.87,Vendor_057,Sales,Payroll,Wire,Emp_040,INV-Vendor_057-745154,0,normal,28,3861.44182160464,-2921.5718216046403,0,4,0
TX-001219,2024-02-08 10:23:00,3304.34,Vendor_059,Support,Operations,Wire,Emp_091,INV-Vendor_059-579290,0,normal,15,4133.840666666667,-829.5006666666668,0,1,0
TX-001220,2024-02-22 23:54:00,5000.0,Vendor_059,HR,Supplies,Wire,Emp_038,INV-Vendor_059-998290,1,round_number,15,4133.840666666667,866.159333333333,1,2,0
TX-001221,2024-01-27 06:23:00,2307.19,Vendor_061,Support,Travel,Wire,Emp_029,INV-Vendor_061-460745,0,normal,41,3458.074275803163,-1150.8842758031628,0,3,0
TX-001222,2024-02-18 08:00:00,1408.71,Vendor_078,Operations,Payroll,Check,Emp_055,INV-Vendor_078-785498,0,normal,25,3293.4391947043987,-1884.7291947043987,0,1,0
TX-001223,2024-02-26 15:45:00,4511.37,Vendor_072,HR,IT,Card,Emp_008,INV-Vendor_072-545443,0,normal,21,2526.322857142857,1985.0471428571427,0,1,0
TX-001224,2024-02-05 19:55:00,2462.61,Vendor_042,Legal,Supplies,ACH,Emp_027,INV-Vendor_042-328890,0,normal,30,3465.2441635710875,-1002.6341635710874,0,7,0
TX-001225,2024-01-13 21:06:00,4137.45,Vendor_054,HR,Operations,Wire,Emp_044,INV-Vendor_054-489835,0,normal,23,3005.8517391304345,1131.5982608695654,0,1,0
TX-001226,2024-02-17 09:14:00,2767.32,Vendor_043,Sales,Supplies,ACH,Emp_071,INV-Vendor_043-462079,0,normal,36,3072.333244872456,-305.01324487245574,0,10,0
TX-001227,2024-02-18 20:03:00,4148.29,Vendor_096,Engineering,Payroll,ACH,Emp_104,INV-Vendor_096-803148,0,normal,35,3281.264857142857,867.0251428571428,0,4,0
TX-001228,2024-01-23 22:49:00,2532.94,Vendor_020,Operations,Consulting,Check,Emp_085,INV-Vendor_020-675642,0,normal,37,4048.926765951174,-1515.9867659511738,0,5,0
TX-001229,2024-01-24 20:28:00,4146.93,Vendor_035,Sales,Supplies,Check,Emp_097,INV-Vendor_019-693352,1,duplicate_invoice,35,2498.9767647058825,1647.9532352941178,0,5,1
TX-001230,2024-01-12 08:12:00,3456.06,Vendor_055,HR,Travel,Wire,Emp_013,INV-Vendor_055-100669,1,high_frequency,35,2730.5511428571426,725.5088571428573,0,13,0
TX-001231,2024-01-22 03:52:00,3959.18,Vendor_011,Marketing,IT,Card,Emp_093,INV-Vendor_011-593318,0,normal,34,2846.199411764706,1112.980588235294,0,7,0
TX-001232,2024-02-09 21:19:00,3600.43,Vendor_059,Finance,IT,Wire,Emp_036,INV-Vendor_059-407017,0,normal,15,4133.840666666667,-533.4106666666671,0,1,0
TX-001233,2024-01-24 08:05:00,156.72,Vendor_087,Engineering,Payroll,Wire,Emp_091,INV-Vendor_087-104420,0,normal,26,2325.0704,-2168.3504000000003,0,4,0
TX-001234,2024-01-17 21:02:00,1906.09,Vendor_048,Engineering,Travel,Wire,Emp_064,INV-Vendor_048-929612,0,normal,23,3207.9171428571435,-1301.8271428571436,0,1,0
TX-001235,2024-01-31 08:05:00,1447.94,Vendor_023,Legal,Consulting,Card,Emp_013,INV-Vendor_023-434074,0,normal,34,2735.677272727273,-1287.7372727272727,0,4,0
TX-001236,2024-01-11 14:03:00,740.77,Vendor_035,HR,Travel,Check,Emp_110,INV-Vendor_035-510835,0,normal,35,2498.9767647058825,-1758.2067647058825,0,5,0
TX-001237,2024-01-14 11:50:00,1887.09,Vendor_052,Sales,IT,Wire,Emp_104,INV-Vendor_052-616515,0,normal,27,3824.131111111111,-1937.041111111111,0,5,0
TX-001238,2024-01-11 03:59:00,4361.16,Vendor_016,HR,IT,ACH,Emp_051,INV-Vendor_016-397804,0,normal,42,4104.852509181274,256.30749081872546,0,4,0
TX-001239,2024-01-21 23:39:00,4990.04,Vendor_065,Marketing,Supplies,Check,Emp_003,INV-Vendor_065-973097,0,normal,35,3155.7917276126786,1834.2482723873213,0,2,0
TX-001240,2024-02-08 08:09:00,4296.14,Vendor_100,Marketing,Travel,ACH,Emp_012,INV-Vendor_100-970508,0,normal,26,2712.692692307692,1583.4473076923082,0,2,0
TX-001241,2024-01-31 15:11:00,2973.5,Vendor_063,Marketing,Supplies,Check,Emp_110,INV-Vendor_063-886672,0,normal,30,2872.7581223683005,100.74187763169948,0,4,0
TX-001242,2024-01-07 02:53:00,2066.58,Vendor_011,Finance,Supplies,Card,Emp_077,INV-Vendor_011-190458,0,normal,34,2846.199411764706,-779.619411764706,0,7,0
TX-001243,2024-01-17 15:17:00,1104.07,Vendor_079,Operations,Consulting,Card,Emp_094,INV-Vendor_079-550340,0,normal,29,2672.4585185185188,-1568.3885185185188,0,1,0
TX-001244,2024-01-01 23:19:00,2149.03,Vendor_038,Support,IT,Wire,Emp_092,INV-Vendor_038-409741,0,normal,26,2540.0492307692307,-391.0192307692305,0,1,0
TX-001245,2024-02-28 07:24:00,1744.87,Vendor_092,Sales,Supplies,Wire,Emp_094,INV-Vendor_092-381857,0,normal,32,2637.2259197610306,-892.3559197610307,0,1,0
TX-001246,2024-02-19 21:36:00,3478.76,Vendor_060,Finance,IT,Check,Emp_104,INV-Vendor_060-863419,0,normal,28,3524.8804552927822,-46.120455292782026,0,7,0
TX-001247,2024-02-27 23:34:00,3737.66,Vendor_074,Finance,Travel,Wire,Emp_002,INV-Vendor_074-675948,0,normal,34,3705.2793562097586,32.380643790241265,0,7,0
TX-001248,2024-02-07 06:56:00,1424.0,Vendor_084,Engineering,IT,ACH,Emp_081,INV-Vendor_084-535653,0,normal,44,3595.354474626231,-2171.354474626231,0,1,0
TX-001249,2024-01-16 02:57:00,12937.668402510444,Vendor_NEW_1249,Finance,Consulting,ACH,Emp_084,INV-Vendor_068-978713,1,new_vendor_high,1,12937.668402510444,0.0,0,1,0
TX-001250,2024-01-29 03:42:00,736.43,Vendor_026,HR,Supplies,Check,Emp_006,INV-Vendor_026-326949,0,normal,25,2417.752,-1681.3220000000001,0,2,0
TX-001251,2024-02-10 08:48:00,613.72,Vendor_026,Operations,Supplies,Card,Emp_028,INV-Vendor_026-674829,0,normal,25,2417.752,-1804.032,0,1,0
TX-001252,2024-01-24 10:45:00,1187.61,Vendor_062,Finance,IT,Wire,Emp_035,INV-Vendor_062-807323,0,normal,32,3565.037712437434,-2377.427712437434,0,7,0
TX-001253,2024-01-19 06:18:00,2568.58,Vendor_042,Support,Consulting,ACH,Emp_066,INV-Vendor_042-889334,0,normal,30,3465.2441635710875,-896.6641635710876,0,7,0
TX-001254,2024-01-18 04:12:00,223.97,Vendor_021,Legal,Payroll,Check,Emp_011,INV-Vendor_021-805115,0,normal,34,3005.547197344895,-2781.577197344895,0,7,0
TX-001255,2024-01-28 13:23:00,1481.81,Vendor_067,HR,Supplies,Card,Emp_101,INV-Vendor_067-688451,0,normal,44,2993.467335565413,-1511.6573355654132,0,1,0
TX-001256,2024-01-17 17:30:00,2921.06,Vendor_062,HR,Travel,Card,Emp_082,INV-Vendor_062-991923,0,normal,32,3565.037712437434,-643.9777124374341,0,7,0
TX-001257,2024-01-29 22:30:00,8279.53935420468,Vendor_NEW_1257,Legal,Travel,Check,Emp_016,INV-Vendor_003-353729,1,new_vendor_high,1,8279.53935420468,0.0,0,5,0
TX-001258,2024-02-15 22:58:00,8843.24272581374,Vendor_074,HR,Operations,ACH,Emp_075,INV-Vendor_074-694051,1,high_amount,34,3705.2793562097586,5137.963369603981,0,7,0
TX-001259,2024-02-05 14:34:00,3317.9,Vendor_044,Operations,Consulting,ACH,Emp_104,INV-Vendor_044-238432,0,normal,35,3137.537058823529,180.36294117647094,0,4,0
TX-001260,2024-02-16 04:23:00,3724.68,Vendor_009,Sales,Operations,ACH,Emp_083,INV-Vendor_009-960755,0,normal,23,2132.1145454545454,1592.5654545454545,0,1,0
TX-001261,2024-01-10 13:13:00,281.33,Vendor_095,Operations,Consulting,Wire,Emp_065,INV-Vendor_095-479808,0,normal,42,2756.728095238095,-2475.3980952380953,0,5,0
TX-001262,2024-01-22 02:47:00,4876.62,Vendor_033,Sales,IT,Card,Emp_042,INV-Vendor_033-722623,0,normal,28,2550.7607142857146,2325.8592857142853,0,5,0
TX-001263,2024-01-13 03:55:00,3552.88,Vendor_017,Marketing,Supplies,Card,Emp_093,INV-Vendor_017-662501,0,normal,27,2857.5396296296294,695.3403703703707,0,4,0
TX-001264,2024-01-12 21:32:00,3241.11,Vendor_074,Engineering,Consulting,Check,Emp_073,INV-Vendor_074-128512,0,normal,34,3705.2793562097586,-464.16935620975846,0,7,0
TX-001265,2024-02-09 04:35:00,2524.22,Vendor_079,Sales,Travel,Check,Emp_073,INV-Vendor_079-822371,0,normal,29,2672.4585185185188,-148.23851851851896,0,1,0
TX-001266,2024-02-21 23:02:00,3974.96,Vendor_032,Finance,Consulting,Card,Emp_042,INV-Vendor_032-347886,0,normal,39,2537.203758786566,1437.756241213434,0,14,0
TX-001267,2024-02-26 12:52:00,846.59,Vendor_048,Operations,IT,ACH,Emp_119,INV-Vendor_048-644330,0,normal,23,3207.9171428571435,-2361.3271428571434,0,2,0
TX-001268,2024-02-24 00:07:00,1683.12,Vendor_095,Sales,Operations,Wire,Emp_118,INV-Vendor_095-131226,0,normal,42,2756.728095238095,-1073.6080952380953,0,4,0
TX-001269,2024-02-06 22:15:00,1158.88,Vendor_037,Marketing,IT,ACH,Emp_035,INV-Vendor_037-209082,0,normal,34,2707.582727272727,-1548.7027272727269,0,4,0
TX-001270,2024-02-23 23:15:00,841.78,Vendor_057,Sales,Payroll,Check,Emp_086,INV-Vendor_057-730119,0,normal,28,3861.44182160464,-3019.66182160464,0,6,0
TX-001271,2024-01-03 22:48:00,4998.27,Vendor_018,Legal,Travel,Card,Emp_111,INV-Vendor_018-571133,0,normal,25,3244.913714910847,1753.3562850891535,0,2,0
TX-001272,2024-02-29 06:47:00,4960.64,Vendor_074,Finance,IT,ACH,Emp_101,INV-Vendor_074-334481,0,normal,34,3705.2793562097586,1255.3606437902417,0,7,0
TX-001273,2024-02-12 02:09:00,1816.08,Vendor_050,Support,Payroll,Wire,Emp_042,INV-Vendor_050-291594,0,normal,26,2861.6157661684847,-1045.5357661684848,0,1,0
TX-001274,2024-01-31 09:09:00,2589.66,Vendor_005,Marketing,Operations,Check,Emp_088,INV-Vendor_005-865925,0,normal,32,4139.26089842047,-1549.60089842047,0,2,0
TX-001275,2024-01-13 02:23:00,1445.53,Vendor_077,Legal,Operations,Wire,Emp_091,INV-Vendor_077-104865,0,normal,33,3274.230606060606,-1828.700606060606,0,1,0
TX-001276,2024-02-01 06:22:00,2707.76,Vendor_042,Operations,Operations,Wire,Emp_059,INV-Vendor_042-637754,0,normal,30,3465.2441635710875,-757.4841635710873,0,8,0
TX-001277,2024-01-06 05:54:00,3955.62,Vendor_095,Support,IT,Wire,Emp_057,INV-Vendor_095-548123,0,normal,42,2756.728095238095,1198.8919047619047,0,4,0
TX-001278,2024-01-19 18:11:00,1447.48,Vendor_016,HR,IT,Wire,Emp_031,INV-Vendor_016-295369,0,normal,42,4104.852509181274,-2657.3725091812744,0,5,0
TX-001279,2024-01-25 19:57:00,4779.78,Vendor_005,Operations,IT,Card,Emp_060,INV-Vendor_005-531751,0,normal,32,4139.26089842047,640.5191015795299,0,2,0
TX-001280,2024-01-12 12:33:00,3572.62,Vendor_013,Support,Supplies,Check,Emp_036,INV-Vendor_013-686681,0,normal,35,3320.0319506780124,252.58804932198746,0,6,0
TX-001281,2024-02-12 01:08:00,32132.176417614963,Vendor_027,Legal,Payroll,Card,Emp_012,INV-Vendor_027-479919,1,high_amount,24,4649.952627401481,27482.22379021348,0,13,0
TX-001282,2024-01-21 14:27:00,3831.64,Vendor_044,Legal,Consulting,Card,Emp_028,INV-Vendor_044-279801,0,normal,35,3137.537058823529,694.1029411764707,0,7,0
TX-001283,2024-02-21 08:09:00,3830.92,Vendor_074,Legal,Consulting,ACH,Emp_068,INV-Vendor_074-332469,0,normal,34,3705.2793562097586,125.64064379024148,0,7,0
TX-001284,2024-02-15 04:50:00,910.14,Vendor_013,HR,Consulting,Wire,Emp_087,INV-Vendor_013-224176,0,normal,35,3320.0319506780124,-2409.8919506780126,0,5,0
TX-001285,2024-01-12 03:28:00,4869.88,Vendor_019,Engineering,Payroll,Card,Emp_072,INV-Vendor_019-825859,0,normal,31,2977.7130705628747,1892.1669294371254,0,10,0
TX-001286,2024-02-23 12:46:00,292.21,Vendor_074,HR,Payroll,Wire,Emp_073,INV-Vendor_074-358143,0,normal,34,3705.2793562097586,-3413.0693562097586,0,7,0
TX-001287,2024-01-18 05:01:00,3984.38,Vendor_084,Legal,IT,ACH,Emp_004,INV-Vendor_084-447055,0,normal,44,3595.354474626231,389.02552537376914,0,2,0
TX-001288,2024-02-20 23:50:00,4721.11,Vendor_039,Engineering,Consulting,Wire,Emp_057,INV-Vendor_039-169401,0,normal,23,2600.143043478261,2120.9669565217387,0,1,0
TX-001289,2024-01-21 00:24:00,3539.09,Vendor_044,HR,Operations,Check,Emp_038,INV-Vendor_044-168409,0,normal,35,3137.537058823529,401.552941176471,0,7,0
TX-001290,2024-02-12 09:23:00,4218.2,Vendor_004,Engineering,Consulting,Card,Emp_114,INV-Vendor_004-996710,0,normal,30,3943.4157484248335,274.7842515751663,0,1,0
TX-001291,2024-02-12 04:26:00,2225.94,Vendor_044,Legal,Travel,Check,Emp_093,INV-Vendor_044-791164,0,normal,35,3137.537058823529,-911.5970588235291,0,4,0
TX-001292,2024-01-28 04:01:00,1622.09,Vendor_084,Sales,IT,Wire,Emp_113,INV-Vendor_084-989470,0,normal,44,3595.354474626231,-1973.264474626231,0,4,0
TX-001293,2024-01-16 16:33:00,4981.61,Vendor_077,Operations,IT,ACH,Emp_040,INV-Vendor_077-897968,0,normal,33,3274.230606060606,1707.3793939393936,0,2,0
TX-001294,2024-01-03 19:27:00,1668.48,Vendor_056,Sales,Operations,Card,Emp_015,INV-Vendor_056-173910,0,normal,23,2481.271304347826,-812.7913043478261,0,1,0
TX-001295,2024-01-01 15:40:00,3447.94,Vendor_051,Engineering,Operations,Check,Emp_015,INV-Vendor_051-346362,0,normal,33,3471.1343740931966,-23.19437409319653,0,3,0
TX-001296,2024-02-13 01:29:00,174.02,Vendor_037,Engineering,Payroll,Card,Emp_031,INV-Vendor_037-355549,0,normal,34,2707.582727272727,-2533.562727272727,0,5,0
TX-001297,2024-01-10 05:12:00,1425.9,Vendor_029,Support,Payroll,Wire,Emp_116,INV-Vendor_029-471383,0,normal,23,3015.4890476190476,-1589.5890476190475,0,2,0
TX-001298,2024-01-19 14:39:00,2712.08,Vendor_049,Marketing,Operations,Card,Emp_013,INV-Vendor_049-893559,0,normal,35,2968.721142857143,-256.6411428571432,0,4,0
TX-001299,2024-01-02 18:54:00,267.83,Vendor_022,Finance,Travel,ACH,Emp_045,INV-Vendor_022-459413,0,normal,33,2766.22851906831,-2498.39851906831,0,2,0
TX-001300,2024-01-28 17:10:00,5645.752308780792,Vendor_004,Operations,Consulting,ACH,Emp_014,INV-Vendor_004-436839,1,high_amount,30,3943.4157484248335,1702.3365603559587,0,1,0
TX-001301,2024-02-27 09:46:00,4547.78,Vendor_084,Support,Travel,Check,Emp_076,INV-Vendor_084-447455,0,normal,44,3595.354474626231,952.4255253737688,0,3,0
TX-001302,2024-01-04 06:39:00,1302.02,Vendor_030,HR,IT,Card,Emp_082,INV-Vendor_030-845268,0,normal,23,3033.8827608649813,-1731.8627608649813,0,7,0
TX-001303,2024-01-23 18:26:00,707.49,Vendor_002,HR,Travel,Card,Emp_078,INV-Vendor_002-863224,0,normal,29,2921.2093209032923,-2213.719320903292,0,4,0
TX-001304,2024-01-23 15:53:00,2308.75,Vendor_032,Marketing,Operations,ACH,Emp_085,INV-Vendor_032-819395,0,normal,39,2537.203758786566,-228.45375878656614,0,13,0
TX-001305,2024-01-31 14:22:00,4211.06,Vendor_005,Legal,Operations,ACH,Emp_085,INV-Vendor_005-474569,0,normal,32,4139.26089842047,71.79910157953054,0,2,0
TX-001306,2024-01-17 08:42:00,3406.56,Vendor_049,Legal,IT,ACH,Emp_044,INV-Vendor_049-280694,0,normal,35,2968.721142857143,437.8388571428568,0,4,0
TX-001307,2024-02-13 23:43:00,2934.42,Vendor_045,Sales,Supplies,Check,Emp_042,INV-Vendor_045-833790,0,normal,34,3352.6271875,-418.20718750000015,0,10,0
TX-001308,2024-02-16 23:47:00,3036.76,Vendor_035,Operations,Operations,ACH,Emp_081,INV-Vendor_035-529384,1,high_frequency,35,2498.9767647058825,537.7832352941177,0,6,0
TX-001309,2024-01-05 22:53:00,4303.76,Vendor_033,Legal,Travel,Card,Emp_093,INV-Vendor_033-617287,0,normal,28,2550.7607142857146,1752.9992857142856,0,4,0
TX-001310,2024-01-15 09:52:00,4454.25,Vendor_078,Operations,Payroll,ACH,Emp_008,INV-Vendor_078-894231,0,normal,25,3293.4391947043987,1160.8108052956013,0,1,0
TX-001311,2024-01-03 09:49:00,1288.97,Vendor_021,Marketing,Supplies,Check,Emp_003,INV-Vendor_021-537625,0,normal,34,3005.547197344895,-1716.5771973448948,0,8,0
TX-001312,2024-02-17 07:11:00,1786.79,Vendor_081,Legal,Operations,Card,Emp_009,INV-Vendor_081-963390,0,normal,30,3787.006065906091,-2000.216065906091,0,4,0
TX-001313,2024-02-23 12:06:00,989.73,Vendor_091,Support,Travel,Card,Emp_053,INV-Vendor_056-176220,1,duplicate_invoice,23,2089.608260869565,-1099.878260869565,0,10,1
TX-001314,2024-01-17 12:42:00,1961.57,Vendor_035,Sales,Operations,ACH,Emp_042,INV-Vendor_035-618369,0,normal,35,2498.9767647058825,-537.4067647058826,0,5,0
TX-001315,2024-02-29 04:25:00,1510.93,Vendor_055,Engineering,Supplies,Check,Emp_018,INV-Vendor_055-856935,1,high_frequency,35,2730.5511428571426,-1219.6211428571426,0,13,0
TX-001316,2024-01-22 07:01:00,1698.42,Vendor_033,Finance,Operations,Card,Emp_040,INV-Vendor_033-418051,0,normal,28,2550.7607142857146,-852.3407142857145,0,5,0
TX-001317,2024-02-26 01:13:00,3220.15,Vendor_098,Marketing,Supplies,Check,Emp_087,INV-Vendor_098-544124,0,normal,33,3524.635628271743,-304.4856282717428,0,1,0
TX-001318,2024-02-09 15:21:00,4838.03,Vendor_082,Support,Consulting,Card,Emp_106,INV-Vendor_082-194344,0,normal,20,3988.878997849292,849.1510021507079,0,4,0
TX-001319,2024-01-19 16:45:00,3509.16,Vendor_030,Legal,Operations,Check,Emp_007,INV-Vendor_030-836935,0,normal,23,3033.8827608649813,475.2772391350186,0,7,0
TX-001320,2024-02-28 18:59:00,3087.51,Vendor_045,Engineering,Operations,Check,Emp_111,INV-Vendor_045-223105,0,normal,34,3352.6271875,-265.1171875,0,10,0
TX-001321,2024-02-05 17:44:00,3131.726547349086,Vendor_092,HR,IT,Card,Emp_036,INV-Vendor_092-546591,1,high_amount,32,2637.2259197610306,494.5006275880555,0,1,0
TX-001322,2024-01-08 23:35:00,3179.13,Vendor_036,HR,Operations,ACH,Emp_100,INV-Vendor_036-990555,0,normal,32,3055.038064516129,124.09193548387111,0,4,0
TX-001323,2024-01-30 19:20:00,2684.16,Vendor_011,Engineering,Payroll,Check,Emp_024,INV-Vendor_011-440624,0,normal,34,2846.199411764706,-162.03941176470607,0,9,0
TX-001324,2024-02-24 23:39:00,2727.96,Vendor_001,Sales,Consulting,ACH,Emp_014,INV-Vendor_001-409737,0,normal,22,3603.7710087726696,-875.8110087726695,0,4,0
TX-001325,2024-01-14 15:18:00,13055.434944293536,Vendor_NEW_1325,Marketing,Payroll,Card,Emp_038,INV-Vendor_078-651800,1,new_vendor_high,1,13055.434944293536,0.0,0,1,0
TX-001326,2024-02-26 15:22:00,417.72,Vendor_027,HR,Payroll,Check,Emp_050,INV-Vendor_027-252973,0,normal,24,4649.952627401481,-4232.23262740148,0,13,0
TX-001327,2024-02-05 07:22:00,590.18,Vendor_079,Sales,Payroll,Check,Emp_006,INV-Vendor_079-325671,0,normal,29,2672.4585185185188,-2082.278518518519,0,1,0
TX-001328,2024-01-24 15:34:00,2766.35,Vendor_026,Sales,Supplies,Card,Emp_027,INV-Vendor_026-771189,0,normal,25,2417.752,348.59799999999996,0,2,0
TX-001329,2024-02-17 19:43:00,2104.95,Vendor_001,Operations,Payroll,Check,Emp_079,INV-Vendor_001-868699,0,normal,22,3603.7710087726696,-1498.8210087726698,0,4,0
TX-001330,2024-02-14 09:45:00,2442.64,Vendor_011,Finance,Supplies,Card,Emp_098,INV-Vendor_011-693631,0,normal,34,2846.199411764706,-403.55941176470606,0,7,0
TX-001331,2024-01-22 00:01:00,4869.84,Vendor_055,Finance,Supplies,Wire,Emp_062,INV-Vendor_055-577146,0,normal,35,2730.5511428571426,2139.2888571428575,0,15,0
TX-001332,2024-02-29 11:41:00,4670.67,Vendor_081,Support,IT,Check,Emp_001,INV-Vendor_081-232900,0,normal,30,3787.006065906091,883.6639340939091,0,6,0
TX-001333,2024-02-12 14:40:00,4009.88,Vendor_026,Legal,Supplies,Card,Emp_065,INV-Vendor_026-824201,0,normal,25,2417.752,1592.1280000000002,0,1,0
TX-001334,2024-01-13 09:36:00,4868.17,Vendor_030,Finance,Consulting,Wire,Emp_111,INV-Vendor_030-251373,0,normal,23,3033.8827608649813,1834.2872391350188,0,8,0
TX-001335,2024-01-23 14:04:00,2661.89,Vendor_068,Support,Operations,ACH,Emp_079,INV-Vendor_068-753955,0,normal,20,2901.888209334918,-239.9982093349181,0,1,0
TX-001336,2024-02-08 20:58:00,249.68,Vendor_065,Support,Consulting,Check,Emp_087,INV-Vendor_065-479021,0,normal,35,3155.7917276126786,-2906.111727612679,0,1,0
TX-001337,2024-01-11 19:19:00,3345.56,Vendor_098,Engineering,IT,ACH,Emp_060,INV-Vendor_098-335123,0,normal,33,3524.635628271743,-179.07562827174297,0,1,0
TX-001338,2024-03-01 18:56:00,1692.17,Vendor_041,Marketing,IT,ACH,Emp_049,INV-Vendor_041-747285,0,normal,31,2695.650967741936,-1003.4809677419357,0,1,0
TX-001339,2024-01-03 11:15:00,3347.46,Vendor_081,Support,Consulting,ACH,Emp_063,INV-Vendor_081-975262,0,normal,30,3787.006065906091,-439.5460659060909,0,4,0
TX-001340,2024-02-21 13:15:00,4048.09,Vendor_002,Legal,Operations,ACH,Emp_094,INV-Vendor_002-894258,1,high_frequency,29,2921.2093209032923,1126.8806790967078,0,4,0
TX-001341,2024-02-08 02:44:00,1429.65,Vendor_022,Support,Consulting,Wire,Emp_026,INV-Vendor_022-446316,0,normal,33,2766.22851906831,-1336.57851906831,0,1,0
TX-001342,2024-01-09 00:20:00,4855.87,Vendor_087,Engineering,Operations,Card,Emp_058,INV-Vendor_087-475416,0,normal,26,2325.0704,2530.7996,0,5,0
TX-001343,2024-01-25 09:53:00,4902.4,Vendor_048,Operations,Consulting,Check,Emp_116,INV-Vendor_048-445917,0,normal,23,3207.9171428571435,1694.4828571428561,0,1,0
TX-001344,2024-02-07 20:44:00,1597.23,Vendor_014,Operations,Operations,Card,Emp_045,INV-Vendor_014-850354,0,normal,36,2134.2634285714284,-537.0334285714284,0,1,0
TX-001345,2024-02-24 07:59:00,2217.97,Vendor_046,Support,Payroll,Wire,Emp_118,INV-Vendor_046-634267,0,normal,33,3052.1432305611957,-834.1732305611959,0,4,0
TX-001346,2024-01-26 14:08:00,968.01,Vendor_049,Finance,Operations,ACH,Emp_096,INV-Vendor_049-192813,0,normal,35,2968.721142857143,-2000.7111428571432,0,4,0
TX-001347,2024-02-28 19:46:00,3152.3,Vendor_087,Support,Consulting,ACH,Emp_017,INV-Vendor_087-727347,0,normal,26,2325.0704,827.2296000000001,0,5,0
TX-001348,2024-02-11 10:45:00,3530.71,Vendor_094,Marketing,IT,Card,Emp_119,INV-Vendor_094-312012,0,normal,22,3627.416190476191,-96.70619047619084,0,1,0
TX-001349,2024-02-20 07:33:00,4539.09,Vendor_065,Sales,Consulting,ACH,Emp_047,INV-Vendor_065-871933,0,normal,35,3155.7917276126786,1383.2982723873215,0,2,0
TX-001350,2024-01-13 11:55:00,4546.47,Vendor_095,HR,Supplies,ACH,Emp_010,INV-Vendor_095-292525,0,normal,42,2756.728095238095,1789.741904761905,0,4,0
TX-001351,2024-02-03 20:51:00,3815.32,Vendor_049,Operations,Payroll,Card,Emp_022,INV-Vendor_049-553499,0,normal,35,2968.721142857143,846.598857142857,0,4,0
TX-001352,2024-02-07 21:08:00,2028.25,Vendor_041,HR,Consulting,ACH,Emp_063,INV-Vendor_041-219836,0,normal,31,2695.650967741936,-667.4009677419358,0,2,0
TX-001353,2024-01-17 16:06:00,2167.14,Vendor_055,Operations,IT,Check,Emp_087,INV-Vendor_055-254338,0,normal,35,2730.5511428571426,-563.4111428571427,0,13,0
TX-001354,2024-02-15 03:51:00,2908.71,Vendor_008,Engineering,Operations,ACH,Emp_041,INV-Vendor_008-689885,0,normal,38,2659.1583783783785,249.5516216216215,0,11,0
TX-001355,2024-01-24 18:20:00,2414.65,Vendor_008,Engineering,Operations,ACH,Emp_086,INV-Vendor_008-483781,0,normal,38,2659.1583783783785,-244.50837837837844,0,12,0
TX-001356,2024-01-12 06:19:00,3695.34,Vendor_099,Legal,Supplies,Check,Emp_095,INV-Vendor_099-891594,0,normal,21,2417.6414285714286,1277.6985714285715,0,4,0
TX-001357,2024-02-20 15:40:00,3037.2,Vendor_068,Engineering,Consulting,ACH,Emp_120,INV-Vendor_068-145233,0,normal,20,2901.888209334918,135.31179066508184,0,2,0
TX-001358,2024-02-08 05:04:00,4157.82,Vendor_031,Support,Travel,Check,Emp_065,INV-Vendor_031-862525,0,normal,37,2623.9062292690023,1533.9137707309974,0,4,0
TX-001359,2024-01-02 15:33:00,2800.14,Vendor_084,Operations,Travel,ACH,Emp_063,INV-Vendor_084-957321,0,normal,44,3595.354474626231,-795.2144746262311,0,1,0
TX-001360,2024-01-07 01:15:00,4476.38,Vendor_086,Operations,IT,Card,Emp_038,INV-Vendor_086-613918,0,normal,35,3206.610882352941,1269.769117647059,0,7,0
TX-001361,2024-01-01 12:03:00,1638.42,Vendor_049,Marketing,Supplies,ACH,Emp_032,INV-Vendor_049-956096,0,normal,35,2968.721142857143,-1330.301142857143,0,4,0
TX-001362,2024-01-24 21:34:00,2173.6,Vendor_039,Marketing,IT,Card,Emp_039,INV-Vendor_039-725334,0,normal,23,2600.143043478261,-426.5430434782611,0,1,0
TX-001363,2024-01-03 20:00:00,3480.98,Vendor_010,Legal,Travel,ACH,Emp_073,INV-Vendor_010-743167,0,normal,22,2547.3354466749174,933.6445533250826,0,1,0
TX-001364,2024-01-25 08:19:00,1453.14,Vendor_034,Engineering,Consulting,Wire,Emp_077,INV-Vendor_034-343116,0,normal,31,2820.5182405182827,-1367.3782405182826,0,1,0
TX-001365,2024-01-17 13:19:00,4733.59,Vendor_058,Support,Payroll,Card,Emp_078,INV-Vendor_058-419909,0,normal,34,2718.410294117647,2015.1797058823531,0,1,0
TX-001366,2024-01-25 20:30:00,3907.91,Vendor_062,Legal,IT,ACH,Emp_109,INV-Vendor_062-724161,0,normal,32,3565.037712437434,342.8722875625658,0,8,0
TX-001367,2024-02-17 18:22:00,4746.87,Vendor_056,Finance,IT,Card,Emp_096,INV-Vendor_056-904129,0,normal,23,2481.271304347826,2265.598695652174,0,1,0
TX-001368,2024-01-29 01:18:00,4593.35,Vendor_096,Support,Payroll,Wire,Emp_115,INV-Vendor_096-339672,0,normal,35,3281.264857142857,1312.0851428571432,0,5,0
TX-001369,2024-01-13 19:34:00,2070.44,Vendor_097,Engineering,Consulting,Check,Emp_017,INV-Vendor_097-609412,0,normal,24,2534.625652173913,-464.1856521739128,0,4,0
TX-001370,2024-02-19 01:08:00,1667.33,Vendor_084,Legal,Consulting,Wire,Emp_021,INV-Vendor_084-805397,0,normal,44,3595.354474626231,-1928.024474626231,0,2,0
TX-001371,2024-01-15 21:14:00,250.73,Vendor_092,Legal,IT,Card,Emp_082,INV-Vendor_092-812662,0,normal,32,2637.2259197610306,-2386.4959197610306,0,1,0
TX-001372,2024-01-29 17:48:00,4471.66,Vendor_034,Marketing,IT,Wire,Emp_048,INV-Vendor_034-827835,0,normal,31,2820.5182405182827,1651.1417594817171,0,1,0
TX-001373,2024-02-26 05:13:00,3924.35,Vendor_095,Sales,Travel,Card,Emp_034,INV-Vendor_095-818614,0,normal,42,2756.728095238095,1167.6219047619047,0,5,0
TX-001374,2024-02-28 18:49:00,2764.21,Vendor_041,Finance,Payroll,Wire,Emp_096,INV-Vendor_041-137705,0,normal,31,2695.650967741936,68.55903225806424,0,2,0
TX-001375,2024-02-23 00:27:00,4489.49,Vendor_044,Finance,Payroll,ACH,Emp_028,INV-Vendor_044-351315,0,normal,35,3137.537058823529,1351.9529411764706,0,5,0
TX-001376,2024-02-05 00:36:00,1804.78,Vendor_091,Marketing,Consulting,Check,Emp_060,INV-Vendor_091-868905,0,normal,23,2089.608260869565,-284.82826086956516,0,10,0
TX-001377,2024-02-13 13:18:00,163.35,Vendor_020,HR,IT,Check,Emp_001,INV-Vendor_020-600973,1,high_frequency,37,4048.926765951174,-3885.576765951174,0,4,0
TX-001378,2024-01-03 00:55:00,2705.55,Vendor_087,Support,Consulting,Wire,Emp_073,INV-Vendor_087-159438,0,normal,26,2325.0704,380.4796000000001,0,4,0
TX-001379,2024-02-07 15:17:00,3065.87,Vendor_023,Marketing,Payroll,Wire,Emp_054,INV-Vendor_023-434018,0,normal,34,2735.677272727273,330.1927272727271,0,4,0
TX-001380,2024-02-25 20:40:00,2760.44,Vendor_019,Legal,Consulting,Wire,Emp_088,INV-Vendor_019-498346,0,normal,31,2977.7130705628747,-217.27307056287464,0,10,0
TX-001381,2024-01-03 10:44:00,4358.46,Vendor_055,Finance,Operations,Wire,Emp_108,INV-Vendor_055-517522,1,high_frequency,35,2730.5511428571426,1627.9088571428574,0,14,0
TX-001382,2024-01-27 13:22:00,2546.64,Vendor_088,Operations,Travel,Wire,Emp_055,INV-Vendor_088-350834,0,normal,28,2593.798461538461,-47.158461538461324,0,4,0
TX-001383,2024-01-16 20:38:00,982.59,Vendor_051,Engineering,Operations,Check,Emp_017,INV-Vendor_051-592570,0,normal,33,3471.1343740931966,-2488.5443740931964,0,1,0
TX-001384,2024-02-21 16:49:00,3893.34,Vendor_017,Legal,Supplies,ACH,Emp_093,INV-Vendor_017-999290,0,normal,27,2857.5396296296294,1035.8003703703707,0,4,0
TX-001385,2024-02-20 15:55:00,16287.259078228923,Vendor_NEW_1385,Marketing,Travel,ACH,Emp_114,INV-Vendor_093-707095,1,new_vendor_high,1,16287.259078228923,0.0,0,2,0
TX-001386,2024-01-08 01:52:00,3660.26,Vendor_061,Operations,Consulting,Card,Emp_043,INV-Vendor_061-865185,0,normal,41,3458.074275803163,202.18572419683733,0,1,0
TX-001387,2024-01-19 14:20:00,1164.87,Vendor_086,Support,Payroll,ACH,Emp_080,INV-Vendor_035-460810,1,duplicate_invoice,35,3206.610882352941,-2041.7408823529413,0,5,1
TX-001388,2024-01-07 00:44:00,496.56,Vendor_097,Support,Travel,Wire,Emp_092,INV-Vendor_097-454930,0,normal,24,2534.625652173913,-2038.065652173913,0,4,0
TX-001389,2024-02-23 13:08:00,1209.91,Vendor_026,Operations,Consulting,Card,Emp_003,INV-Vendor_026-999842,0,normal,25,2417.752,-1207.8419999999999,0,1,0
TX-001390,2024-02-19 08:07:00,3314.04,Vendor_034,Operations,Payroll,Check,Emp_107,INV-Vendor_034-337896,0,normal,31,2820.5182405182827,493.52175948171725,0,1,0
TX-001391,2024-01-01 22:24:00,994.13,Vendor_065,Engineering,Travel,Card,Emp_083,INV-Vendor_065-141549,0,normal,35,3155.7917276126786,-2161.6617276126785,0,1,0
TX-001392,2024-02-09 04:13:00,2869.36,Vendor_068,Sales,Operations,Wire,Emp_107,INV-Vendor_068-467894,0,normal,20,2901.888209334918,-32.52820933491785,0,1,0
TX-001393,2024-01-22 17:56:00,1271.87,Vendor_032,Legal,IT,Card,Emp_032,INV-Vendor_032-737745,0,normal,39,2537.203758786566,-1265.3337587865662,0,14,0
TX-001394,2024-02-22 22:39:00,1199.66,Vendor_055,Marketing,Supplies,ACH,Emp_035,INV-Vendor_055-567084,0,normal,35,2730.5511428571426,-1530.8911428571425,0,13,0
TX-001395,2024-02-23 17:18:00,825.51,Vendor_085,Operations,IT,Check,Emp_032,INV-Vendor_085-376330,0,normal,28,3183.8122633457456,-2358.302263345746,0,4,0
TX-001396,2024-02-24 06:51:00,4474.55,Vendor_002,Support,Consulting,Card,Emp_017,INV-Vendor_002-302329,0,normal,29,2921.2093209032923,1553.3406790967078,0,4,0
TX-001397,2024-02-13 19:19:00,4900.49,Vendor_013,Sales,Travel,Card,Emp_096,INV-Vendor_013-421015,0,normal,35,3320.0319506780124,1580.4580493219873,0,4,0
TX-001398,2024-02-26 08:21:00,3874.32,Vendor_051,Marketing,Supplies,Check,Emp_097,INV-Vendor_051-916851,0,normal,33,3471.1343740931966,403.1856259068036,0,1,0
TX-001399,2024-01-02 16:51:00,3878.61,Vendor_076,Operations,Payroll,ACH,Emp_047,INV-Vendor_076-517264,0,normal,30,2646.702525461832,1231.9074745381681,0,4,0
TX-001400,2024-02-11 18:30:00,2322.29,Vendor_062,Support,Consulting,ACH,Emp_103,INV-Vendor_062-142044,0,normal,32,3565.037712437434,-1242.747712437434,0,8,0
TX-001401,2024-01-27 10:42:00,2292.59,Vendor_072,Operations,Operations,Check,Emp_108,INV-Vendor_072-908469,0,normal,21,2526.322857142857,-233.73285714285703,0,1,0
TX-001402,2024-01-18 14:52:00,2141.44,Vendor_087,Engineering,Payroll,Card,Emp_068,INV-Vendor_087-375095,0,normal,26,2325.0704,-183.6304,0,5,0
TX-001403,2024-02-27 17:29:00,946.24,Vendor_054,Legal,Consulting,Wire,Emp_081,INV-Vendor_054-889297,0,normal,23,3005.8517391304345,-2059.611739130434,0,1,0
TX-001404,2024-01-17 08:04:00,2784.69,Vendor_018,Support,Consulting,ACH,Emp_037,INV-Vendor_018-198880,0,normal,25,3244.913714910847,-460.22371491084687,0,1,0
TX-001405,2024-02-19 00:42:00,2773.79,Vendor_071,Legal,Travel,Wire,Emp_071,INV-Vendor_071-796335,0,normal,30,2482.368888888889,291.4211111111108,0,8,0
TX-001406,2024-01-16 09:30:00,4978.34,Vendor_073,Finance,IT,Check,Emp_038,INV-Vendor_073-329525,0,normal,30,2825.4158620689655,2152.9241379310347,0,8,0
TX-001407,2024-02-27 00:24:00,1310.93,Vendor_043,HR,Operations,ACH,Emp_036,INV-Vendor_043-283194,0,normal,36,3072.333244872456,-1761.4032448724558,0,10,0
TX-001408,2024-01-26 23:54:00,143.91,Vendor_012,HR,Operations,Card,Emp_102,INV-Vendor_012-241620,0,normal,32,2499.3235160701242,-2355.4135160701244,0,1,0
TX-001409,2024-02-03 19:57:00,4714.93,Vendor_026,Marketing,Payroll,ACH,Emp_040,INV-Vendor_026-571091,0,normal,25,2417.752,2297.1780000000003,0,1,0
TX-001410,2024-02-28 15:14:00,2951.7,Vendor_033,Sales,Payroll,Check,Emp_074,INV-Vendor_100-817232,1,duplicate_invoice,28,2550.7607142857146,400.93928571428523,0,5,1
TX-001411,2024-01-03 00:27:00,140.57,Vendor_066,Marketing,Payroll,Check,Emp_029,INV-Vendor_066-214235,0,normal,32,2144.8066657789423,-2004.2366657789423,0,5,0
TX-001412,2024-02-03 03:24:00,4834.12,Vendor_095,Operations,Travel,Wire,Emp_091,INV-Vendor_095-988285,0,normal,42,2756.728095238095,2077.3919047619047,0,4,0
TX-001413,2024-02-24 07:33:00,1868.4,Vendor_031,Legal,Supplies,Check,Emp_043,INV-Vendor_031-134946,0,normal,37,2623.9062292690023,-755.5062292690022,0,4,0
TX-001414,2024-02-01 18:48:00,4961.03,Vendor_089,Marketing,IT,Check,Emp_111,INV-Vendor_089-210554,0,normal,29,4049.3871695268895,911.6428304731103,0,7,0
TX-001415,2024-02-07 23:39:00,4489.22,Vendor_025,Finance,Travel,Card,Emp_116,INV-Vendor_025-170020,0,normal,44,2815.369772727273,1673.8502272727274,0,1,0
TX-001416,2024-01-06 12:10:00,1361.85,Vendor_063,Engineering,Payroll,Check,Emp_114,INV-Vendor_063-985761,0,normal,30,2872.7581223683005,-1510.9081223683006,0,4,0
TX-001417,2024-02-06 01:27:00,2736.58,Vendor_005,Legal,IT,Card,Emp_103,INV-Vendor_005-718552,0,normal,32,4139.26089842047,-1402.68089842047,0,1,0
TX-001418,2024-01-12 22:02:00,4084.11,Vendor_066,HR,IT,Check,Emp_007,INV-Vendor_066-387990,0,normal,32,2144.8066657789423,1939.3033342210579,0,4,0
TX-001419,2024-02-11 18:41:00,563.88,Vendor_037,Sales,Supplies,Card,Emp_098,INV-Vendor_037-340175,0,normal,34,2707.582727272727,-2143.702727272727,0,6,0
TX-001420,2024-01-03 23:05:00,3725.76,Vendor_083,Engineering,IT,Check,Emp_117,INV-Vendor_083-635139,0,normal,25,2850.515,875.2450000000003,0,4,0
TX-001421,2024-02-04 04:08:00,4288.17,Vendor_036,Legal,Supplies,Check,Emp_029,INV-Vendor_036-480546,0,normal,32,3055.038064516129,1233.131935483871,0,4,0
TX-001422,2024-02-25 06:01:00,1784.36,Vendor_032,Support,Payroll,Check,Emp_097,INV-Vendor_032-877424,0,normal,39,2537.203758786566,-752.8437587865662,0,14,0
TX-001423,2024-01-11 23:36:00,4225.39,Vendor_021,Engineering,IT,Check,Emp_055,INV-Vendor_021-886684,0,normal,34,3005.547197344895,1219.8428026551055,0,7,0
TX-001424,2024-02-12 15:19:00,296.15,Vendor_003,Engineering,Operations,Wire,Emp_013,INV-Vendor_051-553774,1,duplicate_invoice,27,2746.7746153846156,-2450.6246153846155,0,4,1
TX-001425,2024-02-06 08:44:00,256.78,Vendor_014,Finance,Supplies,ACH,Emp_081,INV-Vendor_014-535501,0,normal,36,2134.2634285714284,-1877.4834285714285,0,3,0
TX-001426,2024-01-14 06:06:00,729.83,Vendor_051,Engineering,Travel,Wire,Emp_113,INV-Vendor_051-132796,0,normal,33,3471.1343740931966,-2741.3043740931967,0,3,0
TX-001427,2024-01-13 08:13:00,1898.31,Vendor_038,Sales,Supplies,ACH,Emp_107,INV-Vendor_038-173281,0,normal,26,2540.0492307692307,-641.7392307692307,0,1,0
TX-001428,2024-01-30 19:58:00,1302.28,Vendor_028,Engineering,Travel,Card,Emp_096,INV-Vendor_028-470327,0,normal,37,3803.5322467308665,-2501.2522467308663,0,4,0
TX-001429,2024-01-06 23:37:00,4551.05,Vendor_037,Finance,Consulting,ACH,Emp_040,INV-Vendor_037-719898,0,normal,34,2707.582727272727,1843.4672727272732,0,4,0
TX-001430,2024-02-06 16:40:00,2107.17,Vendor_040,Engineering,Supplies,Wire,Emp_048,INV-Vendor_040-808993,0,normal,32,3123.052929000477,-1015.8829290004769,0,5,0
TX-001431,2024-02-20 19:35:00,2402.32,Vendor_074,Marketing,Operations,ACH,Emp_057,INV-Vendor_074-661405,0,normal,34,3705.2793562097586,-1302.9593562097584,0,8,0
TX-001432,2024-02-28 06:16:00,5000.0,Vendor_006,Engineering,Travel,Check,Emp_014,INV-Vendor_006-951544,1,round_number,21,4452.1197045024655,547.8802954975345,1,7,0
TX-001433,2024-01-08 13:19:00,3131.06,Vendor_013,HR,Supplies,Check,Emp_119,INV-Vendor_013-257471,0,normal,35,3320.0319506780124,-188.9719506780125,0,5,0
TX-001434,2024-01-10 21:39:00,5585.741640317687,Vendor_012,Support,Travel,Check,Emp_069,INV-Vendor_012-304857,1,high_amount,32,2499.3235160701242,3086.4181242475624,0,2,0
TX-001435,2024-02-03 03:39:00,20000.0,Vendor_013,HR,Payroll,Wire,Emp_088,INV-Vendor_013-897481,1,round_number,35,3320.0319506780124,16679.968049321986,1,5,0
TX-001436,2024-02-12 06:16:00,4158.0,Vendor_041,Legal,Payroll,Check,Emp_103,INV-Vendor_041-622734,0,normal,31,2695.650967741936,1462.3490322580642,0,1,0
TX-001437,2024-02-17 06:33:00,4898.57,Vendor_034,Operations,Consulting,Card,Emp_068,INV-Vendor_034-626922,0,normal,31,2820.5182405182827,2078.051759481717,0,1,0
TX-001438,2024-02-22 00:43:00,4256.19,Vendor_099,Engineering,Supplies,Wire,Emp_119,INV-Vendor_099-900305,0,normal,21,2417.6414285714286,1838.548571428571,0,5,0
TX-001439,2024-02-14 22:28:00,2901.9,Vendor_045,Finance,Payroll,Card,Emp_118,INV-Vendor_045-243054,0,normal,34,3352.6271875,-450.7271875000001,0,10,0
TX-001440,2024-02-07 12:20:00,4503.84,Vendor_053,Sales,Supplies,Card,Emp_033,INV-Vendor_053-419404,0,normal,32,5061.836796882053,-557.9967968820529,0,1,0
TX-001441,2024-02-15 13:03:00,2071.53,Vendor_008,Finance,Payroll,Wire,Emp_027,INV-Vendor_008-570380,0,normal,38,2659.1583783783785,-587.6283783783783,0,11,0
TX-001442,2024-02-26 15:53:00,4382.67,Vendor_062,Legal,IT,Wire,Emp_047,INV-Vendor_062-446560,1,high_frequency,32,3565.037712437434,817.632287562566,0,8,0
TX-001443,2024-01-02 13:53:00,2019.08,Vendor_080,Operations,Supplies,Wire,Emp_024,INV-Vendor_080-150595,0,normal,29,2652.113793103448,-633.0337931034483,0,1,0
TX-001444,2024-02-22 13:35:00,3148.21,Vendor_011,Support,Supplies,Wire,Emp_045,INV-Vendor_011-440224,0,normal,34,2846.199411764706,302.0105882352941,0,8,0
TX-001445,2024-01-29 23:51:00,3628.87,Vendor_083,HR,Payroll,Card,Emp_040,INV-Vendor_083-262739,0,normal,25,2850.515,778.355,0,4,0
TX-001446,2024-01-20 07:26:00,3883.38,Vendor_071,Operations,IT,ACH,Emp_040,INV-Vendor_071-662461,0,normal,30,2482.368888888889,1401.011111111111,0,8,0
TX-001447,2024-01-10 16:23:00,4471.36,Vendor_027,Finance,Operations,Wire,Emp_098,INV-Vendor_027-609468,0,normal,24,4649.952627401481,-178.59262740148097,0,13,0
TX-001448,2024-01-01 13:20:00,265.04,Vendor_025,HR,Travel,Check,Emp_024,INV-Vendor_025-934812,0,normal,44,2815.369772727273,-2550.329772727273,0,1,0
TX-001449,2024-01-03 09:34:00,4104.63,Vendor_009,Support,Supplies,Check,Emp_081,INV-Vendor_053-419404,1,duplicate_invoice,23,2132.1145454545454,1972.5154545454548,0,3,1
TX-001450,2024-01-22 12:37:00,654.08,Vendor_003,Finance,IT,Card,Emp_044,INV-Vendor_003-755939,0,normal,27,2746.7746153846156,-2092.6946153846156,0,4,0
TX-001451,2024-02-15 13:27:00,1895.23,Vendor_032,Support,Travel,ACH,Emp_051,INV-Vendor_032-349461,0,normal,39,2537.203758786566,-641.9737587865661,0,14,0
TX-001452,2024-02-04 16:32:00,2024.87,Vendor_016,Operations,Travel,Card,Emp_100,INV-Vendor_016-858147,0,normal,42,4104.852509181274,-2079.9825091812745,0,4,0
TX-001453,2024-02-26 13:28:00,4279.86,Vendor_041,Operations,Operations,Wire,Emp_071,INV-Vendor_041-936020,0,normal,31,2695.650967741936,1584.2090322580639,0,2,0
TX-001454,2024-02-29 14:45:00,4679.32,Vendor_096,Operations,IT,Card,Emp_100,INV-Vendor_096-640382,0,normal,35,3281.264857142857,1398.0551428571425,0,4,0
TX-001455,2024-01-05 17:48:00,1850.05,Vendor_032,Finance,IT,Wire,Emp_089,INV-Vendor_032-937437,0,normal,39,2537.203758786566,-687.1537587865662,0,14,0
TX-001456,2024-03-01 08:48:00,3893.0,Vendor_096,Engineering,Operations,Card,Emp_077,INV-Vendor_096-723674,0,normal,35,3281.264857142857,611.7351428571428,0,5,0
TX-001457,2024-02-20 13:39:00,3457.17,Vendor_037,Engineering,IT,Card,Emp_004,INV-Vendor_037-360385,0,normal,34,2707.582727272727,749.5872727272731,0,5,0
TX-001458,2024-02-01 06:42:00,2918.41,Vendor_011,Marketing,Payroll,ACH,Emp_075,INV-Vendor_011-985258,0,normal,34,2846.199411764706,72.21058823529393,0,8,0
TX-001459,2024-01-12 16:11:00,1805.06,Vendor_040,HR,Supplies,Card,Emp_040,INV-Vendor_040-368137,0,normal,32,3123.052929000477,-1317.992929000477,0,5,0
TX-001460,2024-01-23 18:56:00,4090.9,Vendor_100,Engineering,IT,Check,Emp_028,INV-Vendor_100-968832,0,normal,26,2712.692692307692,1378.207307692308,0,1,0
TX-001461,2024-02-23 22:48:00,3137.75,Vendor_039,Marketing,Payroll,ACH,Emp_030,INV-Vendor_039-889397,0,normal,23,2600.143043478261,537.606956521739,0,1,0
TX-001462,2024-02-18 21:18:00,664.88,Vendor_075,Finance,IT,Card,Emp_102,INV-Vendor_075-426730,0,normal,31,2556.1941935483874,-1891.3141935483873,0,1,0
TX-001463,2024-02-05 17:17:00,910.09,Vendor_076,Marketing,Payroll,ACH,Emp_029,INV-Vendor_076-893181,0,normal,30,2646.702525461832,-1736.6125254618319,0,4,0
TX-001464,2024-02-07 06:24:00,1688.73,Vendor_100,Engineering,Travel,ACH,Emp_014,INV-Vendor_100-817232,0,normal,26,2712.692692307692,-1023.9626923076921,0,2,0
TX-001465,2024-02-10 18:01:00,1727.43,Vendor_061,HR,Travel,Check,Emp_104,INV-Vendor_061-485006,0,normal,41,3458.074275803163,-1730.6442758031628,0,2,0
TX-001466,2024-02-25 08:43:00,11795.787268688715,Vendor_051,Support,IT,Wire,Emp_115,INV-Vendor_051-546078,1,high_amount,33,3471.1343740931966,8324.652894595518,0,1,0
TX-001467,2024-02-26 17:59:00,371.98,Vendor_067,Marketing,Operations,Card,Emp_052,INV-Vendor_067-546794,0,normal,44,2993.467335565413,-2621.487335565413,0,2,0
TX-001468,2024-01-06 09:31:00,3107.14,Vendor_080,Finance,Operations,Check,Emp_058,INV-Vendor_080-540115,0,normal,29,2652.113793103448,455.0262068965517,0,2,0
TX-001469,2024-01-15 06:27:00,3743.22,Vendor_011,HR,Supplies,Card,Emp_089,INV-Vendor_011-737445,0,normal,34,2846.199411764706,897.0205882352939,0,8,0
TX-001470,2024-01-03 22:14:00,2713.17,Vendor_071,Operations,Travel,ACH,Emp_078,INV-Vendor_071-864154,0,normal,30,2482.368888888889,230.8011111111109,0,7,0
TX-001471,2024-01-30 03:26:00,1698.6,Vendor_019,Sales,Operations,ACH,Emp_115,INV-Vendor_019-392856,0,normal,31,2977.7130705628747,-1279.1130705628748,0,10,0
TX-001472,2024-02-27 14:16:00,1003.55,Vendor_066,Sales,Payroll,Card,Emp_108,INV-Vendor_066-311523,0,normal,32,2144.8066657789423,-1141.2566657789423,0,7,0
TX-001473,2024-02-12 15:39:00,4417.58,Vendor_060,Finance,Payroll,Card,Emp_062,INV-Vendor_060-961804,0,normal,28,3524.8804552927822,892.6995447072177,0,7,0
TX-001474,2024-01-07 00:28:00,3950.56,Vendor_025,Marketing,Travel,Wire,Emp_065,INV-Vendor_025-125334,0,normal,44,2815.369772727273,1135.190227272727,0,2,0
TX-001475,2024-01-28 10:02:00,2071.41,Vendor_026,Finance,Travel,Card,Emp_074,INV-Vendor_026-751220,0,normal,25,2417.752,-346.3420000000001,0,1,0
TX-001476,2024-01-05 19:13:00,1036.26,Vendor_098,Operations,Payroll,Check,Emp_063,INV-Vendor_098-952102,0,normal,33,3524.635628271743,-2488.375628271743,0,2,0
TX-001477,2024-02-23 15:59:00,2352.92,Vendor_012,Operations,Supplies,Wire,Emp_009,INV-Vendor_012-262585,0,normal,32,2499.3235160701242,-146.40351607012417,0,1,0
TX-001478,2024-02-25 19:58:00,1586.17,Vendor_060,Operations,Consulting,Check,Emp_012,INV-Vendor_060-640667,0,normal,28,3524.8804552927822,-1938.7104552927822,0,7,0
TX-001479,2024-01-15 11:22:00,4387.99,Vendor_070,Engineering,Payroll,Check,Emp_094,INV-Vendor_070-587037,0,normal,27,2500.182222222222,1887.8077777777776,0,5,0
TX-001480,2024-01-25 05:27:00,4720.83,Vendor_031,Legal,Consulting,Wire,Emp_108,INV-Vendor_031-516747,0,normal,37,2623.9062292690023,2096.9237707309976,0,4,0
TX-001481,2024-01-17 09:54:00,4127.64,Vendor_036,Legal,IT,Wire,Emp_089,INV-Vendor_036-726676,0,normal,32,3055.038064516129,1072.6019354838713,0,7,0
TX-001482,2024-01-10 08:38:00,1749.44,Vendor_076,Finance,Travel,Check,Emp_028,INV-Vendor_076-365720,1,high_frequency,30,2646.702525461832,-897.262525461832,0,5,0
TX-001483,2024-01-08 20:58:00,1065.68,Vendor_090,Engineering,IT,Wire,Emp_017,INV-Vendor_090-443905,0,normal,25,3892.3379999999997,-2826.6579999999994,0,2,0
TX-001484,2024-01-04 02:05:00,1264.43,Vendor_033,HR,Travel,Wire,Emp_096,INV-Vendor_033-785270,0,normal,28,2550.7607142857146,-1286.3307142857145,0,4,0
TX-001485,2024-01-20 22:33:00,2335.43,Vendor_061,Sales,Consulting,Wire,Emp_077,INV-Vendor_061-763515,0,normal,41,3458.074275803163,-1122.644275803163,0,1,0
TX-001486,2024-01-20 04:19:00,1988.49,Vendor_098,Sales,IT,Wire,Emp_004,INV-Vendor_098-956050,0,normal,33,3524.635628271743,-1536.145628271743,0,1,0
TX-001487,2024-02-10 13:17:00,2388.01,Vendor_051,Sales,Operations,Check,Emp_011,INV-Vendor_051-260232,0,normal,33,3471.1343740931966,-1083.1243740931964,0,1,0
TX-001488,2024-01-30 18:14:00,4784.49,Vendor_016,Operations,Travel,ACH,Emp_090,INV-Vendor_016-516342,0,normal,42,4104.852509181274,679.6374908187254,0,5,0
TX-001489,2024-01-06 00:02:00,25830.249513486735,Vendor_007,Sales,Operations,Check,Emp_115,INV-Vendor_007-778005,1,high_amount,34,3137.7673386319625,22692.482174854773,0,4,0
TX-001490,2024-01-18 06:46:00,4923.29,Vendor_038,Marketing,Payroll,Card,Emp_107,INV-Vendor_038-366237,0,normal,26,2540.0492307692307,2383.2407692307693,0,1,0
TX-001491,2024-01-09 23:31:00,4941.6,Vendor_025,Finance,Operations,Wire,Emp_052,INV-Vendor_025-839962,0,normal,44,2815.369772727273,2126.2302272727275,0,1,0
TX-001492,2024-02-29 20:42:00,4556.8,Vendor_007,Sales,Consulting,Check,Emp_109,INV-Vendor_007-138242,0,normal,34,3137.7673386319625,1419.0326613680377,0,4,0
TX-001493,2024-01-29 18:13:00,1231.84,Vendor_060,HR,Consulting,ACH,Emp_095,INV-Vendor_060-224275,0,normal,28,3524.8804552927822,-2293.040455292782,0,8,0
TX-001494,2024-02-20 03:52:00,1105.71,Vendor_009,Engineering,Operations,Wire,Emp_111,INV-Vendor_009-998832,0,normal,23,2132.1145454545454,-1026.4045454545453,0,1,0
TX-001495,2024-02-16 18:37:00,12117.53288500389,Vendor_092,HR,Travel,ACH,Emp_013,INV-Vendor_092-115532,1,high_amount,32,2637.2259197610306,9480.306965242858,0,2,0
TX-001496,2024-01-07 07:48:00,1179.48,Vendor_007,Sales,Payroll,Card,Emp_098,INV-Vendor_007-774758,0,normal,34,3137.7673386319625,-1958.2873386319625,0,4,0
TX-001497,2024-01-24 05:44:00,4855.7,Vendor_020,Sales,Travel,ACH,Emp_052,INV-Vendor_020-195462,0,normal,37,4048.926765951174,806.773234048826,0,4,0
TX-001498,2024-02-16 04:21:00,4474.84,Vendor_065,HR,Travel,Wire,Emp_092,INV-Vendor_065-396636,0,normal,35,3155.7917276126786,1319.0482723873215,0,3,0
TX-001499,2024-02-29 12:18:00,2156.25,Vendor_058,Marketing,Consulting,Wire,Emp_055,INV-Vendor_058-411324,0,normal,34,2718.410294117647,-562.160294117647,0,2,0
TX-001500,2024-02-13 00:14:00,4881.85,Vendor_005,Marketing,Travel,ACH,Emp_096,INV-Vendor_005-305209,0,normal,32,4139.26089842047,742.5891015795305,0,2,0
TX-001501,2024-01-26 23:12:00,4360.09,Vendor_016,HR,Travel,Wire,Emp_105,INV-Vendor_016-172756,0,normal,42,4104.852509181274,255.23749081872575,0,5,0
TX-001502,2024-02-22 03:27:00,2387.21,Vendor_006,Engineering,Travel,Card,Emp_013,INV-Vendor_006-668394,0,normal,21,4452.1197045024655,-2064.9097045024655,0,7,0
TX-001503,2024-02-04 00:41:00,4537.92,Vendor_033,Sales,Travel,ACH,Emp_096,INV-Vendor_033-595318,0,normal,28,2550.7607142857146,1987.1592857142855,0,4,0
TX-001504,2024-01-06 11:31:00,1258.04,Vendor_060,Operations,IT,Wire,Emp_053,INV-Vendor_060-853917,0,normal,28,3524.8804552927822,-2266.8404552927823,0,7,0
TX-001505,2024-02-23 14:19:00,2767.3,Vendor_073,HR,IT,Wire,Emp_034,INV-Vendor_073-464346,0,normal,30,2825.4158620689655,-58.11586206896527,0,9,0
TX-001506,2024-01-21 21:38:00,4539.23,Vendor_032,Engineering,Operations,Card,Emp_065,INV-Vendor_032-215543,0,normal,39,2537.203758786566,2002.0262412134334,0,13,0
TX-001507,2024-02-24 17:46:00,162.75,Vendor_007,Finance,Payroll,Check,Emp_109,INV-Vendor_007-827201,0,normal,34,3137.7673386319625,-2975.0173386319625,0,4,0
TX-001508,2024-02-02 21:50:00,2677.84,Vendor_035,HR,Supplies,Wire,Emp_085,INV-Vendor_035-374685,0,normal,35,2498.9767647058825,178.86323529411766,0,4,0
TX-001509,2024-01-07 13:36:00,2784.18,Vendor_063,Engineering,Supplies,Check,Emp_016,INV-Vendor_063-421329,0,normal,30,2872.7581223683005,-88.57812236830068,0,6,0
TX-001510,2024-01-22 03:10:00,1432.41,Vendor_007,Support,Operations,Check,Emp_081,INV-Vendor_007-880649,0,normal,34,3137.7673386319625,-1705.3573386319624,0,5,0
TX-001511,2024-01-25 04:47:00,15664.395855907085,Vendor_NEW_1511,Operations,Consulting,ACH,Emp_111,INV-Vendor_024-592638,1,new_vendor_high,1,15664.395855907085,0.0,0,1,0
TX-001512,2024-01-12 18:26:00,3588.31,Vendor_061,Engineering,Supplies,Wire,Emp_056,INV-Vendor_061-967398,0,normal,41,3458.074275803163,130.23572419683705,0,2,0
TX-001513,2024-01-19 22:57:00,4749.88,Vendor_086,Engineering,Consulting,ACH,Emp_068,INV-Vendor_086-274785,0,normal,35,3206.610882352941,1543.269117647059,0,5,0
TX-001514,2024-02-05 18:52:00,4874.36,Vendor_049,Finance,Supplies,Check,Emp_108,INV-Vendor_049-250702,0,normal,35,2968.721142857143,1905.6388571428565,0,4,0
TX-001515,2024-01-27 10:19:00,1833.1,Vendor_100,Engineering,Operations,ACH,Emp_068,INV-Vendor_100-208414,0,normal,26,2712.692692307692,-879.5926923076922,0,2,0
TX-001516,2024-02-17 05:31:00,4353.91,Vendor_092,HR,Consulting,Card,Emp_011,INV-Vendor_092-408678,0,normal,32,2637.2259197610306,1716.6840802389693,0,1,0
TX-001517,2024-01-24 02:58:00,13890.138585783501,Vendor_016,Sales,Consulting,Card,Emp_077,INV-Vendor_016-891512,1,high_amount,42,4104.852509181274,9785.286076602228,0,4,0
TX-001518,2024-01-22 12:31:00,4148.55,Vendor_071,Support,Operations,Wire,Emp_032,INV-Vendor_071-219356,0,normal,30,2482.368888888889,1666.181111111111,0,7,0
TX-001519,2024-01-21 10:24:00,677.75,Vendor_035,Support,IT,Check,Emp_029,INV-Vendor_035-496850,0,normal,35,2498.9767647058825,-1821.2267647058825,0,6,0
TX-001520,2024-02-29 02:34:00,875.12,Vendor_066,Engineering,Travel,Wire,Emp_001,INV-Vendor_066-544061,0,normal,32,2144.8066657789423,-1269.6866657789424,0,4,0
TX-001521,2024-01-16 16:14:00,870.71,Vendor_057,Finance,IT,Card,Emp_034,INV-Vendor_057-333388,0,normal,28,3861.44182160464,-2990.73182160464,0,5,0
TX-001522,2024-01-28 09:47:00,1706.59,Vendor_052,Support,Travel,Check,Emp_021,INV-Vendor_052-633201,0,normal,27,3824.131111111111,-2117.5411111111107,0,4,0
TX-001523,2024-01-20 10:34:00,3355.16,Vendor_038,Marketing,Payroll,ACH,Emp_037,INV-Vendor_038-270748,0,normal,26,2540.0492307692307,815.1107692307692,0,1,0
TX-001524,2024-02-19 15:09:00,4021.27,Vendor_085,Engineering,Supplies,Check,Emp_094,INV-Vendor_085-428845,0,normal,28,3183.8122633457456,837.4577366542544,0,6,0
TX-001525,2024-02-19 20:19:00,245.48,Vendor_039,Sales,Travel,Check,Emp_002,INV-Vendor_039-894970,0,normal,23,2600.143043478261,-2354.663043478261,0,1,0
TX-001526,2024-02-04 07:09:00,1133.8,Vendor_067,HR,Supplies,Wire,Emp_051,INV-Vendor_067-770313,0,normal,44,2993.467335565413,-1859.6673355654132,0,2,0
TX-001527,2024-02-18 20:42:00,2831.29,Vendor_014,Finance,Payroll,ACH,Emp_016,INV-Vendor_014-900871,0,normal,36,2134.2634285714284,697.0265714285715,0,1,0
TX-001528,2024-01-25 14:08:00,3273.05,Vendor_020,Engineering,Travel,Check,Emp_025,INV-Vendor_020-425273,0,normal,37,4048.926765951174,-775.8767659511736,0,4,0
TX-001529,2024-02-15 15:45:00,4391.39,Vendor_020,Finance,Operations,Wire,Emp_044,INV-Vendor_020-312878,0,normal,37,4048.926765951174,342.4632340488265,0,5,0
TX-001530,2024-01-17 04:41:00,2042.42,Vendor_070,HR,Consulting,Card,Emp_013,INV-Vendor_070-729303,0,normal,27,2500.182222222222,-457.76222222222214,0,4,0
TX-001531,2024-01-02 06:55:00,835.15,Vendor_005,Engineering,Consulting,Check,Emp_012,INV-Vendor_005-589443,0,normal,32,4139.26089842047,-3304.1108984204698,0,1,0
TX-001532,2024-01-02 05:22:00,1507.19,Vendor_010,Engineering,Payroll,Check,Emp_085,INV-Vendor_010-644583,0,normal,22,2547.3354466749174,-1040.1454466749174,0,2,0
TX-001533,2024-01-16 02:19:00,1157.77,Vendor_054,Finance,Supplies,Check,Emp_067,INV-Vendor_054-142662,0,normal,23,3005.8517391304345,-1848.0817391304345,0,1,0
TX-001534,2024-01-21 01:32:00,436.71,Vendor_015,Sales,Consulting,Wire,Emp_114,INV-Vendor_015-201858,0,normal,31,2923.1236666666664,-2486.4136666666664,0,2,0
TX-001535,2024-02-08 09:57:00,17329.925169403832,Vendor_NEW_1535,Engineering,Travel,ACH,Emp_111,INV-Vendor_084-366354,1,new_vendor_high,1,17329.925169403832,0.0,0,2,0
TX-001536,2024-01-22 08:47:00,1296.79,Vendor_048,HR,Supplies,Card,Emp_005,INV-Vendor_048-135231,0,normal,23,3207.9171428571435,-1911.1271428571436,0,1,0
TX-001537,2024-02-17 03:57:00,1365.95,Vendor_050,Legal,Payroll,Card,Emp_067,INV-Vendor_050-273496,0,normal,26,2861.6157661684847,-1495.6657661684847,0,1,0
TX-001538,2024-01-16 12:59:00,117.67,Vendor_002,Legal,Travel,Check,Emp_040,INV-Vendor_002-864610,0,normal,29,2921.2093209032923,-2803.5393209032923,0,4,0
TX-001539,2024-01-16 18:19:00,2312.15,Vendor_006,Legal,Travel,Card,Emp_009,INV-Vendor_006-809640,0,normal,21,4452.1197045024655,-2139.9697045024654,0,7,0
TX-001540,2024-02-11 13:17:00,3307.13,Vendor_009,Operations,Consulting,Check,Emp_045,INV-Vendor_009-565368,0,normal,23,2132.1145454545454,1175.0154545454548,0,1,0
TX-001541,2024-01-30 07:22:00,3679.85,Vendor_069,Support,Travel,Wire,Emp_093,INV-Vendor_069-523877,0,normal,24,2413.8735,1265.9764999999998,0,1,0
TX-001542,2024-01-26 17:21:00,910.21,Vendor_058,Operations,Operations,Check,Emp_060,INV-Vendor_058-771899,0,normal,34,2718.410294117647,-1808.200294117647,0,2,0
TX-001543,2024-02-02 19:28:00,415.09,Vendor_024,Legal,Consulting,ACH,Emp_076,INV-Vendor_024-533375,0,normal,22,3212.8424589157476,-2797.7524589157474,0,1,0
TX-001544,2024-01-17 07:36:00,3684.42,Vendor_067,Marketing,Payroll,Card,Emp_009,INV-Vendor_067-638207,0,normal,44,2993.467335565413,690.952664434587,0,2,0
TX-001545,2024-01-13 14:54:00,4268.3,Vendor_075,Operations,IT,Wire,Emp_033,INV-Vendor_075-195821,0,normal,31,2556.1941935483874,1712.1058064516128,0,1,0
TX-001546,2024-02-21 21:15:00,3733.73,Vendor_008,Sales,IT,Card,Emp_028,INV-Vendor_008-821034,0,normal,38,2659.1583783783785,1074.5716216216215,0,12,0
TX-001547,2024-02-23 08:10:00,2299.86,Vendor_023,Engineering,Supplies,Wire,Emp_038,INV-Vendor_023-714637,0,normal,34,2735.677272727273,-435.81727272727267,0,4,0
TX-001548,2024-02-18 17:05:00,4000.66,Vendor_042,Engineering,IT,Card,Emp_101,INV-Vendor_042-483176,0,normal,30,3465.2441635710875,535.4158364289124,0,7,0
TX-001549,2024-02-13 09:51:00,2563.99,Vendor_031,Support,IT,Card,Emp_053,INV-Vendor_031-248795,0,normal,37,2623.9062292690023,-59.91622926900254,0,4,0
TX-001550,2024-02-17 19:16:00,4414.18,Vendor_028,Finance,Supplies,Check,Emp_034,INV-Vendor_028-556170,0,normal,37,3803.5322467308665,610.6477532691338,0,6,0
TX-001551,2024-01-10 16:42:00,3497.82,Vendor_087,HR,Consulting,ACH,Emp_085,INV-Vendor_087-679280,0,normal,26,2325.0704,1172.7496,0,4,0
TX-001552,2024-02-12 04:53:00,816.48,Vendor_057,Engineering,Payroll,Wire,Emp_077,INV-Vendor_016-105329,1,duplicate_invoice,28,3861.44182160464,-3044.96182160464,0,4,1
TX-001553,2024-01-10 07:27:00,4752.62,Vendor_084,Sales,Consulting,Card,Emp_065,INV-Vendor_084-557424,0,normal,44,3595.354474626231,1157.265525373769,0,2,0
TX-001554,2024-01-07 23:06:00,865.07,Vendor_095,HR,Travel,Check,Emp_073,INV-Vendor_095-334856,0,normal,42,2756.728095238095,-1891.658095238095,0,5,0
TX-001555,2024-02-15 10:10:00,4242.61,Vendor_027,HR,Payroll,Wire,Emp_058,INV-Vendor_027-706846,0,normal,24,4649.952627401481,-407.34262740148097,0,14,0
TX-001556,2024-01-31 02:02:00,1412.72,Vendor_064,Marketing,Operations,ACH,Emp_084,INV-Vendor_064-399129,0,normal,33,2813.544242424243,-1400.8242424242428,0,1,0
TX-001557,2024-01-17 23:54:00,4135.81,Vendor_089,HR,IT,Check,Emp_065,INV-Vendor_044-351315,1,duplicate_invoice,29,4049.3871695268895,86.42283047311093,0,7,1
TX-001558,2024-02-29 15:38:00,1943.23,Vendor_077,Sales,Consulting,Wire,Emp_076,INV-Vendor_044-351315,1,duplicate_invoice,33,3274.230606060606,-1331.000606060606,0,1,1
TX-001559,2024-01-28 18:50:00,16613.81078651897,Vendor_016,Engineering,Payroll,ACH,Emp_048,INV-Vendor_016-456262,1,high_amount,42,4104.852509181274,12508.958277337697,0,4,0
TX-001560,2024-02-24 11:01:00,2324.49,Vendor_061,Legal,Supplies,ACH,Emp_100,INV-Vendor_061-247601,0,normal,41,3458.074275803163,-1133.584275803163,0,2,0
TX-001561,2024-02-05 02:54:00,4709.76,Vendor_008,Sales,IT,Check,Emp_007,INV-Vendor_008-742774,0,normal,38,2659.1583783783785,2050.6016216216217,0,10,0
TX-001562,2024-01-11 05:05:00,3333.14,Vendor_055,Marketing,IT,Check,Emp_101,INV-Vendor_055-561868,0,normal,35,2730.5511428571426,602.5888571428573,0,14,0
TX-001563,2024-01-22 20:18:00,1390.89,Vendor_055,Sales,Supplies,Wire,Emp_103,INV-Vendor_055-837103,0,normal,35,2730.5511428571426,-1339.6611428571425,0,15,0
TX-001564,2024-02-11 19:57:00,3396.17,Vendor_096,Support,Operations,Wire,Emp_054,INV-Vendor_055-517522,1,duplicate_invoice,35,3281.264857142857,114.90514285714289,0,5,1
TX-001565,2024-01-06 11:11:00,2866.84,Vendor_072,Sales,IT,Wire,Emp_118,INV-Vendor_072-883180,0,normal,21,2526.322857142857,340.51714285714297,0,2,0
TX-001566,2024-01-09 18:35:00,4347.56,Vendor_069,Engineering,IT,Card,Emp_047,INV-Vendor_069-884701,0,normal,24,2413.8735,1933.6865000000003,0,1,0
TX-001567,2024-02-27 21:35:00,2470.69,Vendor_067,Legal,Payroll,Wire,Emp_083,INV-Vendor_067-156088,0,normal,44,2993.467335565413,-522.7773355654131,0,1,0
TX-001568,2024-01-16 15:01:00,3714.41,Vendor_059,HR,Supplies,Wire,Emp_093,INV-Vendor_059-660068,0,normal,15,4133.840666666667,-419.4306666666671,0,2,0
TX-001569,2024-02-14 04:54:00,286.81,Vendor_097,HR,Supplies,Card,Emp_018,INV-Vendor_097-805465,0,normal,24,2534.625652173913,-2247.815652173913,0,4,0
TX-001570,2024-01-31 15:06:00,4182.72,Vendor_036,Finance,Payroll,ACH,Emp_060,INV-Vendor_036-463578,0,normal,32,3055.038064516129,1127.6819354838713,0,4,0
TX-001571,2024-01-10 09:46:00,3783.23,Vendor_061,Support,Consulting,Wire,Emp_078,INV-Vendor_061-714679,0,normal,41,3458.074275803163,325.1557241968371,0,1,0
TX-001572,2024-02-24 11:04:00,1594.46,Vendor_083,Finance,Operations,Check,Emp_054,INV-Vendor_083-284331,0,normal,25,2850.515,-1256.0549999999998,0,4,0
TX-001573,2024-02-25 15:53:00,286.97,Vendor_083,Marketing,Consulting,Card,Emp_047,INV-Vendor_083-181375,0,normal,25,2850.515,-2563.545,0,4,0
TX-001574,2024-01-22 06:48:00,2119.21,Vendor_024,Operations,Travel,Check,Emp_054,INV-Vendor_024-623151,0,normal,22,3212.8424589157476,-1093.6324589157475,0,2,0
TX-001575,2024-01-11 08:54:00,3706.73,Vendor_095,Finance,Consulting,Wire,Emp_098,INV-Vendor_095-586224,0,normal,42,2756.728095238095,950.0019047619048,0,4,0
TX-001576,2024-02-25 20:01:00,4340.86,Vendor_074,Support,IT,ACH,Emp_111,INV-Vendor_074-398379,1,high_frequency,34,3705.2793562097586,635.5806437902411,0,7,0
TX-001577,2024-01-29 10:51:00,4461.03,Vendor_092,Finance,Travel,ACH,Emp_032,INV-Vendor_092-650795,0,normal,32,2637.2259197610306,1823.8040802389692,0,1,0
TX-001578,2024-01-01 13:30:00,1121.93,Vendor_073,Sales,IT,Check,Emp_022,INV-Vendor_073-939430,0,normal,30,2825.4158620689655,-1703.4858620689654,0,7,0
TX-001579,2024-02-18 01:12:00,4670.37,Vendor_005,Engineering,IT,ACH,Emp_079,INV-Vendor_005-946620,0,normal,32,4139.26089842047,531.10910157953,0,1,0
TX-001580,2024-02-05 12:15:00,20000.0,Vendor_057,Legal,Supplies,Check,Emp_087,INV-Vendor_057-211854,1,round_number,28,3861.44182160464,16138.55817839536,1,4,0
TX-001581,2024-02-20 17:56:00,687.87,Vendor_019,HR,Payroll,ACH,Emp_042,INV-Vendor_019-827873,0,normal,31,2977.7130705628747,-2289.843070562875,0,12,0
TX-001582,2024-02-05 04:08:00,192.18,Vendor_014,Marketing,Payroll,Card,Emp_003,INV-Vendor_014-797908,0,normal,36,2134.2634285714284,-1942.0834285714284,0,2,0
TX-001583,2024-01-12 13:02:00,4851.21,Vendor_053,Sales,Travel,Check,Emp_025,INV-Vendor_053-919314,0,normal,32,5061.836796882053,-210.626796882053,0,1,0
TX-001584,2024-02-13 08:07:00,1382.28,Vendor_018,HR,Payroll,Card,Emp_089,INV-Vendor_018-900252,0,normal,25,3244.913714910847,-1862.633714910847,0,1,0
TX-001585,2024-01-15 06:16:00,3439.85,Vendor_016,Sales,Consulting,Wire,Emp_031,INV-Vendor_016-654914,0,normal,42,4104.852509181274,-665.0025091812745,0,4,0
TX-001586,2024-02-06 19:51:00,4339.45,Vendor_086,Marketing,IT,Wire,Emp_089,INV-Vendor_086-103005,0,normal,35,3206.610882352941,1132.8391176470586,0,5,0
TX-001587,2024-01-17 21:30:00,109.97,Vendor_078,Finance,Payroll,ACH,Emp_013,INV-Vendor_078-989344,0,normal,25,3293.4391947043987,-3183.469194704399,0,1,0
TX-001588,2024-01-05 22:32:00,4010.56,Vendor_098,Finance,IT,Card,Emp_053,INV-Vendor_098-234714,0,normal,33,3524.635628271743,485.92437172825703,0,2,0
TX-001589,2024-02-21 11:09:00,993.71,Vendor_025,Marketing,Operations,Wire,Emp_016,INV-Vendor_025-487313,0,normal,44,2815.369772727273,-1821.6597727272729,0,2,0
TX-001590,2024-01-07 03:04:00,4682.67,Vendor_035,Sales,Operations,Card,Emp_094,INV-Vendor_035-657437,0,normal,35,2498.9767647058825,2183.6932352941176,0,5,0
TX-001591,2024-01-07 16:03:00,2318.54,Vendor_077,Sales,Operations,Check,Emp_097,INV-Vendor_077-550736,0,normal,33,3274.230606060606,-955.6906060606061,0,3,0
TX-001592,2024-01-27 09:15:00,1305.08,Vendor_085,Engineering,IT,Check,Emp_057,INV-Vendor_085-572925,0,normal,28,3183.8122633457456,-1878.7322633457457,0,7,0
TX-001593,2024-01-05 11:16:00,526.97,Vendor_092,Support,Consulting,Check,Emp_057,INV-Vendor_092-258093,0,normal,32,2637.2259197610306,-2110.255919761031,0,1,0
TX-001594,2024-01-05 02:43:00,3420.05,Vendor_032,Marketing,Supplies,Check,Emp_023,INV-Vendor_032-211663,1,high_frequency,39,2537.203758786566,882.846241213434,0,14,0
TX-001595,2024-02-21 05:15:00,1488.61,Vendor_018,Marketing,Payroll,ACH,Emp_014,INV-Vendor_018-507025,0,normal,25,3244.913714910847,-1756.303714910847,0,1,0
TX-001596,2024-01-29 09:32:00,4424.71,Vendor_015,Support,Consulting,Card,Emp_077,INV-Vendor_015-917743,0,normal,31,2923.1236666666664,1501.5863333333336,0,1,0
TX-001597,2024-01-04 05:49:00,3643.82,Vendor_037,Finance,Supplies,Wire,Emp_023,INV-Vendor_037-119943,0,normal,34,2707.582727272727,936.2372727272732,0,7,0
TX-001598,2024-01-20 18:45:00,17298.538826118027,Vendor_NEW_1598,HR,Travel,Check,Emp_098,INV-Vendor_016-180289,1,new_vendor_high,1,17298.538826118027,0.0,0,1,0
TX-001599,2024-02-03 05:58:00,3378.54,Vendor_025,Operations,IT,Check,Emp_076,INV-Vendor_025-862622,0,normal,44,2815.369772727273,563.1702272727271,0,3,0
TX-001600,2024-01-05 05:52:00,3770.33,Vendor_085,Finance,Payroll,Check,Emp_093,INV-Vendor_085-791359,0,normal,28,3183.8122633457456,586.5177366542543,0,4,0
TX-001601,2024-02-29 07:10:00,1668.51,Vendor_075,Engineering,Supplies,Card,Emp_013,INV-Vendor_075-521355,0,normal,31,2556.1941935483874,-887.6841935483874,0,1,0
TX-001602,2024-01-10 19:42:00,507.61,Vendor_092,Marketing,Travel,ACH,Emp_094,INV-Vendor_092-196013,0,normal,32,2637.2259197610306,-2129.6159197610305,0,3,0
TX-001603,2024-02-19 19:25:00,4553.15,Vendor_044,HR,Travel,Card,Emp_031,INV-Vendor_044-251524,0,normal,35,3137.537058823529,1415.6129411764705,0,4,0
TX-001604,2024-02-13 02:46:00,3645.06,Vendor_088,Support,Travel,ACH,Emp_075,INV-Vendor_088-354064,0,normal,28,2593.798461538461,1051.2615384615387,0,4,0
TX-001605,2024-02-28 22:11:00,3403.16,Vendor_098,Marketing,IT,ACH,Emp_017,INV-Vendor_098-403440,0,normal,33,3524.635628271743,-121.47562827174306,0,1,0
TX-001606,2024-02-10 23:35:00,322.39,Vendor_035,Sales,Consulting,Check,Emp_042,INV-Vendor_035-893154,0,normal,35,2498.9767647058825,-2176.5867647058826,0,5,0
TX-001607,2024-02-11 06:21:00,10000.0,Vendor_093,HR,Travel,Check,Emp_090,INV-Vendor_093-341754,1,round_number,24,2552.386956521739,7447.613043478261,1,5,0
TX-001608,2024-01-22 22:54:00,2393.19,Vendor_002,Engineering,Payroll,Wire,Emp_058,INV-Vendor_002-265999,0,normal,29,2921.2093209032923,-528.0193209032923,0,7,0
TX-001609,2024-01-26 12:38:00,2977.55,Vendor_031,Operations,Travel,Wire,Emp_074,INV-Vendor_031-541148,0,normal,37,2623.9062292690023,353.64377073099786,0,5,0
TX-001610,2024-02-02 08:12:00,3409.15,Vendor_084,Engineering,Consulting,Check,Emp_116,INV-Vendor_084-243869,0,normal,44,3595.354474626231,-186.20447462623088,0,1,0
TX-001611,2024-01-28 17:01:00,162.46,Vendor_011,Finance,Operations,Card,Emp_002,INV-Vendor_011-855661,0,normal,34,2846.199411764706,-2683.739411764706,0,7,0
TX-001612,2024-01-15 15:24:00,2777.84,Vendor_005,Operations,Consulting,Check,Emp_076,INV-Vendor_005-280545,0,normal,32,4139.26089842047,-1361.4208984204697,0,1,0
TX-001613,2024-01-30 01:00:00,4903.53,Vendor_036,HR,Travel,Check,Emp_072,INV-Vendor_036-470848,0,normal,32,3055.038064516129,1848.4919354838707,0,5,0
TX-001614,2024-02-23 09:25:00,4361.53,Vendor_028,Marketing,Travel,ACH,Emp_057,INV-Vendor_028-249824,0,normal,37,3803.5322467308665,557.9977532691332,0,4,0
TX-001615,2024-01-10 21:53:00,4557.92,Vendor_030,HR,Travel,Card,Emp_111,INV-Vendor_047-896560,1,duplicate_invoice,23,3033.8827608649813,1524.0372391350188,0,7,1
TX-001616,2024-01-30 00:01:00,3656.51,Vendor_015,Finance,IT,Wire,Emp_087,INV-Vendor_015-534525,0,normal,31,2923.1236666666664,733.3863333333338,0,1,0
TX-001617,2024-02-23 05:13:00,3275.26,Vendor_041,Marketing,Travel,Card,Emp_052,INV-Vendor_041-686854,0,normal,31,2695.650967741936,579.6090322580644,0,1,0
TX-001618,2024-01-06 19:03:00,2829.85,Vendor_080,Support,IT,ACH,Emp_096,INV-Vendor_080-622259,0,normal,29,2652.113793103448,177.73620689655172,0,2,0
TX-001619,2024-01-28 09:56:00,2991.31,Vendor_098,Marketing,Consulting,ACH,Emp_004,INV-Vendor_098-485459,0,normal,33,3524.635628271743,-533.325628271743,0,1,0
TX-001620,2024-01-22 01:21:00,1545.56,Vendor_059,Support,Supplies,Wire,Emp_103,INV-Vendor_059-980350,0,normal,15,4133.840666666667,-2588.280666666667,0,2,0
TX-001621,2024-03-01 23:19:00,1790.3,Vendor_100,Finance,Payroll,Check,Emp_100,INV-Vendor_100-312117,0,normal,26,2712.692692307692,-922.3926923076922,0,1,0
TX-001622,2024-01-06 01:31:00,3481.76,Vendor_054,Legal,Operations,Check,Emp_055,INV-Vendor_054-515449,0,normal,23,3005.8517391304345,475.90826086956577,0,1,0
TX-001623,2024-01-30 12:46:00,3156.91,Vendor_047,Sales,Supplies,Check,Emp_026,INV-Vendor_047-479343,0,normal,33,2865.957997719541,290.95200228045906,0,11,0
TX-001624,2024-02-16 21:12:00,1364.76,Vendor_017,Finance,Travel,Wire,Emp_027,INV-Vendor_017-597157,0,normal,27,2857.5396296296294,-1492.7796296296294,0,4,0
TX-001625,2024-01-10 00:25:00,3712.92,Vendor_081,Support,IT,ACH,Emp_082,INV-Vendor_081-227053,0,normal,30,3787.006065906091,-74.08606590609088,0,4,0
TX-001626,2024-01-15 03:44:00,4818.31,Vendor_070,Operations,IT,ACH,Emp_023,INV-Vendor_070-283230,0,normal,27,2500.182222222222,2318.127777777778,0,5,0
TX-001627,2024-02-02 18:16:00,4495.19,Vendor_025,Legal,Operations,ACH,Emp_035,INV-Vendor_025-306943,0,normal,44,2815.369772727273,1679.8202272727267,0,1,0
TX-001628,2024-03-01 18:23:00,4281.14,Vendor_010,Engineering,Consulting,Check,Emp_026,INV-Vendor_010-527740,0,normal,22,2547.3354466749174,1733.804553325083,0,1,0
TX-001629,2024-02-24 19:07:00,2678.54,Vendor_070,Finance,Travel,ACH,Emp_078,INV-Vendor_070-645738,0,normal,27,2500.182222222222,178.35777777777776,0,6,0
TX-001630,2024-02-25 12:57:00,3159.08,Vendor_096,HR,Payroll,Wire,Emp_063,INV-Vendor_096-998677,0,normal,35,3281.264857142857,-122.18485714285725,0,4,0
TX-001631,2024-01-09 07:57:00,2566.9,Vendor_006,HR,IT,ACH,Emp_102,INV-Vendor_006-157340,0,normal,21,4452.1197045024655,-1885.2197045024654,0,8,0
TX-001632,2024-02-17 02:27:00,1796.4,Vendor_095,Operations,IT,Card,Emp_072,INV-Vendor_095-635591,0,normal,42,2756.728095238095,-960.3280952380951,0,4,0
TX-001633,2024-02-07 16:58:00,1410.27,Vendor_058,Sales,Travel,Wire,Emp_083,INV-Vendor_058-647191,0,normal,34,2718.410294117647,-1308.140294117647,0,3,0
TX-001634,2024-01-23 21:53:00,2477.16,Vendor_022,Sales,Consulting,Wire,Emp_108,INV-Vendor_022-654079,0,normal,33,2766.22851906831,-289.06851906831025,0,2,0
TX-001635,2024-01-27 22:47:00,1540.94,Vendor_066,HR,Payroll,Check,Emp_084,INV-Vendor_066-988348,0,normal,32,2144.8066657789423,-603.8666657789422,0,4,0
TX-001636,2024-01-05 09:49:00,1204.95,Vendor_009,HR,Payroll,ACH,Emp_067,INV-Vendor_018-683114,1,duplicate_invoice,23,2132.1145454545454,-927.1645454545453,0,2,1
TX-001637,2024-02-25 14:47:00,1492.28,Vendor_042,Support,Payroll,ACH,Emp_104,INV-Vendor_042-680172,0,normal,30,3465.2441635710875,-1972.9641635710875,0,9,0
TX-001638,2024-02-15 13:33:00,4300.32,Vendor_067,Engineering,Operations,Wire,Emp_051,INV-Vendor_067-228120,0,normal,44,2993.467335565413,1306.8526644345866,0,4,0
TX-001639,2024-01-08 19:46:00,1720.48,Vendor_051,Legal,Travel,ACH,Emp_035,INV-Vendor_051-904429,0,normal,33,3471.1343740931966,-1750.6543740931966,0,2,0
TX-001640,2024-01-27 02:23:00,2854.53,Vendor_061,Engineering,Payroll,Wire,Emp_030,INV-Vendor_061-793346,0,normal,41,3458.074275803163,-603.5442758031627,0,3,0
TX-001641,2024-01-31 20:24:00,1097.35,Vendor_035,Finance,IT,Card,Emp_115,INV-Vendor_035-327154,0,normal,35,2498.9767647058825,-1401.6267647058826,0,4,0
TX-001642,2024-02-16 20:12:00,4733.36,Vendor_080,Support,Payroll,ACH,Emp_089,INV-Vendor_080-240836,0,normal,29,2652.113793103448,2081.2462068965515,0,2,0
TX-001643,2024-01-28 23:21:00,2010.79,Vendor_009,Legal,IT,Check,Emp_013,INV-Vendor_009-381863,0,normal,23,2132.1145454545454,-121.32454545454539,0,1,0
TX-001644,2024-02-10 04:52:00,2596.13,Vendor_061,Finance,Payroll,Card,Emp_114,INV-Vendor_061-236622,0,normal,41,3458.074275803163,-861.9442758031628,0,2,0
TX-001645,2024-01-10 07:11:00,3684.19,Vendor_054,Engineering,IT,Wire,Emp_037,INV-Vendor_054-603406,0,normal,23,3005.8517391304345,678.3382608695656,0,1,0
TX-001646,2024-02-01 06:11:00,24130.237472194705,Vendor_053,Sales,Payroll,ACH,Emp_062,INV-Vendor_053-773154,1,high_amount,32,5061.836796882053,19068.400675312652,0,1,0
TX-001647,2024-01-14 19:43:00,2300.15,Vendor_058,Legal,Payroll,Check,Emp_115,INV-Vendor_058-415240,0,normal,34,2718.410294117647,-418.26029411764694,0,1,0
TX-001648,2024-02-29 18:32:00,3263.78,Vendor_003,Legal,IT,ACH,Emp_059,INV-Vendor_003-435917,0,normal,27,2746.7746153846156,517.0053846153846,0,4,0
TX-001649,2024-02-20 06:18:00,5000.0,Vendor_048,HR,IT,ACH,Emp_114,INV-Vendor_048-487916,1,round_number,23,3207.9171428571435,1792.0828571428565,1,1,0
TX-001650,2024-01-18 06:15:00,613.64,Vendor_090,Finance,Consulting,Check,Emp_092,INV-Vendor_090-125032,0,normal,25,3892.3379999999997,-3278.698,0,1,0
TX-001651,2024-02-23 12:24:00,4096.02,Vendor_093,Finance,Consulting,ACH,Emp_113,INV-Vendor_093-932722,0,normal,24,2552.386956521739,1543.6330434782612,0,4,0
TX-001652,2024-02-03 03:56:00,4402.4,Vendor_043,Operations,IT,Check,Emp_014,INV-Vendor_043-104991,0,normal,36,3072.333244872456,1330.0667551275437,0,10,0
TX-001653,2024-02-15 11:00:00,16896.768043990665,Vendor_NEW_1653,Legal,Travel,Card,Emp_069,INV-Vendor_045-310911,1,new_vendor_high,1,16896.768043990665,0.0,0,7,0
TX-001654,2024-02-12 18:21:00,20211.1516372307,Vendor_024,Sales,Consulting,Check,Emp_057,INV-Vendor_024-992272,1,high_amount,22,3212.8424589157476,16998.309178314954,0,1,0
TX-001655,2024-01-20 15:07:00,2305.77,Vendor_063,Sales,Operations,Check,Emp_051,INV-Vendor_063-549688,0,normal,30,2872.7581223683005,-566.9881223683005,0,4,0
TX-001656,2024-02-13 15:27:00,4911.16,Vendor_068,Legal,Operations,Card,Emp_052,INV-Vendor_068-906687,0,normal,20,2901.888209334918,2009.2717906650819,0,1,0
TX-001657,2024-02-11 21:50:00,3691.71,Vendor_038,Support,Travel,ACH,Emp_013,INV-Vendor_038-321817,0,normal,26,2540.0492307692307,1151.6607692307693,0,1,0
TX-001658,2024-02-15 03:22:00,3899.93,Vendor_098,Legal,Operations,Card,Emp_057,INV-Vendor_098-553102,0,normal,33,3524.635628271743,375.2943717282569,0,2,0
TX-001659,2024-01-21 16:07:00,2225.82,Vendor_016,Operations,IT,ACH,Emp_051,INV-Vendor_016-229774,0,normal,42,4104.852509181274,-1879.0325091812742,0,5,0
TX-001660,2024-01-12 01:14:00,431.7,Vendor_008,Engineering,Operations,Check,Emp_024,INV-Vendor_008-958897,0,normal,38,2659.1583783783785,-2227.4583783783787,0,10,0
TX-001661,2024-01-23 19:22:00,1790.97,Vendor_034,Support,Travel,Wire,Emp_042,INV-Vendor_034-800263,0,normal,31,2820.5182405182827,-1029.5482405182827,0,1,0
TX-001662,2024-02-27 18:32:00,2491.31,Vendor_045,Engineering,Payroll,Check,Emp_077,INV-Vendor_045-802524,0,normal,34,3352.6271875,-861.3171875000003,0,10,0
TX-001663,2024-01-14 05:26:00,290.14,Vendor_091,Sales,Payroll,Card,Emp_059,INV-Vendor_091-175819,0,normal,23,2089.608260869565,-1799.4682608695653,0,10,0
TX-001664,2024-02-08 05:56:00,4857.94,Vendor_100,Sales,IT,ACH,Emp_061,INV-Vendor_100-834497,0,normal,26,2712.692692307692,2145.2473076923075,0,2,0
TX-001665,2024-02-04 16:32:00,1148.04,Vendor_100,Support,Travel,ACH,Emp_054,INV-Vendor_100-874546,0,normal,26,2712.692692307692,-1564.6526923076922,0,1,0
TX-001666,2024-02-29 12:49:00,861.8,Vendor_049,Sales,Payroll,Check,Emp_070,INV-Vendor_049-485920,0,normal,35,2968.721142857143,-2106.9211428571434,0,6,0
TX-001667,2024-01-18 12:15:00,2419.76,Vendor_034,HR,IT,Check,Emp_113,INV-Vendor_034-955602,0,normal,31,2820.5182405182827,-400.7582405182825,0,1,0
TX-001668,2024-01-28 13:01:00,2978.26,Vendor_046,Engineering,Payroll,Wire,Emp_120,INV-Vendor_046-746338,0,normal,33,3052.1432305611957,-73.88323056119543,0,6,0
TX-001669,2024-01-06 01:33:00,2330.67,Vendor_074,Sales,Consulting,Card,Emp_019,INV-Vendor_074-639953,0,normal,34,3705.2793562097586,-1374.6093562097585,0,7,0
TX-001670,2024-01-03 15:15:00,4606.27,Vendor_032,Sales,Travel,ACH,Emp_079,INV-Vendor_032-386393,0,normal,39,2537.203758786566,2069.0662412134343,0,13,0
TX-001671,2024-02-29 13:26:00,3776.38,Vendor_062,Support,Operations,Card,Emp_117,INV-Vendor_062-587111,0,normal,32,3565.037712437434,211.34228756256607,0,8,0
TX-001672,2024-01-07 17:13:00,2021.47,Vendor_032,Marketing,IT,Check,Emp_014,INV-Vendor_032-359310,0,normal,39,2537.203758786566,-515.7337587865661,0,13,0
TX-001673,2024-01-10 16:22:00,303.11,Vendor_047,Sales,IT,ACH,Emp_033,INV-Vendor_047-344272,0,normal,33,2865.957997719541,-2562.8479977195407,0,11,0
TX-001674,2024-02-23 22:39:00,853.08,Vendor_006,Operations,IT,Wire,Emp_053,INV-Vendor_006-705357,0,normal,21,4452.1197045024655,-3599.0397045024656,0,7,0
TX-001675,2024-02-21 01:02:00,11566.924714821504,Vendor_NEW_1675,Operations,Operations,Card,Emp_029,INV-Vendor_005-447832,1,new_vendor_high,1,11566.924714821504,0.0,0,1,0
TX-001676,2024-02-03 16:33:00,1931.9,Vendor_029,Marketing,Operations,Card,Emp_087,INV-Vendor_029-496611,0,normal,23,3015.4890476190476,-1083.5890476190475,0,1,0
TX-001677,2024-01-15 11:15:00,2515.49,Vendor_082,Legal,Travel,Check,Emp_083,INV-Vendor_082-464443,0,normal,20,3988.878997849292,-1473.388997849292,0,4,0
TX-001678,2024-02-01 14:46:00,2784.24,Vendor_073,Operations,Payroll,Check,Emp_073,INV-Vendor_073-363673,0,normal,30,2825.4158620689655,-41.17586206896567,0,8,0
TX-001679,2024-02-02 09:25:00,2695.25,Vendor_086,HR,Operations,Card,Emp_032,INV-Vendor_086-376145,0,normal,35,3206.610882352941,-511.3608823529412,0,5,0
TX-001680,2024-02-15 08:28:00,1365.96,Vendor_003,Legal,Consulting,Check,Emp_107,INV-Vendor_003-219610,0,normal,27,2746.7746153846156,-1380.8146153846155,0,6,0
TX-001681,2024-01-19 03:31:00,3875.15,Vendor_095,Legal,Supplies,Card,Emp_079,INV-Vendor_095-492041,0,normal,42,2756.728095238095,1118.421904761905,0,4,0
TX-001682,2024-02-09 19:59:00,1038.38,Vendor_053,Finance,Travel,Check,Emp_098,INV-Vendor_053-727748,0,normal,32,5061.836796882053,-4023.456796882053,0,1,0
TX-001683,2024-01-02 00:00:00,1289.45,Vendor_061,Operations,Travel,Card,Emp_023,INV-Vendor_061-549584,0,normal,41,3458.074275803163,-2168.624275803163,0,2,0
TX-001684,2024-01-18 09:13:00,4905.04,Vendor_015,Operations,Supplies,ACH,Emp_019,INV-Vendor_015-962670,0,normal,31,2923.1236666666664,1981.9163333333336,0,1,0
TX-001685,2024-01-10 05:40:00,4969.81,Vendor_011,Sales,Payroll,Check,Emp_020,INV-Vendor_011-127124,0,normal,34,2846.199411764706,2123.6105882352945,0,7,0
TX-001686,2024-01-08 09:19:00,2120.14,Vendor_052,Sales,IT,Check,Emp_106,INV-Vendor_052-653672,0,normal,27,3824.131111111111,-1703.991111111111,0,5,0
TX-001687,2024-02-14 06:31:00,20000.0,Vendor_078,Marketing,Payroll,ACH,Emp_070,INV-Vendor_078-433365,1,round_number,25,3293.4391947043987,16706.5608052956,1,2,0
TX-001688,2024-01-15 00:11:00,4833.79,Vendor_025,HR,Travel,Check,Emp_024,INV-Vendor_025-736792,0,normal,44,2815.369772727273,2018.420227272727,0,1,0
TX-001689,2024-02-20 08:00:00,3966.87,Vendor_046,Sales,Operations,Check,Emp_005,INV-Vendor_046-516559,0,normal,33,3052.1432305611957,914.7267694388042,0,4,0
TX-001690,2024-01-04 18:52:00,2504.52,Vendor_037,Engineering,IT,Card,Emp_057,INV-Vendor_037-602206,0,normal,34,2707.582727272727,-203.062727272727,0,7,0
TX-001691,2024-02-10 02:37:00,1994.44,Vendor_008,Operations,Consulting,Card,Emp_115,INV-Vendor_008-448504,0,normal,38,2659.1583783783785,-664.7183783783785,0,10,0
TX-001692,2024-02-26 08:19:00,2214.89,Vendor_090,Sales,IT,Wire,Emp_039,INV-Vendor_090-867830,0,normal,25,3892.3379999999997,-1677.4479999999999,0,1,0
TX-001693,2024-02-27 23:41:00,3401.14,Vendor_029,HR,Travel,Check,Emp_038,INV-Vendor_029-954055,0,normal,23,3015.4890476190476,385.6509523809523,0,1,0
TX-001694,2024-02-21 01:39:00,1317.28,Vendor_066,Operations,Travel,Check,Emp_104,INV-Vendor_066-908503,0,normal,32,2144.8066657789423,-827.5266657789423,0,5,0
TX-001695,2024-01-31 04:36:00,903.58,Vendor_018,HR,Operations,Card,Emp_118,INV-Vendor_018-141801,0,normal,25,3244.913714910847,-2341.333714910847,0,1,0
TX-001696,2024-02-22 15:33:00,4294.41,Vendor_041,Operations,IT,Card,Emp_027,INV-Vendor_041-165256,0,normal,31,2695.650967741936,1598.759032258064,0,1,0
TX-001697,2024-02-18 14:43:00,3467.3,Vendor_046,Engineering,Consulting,Wire,Emp_010,INV-Vendor_046-556836,0,normal,33,3052.1432305611957,415.15676943880453,0,4,0
TX-001698,2024-01-16 22:54:00,1088.8,Vendor_041,HR,IT,Card,Emp_037,INV-Vendor_041-493105,0,normal,31,2695.650967741936,-1606.8509677419358,0,2,0
TX-001699,2024-02-02 11:18:00,4188.58,Vendor_020,Engineering,Payroll,Wire,Emp_102,INV-Vendor_020-655279,0,normal,37,4048.926765951174,139.6532340488261,0,4,0
TX-001700,2024-02-13 23:34:00,4422.8,Vendor_026,Engineering,Travel,Wire,Emp_010,INV-Vendor_026-483252,0,normal,25,2417.752,2005.0480000000002,0,1,0
TX-001701,2024-01-19 19:45:00,2320.78,Vendor_047,Finance,Supplies,Wire,Emp_032,INV-Vendor_047-363336,0,normal,33,2865.957997719541,-545.1779977195406,0,11,0
TX-001702,2024-01-04 20:36:00,2434.33,Vendor_043,Engineering,IT,Wire,Emp_113,INV-Vendor_043-686642,1,high_frequency,36,3072.333244872456,-638.003244872456,0,11,0
TX-001703,2024-02-24 08:17:00,3433.6,Vendor_054,Marketing,Operations,Check,Emp_120,INV-Vendor_054-617122,0,normal,23,3005.8517391304345,427.74826086956546,0,2,0
TX-001704,2024-01-22 05:53:00,1354.88,Vendor_066,Finance,Travel,Wire,Emp_036,INV-Vendor_066-948020,1,high_frequency,32,2144.8066657789423,-789.9266657789422,0,4,0
TX-001705,2024-01-09 21:14:00,3757.95,Vendor_084,Engineering,Travel,Check,Emp_017,INV-Vendor_084-506672,0,normal,44,3595.354474626231,162.59552537376885,0,2,0
TX-001706,2024-02-17 00:59:00,1210.82,Vendor_019,HR,Travel,Check,Emp_088,INV-Vendor_019-777666,0,normal,31,2977.7130705628747,-1766.8930705628748,0,11,0
TX-001707,2024-02-20 00:29:00,852.68,Vendor_061,Marketing,Operations,Check,Emp_103,INV-Vendor_061-818845,0,normal,41,3458.074275803163,-2605.394275803163,0,1,0
TX-001708,2024-02-18 13:11:00,3406.48,Vendor_028,Operations,IT,Wire,Emp_107,INV-Vendor_028-787327,0,normal,37,3803.5322467308665,-397.0522467308665,0,7,0
TX-001709,2024-01-03 01:56:00,1293.83,Vendor_072,Engineering,Travel,Card,Emp_074,INV-Vendor_072-614024,0,normal,21,2526.322857142857,-1232.4928571428572,0,1,0
TX-001710,2024-02-12 02:49:00,510.39,Vendor_062,Engineering,Operations,Card,Emp_059,INV-Vendor_062-649000,0,normal,32,3565.037712437434,-3054.647712437434,0,9,0
TX-001711,2024-01-30 02:26:00,804.87,Vendor_012,Operations,Supplies,Wire,Emp_110,INV-Vendor_012-638648,0,normal,32,2499.3235160701242,-1694.4535160701244,0,1,0
TX-001712,2024-02-26 03:37:00,1216.07,Vendor_003,Operations,Supplies,Wire,Emp_027,INV-Vendor_076-147754,1,duplicate_invoice,27,2746.7746153846156,-1530.7046153846156,0,4,1
TX-001713,2024-01-22 22:51:00,1128.67,Vendor_004,Operations,Travel,Wire,Emp_101,INV-Vendor_036-846953,1,duplicate_invoice,30,3943.4157484248335,-2814.7457484248334,0,1,1
TX-001714,2024-01-26 04:31:00,19534.559309677265,Vendor_NEW_1714,Legal,Consulting,Card,Emp_023,INV-Vendor_016-752221,1,new_vendor_high,1,19534.559309677265,0.0,0,2,0
TX-001715,2024-02-29 17:31:00,2660.97,Vendor_061,HR,Travel,Card,Emp_093,INV-Vendor_061-688653,0,normal,41,3458.074275803163,-797.1042758031631,0,1,0
TX-001716,2024-02-26 10:28:00,4861.4,Vendor_077,HR,IT,Card,Emp_091,INV-Vendor_077-631573,0,normal,33,3274.230606060606,1587.1693939393936,0,1,0
TX-001717,2024-01-24 12:48:00,2972.93,Vendor_090,Operations,Travel,Card,Emp_044,INV-Vendor_090-551932,0,normal,25,3892.3379999999997,-919.4079999999999,0,1,0
TX-001718,2024-01-12 17:26:00,941.94,Vendor_013,Legal,IT,ACH,Emp_108,INV-Vendor_013-996005,0,normal,35,3320.0319506780124,-2378.0919506780124,0,6,0
TX-001719,2024-02-19 22:32:00,730.25,Vendor_013,Engineering,Operations,Wire,Emp_078,INV-Vendor_013-947619,0,normal,35,3320.0319506780124,-2589.7819506780124,0,5,0
TX-001720,2024-01-18 01:08:00,4154.5,Vendor_062,Support,Payroll,Card,Emp_085,INV-Vendor_062-702079,0,normal,32,3565.037712437434,589.462287562566,0,7,0
TX-001721,2024-01-30 03:16:00,781.46,Vendor_096,Sales,IT,ACH,Emp_117,INV-Vendor_096-728444,0,normal,35,3281.264857142857,-2499.804857142857,0,4,0
TX-001722,2024-02-02 07:21:00,3590.28,Vendor_095,Sales,Travel,Wire,Emp_119,INV-Vendor_095-941594,0,normal,42,2756.728095238095,833.551904761905,0,4,0
TX-001723,2024-01-26 01:40:00,2154.68,Vendor_039,Legal,IT,Check,Emp_032,INV-Vendor_039-317470,0,normal,23,2600.143043478261,-445.46304347826117,0,1,0
TX-001724,2024-02-21 12:43:00,3267.32,Vendor_087,Operations,Travel,ACH,Emp_005,INV-Vendor_087-399848,0,normal,26,2325.0704,942.2496000000001,0,6,0
TX-001725,2024-02-21 13:26:00,1535.27,Vendor_032,Support,IT,Card,Emp_031,INV-Vendor_032-786024,0,normal,39,2537.203758786566,-1001.9337587865662,0,14,0
TX-001726,2024-01-14 14:33:00,4953.69,Vendor_079,Support,IT,Wire,Emp_042,INV-Vendor_079-189593,0,normal,29,2672.4585185185188,2281.231481481481,0,3,0
TX-001727,2024-02-08 11:00:00,3062.11,Vendor_083,Support,Operations,Wire,Emp_020,INV-Vendor_083-922681,0,normal,25,2850.515,211.59500000000025,0,4,0
TX-001728,2024-01-16 14:23:00,4568.44,Vendor_073,HR,Travel,Wire,Emp_096,INV-Vendor_073-260737,0,normal,30,2825.4158620689655,1743.0241379310341,0,8,0
TX-001729,2024-02-07 04:48:00,1211.22,Vendor_099,Support,Supplies,Card,Emp_029,INV-Vendor_099-673647,0,normal,21,2417.6414285714286,-1206.4214285714286,0,4,0
TX-001730,2024-01-30 17:45:00,2845.7,Vendor_079,Engineering,Operations,Check,Emp_102,INV-Vendor_079-665348,0,normal,29,2672.4585185185188,173.24148148148106,0,1,0
TX-001731,2024-02-28 08:39:00,4279.74,Vendor_038,Support,IT,Wire,Emp_048,INV-Vendor_038-196102,0,normal,26,2540.0492307692307,1739.690769230769,0,1,0
TX-001732,2024-01-14 01:40:00,1070.34,Vendor_071,HR,Payroll,ACH,Emp_005,INV-Vendor_071-920388,0,normal,30,2482.368888888889,-1412.0288888888892,0,7,0
TX-001733,2024-01-27 15:35:00,2244.41,Vendor_086,Engineering,IT,Wire,Emp_060,INV-Vendor_086-356081,0,normal,35,3206.610882352941,-962.2008823529413,0,4,0
TX-001734,2024-01-26 12:35:00,4051.48,Vendor_098,Engineering,Travel,Check,Emp_004,INV-Vendor_098-498504,0,normal,33,3524.635628271743,526.8443717282571,0,1,0
TX-001735,2024-01-05 06:27:00,1700.03,Vendor_009,Engineering,Consulting,ACH,Emp_082,INV-Vendor_009-683675,0,normal,23,2132.1145454545454,-432.0845454545454,0,2,0
TX-001736,2024-01-24 05:55:00,4342.39,Vendor_092,Operations,Operations,ACH,Emp_060,INV-Vendor_092-901242,0,normal,32,2637.2259197610306,1705.1640802389697,0,1,0
TX-001737,2024-01-07 23:35:00,3865.37,Vendor_095,Marketing,Payroll,Wire,Emp_033,INV-Vendor_095-808104,0,normal,42,2756.728095238095,1108.6419047619047,0,5,0
TX-001738,2024-01-11 06:07:00,4364.13,Vendor_024,HR,Payroll,Card,Emp_050,INV-Vendor_024-142559,0,normal,22,3212.8424589157476,1151.2875410842526,0,1,0
TX-001739,2024-02-12 06:38:00,4162.0,Vendor_078,Engineering,Travel,Card,Emp_080,INV-Vendor_078-994772,0,normal,25,3293.4391947043987,868.5608052956013,0,1,0
TX-001740,2024-02-15 04:59:00,3038.56,Vendor_010,Marketing,IT,Check,Emp_072,INV-Vendor_010-737298,0,normal,22,2547.3354466749174,491.2245533250825,0,1,0
TX-001741,2024-01-19 04:48:00,1749.29,Vendor_007,Finance,Supplies,ACH,Emp_017,INV-Vendor_007-551323,0,normal,34,3137.7673386319625,-1388.4773386319625,0,4,0
TX-001742,2024-02-02 09:10:00,4387.07,Vendor_036,Finance,Travel,Wire,Emp_059,INV-Vendor_036-279319,0,normal,32,3055.038064516129,1332.0319354838707,0,4,0
TX-001743,2024-01-02 02:54:00,1219.01,Vendor_038,Engineering,Supplies,Card,Emp_113,INV-Vendor_038-149359,0,normal,26,2540.0492307692307,-1321.0392307692307,0,1,0
TX-001744,2024-01-29 23:50:00,4591.7,Vendor_081,Marketing,Supplies,Card,Emp_036,INV-Vendor_081-987531,0,normal,30,3787.006065906091,804.6939340939089,0,4,0
TX-001745,2024-02-11 20:27:00,2191.87,Vendor_070,Legal,Operations,Card,Emp_042,INV-Vendor_070-672583,0,normal,27,2500.182222222222,-308.3122222222223,0,4,0
TX-001746,2024-01-18 08:46:00,2895.01,Vendor_088,Operations,Operations,Check,Emp_113,INV-Vendor_088-857170,0,normal,28,2593.798461538461,301.211538461539,0,4,0
TX-001747,2024-02-09 14:01:00,1163.72,Vendor_010,Support,Operations,Card,Emp_024,INV-Vendor_072-590072,1,duplicate_invoice,22,2547.3354466749174,-1383.6154466749174,0,1,1
TX-001748,2024-02-10 12:29:00,1379.85,Vendor_001,Marketing,Payroll,Wire,Emp_084,INV-Vendor_001-402747,0,normal,22,3603.7710087726696,-2223.9210087726697,0,4,0
TX-001749,2024-01-13 21:32:00,2980.69,Vendor_066,Legal,Operations,Wire,Emp_006,INV-Vendor_066-258626,0,normal,32,2144.8066657789423,835.8833342210578,0,4,0
TX-001750,2024-01-06 04:30:00,4131.78,Vendor_058,Operations,Travel,ACH,Emp_096,INV-Vendor_058-912381,0,normal,34,2718.410294117647,1413.3697058823527,0,1,0
TX-001751,2024-01-18 07:12:00,2646.76,Vendor_086,Legal,Travel,ACH,Emp_098,INV-Vendor_086-979100,0,normal,35,3206.610882352941,-559.850882352941,0,4,0
TX-001752,2024-03-01 10:22:00,562.22,Vendor_026,Sales,Supplies,Wire,Emp_013,INV-Vendor_026-157484,0,normal,25,2417.752,-1855.532,0,1,0
TX-001753,2024-01-21 16:32:00,3418.36,Vendor_078,Sales,Travel,Card,Emp_019,INV-Vendor_078-251156,0,normal,25,3293.4391947043987,124.92080529560144,0,2,0
TX-001754,2024-02-22 05:03:00,10000.0,Vendor_098,HR,Supplies,Wire,Emp_100,INV-Vendor_098-155791,1,round_number,33,3524.635628271743,6475.3643717282575,1,1,0
TX-001755,2024-01-15 09:11:00,1697.68,Vendor_027,Support,IT,ACH,Emp_113,INV-Vendor_027-737455,1,high_frequency,24,4649.952627401481,-2952.2726274014803,0,16,0
TX-001756,2024-02-11 23:23:00,1535.93,Vendor_036,HR,Travel,ACH,Emp_033,INV-Vendor_036-657131,0,normal,32,3055.038064516129,-1519.108064516129,0,4,0
TX-001757,2024-02-10 20:09:00,20000.0,Vendor_096,Sales,Travel,Card,Emp_003,INV-Vendor_096-690086,1,round_number,35,3281.264857142857,16718.735142857142,1,4,0
TX-001758,2024-01-16 05:06:00,13836.348544781767,Vendor_016,Marketing,IT,Wire,Emp_063,INV-Vendor_016-361452,1,high_amount,42,4104.852509181274,9731.496035600492,0,4,0
TX-001759,2024-02-11 19:47:00,4595.98,Vendor_086,Legal,Payroll,Card,Emp_034,INV-Vendor_086-470921,0,normal,35,3206.610882352941,1389.3691176470584,0,4,0
TX-001760,2024-01-17 21:54:00,2859.94,Vendor_022,Finance,Consulting,Check,Emp_100,INV-Vendor_022-503929,0,normal,33,2766.22851906831,93.71148093168995,0,1,0
TX-001761,2024-01-15 10:51:00,151.99,Vendor_019,Finance,IT,Card,Emp_106,INV-Vendor_019-797361,0,normal,31,2977.7130705628747,-2825.7230705628745,0,10,0
TX-001762,2024-01-24 23:41:00,2712.71,Vendor_047,Support,Payroll,ACH,Emp_118,INV-Vendor_047-281922,1,high_frequency,33,2865.957997719541,-153.24799771954076,0,10,0
TX-001763,2024-01-18 15:18:00,718.13,Vendor_074,Support,Consulting,Wire,Emp_076,INV-Vendor_074-306054,0,normal,34,3705.2793562097586,-2987.1493562097585,0,7,0
TX-001764,2024-02-14 20:25:00,4525.44,Vendor_029,Engineering,Operations,Check,Emp_023,INV-Vendor_029-574366,0,normal,23,3015.4890476190476,1509.950952380952,0,2,0
TX-001765,2024-01-02 04:01:00,1020.9,Vendor_093,Finance,Operations,Check,Emp_073,INV-Vendor_093-687077,0,normal,24,2552.386956521739,-1531.486956521739,0,4,0
TX-001766,2024-02-16 19:28:00,4630.12,Vendor_034,HR,Travel,Card,Emp_058,INV-Vendor_034-247076,0,normal,31,2820.5182405182827,1809.6017594817172,0,1,0
TX-001767,2024-01-29 11:26:00,2531.35,Vendor_022,HR,Supplies,Card,Emp_018,INV-Vendor_022-846587,0,normal,33,2766.22851906831,-234.8785190683102,0,2,0
TX-001768,2024-01-16 10:48:00,601.36,Vendor_009,Marketing,Consulting,Check,Emp_081,INV-Vendor_009-496138,0,normal,23,2132.1145454545454,-1530.7545454545452,0,1,0
TX-001769,2024-01-31 12:43:00,3648.74,Vendor_002,Legal,IT,Card,Emp_069,INV-Vendor_002-681417,0,normal,29,2921.2093209032923,727.5306790967074,0,4,0
TX-001770,2024-02-23 04:07:00,1957.46,Vendor_073,Sales,Consulting,ACH,Emp_076,INV-Vendor_073-643741,0,normal,30,2825.4158620689655,-867.9558620689654,0,9,0
TX-001771,2024-01-03 09:35:00,2746.08,Vendor_019,Sales,Travel,ACH,Emp_061,INV-Vendor_019-797116,0,normal,31,2977.7130705628747,-231.63307056287476,0,10,0
TX-001772,2024-01-26 09:15:00,464.18,Vendor_007,Support,Consulting,Card,Emp_021,INV-Vendor_007-213599,0,normal,34,3137.7673386319625,-2673.5873386319627,0,5,0
TX-001773,2024-02-19 23:32:00,807.13,Vendor_009,Engineering,Payroll,ACH,Emp_011,INV-Vendor_009-506179,0,normal,23,2132.1145454545454,-1324.9845454545452,0,2,0
TX-001774,2024-02-03 23:12:00,1925.17,Vendor_034,Engineering,Operations,Card,Emp_095,INV-Vendor_034-574650,0,normal,31,2820.5182405182827,-895.3482405182826,0,2,0
TX-001775,2024-01-19 06:53:00,2457.91,Vendor_069,Support,Supplies,Card,Emp_077,INV-Vendor_069-537658,0,normal,24,2413.8735,44.036499999999705,0,1,0
TX-001776,2024-02-03 21:59:00,2251.6,Vendor_061,Engineering,IT,ACH,Emp_060,INV-Vendor_061-294387,0,normal,41,3458.074275803163,-1206.474275803163,0,2,0
TX-001777,2024-01-22 04:09:00,296.94,Vendor_055,Engineering,Payroll,ACH,Emp_116,INV-Vendor_055-793791,0,normal,35,2730.5511428571426,-2433.6111428571426,0,15,0
TX-001778,2024-02-15 05:54:00,1807.45,Vendor_027,Marketing,Operations,Check,Emp_040,INV-Vendor_027-373907,0,normal,24,4649.952627401481,-2842.502627401481,0,14,0
TX-001779,2024-01-19 03:31:00,19552.873924744847,Vendor_047,Engineering,Travel,Check,Emp_114,INV-Vendor_047-626836,1,high_amount,33,2865.957997719541,16686.915927025308,0,11,0
TX-001780,2024-02-05 09:20:00,2281.33,Vendor_067,Support,IT,ACH,Emp_099,INV-Vendor_067-196229,0,normal,44,2993.467335565413,-712.1373355654132,0,3,0
TX-001781,2024-03-01 01:32:00,3256.91,Vendor_027,Sales,Consulting,ACH,Emp_079,INV-Vendor_027-764607,0,normal,24,4649.952627401481,-1393.0426274014808,0,14,0
TX-001782,2024-02-20 16:10:00,3283.34,Vendor_085,Legal,Supplies,ACH,Emp_117,INV-Vendor_085-650616,0,normal,28,3183.8122633457456,99.52773665425457,0,4,0
TX-001783,2024-02-29 05:06:00,1067.62,Vendor_031,Finance,Travel,ACH,Emp_082,INV-Vendor_031-532699,0,normal,37,2623.9062292690023,-1556.2862292690024,0,4,0
TX-001784,2024-02-03 15:09:00,194.8,Vendor_086,Finance,Operations,Check,Emp_119,INV-Vendor_086-969778,0,normal,35,3206.610882352941,-3011.810882352941,0,6,0
TX-001785,2024-01-17 13:17:00,3073.42,Vendor_011,Engineering,Payroll,ACH,Emp_046,INV-Vendor_011-431835,0,normal,34,2846.199411764706,227.22058823529414,0,7,0
TX-001786,2024-02-18 11:29:00,2896.66,Vendor_058,Operations,IT,Card,Emp_026,INV-Vendor_058-248344,0,normal,34,2718.410294117647,178.24970588235283,0,1,0
TX-001787,2024-02-22 19:31:00,3186.73,Vendor_079,Operations,Consulting,Wire,Emp_094,INV-Vendor_079-423835,0,normal,29,2672.4585185185188,514.2714814814813,0,1,0
TX-001788,2024-01-19 06:11:00,1503.01,Vendor_075,Legal,Consulting,ACH,Emp_071,INV-Vendor_075-109002,0,normal,31,2556.1941935483874,-1053.1841935483874,0,1,0
TX-001789,2024-01-15 17:15:00,1226.01,Vendor_056,Finance,IT,Wire,Emp_084,INV-Vendor_056-165480,0,normal,23,2481.271304347826,-1255.2613043478261,0,1,0
TX-001790,2024-01-26 09:50:00,925.93,Vendor_093,Support,Consulting,ACH,Emp_076,INV-Vendor_093-567195,0,normal,24,2552.386956521739,-1626.4569565217394,0,4,0
TX-001791,2024-01-13 00:03:00,3877.66,Vendor_074,Finance,Supplies,Card,Emp_093,INV-Vendor_074-492901,0,normal,34,3705.2793562097586,172.38064379024127,0,7,0
TX-001792,2024-01-19 01:15:00,1115.24,Vendor_037,Engineering,Supplies,Check,Emp_023,INV-Vendor_037-341682,0,normal,34,2707.582727272727,-1592.342727272727,0,4,0
TX-001793,2024-02-21 23:31:00,3987.85,Vendor_049,Finance,Consulting,Card,Emp_092,INV-Vendor_049-526731,0,normal,35,2968.721142857143,1019.1288571428568,0,6,0
TX-001794,2024-01-05 18:24:00,4090.71,Vendor_086,Sales,Payroll,ACH,Emp_043,INV-Vendor_086-902986,0,normal,35,3206.610882352941,884.0991176470588,0,5,0
TX-001795,2024-02-05 15:15:00,3011.43,Vendor_099,Finance,Consulting,Wire,Emp_053,INV-Vendor_099-977926,0,normal,21,2417.6414285714286,593.7885714285712,0,4,0
TX-001796,2024-03-01 05:57:00,2152.4,Vendor_060,Legal,Consulting,Check,Emp_052,INV-Vendor_060-428427,0,normal,28,3524.8804552927822,-1372.4804552927822,0,7,0
TX-001797,2024-02-22 03:20:00,2377.08,Vendor_038,Engineering,Operations,ACH,Emp_079,INV-Vendor_038-478261,0,normal,26,2540.0492307692307,-162.96923076923076,0,1,0
TX-001798,2024-02-28 04:34:00,1099.54,Vendor_042,Legal,Supplies,Check,Emp_041,INV-Vendor_042-658198,0,normal,30,3465.2441635710875,-2365.7041635710875,0,9,0
TX-001799,2024-01-22 14:24:00,1422.58,Vendor_034,Legal,IT,Check,Emp_074,INV-Vendor_034-921458,0,normal,31,2820.5182405182827,-1397.9382405182828,0,1,0
TX-001800,2024-02-21 23:26:00,926.99,Vendor_014,Legal,Supplies,ACH,Emp_105,INV-Vendor_014-807001,0,normal,36,2134.2634285714284,-1207.2734285714284,0,2,0
TX-001801,2024-01-15 17:00:00,2724.08,Vendor_044,Marketing,Supplies,Card,Emp_011,INV-Vendor_044-138796,0,normal,35,3137.537058823529,-413.4570588235292,0,5,0
TX-001802,2024-02-02 14:00:00,2002.89,Vendor_032,Sales,Travel,Card,Emp_043,INV-Vendor_032-400355,0,normal,39,2537.203758786566,-534.313758786566,0,13,0
TX-001803,2024-02-11 17:44:00,3214.36,Vendor_044,Marketing,Supplies,Check,Emp_075,INV-Vendor_044-848357,0,normal,35,3137.537058823529,76.82294117647098,0,4,0
TX-001804,2024-02-06 10:18:00,197.46,Vendor_071,HR,IT,Wire,Emp_011,INV-Vendor_088-302881,1,duplicate_invoice,30,2482.368888888889,-2284.908888888889,0,8,1
TX-001805,2024-01-21 23:07:00,3527.88,Vendor_040,Support,Travel,ACH,Emp_060,INV-Vendor_040-838318,0,normal,32,3123.052929000477,404.82707099952313,0,4,0
TX-001806,2024-02-01 23:40:00,1518.25,Vendor_076,Marketing,Consulting,Card,Emp_010,INV-Vendor_076-368823,0,normal,30,2646.702525461832,-1128.452525461832,0,4,0
TX-001807,2024-01-01 03:03:00,2942.48,Vendor_051,HR,Consulting,Wire,Emp_064,INV-Vendor_051-257290,0,normal,33,3471.1343740931966,-528.6543740931966,0,3,0
TX-001808,2024-02-15 20:58:00,3193.84,Vendor_067,Legal,Supplies,ACH,Emp_006,INV-Vendor_067-398084,0,normal,44,2993.467335565413,200.37266443458702,0,4,0
TX-001809,2024-01-24 17:25:00,17378.125441333425,Vendor_NEW_1809,Engineering,Payroll,Wire,Emp_056,INV-Vendor_029-471677,1,new_vendor_high,1,17378.125441333425,0.0,0,1,0
TX-001810,2024-01-15 03:30:00,1584.55,Vendor_023,HR,Payroll,Check,Emp_023,INV-Vendor_023-988693,0,normal,34,2735.677272727273,-1151.1272727272728,0,5,0
TX-001811,2024-01-30 13:08:00,2283.79,Vendor_047,Sales,Consulting,Card,Emp_012,INV-Vendor_047-700841,0,normal,33,2865.957997719541,-582.1679977195408,0,11,0
TX-001812,2024-01-27 00:05:00,457.29,Vendor_055,HR,Supplies,Card,Emp_055,INV-Vendor_055-738656,0,normal,35,2730.5511428571426,-2273.2611428571427,0,13,0
TX-001813,2024-02-01 20:27:00,3818.84,Vendor_041,Support,Payroll,Check,Emp_005,INV-Vendor_041-408959,0,normal,31,2695.650967741936,1123.1890322580643,0,2,0
TX-001814,2024-01-17 01:38:00,1004.81,Vendor_088,Engineering,Operations,Wire,Emp_087,INV-Vendor_088-449757,0,normal,28,2593.798461538461,-1588.9884615384613,0,5,0
TX-001815,2024-02-09 02:39:00,3750.23,Vendor_094,Marketing,Travel,ACH,Emp_101,INV-Vendor_094-180492,0,normal,22,3627.416190476191,122.81380952380914,0,1,0
TX-001816,2024-02-23 22:38:00,4702.26,Vendor_095,Sales,Travel,Card,Emp_059,INV-Vendor_095-752680,0,normal,42,2756.728095238095,1945.531904761905,0,6,0
TX-001817,2024-02-07 06:05:00,2707.27,Vendor_002,Support,IT,Wire,Emp_058,INV-Vendor_002-505910,0,normal,29,2921.2093209032923,-213.93932090329236,0,4,0
TX-001818,2024-01-24 06:21:00,3902.6,Vendor_044,Engineering,IT,Wire,Emp_113,INV-Vendor_044-559008,0,normal,35,3137.537058823529,765.0629411764708,0,6,0
TX-001819,2024-02-11 16:47:00,1094.39,Vendor_043,Marketing,IT,ACH,Emp_015,INV-Vendor_043-197909,0,normal,36,3072.333244872456,-1977.9432448724558,0,10,0
TX-001820,2024-01-12 00:02:00,405.95,Vendor_063,Operations,Consulting,ACH,Emp_038,INV-Vendor_063-279858,0,normal,30,2872.7581223683005,-2466.8081223683007,0,5,0
TX-001821,2024-02-02 07:40:00,12533.614111377545,Vendor_NEW_1821,Legal,Operations,ACH,Emp_104,INV-Vendor_097-480996,1,new_vendor_high,1,12533.614111377545,0.0,0,2,0
TX-001822,2024-01-29 08:06:00,3624.8,Vendor_079,Legal,Supplies,Card,Emp_023,INV-Vendor_079-388082,0,normal,29,2672.4585185185188,952.3414814814814,0,2,0
TX-001823,2024-01-04 16:40:00,4154.83,Vendor_027,Sales,Supplies,Wire,Emp_107,INV-Vendor_027-923908,0,normal,24,4649.952627401481,-495.1226274014807,0,13,0
TX-001824,2024-01-10 01:27:00,1605.15,Vendor_029,Legal,Payroll,Wire,Emp_041,INV-Vendor_029-490124,0,normal,23,3015.4890476190476,-1410.3390476190475,0,2,0
TX-001825,2024-01-13 06:55:00,591.4,Vendor_069,Legal,IT,Wire,Emp_040,INV-Vendor_082-798024,1,duplicate_invoice,24,2413.8735,-1822.4735,0,1,1
TX-001826,2024-01-29 08:58:00,10000.0,Vendor_080,Finance,IT,ACH,Emp_084,INV-Vendor_080-115155,1,round_number,29,2652.113793103448,7347.886206896552,1,2,0
TX-001827,2024-01-07 16:50:00,1417.25,Vendor_061,Marketing,IT,ACH,Emp_054,INV-Vendor_061-190194,0,normal,41,3458.074275803163,-2040.824275803163,0,2,0
TX-001828,2024-02-16 17:34:00,3162.31,Vendor_061,Marketing,Operations,Wire,Emp_007,INV-Vendor_061-799164,0,normal,41,3458.074275803163,-295.76427580316295,0,2,0
TX-001829,2024-02-12 14:59:00,3258.33,Vendor_065,Marketing,Supplies,ACH,Emp_059,INV-Vendor_065-112876,0,normal,35,3155.7917276126786,102.53827238732129,0,1,0
TX-001830,2024-01-15 08:39:00,1429.78,Vendor_093,Sales,Consulting,Check,Emp_058,INV-Vendor_093-362369,0,normal,24,2552.386956521739,-1122.6069565217392,0,4,0
TX-001831,2024-01-29 17:42:00,915.95,Vendor_043,Sales,Travel,Check,Emp_062,INV-Vendor_043-393756,0,normal,36,3072.333244872456,-2156.383244872456,0,11,0
TX-001832,2024-01-03 21:13:00,806.5,Vendor_021,Marketing,Consulting,Card,Emp_028,INV-Vendor_021-520217,0,normal,34,3005.547197344895,-2199.047197344895,0,8,0
TX-001833,2024-02-20 16:54:00,1709.85,Vendor_045,Engineering,Travel,ACH,Emp_010,INV-Vendor_045-759088,0,normal,34,3352.6271875,-1642.7771875000003,0,10,0
TX-001834,2024-02-22 19:20:00,2987.25,Vendor_088,Legal,IT,Card,Emp_054,INV-Vendor_088-693487,0,normal,28,2593.798461538461,393.4515384615388,0,4,0
TX-001835,2024-02-16 12:31:00,1832.06,Vendor_079,Legal,Consulting,ACH,Emp_115,INV-Vendor_079-278642,0,normal,29,2672.4585185185188,-840.3985185185188,0,1,0
TX-001836,2024-01-01 20:59:00,723.38,Vendor_099,Operations,Travel,Check,Emp_104,INV-Vendor_099-480530,0,normal,21,2417.6414285714286,-1694.2614285714285,0,4,0
TX-001837,2024-02-10 08:20:00,2218.55,Vendor_037,Marketing,Consulting,ACH,Emp_091,INV-Vendor_037-724367,0,normal,34,2707.582727272727,-489.0327272727268,0,5,0
TX-001838,2024-02-09 14:19:00,3719.0,Vendor_057,Operations,Consulting,Wire,Emp_110,INV-Vendor_057-521931,0,normal,28,3861.44182160464,-142.44182160464015,0,4,0
TX-001839,2024-01-10 10:46:00,248.21,Vendor_008,HR,Supplies,Check,Emp_032,INV-Vendor_008-932060,0,normal,38,2659.1583783783785,-2410.9483783783785,0,10,0
TX-001840,2024-02-01 01:27:00,3283.51,Vendor_005,Legal,Supplies,Card,Emp_008,INV-Vendor_005-980024,0,normal,32,4139.26089842047,-855.7508984204696,0,1,0
TX-001841,2024-01-10 14:41:00,3804.02,Vendor_013,Legal,Supplies,ACH,Emp_105,INV-Vendor_013-397106,0,normal,35,3320.0319506780124,483.98804932198755,0,4,0
TX-001842,2024-01-13 02:49:00,4668.82,Vendor_037,Marketing,Travel,ACH,Emp_050,INV-Vendor_037-545414,0,normal,34,2707.582727272727,1961.2372727272727,0,4,0
TX-001843,2024-02-15 19:36:00,757.17,Vendor_070,Marketing,Operations,Check,Emp_054,INV-Vendor_070-831085,0,normal,27,2500.182222222222,-1743.0122222222221,0,5,0
TX-001844,2024-02-04 04:47:00,3549.65,Vendor_070,HR,IT,Card,Emp_085,INV-Vendor_070-659682,0,normal,27,2500.182222222222,1049.4677777777779,0,5,0
TX-001845,2024-01-11 10:36:00,2113.94,Vendor_042,Engineering,Payroll,ACH,Emp_108,INV-Vendor_042-603150,0,normal,30,3465.2441635710875,-1351.3041635710874,0,7,0
TX-001846,2024-01-25 17:00:00,4389.78,Vendor_037,Legal,Travel,Card,Emp_047,INV-Vendor_037-966449,1,high_frequency,34,2707.582727272727,1682.1972727272728,0,5,0
TX-001847,2024-01-17 22:40:00,4618.93,Vendor_035,Support,Payroll,ACH,Emp_053,INV-Vendor_035-819361,0,normal,35,2498.9767647058825,2119.953235294118,0,5,0
TX-001848,2024-02-06 19:50:00,10000.0,Vendor_011,Legal,Supplies,Check,Emp_110,INV-Vendor_011-682532,1,round_number,34,2846.199411764706,7153.800588235294,1,7,0
TX-001849,2024-02-03 13:54:00,1636.31,Vendor_045,Marketing,Consulting,Check,Emp_025,INV-Vendor_045-161296,0,normal,34,3352.6271875,-1716.3171875000003,0,10,0
TX-001850,2024-01-20 15:01:00,2244.52,Vendor_011,Engineering,IT,Wire,Emp_060,INV-Vendor_011-244407,0,normal,34,2846.199411764706,-601.679411764706,0,7,0
TX-001851,2024-01-28 08:01:00,3403.84,Vendor_050,Sales,Consulting,Check,Emp_017,INV-Vendor_050-361974,0,normal,26,2861.6157661684847,542.2242338315154,0,1,0
TX-001852,2024-01-31 19:33:00,2858.61,Vendor_049,HR,Payroll,Card,Emp_019,INV-Vendor_049-580116,0,normal,35,2968.721142857143,-110.11114285714302,0,4,0
TX-001853,2024-02-04 06:03:00,3480.41,Vendor_081,Operations,IT,ACH,Emp_015,INV-Vendor_081-120457,0,normal,30,3787.006065906091,-306.5960659060911,0,4,0
TX-001854,2024-01-29 17:08:00,2116.3,Vendor_031,Legal,Consulting,Wire,Emp_076,INV-Vendor_031-638410,0,normal,37,2623.9062292690023,-507.60622926900214,0,4,0
TX-001855,2024-01-23 16:04:00,1500.38,Vendor_022,Support,Consulting,Wire,Emp_028,INV-Vendor_022-802743,0,normal,33,2766.22851906831,-1265.84851906831,0,2,0
TX-001856,2024-02-02 02:34:00,501.13,Vendor_050,Marketing,Payroll,Wire,Emp_107,INV-Vendor_050-936960,0,normal,26,2861.6157661684847,-2360.4857661684846,0,3,0
TX-001857,2024-02-08 00:20:00,2149.38,Vendor_042,Sales,Travel,Card,Emp_003,INV-Vendor_042-726892,0,normal,30,3465.2441635710875,-1315.8641635710874,0,7,0
TX-001858,2024-02-20 15:48:00,1081.25,Vendor_036,Legal,Supplies,Card,Emp_003,INV-Vendor_036-237197,0,normal,32,3055.038064516129,-1973.788064516129,0,4,0
TX-001859,2024-01-16 09:58:00,1708.85,Vendor_007,Finance,Supplies,Card,Emp_051,INV-Vendor_007-300873,0,normal,34,3137.7673386319625,-1428.9173386319626,0,4,0
TX-001860,2024-01-04 09:47:00,3288.19,Vendor_068,Support,Consulting,ACH,Emp_019,INV-Vendor_068-718001,0,normal,20,2901.888209334918,386.3017906650821,0,1,0
TX-001861,2024-01-30 19:23:00,1520.82,Vendor_016,Sales,Payroll,Card,Emp_107,INV-Vendor_016-611642,0,normal,42,4104.852509181274,-2584.0325091812747,0,5,0
TX-001862,2024-02-03 14:09:00,4032.66,Vendor_061,Legal,Operations,ACH,Emp_035,INV-Vendor_061-346861,0,normal,41,3458.074275803163,574.585724196837,0,2,0
TX-001863,2024-02-04 16:41:00,2520.68,Vendor_085,Legal,Payroll,ACH,Emp_104,INV-Vendor_085-375806,0,normal,28,3183.8122633457456,-663.1322633457457,0,4,0
TX-001864,2024-01-27 17:48:00,1872.18,Vendor_051,HR,Payroll,Card,Emp_025,INV-Vendor_051-280195,0,normal,33,3471.1343740931966,-1598.9543740931965,0,2,0
TX-001865,2024-02-22 23:08:00,1161.8,Vendor_036,Engineering,Consulting,Card,Emp_013,INV-Vendor_036-889772,0,normal,32,3055.038064516129,-1893.238064516129,0,4,0
TX-001866,2024-02-13 17:37:00,667.26,Vendor_041,Operations,Payroll,ACH,Emp_088,INV-Vendor_041-787196,0,normal,31,2695.650967741936,-2028.3909677419358,0,1,0
TX-001867,2024-02-18 09:58:00,1775.46,Vendor_051,Support,Operations,Card,Emp_118,INV-Vendor_051-876621,0,normal,33,3471.1343740931966,-1695.6743740931965,0,2,0
TX-001868,2024-01-12 19:39:00,974.01,Vendor_038,Marketing,Consulting,Card,Emp_115,INV-Vendor_038-266466,0,normal,26,2540.0492307692307,-1566.0392307692307,0,1,0
TX-001869,2024-02-09 10:37:00,4279.8,Vendor_063,HR,Operations,ACH,Emp_016,INV-Vendor_063-842448,0,normal,30,2872.7581223683005,1407.0418776316997,0,4,0
TX-001870,2024-02-20 00:13:00,782.94,Vendor_072,Legal,Payroll,ACH,Emp_117,INV-Vendor_072-755057,0,normal,21,2526.322857142857,-1743.3828571428571,0,2,0
TX-001871,2024-01-01 20:26:00,2733.73,Vendor_094,Marketing,Travel,Wire,Emp_088,INV-Vendor_094-855507,0,normal,22,3627.416190476191,-893.6861904761909,0,3,0
TX-001872,2024-01-04 18:59:00,3132.47,Vendor_063,Marketing,Travel,Wire,Emp_085,INV-Vendor_063-823609,0,normal,30,2872.7581223683005,259.7118776316993,0,4,0
TX-001873,2024-02-09 12:03:00,3758.51,Vendor_032,Engineering,Payroll,Wire,Emp_013,INV-Vendor_032-462259,0,normal,39,2537.203758786566,1221.306241213434,0,15,0
TX-001874,2024-02-19 21:57:00,1702.55,Vendor_077,Marketing,Supplies,ACH,Emp_082,INV-Vendor_059-777121,1,duplicate_invoice,33,3274.230606060606,-1571.6806060606061,0,1,1
TX-001875,2024-01-15 02:41:00,2580.21,Vendor_027,Legal,IT,Wire,Emp_021,INV-Vendor_027-855868,0,normal,24,4649.952627401481,-2069.7426274014806,0,16,0
TX-001876,2024-01-13 09:49:00,1510.25,Vendor_058,Finance,IT,Check,Emp_113,INV-Vendor_058-528969,0,normal,34,2718.410294117647,-1208.160294117647,0,1,0
TX-001877,2024-01-08 18:13:00,2401.38,Vendor_023,Sales,Consulting,Check,Emp_038,INV-Vendor_023-544318,0,normal,34,2735.677272727273,-334.2972727272727,0,5,0
TX-001878,2024-02-16 22:00:00,2067.06,Vendor_016,Finance,Supplies,ACH,Emp_051,INV-Vendor_016-227337,0,normal,42,4104.852509181274,-2037.7925091812745,0,4,0
TX-001879,2024-01-05 05:22:00,470.88,Vendor_013,HR,Travel,ACH,Emp_045,INV-Vendor_013-214090,0,normal,35,3320.0319506780124,-2849.1519506780123,0,4,0
TX-001880,2024-01-10 13:36:00,3203.59,Vendor_094,Engineering,Consulting,ACH,Emp_046,INV-Vendor_094-942264,0,normal,22,3627.416190476191,-423.82619047619073,0,1,0
TX-001881,2024-02-04 07:24:00,1930.7,Vendor_053,HR,Supplies,Check,Emp_035,INV-Vendor_053-384501,0,normal,32,5061.836796882053,-3131.136796882053,0,2,0
TX-001882,2024-01-08 13:27:00,3119.17,Vendor_078,Support,Operations,ACH,Emp_047,INV-Vendor_078-689488,0,normal,25,3293.4391947043987,-174.26919470439861,0,1,0
TX-001883,2024-02-04 04:06:00,18827.94099530105,Vendor_NEW_1883,Finance,Travel,Wire,Emp_058,INV-Vendor_010-472617,1,new_vendor_high,1,18827.94099530105,0.0,0,2,0
TX-001884,2024-01-16 16:33:00,4396.89,Vendor_067,Marketing,Consulting,ACH,Emp_109,INV-Vendor_067-991781,0,normal,44,2993.467335565413,1403.4226644345872,0,3,0
TX-001885,2024-02-11 08:25:00,2232.77,Vendor_083,Finance,Travel,Wire,Emp_093,INV-Vendor_083-402398,1,high_frequency,25,2850.515,-617.7449999999999,0,5,0
TX-001886,2024-01-29 23:43:00,4862.05,Vendor_003,Operations,Payroll,Check,Emp_003,INV-Vendor_003-626982,0,normal,27,2746.7746153846156,2115.2753846153846,0,5,0
TX-001887,2024-02-17 03:39:00,4821.08,Vendor_086,Marketing,Supplies,Wire,Emp_094,INV-Vendor_086-226049,0,normal,35,3206.610882352941,1614.4691176470587,0,4,0
TX-001888,2024-02-06 21:28:00,3964.65,Vendor_096,Support,Consulting,ACH,Emp_042,INV-Vendor_096-845834,0,normal,35,3281.264857142857,683.3851428571429,0,4,0
TX-001889,2024-02-03 20:51:00,2071.08,Vendor_034,Sales,Travel,Wire,Emp_082,INV-Vendor_034-275401,0,normal,31,2820.5182405182827,-749.4382405182828,0,2,0
TX-001890,2024-01-10 03:34:00,1029.07,Vendor_043,Support,Operations,ACH,Emp_063,INV-Vendor_043-222039,0,normal,36,3072.333244872456,-2043.263244872456,0,10,0
TX-001891,2024-02-20 02:44:00,4782.8,Vendor_012,Engineering,Supplies,ACH,Emp_003,INV-Vendor_012-243124,0,normal,32,2499.3235160701242,2283.476483929876,0,1,0
TX-001892,2024-02-10 10:13:00,3796.31,Vendor_017,Finance,Operations,Check,Emp_074,INV-Vendor_017-989825,0,normal,27,2857.5396296296294,938.7703703703705,0,4,0
TX-001893,2024-01-28 16:56:00,1412.82,Vendor_095,Operations,Travel,Wire,Emp_018,INV-Vendor_095-639433,0,normal,42,2756.728095238095,-1343.9080952380953,0,6,0
TX-001894,2024-02-27 14:14:00,1918.5,Vendor_066,Operations,Travel,Card,Emp_099,INV-Vendor_066-542994,0,normal,32,2144.8066657789423,-226.30666577894226,0,7,0
TX-001895,2024-01-10 21:11:00,2517.79,Vendor_058,Support,Travel,Card,Emp_051,INV-Vendor_058-911201,0,normal,34,2718.410294117647,-200.62029411764706,0,1,0
TX-001896,2024-01-24 05:19:00,2631.73,Vendor_076,Operations,Supplies,Check,Emp_020,INV-Vendor_076-344428,0,normal,30,2646.702525461832,-14.972525461831992,0,4,0
TX-001897,2024-02-20 07:12:00,931.31,Vendor_093,Operations,Supplies,ACH,Emp_017,INV-Vendor_093-619180,0,normal,24,2552.386956521739,-1621.0769565217392,0,5,0
TX-001898,2024-01-27 23:13:00,2158.8,Vendor_085,Operations,Consulting,Check,Emp_093,INV-Vendor_085-782847,0,normal,28,3183.8122633457456,-1025.0122633457454,0,7,0
TX-001899,2024-02-11 12:57:00,2529.71,Vendor_030,Operations,Payroll,ACH,Emp_002,INV-Vendor_030-894501,0,normal,23,3033.8827608649813,-504.1727608649812,0,8,0
TX-001900,2024-02-25 17:54:00,3526.75,Vendor_015,Marketing,Consulting,Check,Emp_014,INV-Vendor_015-503782,0,normal,31,2923.1236666666664,603.6263333333336,0,2,0
TX-001901,2024-01-29 20:40:00,3827.0,Vendor_023,Sales,IT,ACH,Emp_038,INV-Vendor_023-686406,0,normal,34,2735.677272727273,1091.3227272727272,0,4,0
TX-001902,2024-01-18 13:01:00,1607.68,Vendor_057,Marketing,Travel,Wire,Emp_034,INV-Vendor_057-244330,0,normal,28,3861.44182160464,-2253.7618216046403,0,4,0
TX-001903,2024-01-31 04:15:00,1399.03,Vendor_060,HR,Operations,Check,Emp_097,INV-Vendor_060-386293,0,normal,28,3524.8804552927822,-2125.8504552927825,0,8,0
TX-001904,2024-02-12 22:49:00,20000.0,Vendor_094,Sales,Supplies,Card,Emp_023,INV-Vendor_094-796684,1,round_number,22,3627.416190476191,16372.583809523809,1,1,0
TX-001905,2024-02-20 16:55:00,4081.81,Vendor_043,Sales,IT,Check,Emp_067,INV-Vendor_043-768022,0,normal,36,3072.333244872456,1009.476755127544,0,10,0
TX-001906,2024-01-08 14:40:00,971.0,Vendor_098,Engineering,Payroll,Check,Emp_042,INV-Vendor_098-836609,0,normal,33,3524.635628271743,-2553.635628271743,0,3,0
TX-001907,2024-02-29 03:43:00,2020.54,Vendor_033,Operations,Consulting,ACH,Emp_070,INV-Vendor_033-742109,0,normal,28,2550.7607142857146,-530.2207142857146,0,4,0
TX-001908,2024-02-11 21:32:00,1927.56,Vendor_007,Operations,Payroll,ACH,Emp_023,INV-Vendor_007-881109,0,normal,34,3137.7673386319625,-1210.2073386319626,0,4,0
TX-001909,2024-01-31 09:28:00,2130.9,Vendor_028,Finance,Payroll,Card,Emp_061,INV-Vendor_028-475813,0,normal,37,3803.5322467308665,-1672.6322467308664,0,5,0
TX-001910,2024-02-14 04:33:00,4721.41,Vendor_006,Engineering,Supplies,ACH,Emp_024,INV-Vendor_006-765346,0,normal,21,4452.1197045024655,269.2902954975343,0,7,0
TX-001911,2024-01-14 22:34:00,1582.96,Vendor_060,Support,Payroll,Wire,Emp_005,INV-Vendor_060-230631,0,normal,28,3524.8804552927822,-1941.9204552927822,0,7,0
TX-001912,2024-02-10 11:52:00,1687.0,Vendor_035,Operations,Travel,Wire,Emp_117,INV-Vendor_035-680387,0,normal,35,2498.9767647058825,-811.9767647058825,0,5,0
TX-001913,2024-03-01 01:54:00,3181.24,Vendor_029,Engineering,Supplies,Check,Emp_081,INV-Vendor_029-109649,0,normal,23,3015.4890476190476,165.75095238095219,0,1,0
TX-001914,2024-02-23 13:09:00,3312.07,Vendor_030,Support,Payroll,Card,Emp_006,INV-Vendor_030-370395,0,normal,23,3033.8827608649813,278.1872391350189,0,7,0
TX-001915,2024-01-23 23:54:00,4824.7,Vendor_095,Marketing,Consulting,Card,Emp_010,INV-Vendor_095-465564,0,normal,42,2756.728095238095,2067.9719047619046,0,6,0
TX-001916,2024-02-13 22:53:00,654.56,Vendor_065,Sales,IT,ACH,Emp_020,INV-Vendor_065-871553,0,normal,35,3155.7917276126786,-2501.2317276126787,0,1,0
TX-001917,2024-02-05 05:32:00,20000.0,Vendor_045,Sales,Supplies,ACH,Emp_008,INV-Vendor_045-770763,1,round_number,34,3352.6271875,16647.372812499998,1,11,0
TX-001918,2024-01-08 16:13:00,1594.44,Vendor_025,Support,Consulting,Wire,Emp_003,INV-Vendor_025-338561,0,normal,44,2815.369772727273,-1220.9297727272728,0,1,0
TX-001919,2024-02-19 10:32:00,2504.09,Vendor_027,Operations,IT,Wire,Emp_038,INV-Vendor_027-239751,0,normal,24,4649.952627401481,-2145.8626274014805,0,13,0
TX-001920,2024-01-19 12:45:00,2810.03,Vendor_065,Marketing,Operations,ACH,Emp_102,INV-Vendor_065-273828,0,normal,35,3155.7917276126786,-345.76172761267844,0,1,0
TX-001921,2024-01-27 00:57:00,2586.38,Vendor_079,Support,Operations,ACH,Emp_030,INV-Vendor_079-242083,0,normal,29,2672.4585185185188,-86.07851851851865,0,1,0
TX-001922,2024-02-01 17:15:00,4045.32,Vendor_004,Sales,Consulting,Card,Emp_119,INV-Vendor_004-547065,0,normal,30,3943.4157484248335,101.90425157516665,0,1,0
TX-001923,2024-01-29 02:48:00,534.29,Vendor_098,Engineering,Operations,Wire,Emp_101,INV-Vendor_098-193655,0,normal,33,3524.635628271743,-2990.345628271743,0,1,0
TX-001924,2024-02-24 19:58:00,466.55,Vendor_053,HR,Payroll,Check,Emp_058,INV-Vendor_053-864454,0,normal,32,5061.836796882053,-4595.286796882053,0,1,0
TX-001925,2024-01-28 02:09:00,3315.45,Vendor_066,Marketing,Payroll,ACH,Emp_087,INV-Vendor_066-292981,0,normal,32,2144.8066657789423,1170.6433342210576,0,4,0
TX-001926,2024-01-06 08:09:00,1254.13,Vendor_014,HR,IT,ACH,Emp_016,INV-Vendor_014-953834,0,normal,36,2134.2634285714284,-880.1334285714283,0,1,0
TX-001927,2024-01-28 02:02:00,924.83,Vendor_064,Finance,IT,ACH,Emp_091,INV-Vendor_064-286669,0,normal,33,2813.544242424243,-1888.714242424243,0,1,0
TX-001928,2024-02-19 00:38:00,1627.83,Vendor_078,HR,IT,ACH,Emp_051,INV-Vendor_078-757069,0,normal,25,3293.4391947043987,-1665.6091947043988,0,1,0
TX-001929,2024-01-13 02:26:00,4660.46,Vendor_064,Finance,Travel,Wire,Emp_044,INV-Vendor_011-515061,1,duplicate_invoice,33,2813.544242424243,1846.9157575757572,0,2,1
TX-001930,2024-01-11 18:48:00,1769.52,Vendor_035,Legal,Operations,Wire,Emp_061,INV-Vendor_035-959826,0,normal,35,2498.9767647058825,-729.4567647058825,0,5,0
TX-001931,2024-02-04 10:14:00,3916.53,Vendor_098,Legal,Operations,ACH,Emp_063,INV-Vendor_098-489446,0,normal,33,3524.635628271743,391.8943717282573,0,2,0
TX-001932,2024-02-25 17:14:00,864.36,Vendor_020,Legal,Consulting,Wire,Emp_059,INV-Vendor_020-972138,0,normal,37,4048.926765951174,-3184.5667659511737,0,4,0
TX-001933,2024-01-16 13:56:00,2135.42,Vendor_001,Legal,Operations,Wire,Emp_090,INV-Vendor_001-906965,0,normal,22,3603.7710087726696,-1468.3510087726695,0,5,0
TX-001934,2024-01-05 22:01:00,1539.32,Vendor_021,Operations,Consulting,Check,Emp_012,INV-Vendor_021-390608,0,normal,34,3005.547197344895,-1466.2271973448949,0,7,0
TX-001935,2024-02-19 10:48:00,2682.39,Vendor_084,Sales,Supplies,ACH,Emp_042,INV-Vendor_084-296751,0,normal,44,3595.354474626231,-912.9644746262311,0,2,0
TX-001936,2024-01-27 11:02:00,808.04,Vendor_061,Support,Payroll,Card,Emp_057,INV-Vendor_061-456281,0,normal,41,3458.074275803163,-2650.034275803163,0,3,0
TX-001937,2024-02-07 18:07:00,5000.0,Vendor_013,Finance,Travel,ACH,Emp_009,INV-Vendor_013-196606,1,round_number,35,3320.0319506780124,1679.9680493219876,1,4,0
TX-001938,2024-02-26 09:24:00,1341.2,Vendor_034,Sales,Payroll,ACH,Emp_029,INV-Vendor_034-141533,0,normal,31,2820.5182405182827,-1479.3182405182827,0,1,0
TX-001939,2024-01-17 10:57:00,3846.07,Vendor_099,Marketing,Consulting,Card,Emp_102,INV-Vendor_099-481855,0,normal,21,2417.6414285714286,1428.4285714285716,0,4,0
TX-001940,2024-03-01 06:11:00,4328.88,Vendor_090,Operations,Consulting,Card,Emp_042,INV-Vendor_006-991145,1,duplicate_invoice,25,3892.3379999999997,436.54200000000037,0,1,1
TX-001941,2024-02-21 22:30:00,1414.98,Vendor_087,Engineering,Consulting,Wire,Emp_100,INV-Vendor_087-438827,0,normal,26,2325.0704,-910.0904,0,6,0
TX-001942,2024-01-15 21:01:00,3587.32,Vendor_026,Engineering,Travel,Card,Emp_037,INV-Vendor_026-370606,0,normal,25,2417.752,1169.5680000000002,0,1,0
TX-001943,2024-01-20 08:59:00,2514.67,Vendor_048,HR,Payroll,ACH,Emp_065,INV-Vendor_048-425577,0,normal,23,3207.9171428571435,-693.2471428571434,0,1,0
TX-001944,2024-02-19 23:42:00,4612.74,Vendor_008,Operations,Operations,Wire,Emp_006,INV-Vendor_008-311365,0,normal,38,2659.1583783783785,1953.5816216216213,0,10,0
TX-001945,2024-01-10 07:11:00,3146.47,Vendor_071,Marketing,Consulting,Card,Emp_079,INV-Vendor_071-587281,0,normal,30,2482.368888888889,664.1011111111106,0,8,0
TX-001946,2024-02-08 20:54:00,3538.58,Vendor_012,Operations,Travel,Card,Emp_010,INV-Vendor_012-542578,0,normal,32,2499.3235160701242,1039.2564839298757,0,1,0
TX-001947,2024-02-09 01:01:00,9160.122477992576,Vendor_NEW_1947,Engineering,Travel,ACH,Emp_104,INV-Vendor_032-578725,1,new_vendor_high,1,9160.122477992576,0.0,0,9,0
TX-001948,2024-01-20 05:32:00,3682.92,Vendor_081,Engineering,Consulting,Wire,Emp_011,INV-Vendor_081-479292,0,normal,30,3787.006065906091,-104.08606590609088,0,6,0
TX-001949,2024-02-27 15:24:00,4494.94,Vendor_033,Marketing,Supplies,ACH,Emp_059,INV-Vendor_033-784992,0,normal,28,2550.7607142857146,1944.179285714285,0,4,0
TX-001950,2024-01-06 21:25:00,4370.29,Vendor_036,HR,Operations,Card,Emp_046,INV-Vendor_036-823391,0,normal,32,3055.038064516129,1315.251935483871,0,4,0
TX-001951,2024-01-31 21:54:00,1531.54,Vendor_085,Sales,IT,Card,Emp_116,INV-Vendor_085-711621,0,normal,28,3183.8122633457456,-1652.2722633457456,0,4,0
TX-001952,2024-01-07 14:08:00,337.14,Vendor_016,Legal,Consulting,Wire,Emp_019,INV-Vendor_016-465393,0,normal,42,4104.852509181274,-3767.7125091812745,0,4,0
TX-001953,2024-02-04 02:41:00,1579.43,Vendor_032,Support,Supplies,Card,Emp_104,INV-Vendor_032-910561,0,normal,39,2537.203758786566,-957.7737587865661,0,13,0
TX-001954,2024-02-03 20:07:00,2892.74,Vendor_062,Sales,Operations,Card,Emp_022,INV-Vendor_062-483568,0,normal,32,3565.037712437434,-672.2977124374343,0,7,0
TX-001955,2024-02-24 02:43:00,2008.88,Vendor_068,Support,Consulting,Wire,Emp_003,INV-Vendor_068-712177,0,normal,20,2901.888209334918,-893.0082093349179,0,1,0
TX-001956,2024-01-04 17:51:00,1792.59,Vendor_038,Marketing,Operations,Wire,Emp_045,INV-Vendor_038-955397,0,normal,26,2540.0492307692307,-747.4592307692308,0,1,0
TX-001957,2024-01-09 03:20:00,4755.78,Vendor_018,Marketing,IT,Wire,Emp_013,INV-Vendor_018-428581,0,normal,25,3244.913714910847,1510.8662850891528,0,2,0
TX-001958,2024-01-20 12:46:00,1105.1,Vendor_084,HR,Payroll,Wire,Emp_070,INV-Vendor_084-754555,0,normal,44,3595.354474626231,-2490.254474626231,0,1,0
TX-001959,2024-02-17 21:22:00,2341.1,Vendor_062,Sales,IT,Wire,Emp_099,INV-Vendor_062-254801,0,normal,32,3565.037712437434,-1223.9377124374341,0,8,0
TX-001960,2024-01-18 07:10:00,4878.53,Vendor_073,Operations,Travel,Card,Emp_052,INV-Vendor_073-805538,0,normal,30,2825.4158620689655,2053.1141379310343,0,7,0
TX-001961,2024-02-13 09:08:00,236.8,Vendor_076,Legal,Consulting,Check,Emp_037,INV-Vendor_076-472727,0,normal,30,2646.702525461832,-2409.902525461832,0,4,0
TX-001962,2024-01-16 17:23:00,2861.16,Vendor_014,Finance,Travel,ACH,Emp_006,INV-Vendor_014-670250,0,normal,36,2134.2634285714284,726.8965714285714,0,3,0
TX-001963,2024-01-12 05:12:00,2232.48,Vendor_049,Support,Payroll,Card,Emp_070,INV-Vendor_049-797302,0,normal,35,2968.721142857143,-736.2411428571431,0,5,0
TX-001964,2024-01-13 20:18:00,1417.88,Vendor_094,Legal,Operations,Card,Emp_077,INV-Vendor_094-485185,0,normal,22,3627.416190476191,-2209.5361904761908,0,1,0
TX-001965,2024-01-02 14:58:00,3856.94,Vendor_048,Marketing,Operations,Check,Emp_013,INV-Vendor_048-800441,0,normal,23,3207.9171428571435,649.0228571428565,0,1,0
TX-001966,2024-02-25 02:00:00,14997.355548680725,Vendor_063,Support,Travel,Card,Emp_108,INV-Vendor_063-121339,1,high_amount,30,2872.7581223683005,12124.597426312424,0,6,0
TX-001967,2024-01-31 08:27:00,3399.41,Vendor_087,Engineering,Travel,ACH,Emp_003,INV-Vendor_087-309231,0,normal,26,2325.0704,1074.3395999999998,0,4,0
TX-001968,2024-02-13 16:20:00,3996.18,Vendor_022,Operations,Payroll,Card,Emp_050,INV-Vendor_022-360117,0,normal,33,2766.22851906831,1229.9514809316897,0,1,0
TX-001969,2024-01-26 15:17:00,1632.95,Vendor_030,Support,Consulting,Card,Emp_030,INV-Vendor_030-182496,0,normal,23,3033.8827608649813,-1400.9327608649812,0,7,0
TX-001970,2024-02-01 08:12:00,2644.22,Vendor_035,Marketing,Travel,Wire,Emp_014,INV-Vendor_035-733217,0,normal,35,2498.9767647058825,145.2432352941173,0,4,0
TX-001971,2024-02-02 20:18:00,3502.85,Vendor_042,Support,Payroll,Wire,Emp_099,INV-Vendor_042-974964,0,normal,30,3465.2441635710875,37.605836428912426,0,7,0
TX-001972,2024-01-03 09:18:00,3253.93,Vendor_053,HR,Consulting,Check,Emp_060,INV-Vendor_053-103232,0,normal,32,5061.836796882053,-1807.9067968820532,0,1,0
TX-001973,2024-01-16 23:47:00,4280.62,Vendor_030,Marketing,Consulting,Wire,Emp_108,INV-Vendor_030-509679,0,normal,23,3033.8827608649813,1246.7372391350186,0,7,0
TX-001974,2024-02-03 16:28:00,11417.888647390904,Vendor_NEW_1974,Legal,Travel,Wire,Emp_096,INV-Vendor_013-844777,1,new_vendor_high,1,11417.888647390904,0.0,0,5,0
TX-001975,2024-01-24 19:06:00,4708.14,Vendor_026,Finance,Operations,ACH,Emp_041,INV-Vendor_026-829106,0,normal,25,2417.752,2290.3880000000004,0,2,0
TX-001976,2024-01-01 15:54:00,10075.66737663098,Vendor_NEW_1976,Engineering,Operations,ACH,Emp_120,INV-Vendor_069-983792,1,new_vendor_high,1,10075.66737663098,0.0,0,1,0
TX-001977,2024-03-01 09:19:00,3914.43,Vendor_086,Engineering,IT,Wire,Emp_049,INV-Vendor_086-478726,0,normal,35,3206.610882352941,707.8191176470586,0,5,0
TX-001978,2024-01-05 15:43:00,1268.24,Vendor_035,Marketing,Payroll,Card,Emp_090,INV-Vendor_035-571401,0,normal,35,2498.9767647058825,-1230.7367647058825,0,4,0
TX-001979,2024-02-22 22:30:00,3360.77,Vendor_025,Finance,Consulting,Wire,Emp_012,INV-Vendor_025-535015,0,normal,44,2815.369772727273,545.4002272727271,0,2,0
TX-001980,2024-02-06 18:33:00,4858.34,Vendor_027,Support,IT,Card,Emp_040,INV-Vendor_027-509212,0,normal,24,4649.952627401481,208.3873725985195,0,13,0
TX-001981,2024-02-12 02:38:00,3147.72,Vendor_007,Operations,Supplies,Card,Emp_086,INV-Vendor_007-845737,0,normal,34,3137.7673386319625,9.952661368037298,0,5,0
TX-001982,2024-02-19 19:55:00,4190.63,Vendor_100,Marketing,Travel,ACH,Emp_023,INV-Vendor_100-750625,0,normal,26,2712.692692307692,1477.937307692308,0,1,0
TX-001983,2024-02-10 04:32:00,1879.8,Vendor_037,Finance,Travel,Card,Emp_094,INV-Vendor_037-380037,0,normal,34,2707.582727272727,-827.782727272727,0,5,0
TX-001984,2024-02-07 14:18:00,1579.63,Vendor_041,Engineering,Consulting,ACH,Emp_096,INV-Vendor_041-886218,0,normal,31,2695.650967741936,-1116.0209677419357,0,2,0
TX-001985,2024-01-20 03:06:00,4727.04,Vendor_031,Legal,IT,Wire,Emp_055,INV-Vendor_031-442678,0,normal,37,2623.9062292690023,2103.1337707309976,0,6,0
TX-001986,2024-01-12 07:19:00,744.07,Vendor_040,Engineering,Consulting,Wire,Emp_097,INV-Vendor_040-352066,0,normal,32,3123.052929000477,-2378.982929000477,0,5,0
TX-001987,2024-01-12 01:22:00,4812.41,Vendor_017,HR,Supplies,ACH,Emp_058,INV-Vendor_017-495959,0,normal,27,2857.5396296296294,1954.8703703703704,0,5,0
TX-001988,2024-01-24 06:29:00,5000.0,Vendor_042,Finance,Consulting,Card,Emp_078,INV-Vendor_042-250451,1,round_number,30,3465.2441635710875,1534.7558364289125,1,7,0
TX-001989,2024-01-05 20:10:00,3641.43,Vendor_057,Support,Operations,Wire,Emp_022,INV-Vendor_057-955119,0,normal,28,3861.44182160464,-220.01182160464032,0,5,0
TX-001990,2024-02-22 13:18:00,3583.11,Vendor_007,Support,Consulting,Card,Emp_042,INV-Vendor_007-330050,0,normal,34,3137.7673386319625,445.3426613680376,0,4,0
TX-001991,2024-01-20 18:17:00,4317.9,Vendor_083,Engineering,Payroll,Wire,Emp_032,INV-Vendor_083-980611,0,normal,25,2850.515,1467.3849999999998,0,5,0
TX-001992,2024-02-04 13:01:00,2853.27,Vendor_067,Finance,Travel,ACH,Emp_093,INV-Vendor_067-808511,0,normal,44,2993.467335565413,-140.19733556541314,0,2,0
TX-001993,2024-01-29 05:39:00,926.11,Vendor_024,Legal,IT,ACH,Emp_090,INV-Vendor_024-583268,0,normal,22,3212.8424589157476,-2286.7324589157474,0,1,0
TX-001994,2024-01-21 04:47:00,3077.08,Vendor_020,HR,IT,Check,Emp_023,INV-Vendor_020-909658,0,normal,37,4048.926765951174,-971.8467659511739,0,4,0
TX-001995,2024-02-04 10:56:00,3812.28,Vendor_046,Engineering,Operations,Check,Emp_041,INV-Vendor_046-543894,0,normal,33,3052.1432305611957,760.1367694388045,0,4,0
TX-001996,2024-01-04 05:55:00,2288.72,Vendor_011,Marketing,Operations,Wire,Emp_104,INV-Vendor_011-249705,0,normal,34,2846.199411764706,-557.4794117647061,0,7,0
TX-001997,2024-02-15 04:27:00,1190.49,Vendor_052,Marketing,Supplies,Card,Emp_094,INV-Vendor_052-880120,1,high_frequency,27,3824.131111111111,-2633.641111111111,0,4,0
TX-001998,2024-02-17 14:08:00,2032.15,Vendor_021,Finance,Travel,Check,Emp_075,INV-Vendor_021-666396,0,normal,34,3005.547197344895,-973.3971973448947,0,7,0
TX-001999,2024-02-21 07:36:00,2729.08,Vendor_015,Finance,Supplies,Card,Emp_042,INV-Vendor_015-668159,0,normal,31,2923.1236666666664,-194.04366666666647,0,1,0
TX-002000,2024-01-30 23:00:00,4857.61,Vendor_052,Finance,Consulting,Card,Emp_071,INV-Vendor_052-870670,0,normal,27,3824.131111111111,1033.4788888888888,0,4,0
TX-002001,2024-01-06 15:51:00,1888.91,Vendor_038,Finance,IT,Check,Emp_103,INV-Vendor_038-640997,0,normal,26,2540.0492307692307,-651.1392307692306,0,1,0
TX-002002,2024-02-22 13:27:00,827.45,Vendor_086,HR,Supplies,Wire,Emp_020,INV-Vendor_086-639334,0,normal,35,3206.610882352941,-2379.1608823529414,0,4,0
TX-002003,2024-01-21 07:12:00,3564.87,Vendor_041,Engineering,Payroll,Wire,Emp_016,INV-Vendor_041-757891,0,normal,31,2695.650967741936,869.2190322580641,0,1,0
TX-002004,2024-01-24 03:03:00,2711.24,Vendor_019,Legal,IT,Check,Emp_014,INV-Vendor_019-880370,0,normal,31,2977.7130705628747,-266.4730705628749,0,10,0
TX-002005,2024-01-04 21:46:00,3684.25,Vendor_088,Finance,IT,ACH,Emp_098,INV-Vendor_088-838237,0,normal,28,2593.798461538461,1090.4515384615388,0,4,0
TX-002006,2024-02-16 12:11:00,1972.51,Vendor_049,Engineering,Consulting,Check,Emp_063,INV-Vendor_049-225333,0,normal,35,2968.721142857143,-996.2111428571432,0,4,0
TX-002007,2024-02-17 05:18:00,12183.817360791843,Vendor_NEW_2007,Sales,Consulting,Check,Emp_116,INV-Vendor_004-871497,1,new_vendor_high,1,12183.817360791843,0.0,0,1,0
TX-002008,2024-01-20 21:33:00,4712.42,Vendor_083,Marketing,Operations,Check,Emp_025,INV-Vendor_083-710820,0,normal,25,2850.515,1861.9050000000002,0,5,0
TX-002009,2024-01-22 20:51:00,506.91,Vendor_022,Support,Supplies,Card,Emp_055,INV-Vendor_022-618074,0,normal,33,2766.22851906831,-2259.3185190683103,0,1,0
TX-002010,2024-02-20 05:09:00,2609.59,Vendor_044,Sales,Supplies,Wire,Emp_087,INV-Vendor_044-289323,0,normal,35,3137.537058823529,-527.947058823529,0,4,0
TX-002011,2024-01-02 10:05:00,1859.13,Vendor_069,Operations,Travel,Wire,Emp_036,INV-Vendor_069-434212,0,normal,24,2413.8735,-554.7435,0,1,0
TX-002012,2024-02-19 11:21:00,3286.65,Vendor_065,Legal,Consulting,ACH,Emp_026,INV-Vendor_065-844884,0,normal,35,3155.7917276126786,130.85827238732145,0,1,0
TX-002013,2024-02-15 07:39:00,4514.44,Vendor_024,Engineering,Supplies,Card,Emp_111,INV-Vendor_024-277476,0,normal,22,3212.8424589157476,1301.597541084252,0,1,0
TX-002014,2024-03-01 10:42:00,2602.2,Vendor_052,Engineering,Travel,Wire,Emp_116,INV-Vendor_052-789874,0,normal,27,3824.131111111111,-1221.931111111111,0,4,0
TX-002015,2024-01-14 05:53:00,4268.14,Vendor_048,Finance,Travel,Wire,Emp_088,INV-Vendor_048-577223,0,normal,23,3207.9171428571435,1060.2228571428568,0,2,0
TX-002016,2024-01-22 01:51:00,3046.1,Vendor_068,HR,Supplies,Check,Emp_063,INV-Vendor_068-583477,0,normal,20,2901.888209334918,144.21179066508194,0,1,0
TX-002017,2024-01-29 17:46:00,1057.08,Vendor_080,Engineering,Operations,Card,Emp_076,INV-Vendor_080-634629,0,normal,29,2652.113793103448,-1595.0337931034483,0,2,0
TX-002018,2024-01-29 13:21:00,2625.31,Vendor_054,Support,Consulting,ACH,Emp_081,INV-Vendor_054-670714,0,normal,23,3005.8517391304345,-380.5417391304345,0,1,0
TX-002019,2024-01-05 13:32:00,4076.91,Vendor_020,Finance,Consulting,Card,Emp_009,INV-Vendor_020-132970,0,normal,37,4048.926765951174,27.983234048826034,0,6,0
TX-002020,2024-02-04 04:31:00,4726.99,Vendor_061,HR,Travel,Wire,Emp_049,INV-Vendor_061-170151,0,normal,41,3458.074275803163,1268.915724196837,0,1,0
TX-002021,2024-02-21 21:46:00,2702.45,Vendor_036,HR,Payroll,Check,Emp_023,INV-Vendor_036-690321,0,normal,32,3055.038064516129,-352.5880645161292,0,4,0
TX-002022,2024-02-13 00:56:00,1992.98,Vendor_005,HR,Operations,Wire,Emp_112,INV-Vendor_005-740485,0,normal,32,4139.26089842047,-2146.28089842047,0,2,0
TX-002023,2024-02-11 10:30:00,2884.43,Vendor_057,Legal,IT,Check,Emp_102,INV-Vendor_057-224501,1,high_frequency,28,3861.44182160464,-977.0118216046403,0,4,0
TX-002024,2024-02-27 09:01:00,2748.16,Vendor_065,Engineering,Travel,Check,Emp_017,INV-Vendor_065-302846,0,normal,35,3155.7917276126786,-407.6317276126788,0,2,0
TX-002025,2024-01-20 12:49:00,2572.6,Vendor_088,Support,IT,Wire,Emp_042,INV-Vendor_088-302881,0,normal,28,2593.798461538461,-21.198461538461288,0,4,0
TX-002026,2024-01-14 13:22:00,4084.1,Vendor_046,Finance,IT,Wire,Emp_030,INV-Vendor_046-622422,0,normal,33,3052.1432305611957,1031.9567694388043,0,4,0
TX-002027,2024-01-24 00:48:00,698.1,Vendor_065,Support,Travel,Check,Emp_053,INV-Vendor_065-441650,0,normal,35,3155.7917276126786,-2457.6917276126787,0,1,0
TX-002028,2024-01-02 17:22:00,4507.64,Vendor_092,Operations,IT,Check,Emp_064,INV-Vendor_092-261837,0,normal,32,2637.2259197610306,1870.4140802389697,0,1,0
TX-002029,2024-02-17 21:26:00,8519.865732967528,Vendor_098,Marketing,Operations,Card,Emp_016,INV-Vendor_098-281874,1,high_amount,33,3524.635628271743,4995.2301046957855,0,1,0
TX-002030,2024-01-09 01:43:00,4324.33,Vendor_065,Sales,Operations,Check,Emp_009,INV-Vendor_065-322512,0,normal,35,3155.7917276126786,1168.5382723873213,0,2,0
TX-002031,2024-02-01 05:52:00,4152.0,Vendor_049,Engineering,Operations,Wire,Emp_104,INV-Vendor_049-924276,0,normal,35,2968.721142857143,1183.2788571428569,0,4,0
TX-002032,2024-01-11 16:48:00,1592.57,Vendor_080,Finance,Payroll,Wire,Emp_037,INV-Vendor_080-275002,0,normal,29,2652.113793103448,-1059.5437931034483,0,1,0
TX-002033,2024-01-18 19:30:00,2253.76,Vendor_026,Marketing,Consulting,Wire,Emp_002,INV-Vendor_026-567053,0,normal,25,2417.752,-163.99199999999973,0,1,0
TX-002034,2024-02-13 11:01:00,8337.13753164752,Vendor_NEW_2034,Finance,Operations,ACH,Emp_100,INV-Vendor_006-324458,1,new_vendor_high,1,8337.13753164752,0.0,0,1,0
TX-002035,2024-01-01 14:21:00,1676.52,Vendor_031,Engineering,Supplies,Wire,Emp_120,INV-Vendor_031-222534,0,normal,37,2623.9062292690023,-947.3862292690023,0,5,0
TX-002036,2024-02-13 14:40:00,1893.88,Vendor_049,Finance,Payroll,ACH,Emp_012,INV-Vendor_049-494292,0,normal,35,2968.721142857143,-1074.841142857143,0,4,0
TX-002037,2024-01-22 13:00:00,4607.3,Vendor_015,Engineering,Travel,ACH,Emp_059,INV-Vendor_015-105816,0,normal,31,2923.1236666666664,1684.1763333333338,0,1,0
TX-002038,2024-02-25 02:43:00,682.97,Vendor_016,Finance,Consulting,Check,Emp_109,INV-Vendor_016-917359,0,normal,42,4104.852509181274,-3421.882509181274,0,4,0
TX-002039,2024-02-06 18:53:00,16431.44921432402,Vendor_NEW_2039,Support,Operations,Check,Emp_070,INV-Vendor_085-934222,1,new_vendor_high,1,16431.44921432402,0.0,0,1,0
TX-002040,2024-02-10 13:16:00,4211.55,Vendor_067,Operations,Payroll,ACH,Emp_030,INV-Vendor_067-624296,0,normal,44,2993.467335565413,1218.082664434587,0,2,0
TX-002041,2024-02-04 14:39:00,2860.51,Vendor_003,Marketing,IT,Card,Emp_054,INV-Vendor_003-690835,0,normal,27,2746.7746153846156,113.73538461538465,0,4,0
TX-002042,2024-01-09 10:34:00,4666.44,Vendor_019,Engineering,Travel,Check,Emp_027,INV-Vendor_019-424111,1,high_frequency,31,2977.7130705628747,1688.726929437125,0,11,0
TX-002043,2024-01-16 09:46:00,4403.02,Vendor_097,Operations,Operations,Wire,Emp_042,INV-Vendor_097-534977,0,normal,24,2534.625652173913,1868.3943478260876,0,5,0
TX-002044,2024-01-24 01:36:00,16192.003101202838,Vendor_NEW_2044,Sales,IT,ACH,Emp_034,INV-Vendor_021-629099,1,new_vendor_high,1,16192.003101202838,0.0,0,2,0
TX-002045,2024-01-17 17:16:00,1802.38,Vendor_038,Sales,Supplies,Wire,Emp_089,INV-Vendor_038-364146,0,normal,26,2540.0492307692307,-737.6692307692306,0,3,0
TX-002046,2024-02-18 00:10:00,2297.92,Vendor_013,Marketing,Payroll,ACH,Emp_114,INV-Vendor_013-648404,0,normal,35,3320.0319506780124,-1022.1119506780124,0,4,0
TX-002047,2024-02-20 21:31:00,1178.77,Vendor_067,Marketing,Supplies,Card,Emp_030,INV-Vendor_067-366059,0,normal,44,2993.467335565413,-1814.6973355654131,0,1,0
TX-002048,2024-01-18 11:49:00,438.86,Vendor_010,Support,Consulting,ACH,Emp_071,INV-Vendor_010-387999,0,normal,22,2547.3354466749174,-2108.4754466749173,0,1,0
TX-002049,2024-02-07 17:14:00,3210.42,Vendor_058,Finance,IT,ACH,Emp_052,INV-Vendor_058-278336,0,normal,34,2718.410294117647,492.00970588235305,0,3,0
TX-002050,2024-01-23 12:05:00,3120.22,Vendor_023,HR,Supplies,Check,Emp_075,INV-Vendor_023-909019,0,normal,34,2735.677272727273,384.542727272727,0,5,0
TX-002051,2024-02-14 18:16:00,1311.94,Vendor_093,HR,Operations,Check,Emp_034,INV-Vendor_093-494962,1,high_frequency,24,2552.386956521739,-1240.4469565217391,0,4,0
TX-002052,2024-01-29 00:34:00,1811.97,Vendor_041,Support,Supplies,Check,Emp_080,INV-Vendor_041-143450,0,normal,31,2695.650967741936,-883.6809677419358,0,1,0
TX-002053,2024-01-22 19:29:00,775.84,Vendor_082,Finance,IT,Card,Emp_091,INV-Vendor_082-434432,0,normal,20,3988.878997849292,-3213.0389978492917,0,4,0
TX-002054,2024-01-03 03:28:00,3021.1,Vendor_024,Sales,Supplies,Wire,Emp_102,INV-Vendor_067-366059,1,duplicate_invoice,22,3212.8424589157476,-191.74245891574765,0,1,1
TX-002055,2024-02-02 17:27:00,2440.92,Vendor_092,Finance,Travel,Card,Emp_089,INV-Vendor_092-737654,0,normal,32,2637.2259197610306,-196.3059197610305,0,1,0
TX-002056,2024-01-21 18:53:00,4198.74,Vendor_035,Operations,IT,Check,Emp_079,INV-Vendor_035-838269,0,normal,35,2498.9767647058825,1699.7632352941173,0,6,0
TX-002057,2024-02-13 20:48:00,3405.68,Vendor_047,Finance,Operations,Wire,Emp_036,INV-Vendor_047-658622,0,normal,33,2865.957997719541,539.722002280459,0,10,0
TX-002058,2024-01-11 23:28:00,2811.84,Vendor_089,Marketing,IT,Card,Emp_031,INV-Vendor_089-423062,0,normal,29,4049.3871695268895,-1237.5471695268893,0,8,0
TX-002059,2024-02-01 17:18:00,2978.49,Vendor_028,Support,Supplies,Wire,Emp_104,INV-Vendor_028-865748,0,normal,37,3803.5322467308665,-825.0422467308667,0,5,0
TX-002060,2024-02-10 21:40:00,4387.95,Vendor_042,Support,IT,ACH,Emp_061,INV-Vendor_042-618656,1,high_frequency,30,3465.2441635710875,922.7058364289123,0,7,0
TX-002061,2024-02-14 22:18:00,1084.58,Vendor_096,HR,Payroll,Card,Emp_068,INV-Vendor_096-434100,0,normal,35,3281.264857142857,-2196.6848571428573,0,5,0
TX-002062,2024-01-17 19:58:00,1516.14,Vendor_016,Marketing,Payroll,ACH,Emp_013,INV-Vendor_016-109798,0,normal,42,4104.852509181274,-2588.712509181274,0,5,0
TX-002063,2024-01-24 19:35:00,2631.46,Vendor_004,Finance,Travel,Wire,Emp_084,INV-Vendor_004-744654,0,normal,30,3943.4157484248335,-1311.9557484248335,0,1,0
TX-002064,2024-01-14 14:49:00,1525.65,Vendor_097,Finance,Consulting,ACH,Emp_033,INV-Vendor_097-985672,0,normal,24,2534.625652173913,-1008.9756521739127,0,4,0
TX-002065,2024-01-21 04:53:00,4693.44,Vendor_004,Engineering,Operations,Card,Emp_045,INV-Vendor_028-956630,1,duplicate_invoice,30,3943.4157484248335,750.0242515751661,0,2,1
TX-002066,2024-01-13 06:36:00,991.94,Vendor_015,Sales,IT,Check,Emp_062,INV-Vendor_015-160913,0,normal,31,2923.1236666666664,-1931.1836666666663,0,1,0
TX-002067,2024-01-07 00:16:00,2768.03,Vendor_074,Legal,Payroll,Check,Emp_014,INV-Vendor_074-302605,0,normal,34,3705.2793562097586,-937.2493562097584,0,7,0
TX-002068,2024-02-11 07:08:00,3450.17,Vendor_093,Support,IT,ACH,Emp_038,INV-Vendor_093-861513,0,normal,24,2552.386956521739,897.7830434782609,0,5,0
TX-002069,2024-01-24 12:23:00,5000.0,Vendor_033,HR,Travel,Check,Emp_024,INV-Vendor_033-961727,1,round_number,28,2550.7607142857146,2449.2392857142854,1,4,0
TX-002070,2024-02-06 03:24:00,5000.0,Vendor_031,Support,Travel,Card,Emp_043,INV-Vendor_031-254902,1,round_number,37,2623.9062292690023,2376.0937707309977,1,4,0
TX-002071,2024-02-14 04:55:00,3202.29,Vendor_025,Finance,Payroll,Wire,Emp_059,INV-Vendor_025-847328,0,normal,44,2815.369772727273,386.92022727272706,0,4,0
TX-002072,2024-01-02 04:40:00,3115.98,Vendor_028,Engineering,IT,Wire,Emp_092,INV-Vendor_028-523592,0,normal,37,3803.5322467308665,-687.5522467308665,0,4,0
TX-002073,2024-01-31 17:15:00,779.21,Vendor_033,Support,Travel,ACH,Emp_004,INV-Vendor_033-273996,0,normal,28,2550.7607142857146,-1771.5507142857145,0,4,0
TX-002074,2024-02-18 14:54:00,4386.86,Vendor_017,Sales,Travel,Check,Emp_014,INV-Vendor_017-287101,0,normal,27,2857.5396296296294,1529.3203703703703,0,4,0
TX-002075,2024-02-07 17:32:00,4386.63,Vendor_019,Sales,Consulting,ACH,Emp_013,INV-Vendor_019-322455,0,normal,31,2977.7130705628747,1408.9169294371254,0,11,0
TX-002076,2024-01-14 11:32:00,4512.24,Vendor_015,Finance,Consulting,Card,Emp_007,INV-Vendor_015-445079,0,normal,31,2923.1236666666664,1589.1163333333334,0,2,0
TX-002077,2024-02-29 02:11:00,2808.82,Vendor_018,Sales,Supplies,Card,Emp_091,INV-Vendor_018-173652,0,normal,25,3244.913714910847,-436.09371491084676,0,1,0
TX-002078,2024-01-14 00:36:00,1552.21,Vendor_061,Sales,Consulting,Card,Emp_026,INV-Vendor_061-675429,0,normal,41,3458.074275803163,-1905.8642758031629,0,1,0
TX-002079,2024-01-13 01:18:00,3851.53,Vendor_018,Sales,Supplies,Wire,Emp_097,INV-Vendor_018-993456,0,normal,25,3244.913714910847,606.6162850891533,0,1,0
TX-002080,2024-01-20 18:49:00,1579.97,Vendor_064,Operations,Payroll,Card,Emp_069,INV-Vendor_064-576774,0,normal,33,2813.544242424243,-1233.5742424242428,0,1,0
TX-002081,2024-01-01 13:26:00,2415.8,Vendor_076,Operations,Consulting,Check,Emp_044,INV-Vendor_076-147754,0,normal,30,2646.702525461832,-230.90252546183183,0,5,0
TX-002082,2024-02-07 00:40:00,2504.62,Vendor_090,Support,Supplies,ACH,Emp_002,INV-Vendor_090-770289,0,normal,25,3892.3379999999997,-1387.7179999999998,0,1,0
TX-002083,2024-02-21 08:32:00,3309.92,Vendor_012,Marketing,Operations,Wire,Emp_112,INV-Vendor_012-995582,0,normal,32,2499.3235160701242,810.5964839298758,0,1,0
TX-002084,2024-02-03 06:57:00,338.48,Vendor_086,Finance,Travel,Check,Emp_117,INV-Vendor_086-893140,0,normal,35,3206.610882352941,-2868.130882352941,0,6,0
TX-002085,2024-02-05 04:48:00,4608.91,Vendor_045,Legal,Operations,ACH,Emp_080,INV-Vendor_045-738723,0,normal,34,3352.6271875,1256.2828124999996,0,11,0
TX-002086,2024-01-06 16:15:00,20817.69254016578,Vendor_006,Sales,Supplies,Wire,Emp_060,INV-Vendor_006-642355,1,high_amount,21,4452.1197045024655,16365.572835663314,0,7,0
TX-002087,2024-02-11 11:06:00,128.38,Vendor_090,Marketing,Payroll,ACH,Emp_040,INV-Vendor_090-501266,0,normal,25,3892.3379999999997,-3763.9579999999996,0,1,0
TX-002088,2024-01-09 07:56:00,682.69,Vendor_030,Finance,Supplies,Check,Emp_069,INV-Vendor_030-830847,0,normal,23,3033.8827608649813,-2351.192760864981,0,7,0
TX-002089,2024-01-26 15:21:00,588.13,Vendor_022,Marketing,Travel,ACH,Emp_110,INV-Vendor_022-255848,0,normal,33,2766.22851906831,-2178.09851906831,0,2,0
TX-002090,2024-01-16 00:33:00,1829.51,Vendor_067,Operations,Payroll,Wire,Emp_046,INV-Vendor_067-518875,0,normal,44,2993.467335565413,-1163.9573355654131,0,3,0
TX-002091,2024-02-27 16:23:00,20000.0,Vendor_021,Finance,Supplies,Card,Emp_020,INV-Vendor_021-271352,1,round_number,34,3005.547197344895,16994.452802655105,1,7,0
TX-002092,2024-01-30 02:44:00,3996.97,Vendor_036,Marketing,IT,Card,Emp_096,INV-Vendor_036-698201,0,normal,32,3055.038064516129,941.9319354838708,0,5,0
TX-002093,2024-02-27 18:44:00,2186.64,Vendor_072,Finance,Travel,Card,Emp_046,INV-Vendor_072-815023,0,normal,21,2526.322857142857,-339.6828571428573,0,2,0
TX-002094,2024-01-28 05:46:00,1402.73,Vendor_084,Legal,Supplies,ACH,Emp_095,INV-Vendor_084-539352,0,normal,44,3595.354474626231,-2192.624474626231,0,4,0
TX-002095,2024-01-22 21:05:00,2579.77,Vendor_052,Engineering,Consulting,ACH,Emp_078,INV-Vendor_052-100693,0,normal,27,3824.131111111111,-1244.3611111111109,0,5,0
TX-002096,2024-01-19 22:10:00,1955.96,Vendor_034,Finance,IT,ACH,Emp_098,INV-Vendor_034-905727,0,normal,31,2820.5182405182827,-864.5582405182827,0,1,0
TX-002097,2024-01-21 01:01:00,1342.51,Vendor_064,Legal,Payroll,ACH,Emp_014,INV-Vendor_064-129090,0,normal,33,2813.544242424243,-1471.0342424242428,0,3,0
TX-002098,2024-02-07 20:07:00,743.34,Vendor_055,Finance,Payroll,Check,Emp_016,INV-Vendor_055-692621,0,normal,35,2730.5511428571426,-1987.2111428571425,0,13,0
TX-002099,2024-02-11 04:05:00,3365.71,Vendor_020,Marketing,Travel,Card,Emp_074,INV-Vendor_020-272957,0,normal,37,4048.926765951174,-683.2167659511738,0,6,0
TX-002100,2024-02-02 23:22:00,3177.77,Vendor_049,Marketing,Travel,ACH,Emp_005,INV-Vendor_049-613512,0,normal,35,2968.721142857143,209.04885714285683,0,4,0
TX-002101,2024-02-27 23:30:00,3910.52,Vendor_098,Finance,Consulting,Card,Emp_110,INV-Vendor_098-759845,0,normal,33,3524.635628271743,385.88437172825707,0,1,0
TX-002102,2024-01-30 11:25:00,2918.64,Vendor_058,Finance,IT,Check,Emp_001,INV-Vendor_058-248287,0,normal,34,2718.410294117647,200.22970588235285,0,1,0
TX-002103,2024-01-02 08:15:00,3586.65,Vendor_023,Sales,IT,Wire,Emp_045,INV-Vendor_023-320386,0,normal,34,2735.677272727273,850.9727272727273,0,5,0
TX-002104,2024-01-03 22:27:00,4253.27,Vendor_036,Legal,Operations,Wire,Emp_066,INV-Vendor_036-224987,0,normal,32,3055.038064516129,1198.2319354838714,0,4,0
TX-002105,2024-01-06 10:05:00,4127.74,Vendor_013,Operations,IT,Wire,Emp_035,INV-Vendor_013-674622,0,normal,35,3320.0319506780124,807.7080493219873,0,4,0
TX-002106,2024-02-04 15:10:00,3910.72,Vendor_062,Engineering,Consulting,Wire,Emp_029,INV-Vendor_062-435136,0,normal,32,3565.037712437434,345.68228756256576,0,7,0
TX-002107,2024-01-26 16:56:00,2279.61,Vendor_022,Marketing,Operations,Wire,Emp_038,INV-Vendor_022-914808,0,normal,33,2766.22851906831,-486.61851906831,0,2,0
TX-002108,2024-01-22 16:21:00,4628.83,Vendor_026,Operations,Operations,ACH,Emp_081,INV-Vendor_026-457915,0,normal,25,2417.752,2211.078,0,1,0
TX-002109,2024-02-12 22:17:00,1106.53,Vendor_053,Finance,IT,Wire,Emp_051,INV-Vendor_053-162265,0,normal,32,5061.836796882053,-3955.3067968820533,0,1,0
TX-002110,2024-01-05 11:23:00,1433.32,Vendor_069,Legal,Operations,Wire,Emp_079,INV-Vendor_069-466020,0,normal,24,2413.8735,-980.5535000000002,0,2,0
TX-002111,2024-02-09 14:30:00,338.59,Vendor_084,Operations,Operations,ACH,Emp_109,INV-Vendor_084-975038,0,normal,44,3595.354474626231,-3256.764474626231,0,2,0
TX-002112,2024-02-11 01:53:00,2259.17,Vendor_092,Operations,Supplies,Card,Emp_117,INV-Vendor_092-890806,0,normal,32,2637.2259197610306,-378.0559197610305,0,1,0
TX-002113,2024-02-18 14:15:00,3087.81,Vendor_065,Legal,IT,Card,Emp_106,INV-Vendor_065-404905,0,normal,35,3155.7917276126786,-67.9817276126787,0,1,0
TX-002114,2024-02-28 02:05:00,4501.94,Vendor_018,Operations,Payroll,Card,Emp_119,INV-Vendor_018-683114,0,normal,25,3244.913714910847,1257.0262850891527,0,1,0
TX-002115,2024-02-12 08:28:00,548.17,Vendor_007,Marketing,IT,Check,Emp_091,INV-Vendor_007-707376,0,normal,34,3137.7673386319625,-2589.5973386319624,0,5,0
TX-002116,2024-02-27 10:21:00,3386.74,Vendor_065,Finance,IT,Check,Emp_063,INV-Vendor_065-656851,0,normal,35,3155.7917276126786,230.94827238732114,0,2,0
TX-002117,2024-02-02 22:04:00,2548.08,Vendor_031,Marketing,Supplies,Check,Emp_047,INV-Vendor_031-630091,0,normal,37,2623.9062292690023,-75.8262292690024,0,4,0
TX-002118,2024-01-21 01:33:00,2173.03,Vendor_066,HR,IT,Card,Emp_057,INV-Vendor_066-651063,0,normal,32,2144.8066657789423,28.22333422105794,0,4,0
TX-002119,2024-01-04 20:44:00,3778.26,Vendor_019,Finance,Operations,Check,Emp_118,INV-Vendor_019-440552,0,normal,31,2977.7130705628747,800.5469294371255,0,11,0
TX-002120,2024-02-17 22:04:00,3940.06,Vendor_072,Engineering,Payroll,Check,Emp_083,INV-Vendor_072-231494,0,normal,21,2526.322857142857,1413.7371428571428,0,1,0
TX-002121,2024-02-27 12:47:00,706.83,Vendor_076,Marketing,Travel,ACH,Emp_034,INV-Vendor_076-730642,0,normal,30,2646.702525461832,-1939.872525461832,0,4,0
TX-002122,2024-01-31 21:20:00,629.93,Vendor_058,Support,Payroll,Check,Emp_056,INV-Vendor_058-569252,0,normal,34,2718.410294117647,-2088.480294117647,0,2,0
TX-002123,2024-02-11 05:34:00,1979.42,Vendor_068,Operations,IT,Wire,Emp_022,INV-Vendor_068-164170,0,normal,20,2901.888209334918,-922.4682093349179,0,1,0
TX-002124,2024-02-08 07:30:00,2281.8,Vendor_067,Sales,Payroll,Wire,Emp_087,INV-Vendor_067-455900,0,normal,44,2993.467335565413,-711.6673355654129,0,2,0
TX-002125,2024-02-28 16:12:00,3015.99,Vendor_021,Legal,Payroll,Card,Emp_042,INV-Vendor_021-580848,0,normal,34,3005.547197344895,10.44280265510497,0,8,0
TX-002126,2024-01-27 23:40:00,4287.22,Vendor_054,Support,Operations,ACH,Emp_049,INV-Vendor_054-640909,0,normal,23,3005.8517391304345,1281.3682608695658,0,1,0
TX-002127,2024-02-22 06:46:00,1975.12,Vendor_021,Legal,Travel,Check,Emp_098,INV-Vendor_021-297631,0,normal,34,3005.547197344895,-1030.427197344895,0,7,0
TX-002128,2024-01-10 04:03:00,4212.06,Vendor_051,HR,Payroll,Wire,Emp_099,INV-Vendor_051-497016,0,normal,33,3471.1343740931966,740.9256259068038,0,2,0
TX-002129,2024-02-14 17:32:00,9622.914391741719,Vendor_NEW_2129,Finance,Operations,Wire,Emp_098,INV-Vendor_085-756227,1,new_vendor_high,1,9622.914391741719,0.0,0,4,0
TX-002130,2024-02-20 03:56:00,4328.37,Vendor_052,Engineering,Supplies,Card,Emp_081,INV-Vendor_052-182797,0,normal,27,3824.131111111111,504.23888888888905,0,4,0
TX-002131,2024-02-06 20:29:00,4298.58,Vendor_003,Support,Travel,Check,Emp_047,INV-Vendor_003-462661,0,normal,27,2746.7746153846156,1551.8053846153844,0,4,0
TX-002132,2024-01-06 12:03:00,3596.3,Vendor_040,Sales,Supplies,Check,Emp_058,INV-Vendor_040-803652,0,normal,32,3123.052929000477,473.2470709995232,0,5,0
TX-002133,2024-01-12 06:41:00,764.68,Vendor_045,Operations,Travel,Check,Emp_011,INV-Vendor_045-480651,0,normal,34,3352.6271875,-2587.9471875000004,0,11,0
TX-002134,2024-02-21 02:31:00,11889.696985821009,Vendor_NEW_2134,Support,Payroll,Wire,Emp_080,INV-Vendor_087-270812,1,new_vendor_high,1,11889.696985821009,0.0,0,6,0
TX-002135,2024-02-23 05:32:00,2975.67,Vendor_073,Marketing,Travel,Check,Emp_119,INV-Vendor_073-511195,0,normal,30,2825.4158620689655,150.25413793103462,0,9,0
TX-002136,2024-01-22 22:24:00,3009.54,Vendor_023,Support,Operations,Card,Emp_016,INV-Vendor_023-830379,0,normal,34,2735.677272727273,273.86272727272717,0,4,0
TX-002137,2024-02-16 13:27:00,3504.93,Vendor_002,Support,Operations,Wire,Emp_076,INV-Vendor_002-610478,0,normal,29,2921.2093209032923,583.7206790967075,0,4,0
TX-002138,2024-01-03 06:45:00,478.5,Vendor_012,Finance,Payroll,Check,Emp_077,INV-Vendor_012-779344,0,normal,32,2499.3235160701242,-2020.8235160701242,0,1,0
TX-002139,2024-01-11 14:01:00,3914.26,Vendor_097,Engineering,IT,ACH,Emp_008,INV-Vendor_097-332726,0,normal,24,2534.625652173913,1379.6343478260874,0,5,0
TX-002140,2024-01-25 17:52:00,738.87,Vendor_060,Engineering,Travel,Wire,Emp_044,INV-Vendor_060-320291,1,high_frequency,28,3524.8804552927822,-2786.0104552927824,0,7,0
TX-002141,2024-01-22 09:11:00,2309.91,Vendor_078,Support,Consulting,ACH,Emp_025,INV-Vendor_078-384236,0,normal,25,3293.4391947043987,-983.5291947043988,0,1,0
TX-002142,2024-01-07 08:46:00,1424.66,Vendor_034,Support,IT,Card,Emp_096,INV-Vendor_034-913476,0,normal,31,2820.5182405182827,-1395.8582405182826,0,1,0
TX-002143,2024-01-21 19:06:00,872.83,Vendor_002,Legal,Payroll,Wire,Emp_071,INV-Vendor_002-730473,0,normal,29,2921.2093209032923,-2048.3793209032924,0,5,0
TX-002144,2024-02-07 06:15:00,3639.29,Vendor_012,Finance,Supplies,Check,Emp_095,INV-Vendor_012-181076,0,normal,32,2499.3235160701242,1139.9664839298757,0,3,0
TX-002145,2024-02-02 06:19:00,3930.49,Vendor_073,Legal,Supplies,Card,Emp_102,INV-Vendor_073-873958,1,high_frequency,30,2825.4158620689655,1105.0741379310343,0,7,0
TX-002146,2024-02-16 12:13:00,407.64,Vendor_035,Legal,Payroll,Card,Emp_100,INV-Vendor_035-712649,0,normal,35,2498.9767647058825,-2091.3367647058826,0,6,0
TX-002147,2024-01-28 23:03:00,3177.84,Vendor_095,Finance,Consulting,Check,Emp_092,INV-Vendor_095-472289,0,normal,42,2756.728095238095,421.11190476190495,0,6,0
TX-002148,2024-03-01 19:26:00,2745.42,Vendor_047,Legal,IT,Card,Emp_042,INV-Vendor_047-221871,0,normal,33,2865.957997719541,-120.53799771954073,0,10,0
TX-002149,2024-02-15 00:15:00,396.92,Vendor_020,Operations,Payroll,Check,Emp_003,INV-Vendor_020-462823,0,normal,37,4048.926765951174,-3652.0067659511737,0,5,0
TX-002150,2024-01-05 23:22:00,1785.19,Vendor_025,Finance,Payroll,ACH,Emp_055,INV-Vendor_025-718903,0,normal,44,2815.369772727273,-1030.1797727272728,0,1,0
TX-002151,2024-02-15 14:08:00,933.8,Vendor_033,Operations,Operations,ACH,Emp_014,INV-Vendor_033-397117,0,normal,28,2550.7607142857146,-1616.9607142857146,0,4,0
TX-002152,2024-02-01 22:12:00,4559.44,Vendor_015,Operations,Consulting,Check,Emp_056,INV-Vendor_015-847787,0,normal,31,2923.1236666666664,1636.3163333333332,0,1,0
TX-002153,2024-02-19 07:55:00,3071.930698174004,Vendor_068,Sales,Consulting,ACH,Emp_088,INV-Vendor_068-335296,1,high_amount,20,2901.888209334918,170.04248883908622,0,1,0
TX-002154,2024-02-07 10:30:00,4851.94,Vendor_100,HR,Payroll,ACH,Emp_098,INV-Vendor_100-677912,0,normal,26,2712.692692307692,2139.2473076923075,0,2,0
TX-002155,2024-02-16 23:31:00,2714.59,Vendor_012,Operations,Supplies,Card,Emp_055,INV-Vendor_012-848481,0,normal,32,2499.3235160701242,215.2664839298759,0,1,0
TX-002156,2024-02-15 07:53:00,2027.16,Vendor_067,Legal,Payroll,Wire,Emp_092,INV-Vendor_067-673017,0,normal,44,2993.467335565413,-966.307335565413,0,4,0
TX-002157,2024-02-04 09:52:00,1463.5,Vendor_001,Marketing,IT,Check,Emp_009,INV-Vendor_001-975914,0,normal,22,3603.7710087726696,-2140.2710087726696,0,4,0
TX-002158,2024-02-01 01:11:00,2806.87,Vendor_082,Sales,Supplies,Wire,Emp_014,INV-Vendor_082-946191,0,normal,20,3988.878997849292,-1182.008997849292,0,4,0
TX-002159,2024-01-16 07:04:00,4288.03,Vendor_038,Engineering,Consulting,Wire,Emp_089,INV-Vendor_038-591111,0,normal,26,2540.0492307692307,1747.980769230769,0,1,0
TX-002160,2024-02-03 14:45:00,1188.09,Vendor_038,Sales,IT,Card,Emp_005,INV-Vendor_038-339313,0,normal,26,2540.0492307692307,-1351.9592307692308,0,2,0
TX-002161,2024-02-15 05:37:00,4887.35,Vendor_029,Sales,IT,Card,Emp_031,INV-Vendor_029-379487,0,normal,23,3015.4890476190476,1871.8609523809528,0,1,0
TX-002162,2024-01-06 01:22:00,4484.74,Vendor_064,Marketing,Supplies,Wire,Emp_040,INV-Vendor_064-455737,0,normal,33,2813.544242424243,1671.195757575757,0,1,0
TX-002163,2024-01-29 02:35:00,4182.82,Vendor_008,Engineering,Operations,ACH,Emp_091,INV-Vendor_008-701299,0,normal,38,2659.1583783783785,1523.6616216216212,0,11,0
TX-002164,2024-02-06 12:25:00,3552.44,Vendor_014,Legal,Payroll,ACH,Emp_111,INV-Vendor_014-766959,0,normal,36,2134.2634285714284,1418.1765714285716,0,3,0
TX-002165,2024-01-09 13:19:00,2318.3,Vendor_061,HR,Supplies,Card,Emp_032,INV-Vendor_061-458496,0,normal,41,3458.074275803163,-1139.7742758031627,0,1,0
TX-002166,2024-01-30 09:58:00,4470.11,Vendor_088,Engineering,Consulting,Card,Emp_023,INV-Vendor_088-232948,0,normal,28,2593.798461538461,1876.3115384615385,0,4,0
TX-002167,2024-01-20 02:43:00,2835.09,Vendor_046,Legal,Payroll,ACH,Emp_104,INV-Vendor_046-607338,0,normal,33,3052.1432305611957,-217.0532305611955,0,4,0
TX-002168,2024-01-14 20:29:00,2495.44,Vendor_018,Engineering,Supplies,Check,Emp_073,INV-Vendor_018-165087,0,normal,25,3244.913714910847,-749.4737149108469,0,1,0
TX-002169,2024-02-18 23:52:00,1912.68,Vendor_082,Support,Operations,Wire,Emp_066,INV-Vendor_082-798024,0,normal,20,3988.878997849292,-2076.198997849292,0,4,0
TX-002170,2024-02-20 16:23:00,2600.47,Vendor_055,Finance,Operations,Check,Emp_059,INV-Vendor_022-147543,1,duplicate_invoice,35,2730.5511428571426,-130.08114285714282,0,13,1
TX-002171,2024-02-02 19:09:00,4596.23,Vendor_014,Operations,Supplies,Card,Emp_034,INV-Vendor_014-990020,0,normal,36,2134.2634285714284,2461.966571428571,0,1,0
TX-002172,2024-01-15 17:01:00,3138.84,Vendor_021,Operations,Consulting,ACH,Emp_089,INV-Vendor_021-996467,0,normal,34,3005.547197344895,133.29280265510533,0,7,0
TX-002173,2024-01-07 00:34:00,1816.07,Vendor_086,HR,IT,Wire,Emp_090,INV-Vendor_086-491552,0,normal,35,3206.610882352941,-1390.5408823529413,0,7,0
TX-002174,2024-02-22 04:07:00,4992.06,Vendor_059,Finance,IT,Wire,Emp_053,INV-Vendor_059-591658,0,normal,15,4133.840666666667,858.2193333333335,0,2,0
TX-002175,2024-02-02 10:15:00,3773.21,Vendor_017,Engineering,Travel,Wire,Emp_051,INV-Vendor_017-117807,0,normal,27,2857.5396296296294,915.6703703703706,0,4,0
TX-002176,2024-02-15 02:20:00,3524.15,Vendor_003,Marketing,Travel,Card,Emp_104,INV-Vendor_003-143042,0,normal,27,2746.7746153846156,777.3753846153845,0,6,0
TX-002177,2024-01-31 08:59:00,441.73,Vendor_004,Operations,Operations,Check,Emp_046,INV-Vendor_004-306395,0,normal,30,3943.4157484248335,-3501.6857484248335,0,2,0
TX-002178,2024-02-28 04:32:00,3648.95,Vendor_003,Finance,IT,Wire,Emp_070,INV-Vendor_003-234217,0,normal,27,2746.7746153846156,902.1753846153842,0,4,0
TX-002179,2024-02-17 06:38:00,2630.57,Vendor_058,Marketing,Payroll,Card,Emp_032,INV-Vendor_058-981853,0,normal,34,2718.410294117647,-87.84029411764686,0,1,0
TX-002180,2024-02-13 02:14:00,4525.26,Vendor_001,Legal,IT,Wire,Emp_054,INV-Vendor_001-859604,0,normal,22,3603.7710087726696,921.4889912273306,0,6,0
TX-002181,2024-02-10 20:48:00,1493.01,Vendor_028,Operations,Consulting,Check,Emp_035,INV-Vendor_028-165057,0,normal,37,3803.5322467308665,-2310.5222467308668,0,4,0
TX-002182,2024-02-21 07:58:00,3742.06,Vendor_034,Marketing,Consulting,Check,Emp_117,INV-Vendor_034-693718,0,normal,31,2820.5182405182827,921.5417594817172,0,2,0
TX-002183,2024-01-19 01:37:00,4806.98,Vendor_067,Legal,IT,Check,Emp_043,INV-Vendor_067-912537,0,normal,44,2993.467335565413,1813.5126644345864,0,1,0
TX-002184,2024-03-01 04:08:00,1657.6,Vendor_019,Legal,Travel,Card,Emp_105,INV-Vendor_019-109456,0,normal,31,2977.7130705628747,-1320.1130705628748,0,10,0
TX-002185,2024-02-20 01:45:00,781.36,Vendor_060,Legal,Consulting,ACH,Emp_080,INV-Vendor_060-881453,0,normal,28,3524.8804552927822,-2743.520455292782,0,8,0
TX-002186,2024-01-02 18:09:00,4643.64,Vendor_035,Legal,Travel,Check,Emp_006,INV-Vendor_035-207509,0,normal,35,2498.9767647058825,2144.663235294118,0,5,0
TX-002187,2024-02-10 07:46:00,1394.45,Vendor_003,Support,Operations,Wire,Emp_068,INV-Vendor_003-558499,0,normal,27,2746.7746153846156,-1352.3246153846155,0,5,0
TX-002188,2024-02-17 04:27:00,2825.09,Vendor_039,Finance,Travel,Wire,Emp_108,INV-Vendor_039-669160,0,normal,23,2600.143043478261,224.94695652173914,0,1,0
TX-002189,2024-03-01 12:13:00,989.4,Vendor_074,Sales,Payroll,Card,Emp_003,INV-Vendor_074-657220,0,normal,34,3705.2793562097586,-2715.8793562097585,0,7,0
TX-002190,2024-01-04 07:17:00,1035.88,Vendor_014,Marketing,IT,Wire,Emp_114,INV-Vendor_014-231011,0,normal,36,2134.2634285714284,-1098.3834285714283,0,2,0
TX-002191,2024-01-06 12:13:00,3021.32,Vendor_090,Marketing,Payroll,Wire,Emp_113,INV-Vendor_090-704712,0,normal,25,3892.3379999999997,-871.0179999999996,0,1,0
TX-002192,2024-02-26 14:55:00,816.13,Vendor_075,Engineering,Travel,Check,Emp_011,INV-Vendor_075-851422,0,normal,31,2556.1941935483874,-1740.0641935483873,0,2,0
TX-002193,2024-02-15 18:10:00,5000.0,Vendor_075,Engineering,Consulting,Check,Emp_101,INV-Vendor_075-823371,1,round_number,31,2556.1941935483874,2443.8058064516126,1,1,0
TX-002194,2024-01-01 13:18:00,444.36,Vendor_045,Legal,Travel,Wire,Emp_035,INV-Vendor_045-112660,0,normal,34,3352.6271875,-2908.2671875,0,12,0
TX-002195,2024-02-12 08:11:00,855.8,Vendor_043,Marketing,Travel,Wire,Emp_060,INV-Vendor_043-680139,0,normal,36,3072.333244872456,-2216.5332448724557,0,10,0
TX-002196,2024-02-21 23:09:00,4066.95,Vendor_034,Marketing,IT,Wire,Emp_040,INV-Vendor_096-690086,1,duplicate_invoice,31,2820.5182405182827,1246.431759481717,0,2,1
TX-002197,2024-02-29 16:49:00,425.21,Vendor_021,Operations,Payroll,Card,Emp_012,INV-Vendor_021-131065,0,normal,34,3005.547197344895,-2580.337197344895,0,7,0
TX-002198,2024-02-04 03:53:00,4523.11,Vendor_006,Sales,Payroll,Wire,Emp_108,INV-Vendor_006-824365,0,normal,21,4452.1197045024655,70.99029549753413,0,7,0
TX-002199,2024-02-08 04:12:00,3898.2,Vendor_055,Operations,Payroll,Check,Emp_036,INV-Vendor_055-859491,0,normal,35,2730.5511428571426,1167.6488571428572,0,13,0
TX-002200,2024-01-07 07:36:00,1898.36,Vendor_001,Operations,IT,Card,Emp_057,INV-Vendor_001-220402,0,normal,22,3603.7710087726696,-1705.4110087726697,0,4,0
TX-002201,2024-02-13 19:52:00,1969.22,Vendor_042,Support,Supplies,Card,Emp_056,INV-Vendor_042-301158,0,normal,30,3465.2441635710875,-1496.0241635710875,0,7,0
TX-002202,2024-02-27 02:16:00,4704.79,Vendor_005,Operations,Consulting,Wire,Emp_058,INV-Vendor_005-510995,0,normal,32,4139.26089842047,565.5291015795301,0,1,0
TX-002203,2024-01-02 02:03:00,678.14,Vendor_100,Sales,Operations,Check,Emp_083,INV-Vendor_100-456581,0,normal,26,2712.692692307692,-2034.5526923076923,0,1,0
TX-002204,2024-01-06 00:50:00,25433.577571332942,Vendor_089,Support,IT,Check,Emp_017,INV-Vendor_089-761396,1,high_amount,29,4049.3871695268895,21384.190401806052,0,8,0
TX-002205,2024-02-12 15:01:00,2322.12,Vendor_069,Engineering,Travel,Wire,Emp_032,INV-Vendor_069-422054,0,normal,24,2413.8735,-91.75350000000026,0,2,0
TX-002206,2024-01-26 15:55:00,1090.3,Vendor_013,HR,Consulting,ACH,Emp_103,INV-Vendor_013-750424,0,normal,35,3320.0319506780124,-2229.7319506780123,0,4,0
TX-002207,2024-01-07 20:34:00,1308.19,Vendor_017,Marketing,IT,ACH,Emp_037,INV-Vendor_017-406292,0,normal,27,2857.5396296296294,-1549.3496296296294,0,4,0
TX-002208,2024-01-29 10:34:00,4176.44,Vendor_002,Legal,Supplies,Wire,Emp_042,INV-Vendor_002-358060,0,normal,29,2921.2093209032923,1255.2306790967073,0,4,0
TX-002209,2024-01-08 02:15:00,2476.3,Vendor_007,Marketing,Operations,Card,Emp_044,INV-Vendor_007-556116,1,high_frequency,34,3137.7673386319625,-661.4673386319623,0,4,0
TX-002210,2024-01-11 10:44:00,1361.89,Vendor_043,Sales,Operations,Wire,Emp_038,INV-Vendor_043-824284,0,normal,36,3072.333244872456,-1710.4432448724558,0,10,0
TX-002211,2024-02-11 15:21:00,205.0,Vendor_050,Operations,IT,Card,Emp_039,INV-Vendor_050-979266,0,normal,26,2861.6157661684847,-2656.6157661684847,0,1,0
TX-002212,2024-01-15 15:39:00,1325.02,Vendor_066,Finance,Travel,Check,Emp_048,INV-Vendor_066-542021,0,normal,32,2144.8066657789423,-819.7866657789423,0,4,0
TX-002213,2024-02-22 21:44:00,3260.45,Vendor_095,Support,Travel,Card,Emp_099,INV-Vendor_095-711943,0,normal,42,2756.728095238095,503.7219047619046,0,4,0
TX-002214,2024-02-12 19:34:00,3418.32,Vendor_005,HR,Operations,Check,Emp_112,INV-Vendor_005-385910,0,normal,32,4139.26089842047,-720.9408984204697,0,1,0
TX-002215,2024-01-30 12:14:00,4400.96,Vendor_100,Finance,Operations,Check,Emp_032,INV-Vendor_100-201263,0,normal,26,2712.692692307692,1688.267307692308,0,1,0
TX-002216,2024-02-13 12:27:00,3378.04,Vendor_046,Engineering,IT,ACH,Emp_090,INV-Vendor_046-737444,0,normal,33,3052.1432305611957,325.8967694388043,0,4,0
TX-002217,2024-01-05 06:03:00,3514.53,Vendor_093,Engineering,Operations,Wire,Emp_053,INV-Vendor_093-864701,0,normal,24,2552.386956521739,962.143043478261,0,5,0
TX-002218,2024-02-21 09:49:00,1411.75,Vendor_006,Finance,Payroll,Card,Emp_093,INV-Vendor_006-439642,1,high_frequency,21,4452.1197045024655,-3040.3697045024655,0,7,0
TX-002219,2024-02-15 01:14:00,2847.87,Vendor_015,HR,Travel,Card,Emp_030,INV-Vendor_015-355190,0,normal,31,2923.1236666666664,-75.2536666666665,0,3,0
TX-002220,2024-01-01 08:55:00,10000.0,Vendor_097,Sales,Operations,Check,Emp_036,INV-Vendor_097-170834,1,round_number,24,2534.625652173913,7465.374347826088,1,4,0
TX-002221,2024-01-07 00:15:00,10000.0,Vendor_052,Engineering,Consulting,Check,Emp_107,INV-Vendor_052-813789,1,round_number,27,3824.131111111111,6175.868888888889,1,4,0
TX-002222,2024-02-10 23:37:00,859.34,Vendor_072,Engineering,Consulting,ACH,Emp_032,INV-Vendor_072-433589,0,normal,21,2526.322857142857,-1666.982857142857,0,1,0
TX-002223,2024-01-12 23:16:00,3780.13,Vendor_046,Finance,Operations,Card,Emp_047,INV-Vendor_046-519941,0,normal,33,3052.1432305611957,727.9867694388045,0,4,0
TX-002224,2024-02-11 10:09:00,3432.1,Vendor_096,HR,Supplies,ACH,Emp_094,INV-Vendor_096-367179,1,high_frequency,35,3281.264857142857,150.83514285714273,0,5,0
TX-002225,2024-01-30 01:08:00,1212.87,Vendor_030,Finance,Operations,Check,Emp_037,INV-Vendor_030-514642,0,normal,23,3033.8827608649813,-1821.0127608649814,0,7,0
TX-002226,2024-02-01 15:37:00,1483.49,Vendor_042,Sales,Travel,Wire,Emp_049,INV-Vendor_042-229845,0,normal,30,3465.2441635710875,-1981.7541635710875,0,8,0
TX-002227,2024-02-09 00:33:00,979.3563230524284,Vendor_013,HR,Payroll,ACH,Emp_108,INV-Vendor_013-855675,1,high_amount,35,3320.0319506780124,-2340.675627625584,0,4,0
TX-002228,2024-01-02 08:35:00,2758.38,Vendor_036,Engineering,Travel,ACH,Emp_001,INV-Vendor_036-498996,0,normal,32,3055.038064516129,-296.6580645161289,0,4,0
TX-002229,2024-02-03 06:10:00,3047.18,Vendor_028,Legal,IT,ACH,Emp_099,INV-Vendor_028-381343,0,normal,37,3803.5322467308665,-756.3522467308667,0,4,0
TX-002230,2024-01-23 04:30:00,726.68,Vendor_010,Support,Consulting,Check,Emp_065,INV-Vendor_010-944096,0,normal,22,2547.3354466749174,-1820.6554466749176,0,1,0
TX-002231,2024-01-04 23:46:00,432.96,Vendor_043,Finance,IT,Check,Emp_057,INV-Vendor_043-616219,0,normal,36,3072.333244872456,-2639.373244872456,0,11,0
TX-002232,2024-03-01 13:59:00,2695.23,Vendor_050,Support,Payroll,Card,Emp_033,INV-Vendor_050-648526,0,normal,26,2861.6157661684847,-166.38576616848468,0,2,0
TX-002233,2024-01-09 12:58:00,10000.0,Vendor_049,Marketing,Payroll,Wire,Emp_017,INV-Vendor_049-796142,1,round_number,35,2968.721142857143,7031.278857142857,1,5,0
TX-002234,2024-02-05 23:52:00,3103.66,Vendor_041,Support,IT,ACH,Emp_022,INV-Vendor_041-206155,0,normal,31,2695.650967741936,408.00903225806405,0,1,0
TX-002235,2024-02-16 10:44:00,2524.17,Vendor_055,Support,Operations,ACH,Emp_093,INV-Vendor_055-152545,0,normal,35,2730.5511428571426,-206.38114285714255,0,13,0
TX-002236,2024-02-20 22:07:00,1535.63,Vendor_020,HR,Travel,Check,Emp_106,INV-Vendor_020-843020,0,normal,37,4048.926765951174,-2513.2967659511737,0,4,0
TX-002237,2024-02-14 23:19:00,1671.24,Vendor_077,HR,Operations,Wire,Emp_005,INV-Vendor_077-476526,0,normal,33,3274.230606060606,-1602.990606060606,0,1,0
TX-002238,2024-02-03 04:37:00,2345.12,Vendor_014,Finance,Consulting,Card,Emp_019,INV-Vendor_014-427809,0,normal,36,2134.2634285714284,210.85657142857144,0,1,0
TX-002239,2024-01-21 03:07:00,4856.37,Vendor_038,HR,IT,Card,Emp_047,INV-Vendor_038-435519,0,normal,26,2540.0492307692307,2316.320769230769,0,2,0
TX-002240,2024-02-21 04:26:00,2559.22,Vendor_097,Support,Payroll,ACH,Emp_014,INV-Vendor_097-811915,0,normal,24,2534.625652173913,24.59434782608696,0,4,0
TX-002241,2024-01-17 16:43:00,2538.69,Vendor_016,Finance,Travel,ACH,Emp_009,INV-Vendor_016-946778,0,normal,42,4104.852509181274,-1566.1625091812743,0,5,0
TX-002242,2024-03-01 04:48:00,2030.68,Vendor_049,Operations,Travel,Card,Emp_008,INV-Vendor_049-268617,1,high_frequency,35,2968.721142857143,-938.0411428571431,0,4,0
TX-002243,2024-01-12 02:58:00,3585.61,Vendor_049,Marketing,Consulting,Check,Emp_023,INV-Vendor_049-905270,0,normal,35,2968.721142857143,616.888857142857,0,5,0
TX-002244,2024-01-24 19:33:00,447.9,Vendor_095,Support,Supplies,Wire,Emp_091,INV-Vendor_095-184490,1,high_frequency,42,2756.728095238095,-2308.828095238095,0,4,0
TX-002245,2024-01-04 05:46:00,1731.6,Vendor_047,Support,Supplies,Card,Emp_061,INV-Vendor_047-960205,0,normal,33,2865.957997719541,-1134.357997719541,0,10,0
TX-002246,2024-02-29 00:51:00,12596.607011218402,Vendor_065,Finance,Supplies,Wire,Emp_052,INV-Vendor_065-357276,1,high_amount,35,3155.7917276126786,9440.815283605723,0,1,0
TX-002247,2024-01-05 14:48:00,840.77,Vendor_038,Sales,Operations,Check,Emp_087,INV-Vendor_038-148401,0,normal,26,2540.0492307692307,-1699.2792307692307,0,1,0
TX-002248,2024-02-22 18:06:00,3210.83,Vendor_012,Support,Operations,Card,Emp_118,INV-Vendor_012-536212,0,normal,32,2499.3235160701242,711.5064839298757,0,1,0
TX-002249,2024-02-06 03:39:00,962.05,Vendor_090,Legal,Consulting,Card,Emp_077,INV-Vendor_090-215156,0,normal,25,3892.3379999999997,-2930.2879999999996,0,1,0
TX-002250,2024-01-09 01:16:00,4032.51,Vendor_035,Operations,Operations,Card,Emp_064,INV-Vendor_035-984219,0,normal,35,2498.9767647058825,1533.5332352941177,0,5,0
TX-002251,2024-01-07 11:15:00,1698.73,Vendor_063,Marketing,Travel,Check,Emp_024,INV-Vendor_063-756028,0,normal,30,2872.7581223683005,-1174.0281223683005,0,6,0
TX-002252,2024-02-23 06:17:00,435.69,Vendor_021,Marketing,IT,Check,Emp_120,INV-Vendor_028-796645,1,duplicate_invoice,34,3005.547197344895,-2569.8571973448948,0,7,1
TX-002253,2024-02-01 12:58:00,3365.3,Vendor_074,Legal,Operations,Wire,Emp_071,INV-Vendor_074-963443,0,normal,34,3705.2793562097586,-339.9793562097584,0,7,0
TX-002254,2024-02-19 13:11:00,3023.32,Vendor_017,Sales,Payroll,Card,Emp_116,INV-Vendor_017-690636,0,normal,27,2857.5396296296294,165.78037037037075,0,4,0
TX-002255,2024-02-04 03:23:00,4524.67,Vendor_080,HR,IT,Wire,Emp_075,INV-Vendor_080-133464,0,normal,29,2652.113793103448,1872.5562068965519,0,1,0
TX-002256,2024-01-24 12:47:00,212.37,Vendor_009,Legal,IT,Card,Emp_046,INV-Vendor_009-337967,0,normal,23,2132.1145454545454,-1919.7445454545455,0,1,0
TX-002257,2024-01-03 18:54:00,242.82,Vendor_040,Engineering,Payroll,Card,Emp_077,INV-Vendor_040-501801,0,normal,32,3123.052929000477,-2880.232929000477,0,6,0
TX-002258,2024-01-24 20:13:00,13109.713208047364,Vendor_NEW_2258,Support,IT,Check,Emp_111,INV-Vendor_035-569482,1,new_vendor_high,1,13109.713208047364,0.0,0,2,0
TX-002259,2024-01-09 02:34:00,4508.61,Vendor_031,Legal,Supplies,Card,Emp_007,INV-Vendor_046-501905,1,duplicate_invoice,37,2623.9062292690023,1884.7037707309973,0,4,1
TX-002260,2024-01-04 23:59:00,2899.37,Vendor_054,Operations,Supplies,ACH,Emp_071,INV-Vendor_054-349430,0,normal,23,3005.8517391304345,-106.48173913043456,0,1,0
TX-002261,2024-01-24 23:53:00,727.06,Vendor_005,Sales,Supplies,ACH,Emp_020,INV-Vendor_005-938129,0,normal,32,4139.26089842047,-3412.20089842047,0,1,0
TX-002262,2024-01-14 23:17:00,1424.62,Vendor_079,Legal,Operations,Check,Emp_090,INV-Vendor_079-215259,0,normal,29,2672.4585185185188,-1247.8385185185189,0,3,0
TX-002263,2024-01-30 07:31:00,1160.63,Vendor_099,Support,Operations,Wire,Emp_078,INV-Vendor_099-474080,0,normal,21,2417.6414285714286,-1257.0114285714285,0,5,0
TX-002264,2024-01-27 02:06:00,3288.23,Vendor_100,Marketing,Supplies,Card,Emp_009,INV-Vendor_100-375660,0,normal,26,2712.692692307692,575.5373076923079,0,2,0
TX-002265,2024-01-29 05:16:00,2618.34,Vendor_088,Sales,IT,Check,Emp_088,INV-Vendor_088-155663,0,normal,28,2593.798461538461,24.54153846153895,0,6,0
TX-002266,2024-02-08 19:58:00,4632.0,Vendor_019,Finance,Supplies,Card,Emp_074,INV-Vendor_019-547046,0,normal,31,2977.7130705628747,1654.2869294371253,0,10,0
TX-002267,2024-02-23 05:12:00,2646.87,Vendor_062,Sales,IT,Check,Emp_041,INV-Vendor_062-664254,0,normal,32,3565.037712437434,-918.1677124374341,0,7,0
TX-002268,2024-02-15 13:26:00,1440.74,Vendor_015,Marketing,Operations,ACH,Emp_053,INV-Vendor_015-296603,0,normal,31,2923.1236666666664,-1482.3836666666664,0,3,0
TX-002269,2024-01-22 06:32:00,4944.26,Vendor_042,Legal,Consulting,ACH,Emp_037,INV-Vendor_042-648720,0,normal,30,3465.2441635710875,1479.0158364289127,0,8,0
TX-002270,2024-02-29 20:26:00,4133.31,Vendor_049,Support,Supplies,Wire,Emp_079,INV-Vendor_049-791965,0,normal,35,2968.721142857143,1164.5888571428573,0,6,0
TX-002271,2024-02-23 12:08:00,1343.3,Vendor_022,Sales,Supplies,Check,Emp_024,INV-Vendor_022-306695,0,normal,33,2766.22851906831,-1422.9285190683102,0,1,0
TX-002272,2024-01-09 20:42:00,1844.32,Vendor_002,Support,Consulting,Wire,Emp_073,INV-Vendor_002-853671,0,normal,29,2921.2093209032923,-1076.8893209032924,0,5,0
TX-002273,2024-01-25 16:08:00,1347.96,Vendor_099,Operations,Payroll,Check,Emp_008,INV-Vendor_099-656837,0,normal,21,2417.6414285714286,-1069.6814285714286,0,5,0
TX-002274,2024-02-04 18:01:00,1449.95,Vendor_073,Operations,Supplies,Card,Emp_118,INV-Vendor_073-972183,0,normal,30,2825.4158620689655,-1375.4658620689654,0,8,0
TX-002275,2024-02-09 21:55:00,1183.03,Vendor_046,Operations,Payroll,Card,Emp_061,INV-Vendor_046-720998,0,normal,33,3052.1432305611957,-1869.1132305611957,0,4,0
TX-002276,2024-01-10 17:40:00,570.66,Vendor_076,Finance,Supplies,ACH,Emp_103,INV-Vendor_058-528969,1,duplicate_invoice,30,2646.702525461832,-2076.042525461832,0,5,1
TX-002277,2024-01-05 04:58:00,1905.3,Vendor_090,Operations,Operations,Card,Emp_080,INV-Vendor_090-734873,0,normal,25,3892.3379999999997,-1987.0379999999998,0,1,0
TX-002278,2024-01-12 06:39:00,3148.84,Vendor_044,Operations,Payroll,ACH,Emp_002,INV-Vendor_044-775065,1,high_frequency,35,3137.537058823529,11.302941176470995,0,4,0
TX-002279,2024-02-02 23:44:00,3108.16,Vendor_002,Engineering,Payroll,Wire,Emp_064,INV-Vendor_002-452634,0,normal,29,2921.2093209032923,186.95067909670752,0,4,0
TX-002280,2024-02-04 10:34:00,4525.34,Vendor_064,Finance,IT,Wire,Emp_051,INV-Vendor_064-163881,0,normal,33,2813.544242424243,1711.7957575757573,0,1,0
TX-002281,2024-01-25 00:16:00,1831.32,Vendor_099,Marketing,Payroll,Wire,Emp_068,INV-Vendor_099-756122,0,normal,21,2417.6414285714286,-586.3214285714287,0,5,0
TX-002282,2024-02-18 09:38:00,867.55,Vendor_012,Support,Travel,ACH,Emp_002,INV-Vendor_012-412959,0,normal,32,2499.3235160701242,-1631.7735160701243,0,1,0
TX-002283,2024-02-24 19:52:00,393.67,Vendor_042,Support,Supplies,Check,Emp_064,INV-Vendor_042-469636,0,normal,30,3465.2441635710875,-3071.5741635710874,0,7,0
TX-002284,2024-01-21 12:05:00,461.65,Vendor_068,Marketing,Supplies,ACH,Emp_036,INV-Vendor_068-763711,0,normal,20,2901.888209334918,-2440.238209334918,0,1,0
TX-002285,2024-01-20 07:33:00,3716.7,Vendor_031,Sales,Consulting,ACH,Emp_064,INV-Vendor_031-544702,0,normal,37,2623.9062292690023,1092.7937707309975,0,6,0
TX-002286,2024-02-23 20:01:00,1500.97,Vendor_089,Engineering,Operations,Check,Emp_076,INV-Vendor_089-694330,0,normal,29,4049.3871695268895,-2548.4171695268897,0,8,0
TX-002287,2024-02-10 09:12:00,1244.35,Vendor_066,Support,Consulting,ACH,Emp_078,INV-Vendor_066-469417,0,normal,32,2144.8066657789423,-900.4566657789424,0,4,0
TX-002288,2024-02-26 02:13:00,3000.9,Vendor_038,Marketing,Travel,ACH,Emp_095,INV-Vendor_038-275665,0,normal,26,2540.0492307692307,460.8507692307694,0,2,0
TX-002289,2024-02-09 17:22:00,4846.65,Vendor_027,Sales,Supplies,Check,Emp_064,INV-Vendor_027-804168,0,normal,24,4649.952627401481,196.697372598519,0,13,0
TX-002290,2024-01-27 12:02:00,213.86,Vendor_085,Legal,Operations,Card,Emp_079,INV-Vendor_085-363252,0,normal,28,3183.8122633457456,-2969.9522633457455,0,7,0
TX-002291,2024-01-30 19:39:00,690.91,Vendor_037,Sales,Travel,Wire,Emp_003,INV-Vendor_037-144638,0,normal,34,2707.582727272727,-2016.6727272727271,0,6,0
TX-002292,2024-02-23 13:45:00,710.45,Vendor_053,HR,Consulting,Check,Emp_082,INV-Vendor_053-559222,0,normal,32,5061.836796882053,-4351.386796882053,0,2,0
TX-002293,2024-02-28 00:05:00,2763.03,Vendor_077,Marketing,Supplies,Check,Emp_117,INV-Vendor_077-452979,0,normal,33,3274.230606060606,-511.2006060606059,0,1,0
TX-002294,2024-02-29 08:53:00,667.99,Vendor_064,Marketing,Consulting,Check,Emp_070,INV-Vendor_041-931232,1,duplicate_invoice,33,2813.544242424243,-2145.554242424243,0,3,1
TX-002295,2024-01-26 02:34:00,19022.98142794382,Vendor_NEW_2295,Sales,Travel,Card,Emp_034,INV-Vendor_079-486504,1,new_vendor_high,1,19022.98142794382,0.0,0,2,0
TX-002296,2024-01-28 21:30:00,3049.53,Vendor_013,Operations,Operations,ACH,Emp_119,INV-Vendor_013-404029,0,normal,35,3320.0319506780124,-270.50195067801224,0,4,0
TX-002297,2024-01-06 18:31:00,380.5,Vendor_053,Operations,Payroll,Wire,Emp_052,INV-Vendor_053-589658,0,normal,32,5061.836796882053,-4681.336796882053,0,2,0
TX-002298,2024-02-16 07:12:00,1833.79,Vendor_091,Engineering,IT,Check,Emp_079,INV-Vendor_091-269264,0,normal,23,2089.608260869565,-255.81826086956517,0,10,0
TX-002299,2024-01-17 14:49:00,331.12,Vendor_038,Sales,Payroll,ACH,Emp_021,INV-Vendor_038-855742,0,normal,26,2540.0492307692307,-2208.929230769231,0,3,0
TX-002300,2024-01-12 16:05:00,2458.4,Vendor_077,Operations,Operations,Card,Emp_104,INV-Vendor_077-538530,0,normal,33,3274.230606060606,-815.830606060606,0,2,0
TX-002301,2024-03-01 13:07:00,1969.53,Vendor_044,Support,Consulting,ACH,Emp_039,INV-Vendor_044-566626,0,normal,35,3137.537058823529,-1168.0070588235292,0,4,0
TX-002302,2024-02-07 15:05:00,3866.81,Vendor_005,Legal,Travel,Card,Emp_048,INV-Vendor_005-363752,0,normal,32,4139.26089842047,-272.4508984204699,0,1,0
TX-002303,2024-02-18 23:06:00,1522.9,Vendor_025,Operations,Travel,Card,Emp_072,INV-Vendor_025-631975,0,normal,44,2815.369772727273,-1292.4697727272728,0,2,0
TX-002304,2024-02-02 08:14:00,3542.44,Vendor_026,Marketing,Operations,ACH,Emp_032,INV-Vendor_026-699892,0,normal,25,2417.752,1124.688,0,2,0
TX-002305,2024-02-19 00:47:00,3634.6,Vendor_023,Support,Consulting,Wire,Emp_018,INV-Vendor_023-644897,0,normal,34,2735.677272727273,898.9227272727271,0,4,0
TX-002306,2024-01-26 22:58:00,4150.69,Vendor_084,Engineering,Operations,Card,Emp_109,INV-Vendor_084-248134,0,normal,44,3595.354474626231,555.3355253737686,0,1,0
TX-002307,2024-02-28 09:27:00,638.77,Vendor_042,Legal,IT,Card,Emp_104,INV-Vendor_042-754713,0,normal,30,3465.2441635710875,-2826.4741635710875,0,9,0
TX-002308,2024-02-12 09:40:00,2614.17,Vendor_063,Sales,Payroll,ACH,Emp_028,INV-Vendor_063-324276,0,normal,30,2872.7581223683005,-258.58812236830045,0,4,0
TX-002309,2024-02-20 16:04:00,4848.15,Vendor_019,Legal,Travel,ACH,Emp_104,INV-Vendor_019-887421,0,normal,31,2977.7130705628747,1870.436929437125,0,12,0
TX-002310,2024-01-04 11:10:00,3977.42,Vendor_081,Engineering,Operations,Wire,Emp_006,INV-Vendor_081-327770,0,normal,30,3787.006065906091,190.41393409390912,0,4,0
TX-002311,2024-01-21 06:30:00,8401.778213656493,Vendor_NEW_2311,Engineering,IT,ACH,Emp_119,INV-Vendor_069-928278,1,new_vendor_high,1,8401.778213656493,0.0,0,2,0
TX-002312,2024-02-15 08:30:00,1959.12,Vendor_051,Sales,IT,Card,Emp_048,INV-Vendor_051-900816,0,normal,33,3471.1343740931966,-1512.0143740931967,0,2,0
TX-002313,2024-01-27 11:54:00,3818.1,Vendor_096,Engineering,Supplies,Card,Emp_099,INV-Vendor_096-597105,0,normal,35,3281.264857142857,536.8351428571427,0,4,0
TX-002314,2024-01-02 15:43:00,4445.1,Vendor_047,Sales,IT,Card,Emp_110,INV-Vendor_047-293531,0,normal,33,2865.957997719541,1579.1420022804596,0,10,0
TX-002315,2024-02-17 11:43:00,624.81,Vendor_082,Marketing,Travel,ACH,Emp_095,INV-Vendor_082-211464,0,normal,20,3988.878997849292,-3364.068997849292,0,4,0
TX-002316,2024-01-14 05:34:00,3327.28,Vendor_088,Legal,Payroll,Card,Emp_120,INV-Vendor_088-748930,0,normal,28,2593.798461538461,733.481538461539,0,5,0
TX-002317,2024-02-07 11:40:00,783.42,Vendor_058,Support,Operations,Card,Emp_054,INV-Vendor_058-576839,0,normal,34,2718.410294117647,-1934.990294117647,0,3,0
TX-002318,2024-01-01 13:42:00,3960.31,Vendor_079,Sales,Payroll,Wire,Emp_032,INV-Vendor_079-133910,0,normal,29,2672.4585185185188,1287.8514814814812,0,1,0
TX-002319,2024-02-05 13:32:00,1518.11,Vendor_072,Engineering,Supplies,Card,Emp_093,INV-Vendor_072-952074,0,normal,21,2526.322857142857,-1008.2128571428573,0,1,0
TX-002320,2024-01-11 12:55:00,3666.25,Vendor_020,Legal,Consulting,ACH,Emp_084,INV-Vendor_020-548536,0,normal,37,4048.926765951174,-382.6767659511738,0,4,0
TX-002321,2024-02-17 04:37:00,449.22,Vendor_076,HR,Consulting,ACH,Emp_030,INV-Vendor_076-619342,0,normal,30,2646.702525461832,-2197.4825254618318,0,5,0
TX-002322,2024-01-26 09:23:00,4099.1,Vendor_073,Legal,Operations,Card,Emp_053,INV-Vendor_073-645427,0,normal,30,2825.4158620689655,1273.684137931035,0,7,0
TX-002323,2024-01-19 04:05:00,9513.220814227281,Vendor_NEW_2323,HR,Payroll,Card,Emp_054,INV-Vendor_014-696056,1,new_vendor_high,1,9513.220814227281,0.0,0,1,0
TX-002324,2024-01-25 09:25:00,4039.19,Vendor_077,Finance,Consulting,Card,Emp_120,INV-Vendor_077-346208,0,normal,33,3274.230606060606,764.959393939394,0,1,0
TX-002325,2024-01-04 08:10:00,1447.41,Vendor_009,Marketing,Operations,Check,Emp_077,INV-Vendor_009-935554,0,normal,23,2132.1145454545454,-684.7045454545453,0,1,0
TX-002326,2024-02-26 04:47:00,16130.250573619523,Vendor_NEW_2326,Finance,IT,Wire,Emp_110,INV-Vendor_057-579386,1,new_vendor_high,1,16130.250573619523,0.0,0,1,0
TX-002327,2024-02-20 10:45:00,4018.0,Vendor_037,Support,Operations,Wire,Emp_103,INV-Vendor_037-170014,0,normal,34,2707.582727272727,1310.417272727273,0,5,0
TX-002328,2024-02-05 22:19:00,3140.89,Vendor_027,Engineering,Operations,ACH,Emp_102,INV-Vendor_027-644208,0,normal,24,4649.952627401481,-1509.0626274014808,0,13,0
TX-002329,2024-01-06 14:09:00,658.27,Vendor_100,Sales,Consulting,Wire,Emp_089,INV-Vendor_100-931847,0,normal,26,2712.692692307692,-2054.422692307692,0,1,0
TX-002330,2024-02-16 02:04:00,3127.57,Vendor_087,HR,Payroll,ACH,Emp_041,INV-Vendor_087-342440,0,normal,26,2325.0704,802.4996000000001,0,4,0
TX-002331,2024-02-21 02:03:00,3376.48,Vendor_049,Support,Travel,Wire,Emp_036,INV-Vendor_049-370171,0,normal,35,2968.721142857143,407.75885714285687,0,6,0
TX-002332,2024-01-03 23:30:00,4249.04,Vendor_051,Engineering,Consulting,Card,Emp_113,INV-Vendor_051-303805,0,normal,33,3471.1343740931966,777.9056259068034,0,1,0
TX-002333,2024-02-07 10:17:00,724.23,Vendor_052,Legal,Consulting,Check,Emp_104,INV-Vendor_052-472502,0,normal,27,3824.131111111111,-3099.901111111111,0,4,0
TX-002334,2024-02-12 13:42:00,3834.98,Vendor_067,Sales,Supplies,Card,Emp_001,INV-Vendor_067-585812,0,normal,44,2993.467335565413,841.5126644345869,0,1,0
TX-002335,2024-02-09 03:19:00,3238.55,Vendor_100,Sales,Travel,Card,Emp_030,INV-Vendor_100-641144,0,normal,26,2712.692692307692,525.857307692308,0,1,0
TX-002336,2024-02-23 04:17:00,2135.36,Vendor_053,Engineering,IT,Card,Emp_078,INV-Vendor_053-296975,0,normal,32,5061.836796882053,-2926.476796882053,0,2,0
TX-002337,2024-01-16 07:25:00,12548.835318118407,Vendor_NEW_2337,HR,Payroll,Check,Emp_077,INV-Vendor_027-972437,1,new_vendor_high,1,12548.835318118407,0.0,0,13,0
TX-002338,2024-01-19 15:33:00,2427.7,Vendor_093,Support,Operations,Wire,Emp_086,INV-Vendor_093-685612,0,normal,24,2552.386956521739,-124.68695652173938,0,4,0
TX-002339,2024-01-30 17:06:00,2521.79,Vendor_011,Sales,Consulting,ACH,Emp_014,INV-Vendor_011-782647,0,normal,34,2846.199411764706,-324.40941176470596,0,9,0
TX-002340,2024-02-20 11:29:00,941.33,Vendor_007,Finance,Travel,Wire,Emp_120,INV-Vendor_007-443184,0,normal,34,3137.7673386319625,-2196.4373386319626,0,4,0
TX-002341,2024-02-17 12:17:00,3085.78,Vendor_093,Engineering,Operations,Check,Emp_090,INV-Vendor_093-943771,0,normal,24,2552.386956521739,533.393043478261,0,4,0
TX-002342,2024-01-04 19:07:00,1242.36,Vendor_016,Sales,Operations,ACH,Emp_120,INV-Vendor_016-819029,0,normal,42,4104.852509181274,-2862.4925091812747,0,5,0
TX-002343,2024-01-03 00:57:00,3707.2,Vendor_040,HR,Supplies,Check,Emp_019,INV-Vendor_040-421816,0,normal,32,3123.052929000477,584.1470709995228,0,6,0
TX-002344,2024-02-03 06:28:00,4001.43,Vendor_090,HR,Operations,Card,Emp_016,INV-Vendor_090-983901,0,normal,25,3892.3379999999997,109.0920000000001,0,1,0
TX-002345,2024-01-27 02:20:00,2389.85,Vendor_085,Operations,Operations,Check,Emp_011,INV-Vendor_085-504740,0,normal,28,3183.8122633457456,-793.9622633457457,0,7,0
TX-002346,2024-02-02 23:20:00,819.8,Vendor_085,Operations,IT,ACH,Emp_079,INV-Vendor_085-938870,0,normal,28,3183.8122633457456,-2364.012263345746,0,4,0
TX-002347,2024-01-09 07:39:00,1669.01,Vendor_018,Operations,Operations,Check,Emp_084,INV-Vendor_018-843676,0,normal,25,3244.913714910847,-1575.903714910847,0,2,0
TX-002348,2024-02-05 06:41:00,3379.17,Vendor_053,Operations,Payroll,Wire,Emp_027,INV-Vendor_053-906367,0,normal,32,5061.836796882053,-1682.666796882053,0,2,0
TX-002349,2024-01-24 14:55:00,6955.414253684085,Vendor_031,Marketing,Payroll,Check,Emp_061,INV-Vendor_031-999405,1,high_amount,37,2623.9062292690023,4331.508024415083,0,4,0
TX-002350,2024-01-26 19:32:00,4723.77,Vendor_083,Marketing,Operations,Check,Emp_028,INV-Vendor_083-837467,0,normal,25,2850.515,1873.2550000000006,0,4,0
TX-002351,2024-01-08 08:38:00,1322.36,Vendor_023,Finance,IT,Wire,Emp_059,INV-Vendor_023-231448,0,normal,34,2735.677272727273,-1413.317272727273,0,5,0
TX-002352,2024-01-01 14:33:00,4663.01,Vendor_064,Legal,Consulting,Card,Emp_046,INV-Vendor_064-938663,0,normal,33,2813.544242424243,1849.4657575757574,0,1,0
TX-002353,2024-01-10 15:30:00,3181.01,Vendor_014,Support,Travel,Card,Emp_092,INV-Vendor_014-686781,0,normal,36,2134.2634285714284,1046.7465714285718,0,1,0
TX-002354,2024-01-01 05:03:00,808.0,Vendor_076,Finance,Travel,Check,Emp_053,INV-Vendor_076-439993,0,normal,30,2646.702525461832,-1838.702525461832,0,5,0
TX-002355,2024-02-08 03:30:00,1599.26,Vendor_061,HR,Payroll,ACH,Emp_046,INV-Vendor_056-412455,1,duplicate_invoice,41,3458.074275803163,-1858.814275803163,0,3,1
TX-002356,2024-02-23 13:39:00,1101.66,Vendor_049,Support,Travel,ACH,Emp_091,INV-Vendor_049-665340,0,normal,35,2968.721142857143,-1867.061142857143,0,4,0
TX-002357,2024-02-09 00:11:00,3577.65,Vendor_095,HR,Consulting,Card,Emp_096,INV-Vendor_095-620654,0,normal,42,2756.728095238095,820.9219047619049,0,5,0
TX-002358,2024-01-03 06:49:00,16023.56907811689,Vendor_NEW_2358,Sales,Operations,Card,Emp_072,INV-Vendor_023-858190,1,new_vendor_high,1,16023.56907811689,0.0,0,4,0
TX-002359,2024-02-14 08:01:00,778.23,Vendor_072,HR,Consulting,Check,Emp_051,INV-Vendor_072-119118,0,normal,21,2526.322857142857,-1748.0928571428572,0,1,0
TX-002360,2024-01-10 17:39:00,2734.29,Vendor_016,HR,Travel,Wire,Emp_022,INV-Vendor_016-734304,0,normal,42,4104.852509181274,-1370.5625091812744,0,4,0
TX-002361,2024-01-04 16:25:00,240.67,Vendor_049,Finance,IT,Wire,Emp_114,INV-Vendor_049-184946,0,normal,35,2968.721142857143,-2728.051142857143,0,5,0
TX-002362,2024-01-15 06:24:00,3856.0,Vendor_095,Marketing,Operations,ACH,Emp_002,INV-Vendor_095-231193,0,normal,42,2756.728095238095,1099.2719047619048,0,4,0
TX-002363,2024-01-02 10:05:00,3639.57,Vendor_061,Engineering,Supplies,Wire,Emp_011,INV-Vendor_061-448674,0,normal,41,3458.074275803163,181.49572419683727,0,2,0
TX-002364,2024-02-02 01:34:00,1019.3,Vendor_007,HR,Supplies,ACH,Emp_025,INV-Vendor_007-413027,0,normal,34,3137.7673386319625,-2118.467338631963,0,4,0
TX-002365,2024-01-13 01:15:00,4395.01,Vendor_007,Legal,Travel,Wire,Emp_092,INV-Vendor_007-175700,0,normal,34,3137.7673386319625,1257.2426613680377,0,5,0
TX-002366,2024-01-14 01:50:00,515.45,Vendor_033,Engineering,IT,ACH,Emp_119,INV-Vendor_024-992272,1,duplicate_invoice,28,2550.7607142857146,-2035.3107142857145,0,6,1
TX-002367,2024-01-06 20:44:00,3736.89,Vendor_053,Sales,Supplies,Wire,Emp_120,INV-Vendor_092-341036,1,duplicate_invoice,32,5061.836796882053,-1324.9467968820531,0,2,1
TX-002368,2024-02-09 09:34:00,3111.52,Vendor_056,Legal,Payroll,Wire,Emp_108,INV-Vendor_056-141768,0,normal,23,2481.271304347826,630.2486956521739,0,1,0
TX-002369,2024-02-03 21:45:00,1644.54,Vendor_100,Finance,Supplies,ACH,Emp_026,INV-Vendor_100-606844,0,normal,26,2712.692692307692,-1068.1526923076922,0,2,0
TX-002370,2024-02-19 01:19:00,772.69,Vendor_005,Support,Operations,Check,Emp_113,INV-Vendor_005-758796,0,normal,32,4139.26089842047,-3366.57089842047,0,1,0
TX-002371,2024-01-10 15:26:00,1996.88,Vendor_045,HR,Consulting,Check,Emp_050,INV-Vendor_001-538009,1,duplicate_invoice,34,3352.6271875,-1355.7471875,0,10,1
TX-002372,2024-03-01 23:11:00,3234.77,Vendor_095,Engineering,Payroll,Check,Emp_016,INV-Vendor_095-378928,0,normal,42,2756.728095238095,478.0419047619048,0,4,0
TX-002373,2024-01-21 07:24:00,434.02,Vendor_031,Engineering,Travel,Card,Emp_027,INV-Vendor_031-225347,0,normal,37,2623.9062292690023,-2189.8862292690023,0,5,0
TX-002374,2024-02-06 01:46:00,879.48,Vendor_053,Engineering,Travel,ACH,Emp_092,INV-Vendor_053-758343,0,normal,32,5061.836796882053,-4182.3567968820535,0,2,0
TX-002375,2024-02-16 22:52:00,3557.94,Vendor_065,Sales,IT,ACH,Emp_044,INV-Vendor_065-512399,0,normal,35,3155.7917276126786,402.1482723873214,0,3,0
TX-002376,2024-01-07 02:31:00,3028.2,Vendor_059,Finance,Travel,Card,Emp_082,INV-Vendor_059-470435,0,normal,15,4133.840666666667,-1105.6406666666671,0,1,0
TX-002377,2024-02-02 03:26:00,2735.14,Vendor_027,Legal,IT,Card,Emp_074,INV-Vendor_027-279334,1,high_frequency,24,4649.952627401481,-1914.8126274014808,0,15,0
TX-002378,2024-01-06 00:18:00,1581.8,Vendor_098,Finance,Supplies,ACH,Emp_021,INV-Vendor_098-677557,0,normal,33,3524.635628271743,-1942.835628271743,0,2,0
TX-002379,2024-02-16 10:53:00,3308.89,Vendor_097,Sales,Supplies,Card,Emp_033,INV-Vendor_097-302263,0,normal,24,2534.625652173913,774.264347826087,0,4,0
TX-002380,2024-02-07 18:54:00,274.32,Vendor_020,Sales,IT,Check,Emp_006,INV-Vendor_020-700919,0,normal,37,4048.926765951174,-3774.6067659511737,0,4,0
TX-002381,2024-01-23 00:39:00,1709.89,Vendor_023,Legal,Operations,Wire,Emp_080,INV-Vendor_023-923424,1,high_frequency,34,2735.677272727273,-1025.7872727272727,0,5,0
TX-002382,2024-02-03 03:07:00,2100.33,Vendor_087,Engineering,Consulting,ACH,Emp_041,INV-Vendor_087-973994,0,normal,26,2325.0704,-224.74040000000014,0,4,0
TX-002383,2024-02-18 22:30:00,3678.22,Vendor_057,Engineering,Consulting,ACH,Emp_037,INV-Vendor_057-675792,0,normal,28,3861.44182160464,-183.22182160464035,0,4,0
TX-002384,2024-02-22 05:36:00,3342.23,Vendor_074,Engineering,Travel,Wire,Emp_107,INV-Vendor_074-738466,0,normal,34,3705.2793562097586,-363.04935620975857,0,8,0
TX-002385,2024-02-25 15:59:00,3669.88,Vendor_063,Operations,Supplies,ACH,Emp_019,INV-Vendor_063-310611,0,normal,30,2872.7581223683005,797.1218776316996,0,6,0
TX-002386,2024-01-31 07:16:00,4125.48,Vendor_034,HR,Travel,Wire,Emp_004,INV-Vendor_034-330301,0,normal,31,2820.5182405182827,1304.9617594817169,0,1,0
TX-002387,2024-01-08 04:58:00,1118.87,Vendor_067,Support,Supplies,Wire,Emp_118,INV-Vendor_067-978639,0,normal,44,2993.467335565413,-1874.5973355654132,0,1,0
TX-002388,2024-02-10 19:07:00,444.35,Vendor_098,Sales,IT,Card,Emp_113,INV-Vendor_098-409257,0,normal,33,3524.635628271743,-3080.285628271743,0,1,0
TX-002389,2024-01-10 09:12:00,12165.170855671233,Vendor_NEW_2389,HR,Travel,Wire,Emp_057,INV-Vendor_071-677548,1,new_vendor_high,1,12165.170855671233,0.0,0,8,0
TX-002390,2024-01-20 21:17:00,1526.88,Vendor_022,Engineering,Payroll,Card,Emp_055,INV-Vendor_022-363183,0,normal,33,2766.22851906831,-1239.34851906831,0,1,0
TX-002391,2024-02-21 08:24:00,677.01,Vendor_086,Sales,Operations,Check,Emp_067,INV-Vendor_086-772848,0,normal,35,3206.610882352941,-2529.600882352941,0,4,0
TX-002392,2024-01-19 09:33:00,515.27,Vendor_025,Engineering,Operations,ACH,Emp_103,INV-Vendor_025-561816,0,normal,44,2815.369772727273,-2300.099772727273,0,1,0
TX-002393,2024-01-11 08:34:00,2880.33,Vendor_047,Operations,Payroll,ACH,Emp_080,INV-Vendor_047-867782,0,normal,33,2865.957997719541,14.372002280459128,0,10,0
TX-002394,2024-02-25 18:38:00,4456.83,Vendor_100,Legal,Payroll,ACH,Emp_021,INV-Vendor_043-362952,1,duplicate_invoice,26,2712.692692307692,1744.1373076923078,0,2,1
TX-002395,2024-02-02 22:59:00,3931.7,Vendor_062,HR,Operations,Wire,Emp_054,INV-Vendor_062-248257,0,normal,32,3565.037712437434,366.6622875625658,0,7,0
TX-002396,2024-02-08 22:44:00,4085.75,Vendor_060,Support,Operations,ACH,Emp_006,INV-Vendor_060-569267,0,normal,28,3524.8804552927822,560.8695447072178,0,9,0
TX-002397,2024-01-26 07:54:00,3106.82,Vendor_061,Engineering,Travel,Wire,Emp_098,INV-Vendor_061-138887,0,normal,41,3458.074275803163,-351.2542758031627,0,1,0
TX-002398,2024-02-20 08:04:00,3605.48,Vendor_062,Support,IT,Check,Emp_100,INV-Vendor_062-939139,0,normal,32,3565.037712437434,40.44228756256598,0,7,0
TX-002399,2024-02-04 05:47:00,3748.01,Vendor_096,Operations,Payroll,Check,Emp_025,INV-Vendor_096-669965,0,normal,35,3281.264857142857,466.74514285714304,0,4,0
TX-002400,2024-01-30 16:54:00,486.86,Vendor_043,Sales,Operations,Wire,Emp_063,INV-Vendor_043-874188,0,normal,36,3072.333244872456,-2585.473244872456,0,10,0
TX-002401,2024-02-26 11:46:00,1559.38,Vendor_043,Operations,Travel,Card,Emp_053,INV-Vendor_043-361986,0,normal,36,3072.333244872456,-1512.9532448724558,0,10,0
TX-002402,2024-02-09 11:21:00,2371.64,Vendor_083,Sales,Travel,Card,Emp_114,INV-Vendor_083-891320,0,normal,25,2850.515,-478.875,0,5,0
TX-002403,2024-02-28 13:35:00,3170.97,Vendor_035,Engineering,Supplies,Wire,Emp_038,INV-Vendor_035-698729,0,normal,35,2498.9767647058825,671.9932352941173,0,4,0
TX-002404,2024-01-30 18:59:00,3907.06,Vendor_037,Engineering,Operations,Wire,Emp_035,INV-Vendor_037-794315,0,normal,34,2707.582727272727,1199.477272727273,0,6,0
TX-002405,2024-01-08 22:05:00,3085.52,Vendor_048,Engineering,Operations,Check,Emp_005,INV-Vendor_048-873718,0,normal,23,3207.9171428571435,-122.39714285714354,0,1,0
TX-002406,2024-01-04 07:07:00,1691.3,Vendor_085,Support,Payroll,ACH,Emp_059,INV-Vendor_085-904068,0,normal,28,3183.8122633457456,-1492.5122633457456,0,4,0
TX-002407,2024-01-27 21:49:00,296.28,Vendor_010,HR,Supplies,Check,Emp_058,INV-Vendor_010-854766,0,normal,22,2547.3354466749174,-2251.055446674917,0,1,0
TX-002408,2024-02-05 02:35:00,238.16,Vendor_093,HR,Payroll,ACH,Emp_082,INV-Vendor_093-955915,0,normal,24,2552.386956521739,-2314.2269565217393,0,4,0
TX-002409,2024-01-18 07:06:00,164.06,Vendor_042,Support,Payroll,Check,Emp_105,INV-Vendor_042-255134,0,normal,30,3465.2441635710875,-3301.1841635710875,0,7,0
TX-002410,2024-01-15 00:56:00,1699.87,Vendor_045,Finance,Travel,Wire,Emp_033,INV-Vendor_036-920595,1,duplicate_invoice,34,3352.6271875,-1652.7571875000003,0,11,1
TX-002411,2024-02-15 01:44:00,9305.648647514652,Vendor_NEW_2411,HR,Consulting,Wire,Emp_083,INV-Vendor_073-966994,1,new_vendor_high,1,9305.648647514652,0.0,0,1,0
TX-002412,2024-01-16 00:49:00,1751.79,Vendor_015,Finance,Consulting,Card,Emp_055,INV-Vendor_015-309142,0,normal,31,2923.1236666666664,-1171.3336666666664,0,1,0
TX-002413,2024-02-29 03:52:00,5000.0,Vendor_084,HR,Travel,Card,Emp_013,INV-Vendor_084-239241,1,round_number,44,3595.354474626231,1404.645525373769,1,1,0
TX-002414,2024-02-14 14:06:00,585.45,Vendor_030,Engineering,Supplies,ACH,Emp_008,INV-Vendor_030-599015,0,normal,23,3033.8827608649813,-2448.432760864981,0,7,0
TX-002415,2024-02-15 19:49:00,1056.66,Vendor_046,HR,Operations,Check,Emp_064,INV-Vendor_046-996978,0,normal,33,3052.1432305611957,-1995.4832305611956,0,4,0
TX-002416,2024-02-08 10:06:00,3963.96,Vendor_084,Operations,Payroll,Check,Emp_058,INV-Vendor_084-837979,0,normal,44,3595.354474626231,368.60552537376907,0,2,0
TX-002417,2024-01-12 01:43:00,4210.54,Vendor_034,Finance,Consulting,Card,Emp_098,INV-Vendor_034-111526,0,normal,31,2820.5182405182827,1390.0217594817173,0,2,0
TX-002418,2024-02-25 03:55:00,881.5,Vendor_042,Marketing,IT,ACH,Emp_114,INV-Vendor_042-146696,0,normal,30,3465.2441635710875,-2583.7441635710875,0,9,0
TX-002419,2024-02-25 17:52:00,2341.45,Vendor_015,HR,Consulting,ACH,Emp_015,INV-Vendor_015-977330,0,normal,31,2923.1236666666664,-581.6736666666666,0,2,0
TX-002420,2024-02-18 12:30:00,3643.95,Vendor_028,Support,Supplies,Check,Emp_027,INV-Vendor_028-449302,0,normal,37,3803.5322467308665,-159.5822467308667,0,7,0
TX-002421,2024-02-27 18:18:00,112.0,Vendor_084,HR,Payroll,ACH,Emp_022,INV-Vendor_039-196611,1,duplicate_invoice,44,3595.354474626231,-3483.354474626231,0,3,1
TX-002422,2024-02-03 00:22:00,1999.35,Vendor_094,Sales,Travel,Check,Emp_024,INV-Vendor_094-900674,0,normal,22,3627.416190476191,-1628.066190476191,0,1,0
TX-002423,2024-01-06 09:53:00,2761.8,Vendor_003,Finance,Travel,Card,Emp_028,INV-Vendor_003-697254,0,normal,27,2746.7746153846156,15.02538461538461,0,4,0
TX-002424,2024-02-25 01:59:00,11258.992192998732,Vendor_001,Operations,Supplies,Check,Emp_044,INV-Vendor_001-682173,1,high_amount,22,3603.7710087726696,7655.221184226062,0,4,0
TX-002425,2024-02-03 16:59:00,2185.6,Vendor_002,Operations,Consulting,ACH,Emp_096,INV-Vendor_002-730473,0,normal,29,2921.2093209032923,-735.6093209032924,0,5,0
TX-002426,2024-01-30 19:37:00,518.45,Vendor_026,Sales,Operations,Card,Emp_020,INV-Vendor_026-771575,0,normal,25,2417.752,-1899.302,0,1,0
TX-002427,2024-02-06 01:01:00,4018.85,Vendor_071,Engineering,Consulting,ACH,Emp_085,INV-Vendor_071-551372,0,normal,30,2482.368888888889,1536.4811111111107,0,8,0
TX-002428,2024-02-05 21:42:00,249.92,Vendor_023,Engineering,Supplies,Card,Emp_105,INV-Vendor_023-296312,0,normal,34,2735.677272727273,-2485.7572727272727,0,5,0
TX-002429,2024-01-13 11:56:00,4311.23,Vendor_011,Sales,Consulting,Wire,Emp_115,INV-Vendor_011-368059,0,normal,34,2846.199411764706,1465.0305882352936,0,7,0
TX-002430,2024-01-13 00:06:00,4930.42,Vendor_090,Engineering,Payroll,ACH,Emp_049,INV-Vendor_090-413464,0,normal,25,3892.3379999999997,1038.0820000000003,0,1,0
TX-002431,2024-02-27 08:38:00,1177.17,Vendor_071,Operations,Travel,Wire,Emp_017,INV-Vendor_071-753951,0,normal,30,2482.368888888889,-1305.198888888889,0,7,0
TX-002432,2024-01-08 09:11:00,4351.07,Vendor_082,Support,IT,Check,Emp_014,INV-Vendor_082-119978,0,normal,20,3988.878997849292,362.19100215070785,0,5,0
TX-002433,2024-02-20 02:39:00,1196.72,Vendor_025,HR,IT,Card,Emp_099,INV-Vendor_025-643363,0,normal,44,2815.369772727273,-1618.6497727272729,0,1,0
TX-002434,2024-01-30 21:22:00,935.57,Vendor_017,Support,Payroll,Check,Emp_070,INV-Vendor_017-578404,1,high_frequency,27,2857.5396296296294,-1921.9696296296293,0,4,0
TX-002435,2024-02-16 02:37:00,4461.57,Vendor_061,Legal,Consulting,Wire,Emp_019,INV-Vendor_061-882181,0,normal,41,3458.074275803163,1003.4957241968368,0,2,0
TX-002436,2024-02-12 13:17:00,1932.87,Vendor_058,Operations,Supplies,ACH,Emp_085,INV-Vendor_058-639257,0,normal,34,2718.410294117647,-785.5402941176471,0,1,0
TX-002437,2024-02-16 15:09:00,2245.15,Vendor_013,HR,Operations,Card,Emp_085,INV-Vendor_013-208514,0,normal,35,3320.0319506780124,-1074.8819506780123,0,4,0
TX-002438,2024-01-24 14:15:00,929.82,Vendor_061,Support,Operations,Wire,Emp_060,INV-Vendor_061-433911,0,normal,41,3458.074275803163,-2528.2542758031627,0,1,0
TX-002439,2024-01-28 16:20:00,912.12,Vendor_070,Engineering,Consulting,ACH,Emp_006,INV-Vendor_070-224928,0,normal,27,2500.182222222222,-1588.0622222222223,0,5,0
TX-002440,2024-02-28 03:08:00,4437.06,Vendor_042,HR,Travel,ACH,Emp_090,INV-Vendor_042-827215,0,normal,30,3465.2441635710875,971.8158364289129,0,9,0
TX-002441,2024-02-15 15:02:00,495.69,Vendor_022,Sales,Operations,Card,Emp_105,INV-Vendor_022-181089,0,normal,33,2766.22851906831,-2270.53851906831,0,1,0
TX-002442,2024-02-29 06:15:00,847.12,Vendor_092,Marketing,Payroll,ACH,Emp_049,INV-Vendor_092-794620,0,normal,32,2637.2259197610306,-1790.1059197610307,0,1,0
TX-002443,2024-01-26 06:49:00,2656.47,Vendor_077,Sales,Supplies,Wire,Emp_003,INV-Vendor_077-700465,0,normal,33,3274.230606060606,-617.7606060606063,0,2,0
TX-002444,2024-01-05 22:53:00,2567.93,Vendor_042,Support,Supplies,ACH,Emp_057,INV-Vendor_030-845268,1,duplicate_invoice,30,3465.2441635710875,-897.3141635710876,0,7,1
TX-002445,2024-02-09 19:09:00,4827.48,Vendor_089,HR,Consulting,ACH,Emp_083,INV-Vendor_089-767403,0,normal,29,4049.3871695268895,778.0928304731101,0,7,0
TX-002446,2024-01-22 10:47:00,4702.17,Vendor_060,Support,Operations,Wire,Emp_120,INV-Vendor_060-705015,0,normal,28,3524.8804552927822,1177.2895447072178,0,8,0
TX-002447,2024-01-29 19:03:00,3912.43,Vendor_032,HR,Payroll,ACH,Emp_096,INV-Vendor_032-843789,0,normal,39,2537.203758786566,1375.2262412134337,0,14,0
TX-002448,2024-01-21 23:15:00,3121.16,Vendor_089,HR,Travel,Wire,Emp_065,INV-Vendor_089-918311,0,normal,29,4049.3871695268895,-928.2271695268896,0,8,0
TX-002449,2024-01-14 15:56:00,1547.8,Vendor_051,Marketing,Payroll,Card,Emp_114,INV-Vendor_051-848860,0,normal,33,3471.1343740931966,-1923.3343740931966,0,3,0
TX-002450,2024-02-15 07:32:00,2824.67,Vendor_007,Finance,Consulting,Check,Emp_045,INV-Vendor_007-209192,0,normal,34,3137.7673386319625,-313.09733863196243,0,4,0
TX-002451,2024-01-17 20:09:00,3963.88,Vendor_067,Marketing,Supplies,ACH,Emp_075,INV-Vendor_067-941303,0,normal,44,2993.467335565413,970.412664434587,0,2,0
TX-002452,2024-01-23 07:42:00,4732.24,Vendor_060,Engineering,Travel,Wire,Emp_070,INV-Vendor_060-860771,0,normal,28,3524.8804552927822,1207.3595447072175,0,7,0
TX-002453,2024-01-19 01:39:00,3320.9,Vendor_040,Operations,Travel,Wire,Emp_014,INV-Vendor_040-143662,0,normal,32,3123.052929000477,197.8470709995231,0,4,0
TX-002454,2024-01-20 23:01:00,2749.02,Vendor_007,Support,Consulting,Card,Emp_054,INV-Vendor_007-614156,0,normal,34,3137.7673386319625,-388.7473386319625,0,4,0
TX-002455,2024-01-11 21:01:00,2643.4,Vendor_081,Marketing,Operations,Card,Emp_116,INV-Vendor_081-278171,0,normal,30,3787.006065906091,-1143.6060659060909,0,5,0
TX-002456,2024-02-08 19:57:00,20496.202748197902,Vendor_060,Operations,Consulting,Wire,Emp_038,INV-Vendor_060-655565,1,high_amount,28,3524.8804552927822,16971.32229290512,0,9,0
TX-002457,2024-02-15 13:04:00,2934.39,Vendor_078,Support,Operations,Check,Emp_084,INV-Vendor_078-296973,0,normal,25,3293.4391947043987,-359.0491947043988,0,1,0
TX-002458,2024-02-22 19:33:00,4020.48,Vendor_096,Sales,IT,Card,Emp_068,INV-Vendor_096-860096,0,normal,35,3281.264857142857,739.2151428571428,0,4,0
TX-002459,2024-01-03 08:10:00,3093.09,Vendor_009,HR,Travel,Wire,Emp_008,INV-Vendor_009-183602,0,normal,23,2132.1145454545454,960.9754545454548,0,3,0
TX-002460,2024-02-10 00:11:00,4812.28,Vendor_055,Finance,Supplies,ACH,Emp_058,INV-Vendor_055-812573,0,normal,35,2730.5511428571426,2081.728857142857,0,13,0
TX-002461,2024-01-08 13:37:00,2275.19,Vendor_065,Finance,Consulting,Check,Emp_077,INV-Vendor_065-412580,0,normal,35,3155.7917276126786,-880.6017276126786,0,1,0
TX-002462,2024-01-10 23:26:00,3019.63,Vendor_021,Marketing,IT,Check,Emp_053,INV-Vendor_021-325025,0,normal,34,3005.547197344895,14.082802655105297,0,7,0
TX-002463,2024-02-24 17:50:00,1628.13,Vendor_067,Support,Payroll,Wire,Emp_055,INV-Vendor_067-430966,0,normal,44,2993.467335565413,-1365.337335565413,0,1,0
TX-002464,2024-01-30 08:18:00,1311.81,Vendor_011,Sales,Consulting,Card,Emp_067,INV-Vendor_011-696520,0,normal,34,2846.199411764706,-1534.389411764706,0,9,0
TX-002465,2024-02-17 07:23:00,3344.34,Vendor_006,Finance,Consulting,ACH,Emp_058,INV-Vendor_006-111693,0,normal,21,4452.1197045024655,-1107.7797045024654,0,8,0
TX-002466,2024-02-18 23:20:00,2656.6,Vendor_033,HR,Operations,Card,Emp_105,INV-Vendor_033-655558,0,normal,28,2550.7607142857146,105.83928571428532,0,4,0
TX-002467,2024-02-07 00:26:00,3607.61,Vendor_095,Operations,Supplies,Card,Emp_070,INV-Vendor_095-698146,0,normal,42,2756.728095238095,850.8819047619049,0,5,0
TX-002468,2024-01-16 16:19:00,1718.37,Vendor_003,Operations,Supplies,Check,Emp_002,INV-Vendor_003-974196,1,high_frequency,27,2746.7746153846156,-1028.4046153846157,0,4,0
TX-002469,2024-02-03 11:55:00,2313.42,Vendor_047,Legal,IT,ACH,Emp_029,INV-Vendor_047-383963,0,normal,33,2865.957997719541,-552.5379977195407,0,12,0
TX-002470,2024-02-24 03:48:00,927.57,Vendor_021,Finance,Travel,ACH,Emp_018,INV-Vendor_021-626458,0,normal,34,3005.547197344895,-2077.9771973448946,0,7,0
TX-002471,2024-02-15 13:03:00,669.31,Vendor_014,Engineering,Travel,Check,Emp_097,INV-Vendor_055-331463,1,duplicate_invoice,36,2134.2634285714284,-1464.9534285714285,0,1,1
TX-002472,2024-02-22 14:26:00,537.05,Vendor_020,Support,Payroll,Check,Emp_005,INV-Vendor_020-828283,0,normal,37,4048.926765951174,-3511.876765951174,0,4,0
TX-002473,2024-02-28 05:58:00,4435.95,Vendor_066,Finance,Supplies,Wire,Emp_031,INV-Vendor_066-912745,0,normal,32,2144.8066657789423,2291.1433342210576,0,5,0
TX-002474,2024-01-16 22:56:00,3355.59,Vendor_044,Sales,Travel,Card,Emp_060,INV-Vendor_044-911513,0,normal,35,3137.537058823529,218.052941176471,0,4,0
TX-002475,2024-02-01 12:04:00,4215.74,Vendor_090,Support,Operations,ACH,Emp_007,INV-Vendor_090-712014,0,normal,25,3892.3379999999997,323.40200000000004,0,1,0
TX-002476,2024-01-19 11:57:00,448.1,Vendor_039,Finance,Travel,Check,Emp_034,INV-Vendor_039-427253,0,normal,23,2600.143043478261,-2152.043043478261,0,1,0
TX-002477,2024-01-17 13:42:00,4328.5,Vendor_085,Sales,Operations,Card,Emp_037,INV-Vendor_085-364432,0,normal,28,3183.8122633457456,1144.6877366542544,0,4,0
TX-002478,2024-02-15 19:43:00,3602.8,Vendor_082,Marketing,Supplies,ACH,Emp_105,INV-Vendor_082-900252,0,normal,20,3988.878997849292,-386.0789978492917,0,4,0
TX-002479,2024-02-24 17:50:00,4716.810672905575,Vendor_078,Finance,IT,Wire,Emp_111,INV-Vendor_078-247692,1,high_amount,25,3293.4391947043987,1423.3714782011766,0,1,0
TX-002480,2024-01-27 16:03:00,974.28,Vendor_035,Marketing,IT,Check,Emp_056,INV-Vendor_035-744391,0,normal,35,2498.9767647058825,-1524.6967647058825,0,4,0
TX-002481,2024-01-26 21:45:00,4247.05,Vendor_052,Engineering,Supplies,Check,Emp_050,INV-Vendor_052-744726,0,normal,27,3824.131111111111,422.91888888888934,0,4,0
TX-002482,2024-01-05 04:37:00,775.56,Vendor_069,Legal,Supplies,ACH,Emp_114,INV-Vendor_069-225041,0,normal,24,2413.8735,-1638.3135000000002,0,2,0
TX-002483,2024-01-16 14:53:00,1262.54,Vendor_077,Engineering,IT,ACH,Emp_108,INV-Vendor_077-458199,0,normal,33,3274.230606060606,-2011.6906060606061,0,2,0
TX-002484,2024-02-14 11:03:00,3952.69,Vendor_043,Engineering,Consulting,Wire,Emp_117,INV-Vendor_043-533362,0,normal,36,3072.333244872456,880.3567551275441,0,11,0
TX-002485,2024-01-19 18:27:00,1485.36,Vendor_062,Operations,Operations,ACH,Emp_109,INV-Vendor_062-127198,0,normal,32,3565.037712437434,-2079.677712437434,0,8,0
TX-002486,2024-02-12 14:50:00,4279.45,Vendor_055,Finance,Consulting,ACH,Emp_042,INV-Vendor_055-604226,0,normal,35,2730.5511428571426,1548.8988571428572,0,13,0
TX-002487,2024-02-16 12:27:00,2569.64,Vendor_092,Sales,Operations,Check,Emp_013,INV-Vendor_092-490564,0,normal,32,2637.2259197610306,-67.58591976103071,0,2,0
TX-002488,2024-01-17 07:55:00,3667.72,Vendor_042,Finance,Supplies,Wire,Emp_010,INV-Vendor_042-193006,0,normal,30,3465.2441635710875,202.47583642891232,0,7,0
TX-002489,2024-02-23 14:49:00,512.73,Vendor_044,Operations,Supplies,Check,Emp_042,INV-Vendor_044-890937,0,normal,35,3137.537058823529,-2624.807058823529,0,5,0
TX-002490,2024-01-30 03:50:00,1563.36,Vendor_007,Finance,Travel,Wire,Emp_057,INV-Vendor_007-501788,0,normal,34,3137.7673386319625,-1574.4073386319626,0,4,0
TX-002491,2024-02-08 10:06:00,1053.26,Vendor_014,Marketing,Supplies,Wire,Emp_004,INV-Vendor_014-403493,0,normal,36,2134.2634285714284,-1081.0034285714285,0,1,0
TX-002492,2024-02-11 21:36:00,216.06,Vendor_012,Sales,Supplies,Wire,Emp_019,INV-Vendor_012-437554,0,normal,32,2499.3235160701242,-2283.2635160701243,0,3,0
TX-002493,2024-01-04 07:48:00,671.45,Vendor_055,Engineering,Operations,Wire,Emp_038,INV-Vendor_055-800223,0,normal,35,2730.5511428571426,-2059.101142857143,0,13,0
TX-002494,2024-02-07 14:03:00,8906.821005715083,Vendor_NEW_2494,Engineering,IT,Check,Emp_005,INV-Vendor_015-631714,1,new_vendor_high,1,8906.821005715083,0.0,0,1,0
TX-002495,2024-01-04 14:32:00,924.36,Vendor_046,Operations,IT,Card,Emp_054,INV-Vendor_046-136700,0,normal,33,3052.1432305611957,-2127.7832305611955,0,4,0
TX-002496,2024-02-21 04:55:00,446.36,Vendor_046,Operations,Travel,Card,Emp_007,INV-Vendor_046-968156,1,high_frequency,33,3052.1432305611957,-2605.7832305611955,0,4,0
TX-002497,2024-01-24 00:27:00,3624.39,Vendor_024,Support,Travel,Check,Emp_010,INV-Vendor_024-614493,0,normal,22,3212.8424589157476,411.5475410842523,0,2,0
TX-002498,2024-02-03 01:36:00,4216.5,Vendor_047,Marketing,Payroll,Wire,Emp_004,INV-Vendor_047-824938,0,normal,33,2865.957997719541,1350.5420022804592,0,12,0
TX-002499,2024-01-09 15:12:00,1079.9,Vendor_023,Sales,Supplies,Wire,Emp_038,INV-Vendor_023-653208,0,normal,34,2735.677272727273,-1655.7772727272727,0,5,0
TX-002500,2024-02-14 06:51:00,3962.87,Vendor_029,Finance,Consulting,Check,Emp_118,INV-Vendor_029-921338,0,normal,23,3015.4890476190476,947.3809523809523,0,2,0
TX-002501,2024-02-20 10:08:00,4709.84,Vendor_019,Marketing,Supplies,Wire,Emp_023,INV-Vendor_019-756099,0,normal,31,2977.7130705628747,1732.1269294371255,0,12,0
TX-002502,2024-01-19 08:20:00,3531.16,Vendor_021,Legal,Consulting,Wire,Emp_008,INV-Vendor_021-449760,0,normal,34,3005.547197344895,525.612802655105,0,7,0
TX-002503,2024-01-27 10:24:00,4263.67,Vendor_064,Finance,Operations,ACH,Emp_043,INV-Vendor_064-609240,0,normal,33,2813.544242424243,1450.1257575757572,0,1,0
TX-002504,2024-02-02 16:00:00,3593.95,Vendor_063,Marketing,IT,Wire,Emp_072,INV-Vendor_063-100686,0,normal,30,2872.7581223683005,721.1918776316993,0,4,0
TX-002505,2024-01-25 02:15:00,3019.9,Vendor_084,Operations,Consulting,Wire,Emp_119,INV-Vendor_084-600869,0,normal,44,3595.354474626231,-575.4544746262309,0,1,0
TX-002506,2024-01-10 20:06:00,217.36,Vendor_070,Engineering,Travel,Wire,Emp_106,INV-Vendor_070-140851,1,high_frequency,27,2500.182222222222,-2282.822222222222,0,4,0
TX-002507,2024-01-24 07:42:00,1741.39,Vendor_074,Support,Operations,Wire,Emp_098,INV-Vendor_074-849320,0,normal,34,3705.2793562097586,-1963.8893562097585,0,8,0
TX-002508,2024-02-19 18:25:00,1266.09,Vendor_072,Legal,Operations,Card,Emp_077,INV-Vendor_072-344592,0,normal,21,2526.322857142857,-1260.2328571428573,0,1,0
TX-002509,2024-02-28 23:10:00,4017.49,Vendor_012,Marketing,Operations,Wire,Emp_086,INV-Vendor_012-758307,0,normal,32,2499.3235160701242,1518.1664839298755,0,2,0
TX-002510,2024-01-24 20:38:00,2923.08,Vendor_008,Legal,Payroll,Wire,Emp_082,INV-Vendor_008-568545,0,normal,38,2659.1583783783785,263.9216216216214,0,12,0
TX-002511,2024-01-05 21:45:00,3225.75,Vendor_086,Sales,Travel,ACH,Emp_071,INV-Vendor_086-593733,0,normal,35,3206.610882352941,19.13911764705881,0,5,0
TX-002512,2024-02-04 07:32:00,2054.33,Vendor_066,Sales,Payroll,Card,Emp_091,INV-Vendor_066-538282,0,normal,32,2144.8066657789423,-90.47666577894233,0,4,0
TX-002513,2024-01-21 01:34:00,4321.08,Vendor_058,Legal,Supplies,Check,Emp_100,INV-Vendor_058-477123,0,normal,34,2718.410294117647,1602.669705882353,0,3,0
TX-002514,2024-02-26 04:25:00,4259.92,Vendor_001,Legal,Travel,Card,Emp_008,INV-Vendor_001-194594,0,normal,22,3603.7710087726696,656.1489912273305,0,4,0
TX-002515,2024-02-28 01:26:00,543.72,Vendor_095,Sales,Operations,Check,Emp_100,INV-Vendor_095-865962,0,normal,42,2756.728095238095,-2213.008095238095,0,5,0
TX-002516,2024-01-01 09:01:00,3765.82,Vendor_046,Marketing,Payroll,Card,Emp_026,INV-Vendor_046-501905,0,normal,33,3052.1432305611957,713.6767694388045,0,4,0
TX-002517,2024-01-25 20:09:00,108.6,Vendor_090,HR,Operations,Card,Emp_083,INV-Vendor_090-475508,0,normal,25,3892.3379999999997,-3783.738,0,1,0
TX-002518,2024-01-20 18:00:00,2327.24,Vendor_001,Support,Supplies,Wire,Emp_113,INV-Vendor_001-498685,0,normal,22,3603.7710087726696,-1276.5310087726698,0,4,0
TX-002519,2024-01-09 18:04:00,854.9,Vendor_081,Marketing,IT,Check,Emp_004,INV-Vendor_081-877246,1,high_frequency,30,3787.006065906091,-2932.106065906091,0,5,0
TX-002520,2024-01-19 15:07:00,121.82,Vendor_010,HR,IT,Wire,Emp_119,INV-Vendor_032-671406,1,duplicate_invoice,22,2547.3354466749174,-2425.5154466749173,0,1,1
TX-002521,2024-02-15 00:13:00,1597.48,Vendor_040,Support,Travel,Card,Emp_069,INV-Vendor_040-761525,0,normal,32,3123.052929000477,-1525.572929000477,0,4,0
TX-002522,2024-02-09 08:22:00,4697.67,Vendor_049,Engineering,Supplies,Check,Emp_056,INV-Vendor_049-107377,0,normal,35,2968.721142857143,1728.948857142857,0,4,0
TX-002523,2024-02-26 17:31:00,1941.19,Vendor_065,HR,Consulting,Card,Emp_010,INV-Vendor_065-561962,0,normal,35,3155.7917276126786,-1214.6017276126786,0,1,0
TX-002524,2024-02-02 03:51:00,2835.88,Vendor_018,Legal,Operations,ACH,Emp_095,INV-Vendor_018-751544,0,normal,25,3244.913714910847,-409.0337149108468,0,1,0
TX-002525,2024-01-15 06:18:00,3556.07,Vendor_044,Engineering,Consulting,Card,Emp_018,INV-Vendor_044-172111,0,normal,35,3137.537058823529,418.532941176471,0,5,0
TX-002526,2024-01-30 19:56:00,4685.72,Vendor_027,HR,Consulting,ACH,Emp_023,INV-Vendor_027-653821,0,normal,24,4649.952627401481,35.767372598519614,0,13,0
TX-002527,2024-02-20 01:53:00,2079.89,Vendor_074,Engineering,Supplies,Check,Emp_120,INV-Vendor_074-206644,0,normal,34,3705.2793562097586,-1625.3893562097587,0,8,0
TX-002528,2024-02-23 16:13:00,4394.8,Vendor_057,Sales,Payroll,Card,Emp_109,INV-Vendor_057-953484,0,normal,28,3861.44182160464,533.35817839536,0,6,0
TX-002529,2024-02-13 06:30:00,1779.18,Vendor_063,Legal,Consulting,Card,Emp_109,INV-Vendor_063-877900,0,normal,30,2872.7581223683005,-1093.5781223683005,0,4,0
TX-002530,2024-02-24 21:29:00,3417.05,Vendor_084,Finance,IT,Check,Emp_029,INV-Vendor_084-599448,0,normal,44,3595.354474626231,-178.30447462623079,0,1,0
TX-002531,2024-02-01 21:38:00,2219.99,Vendor_091,Support,IT,Check,Emp_010,INV-Vendor_091-631532,0,normal,23,2089.608260869565,130.38173913043465,0,11,0
TX-002532,2024-02-04 12:57:00,2123.03,Vendor_070,Operations,Operations,ACH,Emp_099,INV-Vendor_070-576751,0,normal,27,2500.182222222222,-377.152222222222,0,5,0
TX-002533,2024-01-03 03:14:00,525.13,Vendor_040,Finance,Payroll,Card,Emp_116,INV-Vendor_040-878549,0,normal,32,3123.052929000477,-2597.922929000477,0,6,0
TX-002534,2024-01-10 05:51:00,3899.22,Vendor_012,HR,Supplies,Wire,Emp_088,INV-Vendor_012-124910,0,normal,32,2499.3235160701242,1399.8964839298756,0,2,0
TX-002535,2024-02-07 14:25:00,1012.53,Vendor_050,HR,Supplies,Wire,Emp_009,INV-Vendor_050-307083,0,normal,26,2861.6157661684847,-1849.0857661684847,0,1,0
TX-002536,2024-02-24 11:09:00,11928.81744572135,Vendor_074,Engineering,Supplies,Wire,Emp_073,INV-Vendor_074-804312,1,high_amount,34,3705.2793562097586,8223.538089511592,0,8,0
TX-002537,2024-02-19 22:56:00,4393.71,Vendor_092,Engineering,IT,Check,Emp_118,INV-Vendor_092-526495,0,normal,32,2637.2259197610306,1756.4840802389695,0,1,0
TX-002538,2024-02-04 05:41:00,668.53,Vendor_073,Legal,Operations,ACH,Emp_115,INV-Vendor_073-218812,0,normal,30,2825.4158620689655,-2156.8858620689653,0,8,0
TX-002539,2024-01-09 12:10:00,4016.6,Vendor_052,Sales,Consulting,Card,Emp_096,INV-Vendor_052-235204,0,normal,27,3824.131111111111,192.46888888888907,0,4,0
TX-002540,2024-02-05 08:10:00,3571.66,Vendor_002,Legal,Travel,Check,Emp_037,INV-Vendor_002-557076,0,normal,29,2921.2093209032923,650.4506790967075,0,4,0
TX-002541,2024-01-13 17:11:00,510.13,Vendor_024,Finance,Consulting,Check,Emp_038,INV-Vendor_024-444435,0,normal,22,3212.8424589157476,-2702.7124589157474,0,1,0
TX-002542,2024-01-12 02:40:00,295.97,Vendor_020,Engineering,Payroll,Card,Emp_017,INV-Vendor_020-232052,0,normal,37,4048.926765951174,-3752.956765951174,0,5,0
TX-002543,2024-02-07 04:53:00,4462.6,Vendor_069,Support,Travel,Card,Emp_073,INV-Vendor_069-609294,0,normal,24,2413.8735,2048.7265,0,1,0
TX-002544,2024-02-23 23:22:00,4577.64,Vendor_018,Finance,Travel,Card,Emp_107,INV-Vendor_018-751662,0,normal,25,3244.913714910847,1332.7262850891534,0,1,0
TX-002545,2024-01-31 17:16:00,3986.12,Vendor_037,Finance,Travel,ACH,Emp_110,INV-Vendor_037-122805,0,normal,34,2707.582727272727,1278.537272727273,0,4,0
TX-002546,2024-02-15 14:01:00,117.58,Vendor_098,Engineering,Consulting,Card,Emp_025,INV-Vendor_098-537487,0,normal,33,3524.635628271743,-3407.055628271743,0,2,0
TX-002547,2024-01-26 11:03:00,3165.41,Vendor_081,Engineering,Supplies,ACH,Emp_076,INV-Vendor_081-213142,0,normal,30,3787.006065906091,-621.5960659060911,0,4,0
TX-002548,2024-01-30 12:48:00,2717.14,Vendor_099,Engineering,Payroll,Check,Emp_009,INV-Vendor_099-613975,0,normal,21,2417.6414285714286,299.49857142857127,0,5,0
TX-002549,2024-02-12 09:27:00,2041.67,Vendor_073,Legal,Consulting,Check,Emp_091,INV-Vendor_073-529206,0,normal,30,2825.4158620689655,-783.7458620689654,0,8,0
TX-002550,2024-02-16 16:48:00,4883.46,Vendor_084,Marketing,Operations,Check,Emp_111,INV-Vendor_084-244041,0,normal,44,3595.354474626231,1288.105525373769,0,3,0
TX-002551,2024-01-29 20:42:00,3791.0,Vendor_088,Marketing,Payroll,ACH,Emp_085,INV-Vendor_088-499285,0,normal,28,2593.798461538461,1197.2015384615388,0,6,0
TX-002552,2024-02-01 08:08:00,3590.1,Vendor_073,Finance,Operations,ACH,Emp_068,INV-Vendor_073-660762,0,normal,30,2825.4158620689655,764.6841379310345,0,8,0
TX-002553,2024-01-12 11:28:00,1747.97,Vendor_045,Finance,Operations,Check,Emp_033,INV-Vendor_045-486512,0,normal,34,3352.6271875,-1604.6571875000002,0,11,0
TX-002554,2024-02-16 20:58:00,1691.91,Vendor_084,HR,Supplies,Check,Emp_058,INV-Vendor_084-555636,0,normal,44,3595.354474626231,-1903.4444746262309,0,3,0
TX-002555,2024-02-06 08:00:00,4048.07,Vendor_092,HR,Travel,Check,Emp_114,INV-Vendor_092-200638,0,normal,32,2637.2259197610306,1410.8440802389696,0,1,0
TX-002556,2024-02-20 04:38:00,2185.98,Vendor_013,HR,Payroll,Card,Emp_032,INV-Vendor_013-245406,0,normal,35,3320.0319506780124,-1134.0519506780124,0,5,0
TX-002557,2024-02-05 12:24:00,3565.94,Vendor_075,Sales,Consulting,Check,Emp_009,INV-Vendor_075-855117,0,normal,31,2556.1941935483874,1009.7458064516127,0,1,0
TX-002558,2024-02-13 01:26:00,3050.41,Vendor_058,Finance,Payroll,ACH,Emp_051,INV-Vendor_058-864204,0,normal,34,2718.410294117647,331.9997058823528,0,1,0
TX-002559,2024-01-05 00:22:00,2852.67,Vendor_022,Legal,Payroll,Check,Emp_053,INV-Vendor_022-246342,0,normal,33,2766.22851906831,86.44148093168997,0,1,0
TX-002560,2024-02-27 21:32:00,3321.88,Vendor_003,Support,IT,ACH,Emp_095,INV-Vendor_003-145145,0,normal,27,2746.7746153846156,575.1053846153845,0,5,0
TX-002561,2024-01-16 00:13:00,704.17,Vendor_031,Sales,Operations,Wire,Emp_114,INV-Vendor_031-861472,0,normal,37,2623.9062292690023,-1919.7362292690023,0,4,0
TX-002562,2024-02-20 10:36:00,1883.45,Vendor_081,Legal,Operations,Check,Emp_051,INV-Vendor_081-336122,0,normal,30,3787.006065906091,-1903.556065906091,0,4,0
TX-002563,2024-02-17 12:02:00,3508.0,Vendor_029,Sales,Travel,ACH,Emp_055,INV-Vendor_029-949382,0,normal,23,3015.4890476190476,492.5109523809524,0,2,0
TX-002564,2024-01-13 12:55:00,559.94,Vendor_032,Marketing,Supplies,Wire,Emp_044,INV-Vendor_032-509321,0,normal,39,2537.203758786566,-1977.263758786566,0,14,0
TX-002565,2024-02-26 15:15:00,2854.22,Vendor_038,Engineering,Supplies,Check,Emp_104,INV-Vendor_038-979508,0,normal,26,2540.0492307692307,314.1707692307691,0,2,0
TX-002566,2024-01-08 04:38:00,2634.57,Vendor_001,Legal,Consulting,Check,Emp_026,INV-Vendor_001-651824,0,normal,22,3603.7710087726696,-969.2010087726694,0,4,0
TX-002567,2024-01-04 05:48:00,17487.315763854946,Vendor_076,Operations,Operations,Check,Emp_111,INV-Vendor_076-392847,1,high_amount,30,2646.702525461832,14840.613238393114,0,5,0
TX-002568,2024-02-08 13:14:00,2868.65,Vendor_061,Finance,IT,ACH,Emp_068,INV-Vendor_061-849191,0,normal,41,3458.074275803163,-589.4242758031628,0,3,0
TX-002569,2024-02-19 13:56:00,194.36,Vendor_095,Operations,Payroll,Wire,Emp_101,INV-Vendor_095-683285,0,normal,42,2756.728095238095,-2562.368095238095,0,4,0
TX-002570,2024-02-15 02:18:00,3615.09,Vendor_070,Support,IT,Check,Emp_009,INV-Vendor_070-544999,0,normal,27,2500.182222222222,1114.907777777778,0,5,0
TX-002571,2024-02-11 18:14:00,2372.5,Vendor_056,Legal,Payroll,Wire,Emp_115,INV-Vendor_056-728659,0,normal,23,2481.271304347826,-108.77130434782612,0,1,0
TX-002572,2024-01-10 11:17:00,496.29,Vendor_049,HR,Payroll,Wire,Emp_053,INV-Vendor_049-586516,0,normal,35,2968.721142857143,-2472.431142857143,0,4,0
TX-002573,2024-01-12 05:19:00,263.28,Vendor_089,HR,Supplies,ACH,Emp_050,INV-Vendor_089-454156,0,normal,29,4049.3871695268895,-3786.1071695268893,0,7,0
TX-002574,2024-01-21 14:25:00,4367.03,Vendor_034,Finance,Consulting,Check,Emp_089,INV-Vendor_034-464946,0,normal,31,2820.5182405182827,1546.511759481717,0,1,0
TX-002575,2024-02-07 15:41:00,538.17,Vendor_009,Marketing,Supplies,Check,Emp_059,INV-Vendor_009-172059,0,normal,23,2132.1145454545454,-1593.9445454545453,0,1,0
TX-002576,2024-02-06 12:26:00,4797.55,Vendor_040,Operations,Supplies,Card,Emp_093,INV-Vendor_040-752955,0,normal,32,3123.052929000477,1674.4970709995232,0,5,0
TX-002577,2024-01-29 05:35:00,4820.02,Vendor_018,Legal,Supplies,Card,Emp_029,INV-Vendor_018-899791,0,normal,25,3244.913714910847,1575.1062850891535,0,1,0
TX-002578,2024-01-23 18:23:00,4209.66,Vendor_061,Engineering,Supplies,Check,Emp_060,INV-Vendor_061-585158,0,normal,41,3458.074275803163,751.585724196837,0,2,0
TX-002579,2024-01-21 20:23:00,15543.547908066104,Vendor_089,Operations,Supplies,ACH,Emp_091,INV-Vendor_089-160991,1,high_amount,29,4049.3871695268895,11494.160738539214,0,8,0
TX-002580,2024-01-31 05:27:00,1535.03,Vendor_054,HR,Consulting,ACH,Emp_027,INV-Vendor_054-646251,0,normal,23,3005.8517391304345,-1470.8217391304345,0,1,0
TX-002581,2024-01-28 18:20:00,1332.36,Vendor_073,Finance,Travel,ACH,Emp_036,INV-Vendor_073-395463,1,high_frequency,30,2825.4158620689655,-1493.0558620689656,0,7,0
TX-002582,2024-02-08 00:37:00,2445.89,Vendor_035,Marketing,IT,Wire,Emp_089,INV-Vendor_035-437370,0,normal,35,2498.9767647058825,-53.086764705882615,0,4,0
TX-002583,2024-01-17 14:24:00,2571.84,Vendor_028,Support,Travel,Wire,Emp_039,INV-Vendor_028-991155,0,normal,37,3803.5322467308665,-1231.6922467308664,0,4,0
TX-002584,2024-03-01 02:54:00,4670.76,Vendor_012,Marketing,Payroll,ACH,Emp_044,INV-Vendor_012-272966,0,normal,32,2499.3235160701242,2171.436483929876,0,1,0
TX-002585,2024-01-17 06:44:00,437.57,Vendor_094,Operations,Supplies,Card,Emp_010,INV-Vendor_094-297095,0,normal,22,3627.416190476191,-3189.8461904761907,0,1,0
TX-002586,2024-01-24 13:56:00,2355.6,Vendor_037,Engineering,Supplies,ACH,Emp_094,INV-Vendor_037-944823,0,normal,34,2707.582727272727,-351.98272727272706,0,6,0
TX-002587,2024-01-29 08:11:00,534.29,Vendor_004,Legal,Supplies,Wire,Emp_075,INV-Vendor_004-437101,0,normal,30,3943.4157484248335,-3409.1257484248335,0,1,0
TX-002588,2024-01-09 11:18:00,4062.86,Vendor_036,Marketing,Supplies,Card,Emp_092,INV-Vendor_042-637754,1,duplicate_invoice,32,3055.038064516129,1007.8219354838711,0,4,1
TX-002589,2024-02-19 10:48:00,3711.15,Vendor_018,Operations,Travel,Card,Emp_078,INV-Vendor_018-347314,0,normal,25,3244.913714910847,466.23628508915317,0,1,0
TX-002590,2024-02-10 17:18:00,3570.37,Vendor_003,Support,Operations,Check,Emp_045,INV-Vendor_003-798979,0,normal,27,2746.7746153846156,823.5953846153843,0,5,0
TX-002591,2024-01-04 09:12:00,3914.6,Vendor_100,Sales,Operations,ACH,Emp_043,INV-Vendor_100-178921,0,normal,26,2712.692692307692,1201.9073076923078,0,2,0
TX-002592,2024-02-25 10:02:00,1616.89,Vendor_091,Legal,Operations,Check,Emp_076,INV-Vendor_091-940666,0,normal,23,2089.608260869565,-472.71826086956503,0,10,0
TX-002593,2024-02-05 01:56:00,2312.63,Vendor_046,Finance,Travel,ACH,Emp_069,INV-Vendor_046-507705,0,normal,33,3052.1432305611957,-739.5132305611955,0,4,0
TX-002594,2024-01-10 08:11:00,403.05,Vendor_051,Engineering,Supplies,Card,Emp_069,INV-Vendor_051-438147,0,normal,33,3471.1343740931966,-3068.0843740931964,0,2,0
TX-002595,2024-02-04 05:51:00,4283.28,Vendor_019,HR,Supplies,Card,Emp_025,INV-Vendor_019-502414,0,normal,31,2977.7130705628747,1305.566929437125,0,10,0
TX-002596,2024-01-01 09:43:00,3850.89,Vendor_015,Legal,Consulting,Card,Emp_077,INV-Vendor_015-556869,0,normal,31,2923.1236666666664,927.7663333333335,0,2,0
TX-002597,2024-01-07 14:28:00,3979.13,Vendor_061,Marketing,Travel,Wire,Emp_008,INV-Vendor_061-221586,0,normal,41,3458.074275803163,521.0557241968372,0,2,0
TX-002598,2024-01-22 04:48:00,1238.83,Vendor_036,Legal,Payroll,Check,Emp_060,INV-Vendor_036-912200,0,normal,32,3055.038064516129,-1816.208064516129,0,4,0
TX-002599,2024-01-14 08:34:00,800.97,Vendor_089,Sales,Operations,ACH,Emp_025,INV-Vendor_089-215723,0,normal,29,4049.3871695268895,-3248.4171695268897,0,7,0
TX-002600,2024-01-12 01:19:00,1516.75,Vendor_056,Operations,Travel,ACH,Emp_096,INV-Vendor_056-682332,0,normal,23,2481.271304347826,-964.5213043478261,0,1,0
TX-002601,2024-02-29 14:17:00,2203.72,Vendor_058,Operations,IT,Wire,Emp_030,INV-Vendor_058-611979,0,normal,34,2718.410294117647,-514.6902941176472,0,2,0
TX-002602,2024-01-14 00:57:00,1837.31,Vendor_039,Finance,Payroll,Wire,Emp_042,INV-Vendor_039-536468,0,normal,23,2600.143043478261,-762.8330434782611,0,1,0
TX-002603,2024-03-01 02:36:00,4301.56,Vendor_030,Sales,IT,Card,Emp_091,INV-Vendor_029-379487,1,duplicate_invoice,23,3033.8827608649813,1267.6772391350191,0,7,1
TX-002604,2024-01-27 12:26:00,2274.02,Vendor_007,Finance,Operations,ACH,Emp_017,INV-Vendor_007-450034,0,normal,34,3137.7673386319625,-863.7473386319625,0,5,0
TX-002605,2024-01-09 04:25:00,2623.05,Vendor_020,Engineering,Supplies,ACH,Emp_005,INV-Vendor_020-451993,0,normal,37,4048.926765951174,-1425.8767659511736,0,4,0
TX-002606,2024-02-04 10:59:00,4211.44,Vendor_053,Legal,Travel,ACH,Emp_035,INV-Vendor_053-532105,0,normal,32,5061.836796882053,-850.3967968820534,0,2,0
TX-002607,2024-02-17 02:30:00,540.67,Vendor_025,HR,Payroll,Wire,Emp_046,INV-Vendor_025-997520,0,normal,44,2815.369772727273,-2274.699772727273,0,1,0
TX-002608,2024-01-14 14:33:00,956.39,Vendor_033,Legal,Supplies,Check,Emp_008,INV-Vendor_033-788105,0,normal,28,2550.7607142857146,-1594.3707142857147,0,6,0
TX-002609,2024-02-05 02:09:00,4008.51,Vendor_096,Support,Consulting,Check,Emp_036,INV-Vendor_096-983718,0,normal,35,3281.264857142857,727.245142857143,0,4,0
TX-002610,2024-01-08 04:19:00,4439.06,Vendor_055,Marketing,Payroll,ACH,Emp_068,INV-Vendor_055-172689,0,normal,35,2730.5511428571426,1708.5088571428578,0,14,0
TX-002611,2024-01-02 17:04:00,17706.05405988179,Vendor_NEW_2611,Legal,Travel,Check,Emp_028,INV-Vendor_094-565756,1,new_vendor_high,1,17706.05405988179,0.0,0,1,0
TX-002612,2024-01-16 22:31:00,717.66,Vendor_014,Engineering,Operations,Check,Emp_001,INV-Vendor_014-153065,0,normal,36,2134.2634285714284,-1416.6034285714286,0,3,0
TX-002613,2024-01-22 19:23:00,21189.17490713263,Vendor_042,Finance,Consulting,Card,Emp_057,INV-Vendor_042-713059,1,high_amount,30,3465.2441635710875,17723.93074356154,0,8,0
TX-002614,2024-02-16 20:43:00,16155.349702653351,Vendor_NEW_2614,Finance,Consulting,ACH,Emp_103,INV-Vendor_045-294684,1,new_vendor_high,1,16155.349702653351,0.0,0,2,0
TX-002615,2024-01-25 23:23:00,1375.1,Vendor_057,Marketing,Payroll,Wire,Emp_026,INV-Vendor_057-557940,0,normal,28,3861.44182160464,-2486.3418216046402,0,5,0
TX-002616,2024-02-05 08:37:00,20000.0,Vendor_025,Marketing,Consulting,ACH,Emp_046,INV-Vendor_025-808910,1,round_number,44,2815.369772727273,17184.630227272726,1,2,0
TX-002617,2024-01-08 13:18:00,2001.04,Vendor_051,Finance,Travel,Wire,Emp_039,INV-Vendor_051-698687,0,normal,33,3471.1343740931966,-1470.0943740931966,0,2,0
TX-002618,2024-02-15 02:20:00,4212.45,Vendor_076,HR,IT,Card,Emp_043,INV-Vendor_076-867732,0,normal,30,2646.702525461832,1565.7474745381678,0,4,0
TX-002619,2024-02-20 12:02:00,20000.0,Vendor_057,Operations,Operations,Wire,Emp_055,INV-Vendor_057-110730,1,round_number,28,3861.44182160464,16138.55817839536,1,4,0
TX-002620,2024-01-24 02:43:00,3867.37,Vendor_011,Marketing,Payroll,Check,Emp_015,INV-Vendor_011-417393,0,normal,34,2846.199411764706,1021.170588235294,0,7,0
TX-002621,2024-01-08 07:48:00,193.89,Vendor_017,Marketing,Travel,Card,Emp_050,INV-Vendor_017-478856,0,normal,27,2857.5396296296294,-2663.6496296296295,0,5,0
TX-002622,2024-02-01 11:22:00,3922.79,Vendor_050,Finance,Travel,ACH,Emp_106,INV-Vendor_050-330362,0,normal,26,2861.6157661684847,1061.1742338315153,0,1,0
TX-002623,2024-01-21 02:16:00,4813.66,Vendor_053,Legal,IT,Check,Emp_055,INV-Vendor_053-539430,0,normal,32,5061.836796882053,-248.17679688205317,0,1,0
TX-002624,2024-02-12 10:23:00,4038.09,Vendor_016,Finance,Payroll,Wire,Emp_063,INV-Vendor_016-998530,0,normal,42,4104.852509181274,-66.76250918127425,0,5,0
TX-002625,2024-02-11 14:17:00,4976.53,Vendor_028,Marketing,Payroll,Wire,Emp_027,INV-Vendor_028-898577,0,normal,37,3803.5322467308665,1172.9977532691332,0,5,0
TX-002626,2024-01-13 07:37:00,26690.108203874173,Vendor_081,Finance,Operations,ACH,Emp_072,INV-Vendor_081-420470,1,high_amount,30,3787.006065906091,22903.102137968082,0,4,0
TX-002627,2024-01-03 17:14:00,4178.95,Vendor_096,Sales,IT,Check,Emp_052,INV-Vendor_096-289369,0,normal,35,3281.264857142857,897.6851428571426,0,4,0
TX-002628,2024-02-29 16:14:00,2553.94,Vendor_081,Marketing,Consulting,Card,Emp_024,INV-Vendor_081-315914,0,normal,30,3787.006065906091,-1233.066065906091,0,6,0
TX-002629,2024-02-28 18:43:00,897.86,Vendor_024,Legal,Consulting,Card,Emp_085,INV-Vendor_024-651389,0,normal,22,3212.8424589157476,-2314.9824589157474,0,1,0
TX-002630,2024-01-04 18:51:00,15627.834150233215,Vendor_NEW_2630,Engineering,Operations,Card,Emp_036,INV-Vendor_037-634281,1,new_vendor_high,1,15627.834150233215,0.0,0,7,0
TX-002631,2024-01-07 03:11:00,2461.76,Vendor_014,Engineering,Supplies,Wire,Emp_047,INV-Vendor_014-847591,0,normal,36,2134.2634285714284,327.49657142857177,0,1,0
TX-002632,2024-02-14 09:06:00,1888.47,Vendor_079,Legal,IT,Card,Emp_057,INV-Vendor_079-323963,0,normal,29,2672.4585185185188,-783.9885185185187,0,1,0
TX-002633,2024-01-28 22:09:00,2576.95,Vendor_054,Support,IT,ACH,Emp_002,INV-Vendor_054-136375,0,normal,23,3005.8517391304345,-428.90173913043463,0,1,0
TX-002634,2024-01-15 00:40:00,13838.33340170542,Vendor_004,Finance,Operations,Check,Emp_114,INV-Vendor_004-327998,1,high_amount,30,3943.4157484248335,9894.917653280587,0,1,0
TX-002635,2024-01-01 15:18:00,450.51,Vendor_031,Finance,Consulting,Check,Emp_105,INV-Vendor_031-801397,0,normal,37,2623.9062292690023,-2173.396229269002,0,5,0
TX-002636,2024-01-05 00:49:00,701.94,Vendor_048,Finance,Operations,Wire,Emp_069,INV-Vendor_048-446130,0,normal,23,3207.9171428571435,-2505.9771428571435,0,1,0
TX-002637,2024-03-01 17:52:00,3181.52,Vendor_055,Operations,IT,ACH,Emp_055,INV-Vendor_055-131133,1,high_frequency,35,2730.5511428571426,450.96885714285736,0,14,0
TX-002638,2024-02-16 16:00:00,3028.32,Vendor_048,HR,Supplies,ACH,Emp_041,INV-Vendor_048-285261,0,normal,23,3207.9171428571435,-179.59714285714335,0,1,0
TX-002639,2024-02-17 11:54:00,6988.238734189624,Vendor_040,HR,Travel,Check,Emp_071,INV-Vendor_040-904850,1,high_amount,32,3123.052929000477,3865.185805189147,0,4,0
TX-002640,2024-01-14 02:30:00,1415.28,Vendor_079,Operations,Payroll,Card,Emp_012,INV-Vendor_079-928105,0,normal,29,2672.4585185185188,-1257.1785185185188,0,3,0
TX-002641,2024-02-04 14:09:00,1896.18,Vendor_056,Engineering,Payroll,Check,Emp_090,INV-Vendor_056-653978,0,normal,23,2481.271304347826,-585.091304347826,0,1,0
TX-002642,2024-01-27 15:57:00,2129.38,Vendor_033,Sales,Travel,Card,Emp_075,INV-Vendor_033-957082,1,high_frequency,28,2550.7607142857146,-421.3807142857145,0,4,0
TX-002643,2024-02-27 22:44:00,2357.41,Vendor_016,Sales,Payroll,ACH,Emp_016,INV-Vendor_016-702883,0,normal,42,4104.852509181274,-1747.4425091812745,0,4,0
TX-002644,2024-02-15 15:26:00,1570.82,Vendor_080,Sales,Operations,ACH,Emp_051,INV-Vendor_080-540097,0,normal,29,2652.113793103448,-1081.2937931034483,0,1,0
TX-002645,2024-02-28 22:14:00,3285.99,Vendor_091,Engineering,IT,Check,Emp_091,INV-Vendor_091-761473,0,normal,23,2089.608260869565,1196.3817391304347,0,11,0
TX-002646,2024-01-30 00:21:00,2148.89,Vendor_020,Sales,Payroll,Card,Emp_022,INV-Vendor_020-276221,0,normal,37,4048.926765951174,-1900.036765951174,0,4,0
TX-002647,2024-02-22 15:36:00,1246.53,Vendor_043,Legal,Consulting,Check,Emp_029,INV-Vendor_043-567193,1,high_frequency,36,3072.333244872456,-1825.803244872456,0,11,0
TX-002648,2024-01-29 23:19:00,383.52,Vendor_014,Sales,Operations,Wire,Emp_061,INV-Vendor_014-987990,0,normal,36,2134.2634285714284,-1750.7434285714285,0,1,0
TX-002649,2024-02-23 23:55:00,1871.4,Vendor_034,HR,Payroll,Check,Emp_030,INV-Vendor_034-280232,0,normal,31,2820.5182405182827,-949.1182405182826,0,1,0
TX-002650,2024-02-29 16:17:00,4860.62,Vendor_053,Sales,Consulting,Wire,Emp_002,INV-Vendor_053-599991,0,normal,32,5061.836796882053,-201.21679688205313,0,1,0
TX-002651,2024-01-11 16:44:00,4160.56,Vendor_055,Engineering,IT,Card,Emp_072,INV-Vendor_055-700033,0,normal,35,2730.5511428571426,1430.0088571428578,0,14,0
TX-002652,2024-02-21 13:23:00,3865.48,Vendor_039,Operations,Operations,Wire,Emp_031,INV-Vendor_039-116134,0,normal,23,2600.143043478261,1265.336956521739,0,2,0
TX-002653,2024-01-21 03:04:00,506.59,Vendor_084,Operations,IT,ACH,Emp_078,INV-Vendor_084-680193,0,normal,44,3595.354474626231,-3088.764474626231,0,2,0
TX-002654,2024-02-06 08:31:00,3690.43,Vendor_082,HR,Payroll,Wire,Emp_020,INV-Vendor_082-700816,0,normal,20,3988.878997849292,-298.448997849292,0,4,0
TX-002655,2024-01-13 21:18:00,302.1,Vendor_068,Finance,Payroll,Wire,Emp_053,INV-Vendor_068-737136,0,normal,20,2901.888209334918,-2599.788209334918,0,1,0
TX-002656,2024-01-18 21:59:00,2769.95,Vendor_047,Marketing,IT,Check,Emp_091,INV-Vendor_047-430357,0,normal,33,2865.957997719541,-96.00799771954098,0,10,0
TX-002657,2024-01-28 10:38:00,1134.64,Vendor_099,Support,Supplies,Card,Emp_072,INV-Vendor_099-672149,0,normal,21,2417.6414285714286,-1283.0014285714285,0,4,0
TX-002658,2024-02-18 16:23:00,2191.27,Vendor_073,Engineering,Payroll,ACH,Emp_087,INV-Vendor_073-919595,0,normal,30,2825.4158620689655,-634.1458620689655,0,7,0
TX-002659,2024-02-23 19:54:00,683.79,Vendor_069,HR,IT,Wire,Emp_100,INV-Vendor_069-111091,0,normal,24,2413.8735,-1730.0835000000002,0,1,0
TX-002660,2024-01-08 18:17:00,1653.54,Vendor_055,Sales,Payroll,Card,Emp_062,INV-Vendor_055-576213,0,normal,35,2730.5511428571426,-1077.0111428571427,0,14,0
TX-002661,2024-01-19 22:26:00,2575.77,Vendor_062,Finance,IT,ACH,Emp_105,INV-Vendor_062-314880,0,normal,32,3565.037712437434,-989.267712437434,0,8,0
TX-002662,2024-01-27 03:17:00,4259.75,Vendor_067,Operations,IT,ACH,Emp_107,INV-Vendor_067-281712,0,normal,44,2993.467335565413,1266.2826644345869,0,1,0
TX-002663,2024-01-21 21:36:00,4186.06,Vendor_031,Operations,IT,Check,Emp_091,INV-Vendor_031-840403,0,normal,37,2623.9062292690023,1562.153770730998,0,5,0
TX-002664,2024-02-01 21:49:00,4063.0,Vendor_020,Support,Travel,Check,Emp_047,INV-Vendor_020-652006,0,normal,37,4048.926765951174,14.07323404882618,0,4,0
TX-002665,2024-02-29 00:46:00,1852.44,Vendor_040,Legal,Operations,ACH,Emp_011,INV-Vendor_040-266693,0,normal,32,3123.052929000477,-1270.612929000477,0,4,0
TX-002666,2024-01-31 06:36:00,2897.31,Vendor_070,HR,Operations,ACH,Emp_039,INV-Vendor_070-766434,0,normal,27,2500.182222222222,397.12777777777774,0,5,0
TX-002667,2024-02-11 15:49:00,4877.22,Vendor_011,Support,IT,Wire,Emp_071,INV-Vendor_011-441507,0,normal,34,2846.199411764706,2031.0205882352943,0,8,0
TX-002668,2024-01-31 05:11:00,3329.01,Vendor_030,Operations,IT,ACH,Emp_033,INV-Vendor_030-533907,1,high_frequency,23,3033.8827608649813,295.12723913501895,0,7,0
TX-002669,2024-01-02 02:43:00,2747.08,Vendor_066,Support,Operations,Card,Emp_066,INV-Vendor_066-872672,0,normal,32,2144.8066657789423,602.2733342210577,0,4,0
TX-002670,2024-01-06 21:00:00,4348.52,Vendor_075,Sales,Payroll,Wire,Emp_073,INV-Vendor_075-411804,0,normal,31,2556.1941935483874,1792.325806451613,0,2,0
TX-002671,2024-01-09 04:15:00,2451.19,Vendor_002,Operations,IT,Wire,Emp_094,INV-Vendor_002-606146,0,normal,29,2921.2093209032923,-470.0193209032923,0,5,0
TX-002672,2024-01-12 11:04:00,642.54,Vendor_095,Legal,Travel,Wire,Emp_010,INV-Vendor_095-851489,0,normal,42,2756.728095238095,-2114.1880952380952,0,4,0
TX-002673,2024-02-25 09:44:00,1183.99,Vendor_063,HR,IT,Card,Emp_016,INV-Vendor_063-866213,0,normal,30,2872.7581223683005,-1688.7681223683005,0,6,0
TX-002674,2024-01-10 00:31:00,3205.24,Vendor_002,Marketing,Travel,Card,Emp_107,INV-Vendor_002-305048,0,normal,29,2921.2093209032923,284.03067909670744,0,4,0
TX-002675,2024-01-25 01:59:00,4522.58,Vendor_085,Operations,Supplies,Check,Emp_074,INV-Vendor_085-600802,0,normal,28,3183.8122633457456,1338.7677366542543,0,4,0
TX-002676,2024-01-22 01:04:00,3018.0,Vendor_050,Legal,Consulting,Card,Emp_014,INV-Vendor_014-584854,1,duplicate_invoice,26,2861.6157661684847,156.3842338315153,0,1,1
TX-002677,2024-02-19 11:27:00,1710.8,Vendor_075,Marketing,IT,Card,Emp_091,INV-Vendor_075-803271,0,normal,31,2556.1941935483874,-845.3941935483874,0,1,0
TX-002678,2024-02-07 15:45:00,3392.29,Vendor_045,Support,Consulting,Card,Emp_082,INV-Vendor_045-881729,0,normal,34,3352.6271875,39.662812499999745,0,10,0
TX-002679,2024-02-29 04:24:00,4812.0,Vendor_064,Finance,Supplies,ACH,Emp_059,INV-Vendor_064-738741,0,normal,33,2813.544242424243,1998.4557575757572,0,3,0
TX-002680,2024-03-01 12:38:00,2340.37,Vendor_070,HR,Payroll,Wire,Emp_043,INV-Vendor_070-212666,0,normal,27,2500.182222222222,-159.81222222222232,0,4,0
TX-002681,2024-01-15 03:30:00,5000.0,Vendor_011,Sales,Payroll,Check,Emp_101,INV-Vendor_011-189643,1,round_number,34,2846.199411764706,2153.800588235294,1,8,0
TX-002682,2024-01-08 23:00:00,2243.21,Vendor_082,Marketing,Supplies,Check,Emp_031,INV-Vendor_082-132223,0,normal,20,3988.878997849292,-1745.6689978492918,0,5,0
TX-002683,2024-02-26 08:31:00,4026.42,Vendor_016,Finance,IT,Wire,Emp_104,INV-Vendor_016-413477,0,normal,42,4104.852509181274,-78.43250918127433,0,5,0
TX-002684,2024-02-02 11:45:00,405.74,Vendor_027,Support,Travel,Card,Emp_041,INV-Vendor_027-134812,0,normal,24,4649.952627401481,-4244.212627401481,0,15,0
TX-002685,2024-01-27 15:34:00,3840.65,Vendor_016,HR,Travel,Card,Emp_111,INV-Vendor_016-464443,0,normal,42,4104.852509181274,-264.2025091812743,0,4,0
TX-002686,2024-02-03 07:27:00,2470.9,Vendor_040,Operations,Operations,ACH,Emp_040,INV-Vendor_040-880574,0,normal,32,3123.052929000477,-652.1529290004769,0,5,0
TX-002687,2024-01-21 20:06:00,10952.104758037456,Vendor_NEW_2687,Legal,IT,Card,Emp_038,INV-Vendor_069-153972,1,new_vendor_high,1,10952.104758037456,0.0,0,2,0
TX-002688,2024-01-27 19:23:00,2775.77,Vendor_080,Support,Consulting,ACH,Emp_007,INV-Vendor_080-875971,0,normal,29,2652.113793103448,123.6562068965518,0,2,0
TX-002689,2024-01-13 04:02:00,533.27,Vendor_043,Operations,IT,Check,Emp_110,INV-Vendor_043-457563,0,normal,36,3072.333244872456,-2539.063244872456,0,10,0
TX-002690,2024-02-06 09:35:00,3451.76,Vendor_080,Sales,Consulting,ACH,Emp_031,INV-Vendor_080-462875,0,normal,29,2652.113793103448,799.646206896552,0,1,0
TX-002691,2024-02-06 07:40:00,4461.72,Vendor_075,Legal,Travel,Wire,Emp_114,INV-Vendor_075-262601,0,normal,31,2556.1941935483874,1905.5258064516129,0,2,0
TX-002692,2024-02-24 16:01:00,3301.1,Vendor_054,Finance,Operations,Card,Emp_017,INV-Vendor_054-701981,0,normal,23,3005.8517391304345,295.24826086956546,0,2,0
TX-002693,2024-01-20 21:50:00,3583.22,Vendor_042,Operations,Payroll,ACH,Emp_114,INV-Vendor_042-750826,0,normal,30,3465.2441635710875,117.97583642891232,0,7,0
TX-002694,2024-02-02 11:33:00,2353.03,Vendor_096,Engineering,Travel,Check,Emp_021,INV-Vendor_096-402111,0,normal,35,3281.264857142857,-928.234857142857,0,4,0
TX-002695,2024-01-21 01:42:00,1489.31,Vendor_016,HR,Supplies,Wire,Emp_089,INV-Vendor_016-498562,0,normal,42,4104.852509181274,-2615.5425091812745,0,5,0
TX-002696,2024-02-05 00:36:00,2991.78,Vendor_021,Operations,Travel,ACH,Emp_074,INV-Vendor_021-712016,0,normal,34,3005.547197344895,-13.767197344894612,0,7,0
TX-002697,2024-01-07 12:24:00,4004.41,Vendor_075,HR,Supplies,Card,Emp_014,INV-Vendor_075-730179,0,normal,31,2556.1941935483874,1448.2158064516125,0,2,0
TX-002698,2024-02-26 10:09:00,2081.97,Vendor_062,Sales,Operations,Card,Emp_065,INV-Vendor_062-900760,0,normal,32,3565.037712437434,-1483.0677124374342,0,8,0
TX-002699,2024-02-27 09:59:00,2848.84,Vendor_028,Finance,Consulting,Wire,Emp_076,INV-Vendor_028-178754,0,normal,37,3803.5322467308665,-954.6922467308664,0,4,0
TX-002700,2024-01-30 10:24:00,3329.66,Vendor_005,Engineering,Operations,Wire,Emp_099,INV-Vendor_005-816272,0,normal,32,4139.26089842047,-809.60089842047,0,1,0
TX-002701,2024-02-14 10:04:00,2342.5,Vendor_075,Operations,Consulting,ACH,Emp_039,INV-Vendor_075-822706,0,normal,31,2556.1941935483874,-213.69419354838737,0,1,0
TX-002702,2024-02-21 09:48:00,4037.38,Vendor_022,Engineering,Operations,Wire,Emp_100,INV-Vendor_022-835008,0,normal,33,2766.22851906831,1271.15148093169,0,1,0
TX-002703,2024-01-16 08:26:00,224.52,Vendor_001,Support,Travel,Card,Emp_006,INV-Vendor_001-965070,1,high_frequency,22,3603.7710087726696,-3379.2510087726696,0,5,0
TX-002704,2024-01-20 20:04:00,2819.8,Vendor_050,Marketing,Supplies,Card,Emp_037,INV-Vendor_050-484437,0,normal,26,2861.6157661684847,-41.815766168484515,0,1,0
TX-002705,2024-01-07 08:08:00,2718.14,Vendor_022,Support,Payroll,ACH,Emp_081,INV-Vendor_022-810684,0,normal,33,2766.22851906831,-48.088519068310234,0,1,0
TX-002706,2024-02-24 23:10:00,1179.7,Vendor_051,Marketing,Supplies,Wire,Emp_018,INV-Vendor_051-435325,0,normal,33,3471.1343740931966,-2291.4343740931963,0,1,0
TX-002707,2024-02-12 05:33:00,3599.25,Vendor_090,Operations,Operations,Check,Emp_013,INV-Vendor_090-363796,0,normal,25,3892.3379999999997,-293.08799999999974,0,1,0
TX-002708,2024-02-22 19:16:00,4870.12,Vendor_094,Sales,Operations,Check,Emp_007,INV-Vendor_094-636174,0,normal,22,3627.416190476191,1242.703809523809,0,1,0
TX-002709,2024-02-23 12:55:00,4430.22,Vendor_077,Marketing,Consulting,ACH,Emp_007,INV-Vendor_077-329301,0,normal,33,3274.230606060606,1155.9893939393942,0,2,0
TX-002710,2024-02-02 12:51:00,1812.36,Vendor_011,Marketing,IT,Card,Emp_034,INV-Vendor_011-335860,1,high_frequency,34,2846.199411764706,-1033.839411764706,0,7,0
TX-002711,2024-01-28 15:59:00,4399.02,Vendor_094,HR,Payroll,ACH,Emp_059,INV-Vendor_094-380692,0,normal,22,3627.416190476191,771.6038095238096,0,2,0
TX-002712,2024-01-24 17:32:00,520.72,Vendor_032,Marketing,IT,Check,Emp_079,INV-Vendor_032-905054,0,normal,39,2537.203758786566,-2016.483758786566,0,13,0
TX-002713,2024-02-18 09:21:00,3779.94,Vendor_034,Support,Consulting,Check,Emp_060,INV-Vendor_034-848775,0,normal,31,2820.5182405182827,959.4217594817173,0,2,0
TX-002714,2024-01-23 21:16:00,4278.71,Vendor_050,Operations,Supplies,Wire,Emp_003,INV-Vendor_050-729687,0,normal,26,2861.6157661684847,1417.0942338315153,0,1,0
TX-002715,2024-01-18 16:50:00,1205.9,Vendor_087,Finance,Payroll,Check,Emp_030,INV-Vendor_087-612919,0,normal,26,2325.0704,-1119.1704,0,5,0
TX-002716,2024-01-26 18:46:00,107.91,Vendor_040,Sales,Travel,Wire,Emp_060,INV-Vendor_040-120238,0,normal,32,3123.052929000477,-3015.142929000477,0,4,0
TX-002717,2024-01-01 22:16:00,1997.75,Vendor_047,HR,Supplies,ACH,Emp_001,INV-Vendor_047-143385,0,normal,33,2865.957997719541,-868.2079977195408,0,11,0
TX-002718,2024-02-26 00:43:00,314.69,Vendor_049,Engineering,Supplies,Card,Emp_027,INV-Vendor_049-618036,0,normal,35,2968.721142857143,-2654.031142857143,0,4,0
TX-002719,2024-01-07 11:25:00,4023.82,Vendor_077,Engineering,IT,ACH,Emp_018,INV-Vendor_077-244172,0,normal,33,3274.230606060606,749.5893939393941,0,3,0
TX-002720,2024-02-10 08:16:00,3671.26,Vendor_025,Legal,IT,Wire,Emp_006,INV-Vendor_025-190094,0,normal,44,2815.369772727273,855.8902272727273,0,2,0
TX-002721,2024-02-22 00:43:00,2042.02,Vendor_063,Legal,IT,Wire,Emp_096,INV-Vendor_063-273729,0,normal,30,2872.7581223683005,-830.7381223683005,0,4,0
TX-002722,2024-02-06 04:35:00,2874.26,Vendor_075,Legal,Supplies,Wire,Emp_010,INV-Vendor_075-912040,0,normal,31,2556.1941935483874,318.06580645161284,0,2,0
TX-002723,2024-01-28 04:22:00,1737.49,Vendor_074,Support,Supplies,Card,Emp_107,INV-Vendor_074-359255,0,normal,34,3705.2793562097586,-1967.7893562097586,0,7,0
TX-002724,2024-01-04 19:46:00,735.81,Vendor_064,Sales,Supplies,Check,Emp_110,INV-Vendor_026-771575,1,duplicate_invoice,33,2813.544242424243,-2077.734242424243,0,2,1
TX-002725,2024-02-23 08:13:00,373.57,Vendor_079,HR,Payroll,Card,Emp_013,INV-Vendor_079-536928,0,normal,29,2672.4585185185188,-2298.8885185185186,0,1,0
TX-002726,2024-02-05 02:17:00,3085.27,Vendor_037,Engineering,IT,Card,Emp_043,INV-Vendor_037-496374,0,normal,34,2707.582727272727,377.687272727273,0,4,0
TX-002727,2024-02-06 06:18:00,808.98,Vendor_063,Support,Operations,ACH,Emp_041,INV-Vendor_063-678938,1,high_frequency,30,2872.7581223683005,-2063.7781223683005,0,4,0
TX-002728,2024-02-11 20:39:00,3582.48,Vendor_021,Finance,Travel,Wire,Emp_101,INV-Vendor_021-658440,0,normal,34,3005.547197344895,576.9328026551052,0,10,0
TX-002729,2024-02-13 01:04:00,4168.55,Vendor_055,HR,Consulting,Check,Emp_038,INV-Vendor_055-595379,0,normal,35,2730.5511428571426,1437.9988571428576,0,13,0
TX-002730,2024-02-18 20:56:00,2048.25,Vendor_084,Sales,Travel,Card,Emp_011,INV-Vendor_084-121203,0,normal,44,3595.354474626231,-1547.104474626231,0,1,0
TX-002731,2024-01-03 14:48:00,3986.05,Vendor_095,Legal,Operations,Wire,Emp_047,INV-Vendor_095-380180,0,normal,42,2756.728095238095,1229.321904761905,0,4,0
TX-002732,2024-02-02 04:10:00,2769.17,Vendor_070,Sales,Operations,Card,Emp_045,INV-Vendor_070-266962,0,normal,27,2500.182222222222,268.98777777777786,0,5,0
TX-002733,2024-01-14 07:21:00,846.94,Vendor_031,Support,Payroll,Check,Emp_104,INV-Vendor_031-676679,0,normal,37,2623.9062292690023,-1776.9662292690023,0,4,0
TX-002734,2024-01-04 02:23:00,2973.95,Vendor_076,Marketing,Supplies,Wire,Emp_082,INV-Vendor_076-643534,0,normal,30,2646.702525461832,327.2474745381678,0,5,0
TX-002735,2024-01-08 09:43:00,3847.8,Vendor_060,Marketing,Consulting,Wire,Emp_033,INV-Vendor_060-733619,0,normal,28,3524.8804552927822,322.91954470721794,0,7,0
TX-002736,2024-02-04 13:17:00,1139.65,Vendor_090,Operations,Supplies,Wire,Emp_041,INV-Vendor_090-197476,0,normal,25,3892.3379999999997,-2752.6879999999996,0,2,0
TX-002737,2024-02-11 10:33:00,1326.03,Vendor_008,Engineering,Travel,Check,Emp_112,INV-Vendor_008-396250,0,normal,38,2659.1583783783785,-1333.1283783783786,0,10,0
TX-002738,2024-01-20 13:57:00,3042.73,Vendor_013,HR,Operations,Check,Emp_113,INV-Vendor_013-378875,0,normal,35,3320.0319506780124,-277.3019506780124,0,4,0
TX-002739,2024-01-26 11:21:00,3348.82,Vendor_025,Support,IT,Card,Emp_107,INV-Vendor_025-753317,0,normal,44,2815.369772727273,533.4502272727273,0,1,0
TX-002740,2024-01-21 02:24:00,2034.01,Vendor_035,Support,Travel,Card,Emp_119,INV-Vendor_035-787887,0,normal,35,2498.9767647058825,-464.9667647058825,0,6,0
TX-002741,2024-02-28 13:02:00,1075.94,Vendor_021,Finance,Supplies,Card,Emp_034,INV-Vendor_021-935422,0,normal,34,3005.547197344895,-1929.6071973448948,0,8,0
TX-002742,2024-01-27 13:13:00,717.57,Vendor_022,HR,Payroll,Card,Emp_096,INV-Vendor_022-769253,0,normal,33,2766.22851906831,-2048.65851906831,0,1,0
TX-002743,2024-02-04 14:36:00,2066.26,Vendor_014,Support,Supplies,Card,Emp_088,INV-Vendor_014-349471,0,normal,36,2134.2634285714284,-68.00342857142823,0,2,0
TX-002744,2024-02-05 10:56:00,21601.63245016674,Vendor_016,Finance,Consulting,Card,Emp_111,INV-Vendor_016-649824,1,high_amount,42,4104.852509181274,17496.779940985467,0,4,0
TX-002745,2024-01-02 03:33:00,3554.36,Vendor_046,Marketing,Payroll,Card,Emp_081,INV-Vendor_046-256858,0,normal,33,3052.1432305611957,502.2167694388045,0,5,0
TX-002746,2024-01-26 18:19:00,3145.44,Vendor_007,Legal,Payroll,Wire,Emp_016,INV-Vendor_007-191391,0,normal,34,3137.7673386319625,7.672661368037552,0,5,0
TX-002747,2024-02-02 09:34:00,4076.58,Vendor_086,Engineering,Payroll,Wire,Emp_097,INV-Vendor_086-343803,0,normal,35,3206.610882352941,869.9691176470587,0,5,0
TX-002748,2024-01-12 03:08:00,2035.65,Vendor_077,Marketing,Travel,Card,Emp_086,INV-Vendor_077-523766,0,normal,33,3274.230606060606,-1238.580606060606,0,2,0
TX-002749,2024-03-01 02:45:00,4251.012833889511,Vendor_032,Marketing,IT,Check,Emp_042,INV-Vendor_032-424767,1,high_amount,39,2537.203758786566,1713.809075102945,0,14,0
TX-002750,2024-02-08 02:49:00,1288.78,Vendor_057,Operations,Operations,ACH,Emp_059,INV-Vendor_057-573638,0,normal,28,3861.44182160464,-2572.66182160464,0,4,0
TX-002751,2024-02-15 22:54:00,212.04,Vendor_047,HR,Supplies,Card,Emp_098,INV-Vendor_047-497106,0,normal,33,2865.957997719541,-2653.917997719541,0,11,0
TX-002752,2024-02-27 07:58:00,1846.96,Vendor_084,HR,Operations,Check,Emp_039,INV-Vendor_084-445668,0,normal,44,3595.354474626231,-1748.394474626231,0,3,0
TX-002753,2024-02-16 10:39:00,550.43,Vendor_063,Support,Supplies,Wire,Emp_014,INV-Vendor_063-977332,0,normal,30,2872.7581223683005,-2322.3281223683007,0,4,0
TX-002754,2024-01-10 01:48:00,1246.41,Vendor_025,Operations,Travel,Card,Emp_022,INV-Vendor_025-440840,0,normal,44,2815.369772727273,-1568.9597727272728,0,2,0
TX-002755,2024-01-05 09:47:00,2963.8,Vendor_018,Sales,Payroll,Wire,Emp_114,INV-Vendor_081-852580,1,duplicate_invoice,25,3244.913714910847,-281.11371491084674,0,1,1
TX-002756,2024-02-08 21:07:00,1373.56,Vendor_067,Legal,Operations,Card,Emp_039,INV-Vendor_067-233803,0,normal,44,2993.467335565413,-1619.9073355654132,0,2,0
TX-002757,2024-01-26 05:17:00,4410.95,Vendor_079,Finance,Payroll,Check,Emp_006,INV-Vendor_079-306311,0,normal,29,2672.4585185185188,1738.491481481481,0,2,0
TX-002758,2024-02-29 06:45:00,4533.25,Vendor_064,Finance,Travel,ACH,Emp_047,INV-Vendor_064-860449,0,normal,33,2813.544242424243,1719.7057575757572,0,3,0
TX-002759,2024-02-09 16:00:00,3039.72,Vendor_077,Operations,Consulting,Card,Emp_013,INV-Vendor_077-383223,0,normal,33,3274.230606060606,-234.51060606060628,0,1,0
TX-002760,2024-01-09 15:28:00,4001.39,Vendor_065,Support,IT,ACH,Emp_034,INV-Vendor_065-461913,0,normal,35,3155.7917276126786,845.5982723873212,0,2,0
TX-002761,2024-01-22 21:57:00,3072.75,Vendor_060,Sales,IT,Card,Emp_056,INV-Vendor_060-473815,0,normal,28,3524.8804552927822,-452.13045529278224,0,8,0
TX-002762,2024-03-01 00:57:00,3810.31,Vendor_024,Finance,IT,Card,Emp_108,INV-Vendor_024-733928,0,normal,22,3212.8424589157476,597.4675410842524,0,1,0
TX-002763,2024-01-09 16:36:00,2619.82,Vendor_047,Legal,Supplies,Card,Emp_053,INV-Vendor_047-247033,1,high_frequency,33,2865.957997719541,-246.13799771954064,0,10,0
TX-002764,2024-02-04 22:56:00,2381.17,Vendor_084,Operations,Travel,Check,Emp_076,INV-Vendor_084-435627,0,normal,44,3595.354474626231,-1214.184474626231,0,2,0
TX-002765,2024-01-15 23:19:00,4703.92,Vendor_023,Engineering,Supplies,Wire,Emp_095,INV-Vendor_023-975275,0,normal,34,2735.677272727273,1968.2427272727273,0,5,0
TX-002766,2024-02-08 21:26:00,3986.0,Vendor_081,Marketing,Consulting,Card,Emp_029,INV-Vendor_081-252730,0,normal,30,3787.006065906091,198.99393409390905,0,4,0
TX-002767,2024-02-05 11:21:00,3969.58,Vendor_025,Operations,Consulting,Card,Emp_044,INV-Vendor_025-475508,0,normal,44,2815.369772727273,1154.210227272727,0,2,0
TX-002768,2024-02-16 02:31:00,3221.07,Vendor_056,Legal,Operations,Check,Emp_073,INV-Vendor_056-153756,0,normal,23,2481.271304347826,739.798695652174,0,1,0
TX-002769,2024-01-11 22:06:00,3904.45,Vendor_089,Finance,Consulting,Check,Emp_062,INV-Vendor_089-675800,0,normal,29,4049.3871695268895,-144.93716952688965,0,8,0
TX-002770,2024-02-15 16:00:00,1412.93,Vendor_095,Marketing,Consulting,ACH,Emp_029,INV-Vendor_095-294125,0,normal,42,2756.728095238095,-1343.7980952380951,0,4,0
TX-002771,2024-01-08 06:09:00,752.73,Vendor_059,Finance,Supplies,Check,Emp_104,INV-Vendor_059-988319,0,normal,15,4133.840666666667,-3381.110666666667,0,1,0
TX-002772,2024-01-06 03:02:00,4726.81,Vendor_016,Legal,Travel,ACH,Emp_027,INV-Vendor_016-510111,1,high_frequency,42,4104.852509181274,621.957490818726,0,4,0
TX-002773,2024-02-26 10:07:00,1959.12,Vendor_025,Finance,Supplies,Card,Emp_117,INV-Vendor_025-244695,0,normal,44,2815.369772727273,-856.249772727273,0,1,0
TX-002774,2024-01-04 13:12:00,940.15,Vendor_019,Legal,IT,Card,Emp_004,INV-Vendor_019-902327,0,normal,31,2977.7130705628747,-2037.5630705628746,0,11,0
TX-002775,2024-02-27 01:50:00,3183.37,Vendor_058,Sales,IT,Card,Emp_063,INV-Vendor_058-502623,0,normal,34,2718.410294117647,464.95970588235286,0,1,0
TX-002776,2024-01-30 22:26:00,2165.98,Vendor_022,Marketing,Consulting,Wire,Emp_050,INV-Vendor_022-464037,0,normal,33,2766.22851906831,-600.2485190683101,0,3,0
TX-002777,2024-02-11 08:17:00,3187.37,Vendor_051,Support,Payroll,Check,Emp_057,INV-Vendor_051-791641,0,normal,33,3471.1343740931966,-283.7643740931967,0,1,0
TX-002778,2024-01-19 22:55:00,4979.25,Vendor_036,Engineering,Payroll,ACH,Emp_063,INV-Vendor_036-134191,0,normal,32,3055.038064516129,1924.211935483871,0,4,0
TX-002779,2024-01-16 10:04:00,2674.59,Vendor_005,Finance,Operations,Card,Emp_052,INV-Vendor_005-749646,0,normal,32,4139.26089842047,-1464.6708984204697,0,2,0
TX-002780,2024-01-07 02:33:00,1002.92,Vendor_049,Marketing,IT,Wire,Emp_052,INV-Vendor_049-844822,0,normal,35,2968.721142857143,-1965.801142857143,0,4,0
TX-002781,2024-02-04 01:26:00,28887.06720564671,Vendor_020,Operations,Supplies,ACH,Emp_039,INV-Vendor_020-708400,1,high_amount,37,4048.926765951174,24838.140439695533,0,4,0
TX-002782,2024-02-08 06:24:00,1635.96,Vendor_066,Sales,Supplies,Check,Emp_007,INV-Vendor_066-961195,0,normal,32,2144.8066657789423,-508.8466657789422,0,4,0
TX-002783,2024-01-09 09:39:00,19399.379496984297,Vendor_004,Support,Travel,ACH,Emp_020,INV-Vendor_004-943195,1,high_amount,30,3943.4157484248335,15455.963748559463,0,1,0
TX-002784,2024-02-14 16:09:00,578.25,Vendor_071,Marketing,Payroll,Card,Emp_056,INV-Vendor_071-517474,0,normal,30,2482.368888888889,-1904.1188888888892,0,7,0
TX-002785,2024-02-22 01:47:00,3479.32,Vendor_040,Legal,Consulting,Card,Emp_068,INV-Vendor_058-912381,1,duplicate_invoice,32,3123.052929000477,356.2670709995232,0,4,1
TX-002786,2024-02-10 13:47:00,842.51,Vendor_100,Sales,IT,ACH,Emp_014,INV-Vendor_100-114646,0,normal,26,2712.692692307692,-1870.1826923076922,0,1,0
TX-002787,2024-02-07 23:08:00,450.8,Vendor_078,HR,Consulting,ACH,Emp_078,INV-Vendor_078-294802,0,normal,25,3293.4391947043987,-2842.6391947043985,0,1,0
TX-002788,2024-01-25 19:13:00,3145.85,Vendor_041,Sales,Consulting,ACH,Emp_058,INV-Vendor_041-974836,0,normal,31,2695.650967741936,450.1990322580641,0,1,0
TX-002789,2024-02-11 04:55:00,3011.38,Vendor_037,Finance,IT,Wire,Emp_045,INV-Vendor_037-748459,0,normal,34,2707.582727272727,303.79727272727314,0,6,0
TX-002790,2024-02-25 18:42:00,10000.0,Vendor_042,HR,Travel,Check,Emp_027,INV-Vendor_042-836444,1,round_number,30,3465.2441635710875,6534.7558364289125,1,9,0
TX-002791,2024-02-07 00:59:00,1462.13,Vendor_098,Finance,Operations,Check,Emp_118,INV-Vendor_098-371323,0,normal,33,3524.635628271743,-2062.505628271743,0,1,0
TX-002792,2024-01-21 13:00:00,4948.36,Vendor_058,Marketing,Travel,Wire,Emp_031,INV-Vendor_058-226331,0,normal,34,2718.410294117647,2229.9497058823526,0,3,0
TX-002793,2024-01-18 15:20:00,2945.88,Vendor_069,Sales,Supplies,Card,Emp_093,INV-Vendor_069-529994,0,normal,24,2413.8735,532.0065,0,2,0
TX-002794,2024-02-02 05:47:00,4476.78,Vendor_064,Marketing,Payroll,Card,Emp_048,INV-Vendor_064-861311,0,normal,33,2813.544242424243,1663.235757575757,0,2,0
TX-002795,2024-01-25 22:43:00,335.73,Vendor_010,HR,Supplies,Wire,Emp_040,INV-Vendor_010-801338,0,normal,22,2547.3354466749174,-2211.6054466749174,0,1,0
TX-002796,2024-02-10 11:44:00,4182.74,Vendor_034,HR,Operations,Check,Emp_049,INV-Vendor_034-452116,0,normal,31,2820.5182405182827,1362.221759481717,0,1,0
TX-002797,2024-01-09 07:08:00,4902.69,Vendor_086,HR,Travel,ACH,Emp_004,INV-Vendor_086-370871,0,normal,35,3206.610882352941,1696.0791176470584,0,4,0
TX-002798,2024-01-05 14:46:00,606.15,Vendor_053,Sales,Operations,Card,Emp_042,INV-Vendor_053-196825,0,normal,32,5061.836796882053,-4455.686796882053,0,1,0
TX-002799,2024-01-26 13:02:00,2116.69,Vendor_096,HR,Payroll,Check,Emp_065,INV-Vendor_003-568834,1,duplicate_invoice,35,3281.264857142857,-1164.5748571428571,0,4,1
TX-002800,2024-02-04 07:07:00,1768.98,Vendor_074,Sales,IT,Wire,Emp_029,INV-Vendor_074-659429,0,normal,34,3705.2793562097586,-1936.2993562097586,0,7,0
TX-002801,2024-01-26 09:27:00,1176.22,Vendor_065,Legal,IT,Card,Emp_046,INV-Vendor_065-578604,0,normal,35,3155.7917276126786,-1979.5717276126786,0,1,0
TX-002802,2024-01-23 06:20:00,1549.25,Vendor_044,HR,IT,Card,Emp_057,INV-Vendor_044-909622,0,normal,35,3137.537058823529,-1588.2870588235292,0,4,0
TX-002803,2024-02-01 23:48:00,3509.13,Vendor_047,HR,Payroll,Card,Emp_065,INV-Vendor_047-222923,0,normal,33,2865.957997719541,643.1720022804593,0,10,0
TX-002804,2024-02-14 15:22:00,4523.01,Vendor_031,Marketing,IT,Wire,Emp_043,INV-Vendor_031-147744,0,normal,37,2623.9062292690023,1899.103770730998,0,5,0
TX-002805,2024-01-27 00:27:00,2625.16,Vendor_091,Engineering,Operations,Check,Emp_086,INV-Vendor_091-651741,0,normal,23,2089.608260869565,535.5517391304347,0,11,0
TX-002806,2024-01-02 20:28:00,20000.0,Vendor_045,Engineering,Operations,Wire,Emp_099,INV-Vendor_045-847577,1,round_number,34,3352.6271875,16647.372812499998,1,10,0
TX-002807,2024-02-27 03:54:00,2555.92,Vendor_013,Finance,Travel,Wire,Emp_090,INV-Vendor_013-775679,0,normal,35,3320.0319506780124,-764.1119506780124,0,4,0
TX-002808,2024-01-02 05:30:00,1111.76,Vendor_004,Finance,Travel,ACH,Emp_002,INV-Vendor_004-335917,0,normal,30,3943.4157484248335,-2831.6557484248333,0,1,0
TX-002809,2024-01-15 09:34:00,2181.18,Vendor_079,Support,Payroll,Check,Emp_012,INV-Vendor_079-930189,0,normal,29,2672.4585185185188,-491.2785185185189,0,3,0
TX-002810,2024-01-01 16:21:00,3770.08,Vendor_022,Engineering,Supplies,Card,Emp_105,INV-Vendor_022-147543,0,normal,33,2766.22851906831,1003.8514809316898,0,1,0
TX-002811,2024-01-05 23:17:00,5000.0,Vendor_051,Sales,Travel,Check,Emp_041,INV-Vendor_051-331365,1,round_number,33,3471.1343740931966,1528.8656259068034,1,1,0
TX-002812,2024-02-25 17:17:00,299.62,Vendor_080,Legal,Consulting,ACH,Emp_005,INV-Vendor_080-296558,0,normal,29,2652.113793103448,-2352.4937931034483,0,1,0
TX-002813,2024-02-10 00:25:00,1968.91,Vendor_093,Engineering,IT,Check,Emp_028,INV-Vendor_093-893532,0,normal,24,2552.386956521739,-583.4769565217391,0,4,0
TX-002814,2024-01-09 19:00:00,2290.49,Vendor_090,Sales,Supplies,Check,Emp_095,INV-Vendor_090-729037,0,normal,25,3892.3379999999997,-1601.848,0,1,0
TX-002815,2024-01-27 04:45:00,3317.54,Vendor_051,Finance,IT,ACH,Emp_087,INV-Vendor_051-288804,0,normal,33,3471.1343740931966,-153.59437409319662,0,2,0
TX-002816,2024-02-25 15:27:00,2176.74,Vendor_100,HR,Supplies,Wire,Emp_115,INV-Vendor_100-911959,0,normal,26,2712.692692307692,-535.9526923076924,0,2,0
TX-002817,2024-01-29 07:53:00,20000.0,Vendor_060,HR,Operations,ACH,Emp_087,INV-Vendor_060-517627,1,round_number,28,3524.8804552927822,16475.119544707217,1,8,0
TX-002818,2024-02-10 18:23:00,1083.22,Vendor_065,HR,Travel,Card,Emp_022,INV-Vendor_065-561367,0,normal,35,3155.7917276126786,-2072.571727612679,0,1,0
TX-002819,2024-01-21 07:57:00,2094.45,Vendor_002,Marketing,Supplies,Check,Emp_081,INV-Vendor_002-733171,0,normal,29,2921.2093209032923,-826.7593209032925,0,5,0
TX-002820,2024-01-07 16:17:00,3328.64,Vendor_020,HR,Operations,ACH,Emp_106,INV-Vendor_020-657256,0,normal,37,4048.926765951174,-720.286765951174,0,4,0
TX-002821,2024-02-08 11:01:00,3271.62,Vendor_032,Operations,Supplies,Wire,Emp_063,INV-Vendor_032-307057,0,normal,39,2537.203758786566,734.4162412134338,0,13,0
TX-002822,2024-01-28 10:19:00,3139.07,Vendor_056,HR,IT,Check,Emp_004,INV-Vendor_056-817046,0,normal,23,2481.271304347826,657.798695652174,0,1,0
TX-002823,2024-01-09 05:46:00,1792.16,Vendor_034,Finance,Supplies,Check,Emp_025,INV-Vendor_034-846292,0,normal,31,2820.5182405182827,-1028.3582405182826,0,1,0
TX-002824,2024-02-10 19:10:00,690.37,Vendor_030,HR,IT,Card,Emp_111,INV-Vendor_030-278887,0,normal,23,3033.8827608649813,-2343.5127608649814,0,7,0
TX-002825,2024-02-16 11:52:00,2509.45,Vendor_081,Sales,Travel,ACH,Emp_056,INV-Vendor_081-436863,0,normal,30,3787.006065906091,-1277.5560659060911,0,4,0
TX-002826,2024-02-29 07:30:00,3995.46,Vendor_052,HR,Operations,ACH,Emp_015,INV-Vendor_052-495809,0,normal,27,3824.131111111111,171.3288888888892,0,4,0
TX-002827,2024-01-05 18:28:00,15311.360689483108,Vendor_002,Support,Supplies,Card,Emp_054,INV-Vendor_002-764254,1,high_amount,29,2921.2093209032923,12390.151368579816,0,4,0
TX-002828,2024-01-19 00:37:00,1487.06,Vendor_057,Support,IT,Wire,Emp_036,INV-Vendor_057-995832,0,normal,28,3861.44182160464,-2374.38182160464,0,4,0
TX-002829,2024-01-10 14:34:00,3899.57,Vendor_082,Operations,Consulting,Check,Emp_086,INV-Vendor_082-781612,0,normal,20,3988.878997849292,-89.3089978492917,0,5,0
TX-002830,2024-02-11 03:46:00,3598.61,Vendor_072,HR,IT,Card,Emp_054,INV-Vendor_072-607079,0,normal,21,2526.322857142857,1072.287142857143,0,1,0
TX-002831,2024-02-11 16:45:00,757.69,Vendor_012,Support,Travel,Check,Emp_060,INV-Vendor_012-510028,0,normal,32,2499.3235160701242,-1741.6335160701242,0,3,0
TX-002832,2024-01-26 15:13:00,701.8,Vendor_044,Marketing,Payroll,Card,Emp_009,INV-Vendor_044-372071,0,normal,35,3137.537058823529,-2435.737058823529,0,5,0
TX-002833,2024-02-19 19:37:00,872.6,Vendor_096,Operations,Operations,ACH,Emp_067,INV-Vendor_096-393813,0,normal,35,3281.264857142857,-2408.6648571428573,0,4,0
TX-002834,2024-02-23 01:21:00,3678.36,Vendor_057,Support,IT,Check,Emp_051,INV-Vendor_057-929182,0,normal,28,3861.44182160464,-183.08182160464003,0,6,0
TX-002835,2024-02-06 13:20:00,4001.29,Vendor_020,Legal,Consulting,ACH,Emp_029,INV-Vendor_020-402805,0,normal,37,4048.926765951174,-47.63676595117386,0,4,0
TX-002836,2024-01-19 05:14:00,4769.12,Vendor_038,Support,IT,Wire,Emp_056,INV-Vendor_038-191321,0,normal,26,2540.0492307692307,2229.070769230769,0,1,0
TX-002837,2024-01-16 12:43:00,785.14,Vendor_087,HR,IT,Wire,Emp_109,INV-Vendor_087-218503,0,normal,26,2325.0704,-1539.9304000000002,0,4,0
TX-002838,2024-01-03 08:27:00,3958.32,Vendor_086,Sales,Travel,ACH,Emp_088,INV-Vendor_086-330295,0,normal,35,3206.610882352941,751.709117647059,0,4,0
TX-002839,2024-02-07 22:20:00,699.09,Vendor_016,Finance,Consulting,Check,Emp_030,INV-Vendor_016-375199,0,normal,42,4104.852509181274,-3405.7625091812743,0,4,0
TX-002840,2024-01-10 07:24:00,1402.29,Vendor_004,Engineering,Consulting,Check,Emp_110,INV-Vendor_004-695305,0,normal,30,3943.4157484248335,-2541.1257484248335,0,1,0
TX-002841,2024-03-01 10:54:00,3632.58,Vendor_080,Support,Supplies,Wire,Emp_007,INV-Vendor_080-357392,0,normal,29,2652.113793103448,980.4662068965517,0,1,0
TX-002842,2024-01-17 04:09:00,4242.4,Vendor_031,Finance,IT,ACH,Emp_073,INV-Vendor_031-559437,0,normal,37,2623.9062292690023,1618.4937707309973,0,4,0
TX-002843,2024-02-27 21:53:00,3676.56,Vendor_008,Marketing,Operations,Wire,Emp_039,INV-Vendor_008-335603,0,normal,38,2659.1583783783785,1017.4016216216214,0,12,0
TX-002844,2024-01-12 10:30:00,1595.44,Vendor_063,Engineering,Operations,ACH,Emp_037,INV-Vendor_063-310488,0,normal,30,2872.7581223683005,-1277.3181223683005,0,5,0
TX-002845,2024-02-23 01:38:00,20000.0,Vendor_005,Sales,Operations,Check,Emp_012,INV-Vendor_005-592769,1,round_number,32,4139.26089842047,15860.73910157953,1,1,0
TX-002846,2024-01-30 07:34:00,529.46,Vendor_067,Operations,IT,Wire,Emp_047,INV-Vendor_067-620710,0,normal,44,2993.467335565413,-2464.007335565413,0,1,0
TX-002847,2024-01-23 06:50:00,3061.42,Vendor_056,Finance,Consulting,Wire,Emp_100,INV-Vendor_056-361110,0,normal,23,2481.271304347826,580.148695652174,0,1,0
TX-002848,2024-02-13 23:12:00,4143.25,Vendor_040,Legal,IT,ACH,Emp_046,INV-Vendor_040-747794,0,normal,32,3123.052929000477,1020.197070999523,0,4,0
TX-002849,2024-01-07 14:14:00,551.76,Vendor_025,Engineering,Payroll,Wire,Emp_068,INV-Vendor_025-249179,0,normal,44,2815.369772727273,-2263.6097727272727,0,2,0
TX-002850,2024-01-10 04:19:00,2981.7,Vendor_053,Legal,Consulting,ACH,Emp_046,INV-Vendor_053-114633,0,normal,32,5061.836796882053,-2080.136796882053,0,2,0
TX-002851,2024-02-10 00:51:00,3338.69,Vendor_058,Operations,Consulting,ACH,Emp_033,INV-Vendor_058-796018,0,normal,34,2718.410294117647,620.279705882353,0,1,0
TX-002852,2024-02-16 20:17:00,1218.5,Vendor_065,Engineering,Consulting,Wire,Emp_089,INV-Vendor_065-253519,0,normal,35,3155.7917276126786,-1937.2917276126786,0,3,0
TX-002853,2024-01-23 16:47:00,3290.0,Vendor_096,Support,Consulting,Check,Emp_023,INV-Vendor_096-580496,0,normal,35,3281.264857142857,8.735142857142819,0,4,0
TX-002854,2024-01-20 19:29:00,607.86,Vendor_023,Operations,Operations,Check,Emp_113,INV-Vendor_023-208336,0,normal,34,2735.677272727273,-2127.8172727272727,0,4,0
TX-002855,2024-01-15 11:44:00,3291.66,Vendor_079,Support,IT,Card,Emp_073,INV-Vendor_079-533288,0,normal,29,2672.4585185185188,619.2014814814811,0,3,0
TX-002856,2024-01-06 07:23:00,649.6,Vendor_051,Marketing,Payroll,Wire,Emp_061,INV-Vendor_051-996403,0,normal,33,3471.1343740931966,-2821.5343740931967,0,1,0
TX-002857,2024-01-06 12:07:00,3879.81,Vendor_087,Legal,Operations,Check,Emp_017,INV-Vendor_087-425328,0,normal,26,2325.0704,1554.7395999999999,0,4,0
TX-002858,2024-02-19 19:28:00,4194.49,Vendor_040,Engineering,Travel,Card,Emp_052,INV-Vendor_040-110483,0,normal,32,3123.052929000477,1071.4370709995228,0,5,0
TX-002859,2024-02-23 15:25:00,127.03,Vendor_024,Finance,Payroll,ACH,Emp_024,INV-Vendor_024-982341,0,normal,22,3212.8424589157476,-3085.8124589157474,0,1,0
TX-002860,2024-01-02 23:42:00,1378.1,Vendor_010,Legal,Travel,Wire,Emp_038,INV-Vendor_010-449823,0,normal,22,2547.3354466749174,-1169.2354466749175,0,2,0
TX-002861,2024-01-15 18:55:00,1245.07,Vendor_041,Sales,IT,ACH,Emp_057,INV-Vendor_041-968669,0,normal,31,2695.650967741936,-1450.5809677419359,0,1,0
TX-002862,2024-02-13 22:46:00,1059.15,Vendor_028,Sales,Supplies,Card,Emp_056,INV-Vendor_028-633301,0,normal,37,3803.5322467308665,-2744.3822467308664,0,5,0
TX-002863,2024-02-13 08:23:00,20000.0,Vendor_061,Legal,Supplies,Check,Emp_027,INV-Vendor_061-874940,1,round_number,41,3458.074275803163,16541.925724196837,1,1,0
TX-002864,2024-02-24 06:25:00,1766.37,Vendor_070,Finance,Travel,Wire,Emp_117,INV-Vendor_070-919452,0,normal,27,2500.182222222222,-733.8122222222223,0,6,0
TX-002865,2024-03-01 17:47:00,1509.26,Vendor_005,Engineering,Travel,Check,Emp_063,INV-Vendor_005-450873,0,normal,32,4139.26089842047,-2630.0008984204696,0,2,0
TX-002866,2024-03-01 03:07:00,2847.67,Vendor_001,Marketing,IT,ACH,Emp_067,INV-Vendor_001-149153,0,normal,22,3603.7710087726696,-756.1010087726695,0,4,0
TX-002867,2024-03-01 08:29:00,2428.91,Vendor_050,Operations,Payroll,Check,Emp_063,INV-Vendor_050-425088,0,normal,26,2861.6157661684847,-432.70576616848484,0,2,0
TX-002868,2024-02-10 10:01:00,2684.39,Vendor_002,Operations,Consulting,Card,Emp_051,INV-Vendor_002-803650,0,normal,29,2921.2093209032923,-236.81932090329246,0,4,0
TX-002869,2024-01-14 17:21:00,198.57,Vendor_033,Operations,Payroll,Wire,Emp_068,INV-Vendor_033-539357,0,normal,28,2550.7607142857146,-2352.1907142857144,0,6,0
TX-002870,2024-02-24 18:04:00,765.21,Vendor_004,Support,Payroll,Wire,Emp_001,INV-Vendor_004-708279,0,normal,30,3943.4157484248335,-3178.2057484248335,0,1,0
TX-002871,2024-01-29 13:12:00,187.78,Vendor_063,Operations,IT,ACH,Emp_048,INV-Vendor_037-341682,1,duplicate_invoice,30,2872.7581223683005,-2684.9781223683003,0,4,1
TX-002872,2024-02-21 21:04:00,4345.87,Vendor_011,Sales,IT,ACH,Emp_063,INV-Vendor_011-158049,0,normal,34,2846.199411764706,1499.670588235294,0,8,0
TX-002873,2024-01-11 13:16:00,1448.67,Vendor_100,Support,Operations,ACH,Emp_016,INV-Vendor_100-995326,0,normal,26,2712.692692307692,-1264.022692307692,0,1,0
TX-002874,2024-02-18 20:15:00,3309.66,Vendor_039,Legal,IT,ACH,Emp_005,INV-Vendor_039-715332,0,normal,23,2600.143043478261,709.5169565217388,0,2,0
TX-002875,2024-02-27 23:46:00,1319.55,Vendor_087,Finance,Payroll,Card,Emp_022,INV-Vendor_087-420274,0,normal,26,2325.0704,-1005.5204000000001,0,4,0
TX-002876,2024-02-16 03:45:00,1224.38,Vendor_025,Finance,Travel,Check,Emp_005,INV-Vendor_025-343523,0,normal,44,2815.369772727273,-1590.9897727272728,0,1,0
TX-002877,2024-01-07 13:40:00,666.42,Vendor_092,Legal,Operations,Card,Emp_041,INV-Vendor_092-827291,0,normal,32,2637.2259197610306,-1970.8059197610305,0,1,0
TX-002878,2024-02-04 18:58:00,4499.57,Vendor_017,Legal,Supplies,Wire,Emp_035,INV-Vendor_017-779994,0,normal,27,2857.5396296296294,1642.0303703703703,0,5,0
TX-002879,2024-01-30 13:25:00,1352.57,Vendor_037,Support,Payroll,Wire,Emp_010,INV-Vendor_037-814747,0,normal,34,2707.582727272727,-1355.012727272727,0,6,0
TX-002880,2024-01-17 23:15:00,154.01,Vendor_020,Marketing,IT,Check,Emp_084,INV-Vendor_020-563136,0,normal,37,4048.926765951174,-3894.916765951174,0,4,0
TX-002881,2024-02-06 04:43:00,2084.04,Vendor_076,Legal,Operations,ACH,Emp_115,INV-Vendor_076-159301,0,normal,30,2646.702525461832,-562.662525461832,0,6,0
TX-002882,2024-02-24 17:39:00,3722.01,Vendor_074,Marketing,Consulting,ACH,Emp_006,INV-Vendor_074-211911,0,normal,34,3705.2793562097586,16.73064379024163,0,8,0
TX-002883,2024-01-24 10:05:00,3417.64,Vendor_018,Marketing,Payroll,Card,Emp_098,INV-Vendor_018-527858,0,normal,25,3244.913714910847,172.72628508915295,0,3,0
TX-002884,2024-01-22 16:33:00,4700.08,Vendor_007,Operations,IT,Card,Emp_048,INV-Vendor_007-782533,0,normal,34,3137.7673386319625,1562.3126613680374,0,5,0
TX-002885,2024-01-12 22:21:00,173.76,Vendor_061,Engineering,Operations,ACH,Emp_014,INV-Vendor_061-254585,0,normal,41,3458.074275803163,-3284.3142758031627,0,2,0
TX-002886,2024-01-21 11:04:00,4219.84,Vendor_044,Support,Payroll,Card,Emp_038,INV-Vendor_044-751942,0,normal,35,3137.537058823529,1082.302941176471,0,7,0
TX-002887,2024-02-21 03:33:00,2208.69,Vendor_011,Marketing,Supplies,ACH,Emp_084,INV-Vendor_011-373653,0,normal,34,2846.199411764706,-637.5094117647059,0,8,0
TX-002888,2024-01-31 04:39:00,1673.63,Vendor_040,HR,Supplies,Wire,Emp_048,INV-Vendor_040-846316,0,normal,32,3123.052929000477,-1449.4229290004769,0,4,0
TX-002889,2024-01-24 01:00:00,605.76,Vendor_037,Support,Supplies,Check,Emp_107,INV-Vendor_037-587288,0,normal,34,2707.582727272727,-2101.822727272727,0,6,0
TX-002890,2024-02-01 11:32:00,4278.31,Vendor_001,Sales,Travel,Check,Emp_084,INV-Vendor_001-640056,0,normal,22,3603.7710087726696,674.5389912273308,0,4,0
TX-002891,2024-01-14 12:32:00,1032.69,Vendor_052,Legal,Supplies,Card,Emp_024,INV-Vendor_052-233657,0,normal,27,3824.131111111111,-2791.441111111111,0,5,0
TX-002892,2024-02-21 22:07:00,1554.39,Vendor_019,Sales,Operations,Wire,Emp_048,INV-Vendor_019-198091,1,high_frequency,31,2977.7130705628747,-1423.3230705628746,0,11,0
TX-002893,2024-01-10 09:01:00,1433.06,Vendor_033,HR,Payroll,Card,Emp_097,INV-Vendor_033-599766,0,normal,28,2550.7607142857146,-1117.7007142857146,0,4,0
TX-002894,2024-02-24 06:30:00,4715.76,Vendor_073,Support,Operations,ACH,Emp_011,INV-Vendor_073-761942,0,normal,30,2825.4158620689655,1890.3441379310348,0,7,0
TX-002895,2024-02-13 05:51:00,2492.04,Vendor_090,Sales,Consulting,Wire,Emp_024,INV-Vendor_090-211966,0,normal,25,3892.3379999999997,-1400.2979999999998,0,1,0
TX-002896,2024-03-01 01:35:00,3038.59,Vendor_051,HR,Payroll,Wire,Emp_037,INV-Vendor_051-928414,0,normal,33,3471.1343740931966,-432.54437409319644,0,2,0
TX-002897,2024-02-20 08:04:00,4124.93,Vendor_004,Support,Supplies,Card,Emp_114,INV-Vendor_004-812583,0,normal,30,3943.4157484248335,181.51425157516678,0,1,0
TX-002898,2024-02-21 18:53:00,4687.21,Vendor_071,Engineering,Payroll,Wire,Emp_087,INV-Vendor_071-318632,0,normal,30,2482.368888888889,2204.841111111111,0,7,0
TX-002899,2024-01-29 15:52:00,690.29,Vendor_048,Marketing,Supplies,Check,Emp_103,INV-Vendor_057-730119,1,duplicate_invoice,23,3207.9171428571435,-2517.6271428571436,0,1,1
TX-002900,2024-02-15 22:28:00,3820.02,Vendor_032,Operations,IT,ACH,Emp_074,INV-Vendor_032-631490,0,normal,39,2537.203758786566,1282.8162412134338,0,14,0
TX-002901,2024-02-05 03:06:00,135.55,Vendor_083,Sales,Payroll,ACH,Emp_039,INV-Vendor_083-497373,0,normal,25,2850.515,-2714.9649999999997,0,4,0
TX-002902,2024-01-12 00:32:00,929.5,Vendor_048,Engineering,Operations,Card,Emp_052,INV-Vendor_048-454253,0,normal,23,3207.9171428571435,-2278.4171428571435,0,1,0
TX-002903,2024-02-25 12:36:00,3127.22,Vendor_035,Engineering,Operations,Check,Emp_065,INV-Vendor_035-460810,0,normal,35,2498.9767647058825,628.2432352941173,0,4,0
TX-002904,2024-01-21 08:15:00,1307.75,Vendor_007,Operations,Operations,Card,Emp_015,INV-Vendor_007-109490,0,normal,34,3137.7673386319625,-1830.0173386319625,0,4,0
TX-002905,2024-01-24 23:35:00,1898.52,Vendor_089,Sales,IT,Wire,Emp_030,INV-Vendor_089-531107,0,normal,29,4049.3871695268895,-2150.8671695268895,0,7,0
TX-002906,2024-01-01 11:24:00,2376.36,Vendor_062,Support,IT,ACH,Emp_017,INV-Vendor_062-850560,0,normal,32,3565.037712437434,-1188.677712437434,0,7,0
TX-002907,2024-01-25 13:00:00,734.72,Vendor_007,Legal,Payroll,Check,Emp_088,INV-Vendor_007-492660,0,normal,34,3137.7673386319625,-2403.0473386319627,0,4,0
TX-002908,2024-03-01 16:37:00,3567.41,Vendor_016,Legal,Supplies,ACH,Emp_013,INV-Vendor_016-644419,0,normal,42,4104.852509181274,-537.4425091812745,0,5,0
TX-002909,2024-02-02 10:15:00,1648.36,Vendor_047,Engineering,Supplies,Check,Emp_002,INV-Vendor_047-667667,0,normal,33,2865.957997719541,-1217.597997719541,0,10,0
TX-002910,2024-02-26 08:30:00,9492.51563360808,Vendor_NEW_2910,Legal,Payroll,ACH,Emp_082,INV-Vendor_004-581639,1,new_vendor_high,1,9492.51563360808,0.0,0,1,0
TX-002911,2024-01-02 01:16:00,1855.26,Vendor_002,Finance,Consulting,Wire,Emp_031,INV-Vendor_002-243788,0,normal,29,2921.2093209032923,-1065.9493209032923,0,4,0
TX-002912,2024-02-29 16:22:00,4988.36,Vendor_020,Sales,Consulting,Check,Emp_106,INV-Vendor_020-623868,0,normal,37,4048.926765951174,939.4332340488259,0,4,0
TX-002913,2024-02-05 18:11:00,685.5,Vendor_088,Operations,IT,ACH,Emp_102,INV-Vendor_088-190528,0,normal,28,2593.798461538461,-1908.2984615384612,0,4,0
TX-002914,2024-01-10 05:49:00,2134.03,Vendor_044,Finance,Operations,Check,Emp_087,INV-Vendor_044-178700,0,normal,35,3137.537058823529,-1003.507058823529,0,5,0
TX-002915,2024-02-29 08:11:00,3169.31,Vendor_056,Support,Consulting,Card,Emp_082,INV-Vendor_056-281854,0,normal,23,2481.271304347826,688.0386956521738,0,2,0
TX-002916,2024-02-11 15:27:00,782.85,Vendor_047,HR,Operations,Check,Emp_023,INV-Vendor_047-896560,0,normal,33,2865.957997719541,-2083.107997719541,0,10,0
TX-002917,2024-01-18 15:02:00,4934.45,Vendor_059,Support,Travel,Wire,Emp_023,INV-Vendor_092-546591,1,duplicate_invoice,15,4133.840666666667,800.6093333333329,0,2,1
TX-002918,2024-01-22 01:40:00,1645.57,Vendor_096,Support,Travel,Card,Emp_077,INV-Vendor_096-518583,0,normal,35,3281.264857142857,-1635.6948571428572,0,4,0
TX-002919,2024-01-01 01:02:00,3513.02,Vendor_094,Engineering,Operations,ACH,Emp_029,INV-Vendor_094-231970,0,normal,22,3627.416190476191,-114.3961904761909,0,3,0
TX-002920,2024-02-15 06:12:00,4922.18,Vendor_012,Legal,IT,ACH,Emp_095,INV-Vendor_012-575199,0,normal,32,2499.3235160701242,2422.856483929876,0,1,0
TX-002921,2024-02-09 22:04:00,4883.91,Vendor_019,Marketing,Operations,Check,Emp_014,INV-Vendor_019-499894,0,normal,31,2977.7130705628747,1906.1969294371252,0,10,0
TX-002922,2024-01-29 00:52:00,1204.97,Vendor_066,Legal,IT,Card,Emp_019,INV-Vendor_066-522469,0,normal,32,2144.8066657789423,-939.8366657789422,0,4,0
TX-002923,2024-02-05 16:08:00,4727.85,Vendor_043,Legal,IT,Wire,Emp_007,INV-Vendor_043-991329,0,normal,36,3072.333244872456,1655.5167551275445,0,10,0
TX-002924,2024-01-07 08:33:00,4403.6,Vendor_077,Support,Consulting,ACH,Emp_088,INV-Vendor_077-990727,0,normal,33,3274.230606060606,1129.3693939393943,0,3,0
TX-002925,2024-01-25 01:41:00,4250.71,Vendor_065,Finance,Travel,Card,Emp_030,INV-Vendor_065-962178,0,normal,35,3155.7917276126786,1094.9182723873214,0,1,0
TX-002926,2024-02-18 02:27:00,3157.49,Vendor_023,Legal,Payroll,Card,Emp_095,INV-Vendor_023-822922,0,normal,34,2735.677272727273,421.812727272727,0,4,0
TX-002927,2024-01-22 05:44:00,2303.13,Vendor_084,Support,Operations,Check,Emp_118,INV-Vendor_084-293788,0,normal,44,3595.354474626231,-1292.2244746262309,0,1,0
TX-002928,2024-02-10 08:16:00,2955.88,Vendor_009,Operations,Payroll,ACH,Emp_015,INV-Vendor_009-839091,0,normal,23,2132.1145454545454,823.7654545454548,0,1,0
TX-002929,2024-02-06 10:29:00,4559.27,Vendor_055,Sales,Supplies,Card,Emp_027,INV-Vendor_055-414056,0,normal,35,2730.5511428571426,1828.7188571428578,0,13,0
TX-002930,2024-01-11 15:19:00,4583.14,Vendor_081,Support,Supplies,Wire,Emp_008,INV-Vendor_081-129637,0,normal,30,3787.006065906091,796.1339340939094,0,5,0
TX-002931,2024-02-11 23:09:00,1520.2,Vendor_030,HR,Operations,Check,Emp_109,INV-Vendor_030-543416,1,high_frequency,23,3033.8827608649813,-1513.6827608649812,0,8,0
TX-002932,2024-01-09 14:30:00,3832.63,Vendor_023,Marketing,Payroll,Check,Emp_085,INV-Vendor_023-971035,0,normal,34,2735.677272727273,1096.9527272727273,0,5,0
TX-002933,2024-01-23 17:53:00,1552.98,Vendor_029,Engineering,Travel,Check,Emp_054,INV-Vendor_029-432111,0,normal,23,3015.4890476190476,-1462.5090476190476,0,1,0
TX-002934,2024-01-04 11:25:00,4568.0,Vendor_073,Operations,Consulting,Check,Emp_048,INV-Vendor_073-882795,0,normal,30,2825.4158620689655,1742.5841379310345,0,8,0
TX-002935,2024-02-21 16:14:00,453.9,Vendor_003,Finance,Travel,Wire,Emp_016,INV-Vendor_003-553479,0,normal,27,2746.7746153846156,-2292.8746153846155,0,4,0
TX-002936,2024-01-25 06:57:00,1338.45,Vendor_039,Operations,Travel,Card,Emp_104,INV-Vendor_039-102769,0,normal,23,2600.143043478261,-1261.693043478261,0,3,0
TX-002937,2024-01-05 09:27:00,3828.94,Vendor_064,Finance,Supplies,Card,Emp_039,INV-Vendor_064-676756,0,normal,33,2813.544242424243,1015.3957575757572,0,2,0
TX-002938,2024-01-05 21:29:00,2773.07,Vendor_015,Marketing,Travel,ACH,Emp_047,INV-Vendor_015-610726,0,normal,31,2923.1236666666664,-150.05366666666623,0,1,0
TX-002939,2024-01-24 08:24:00,1034.06,Vendor_014,Support,Travel,Wire,Emp_102,INV-Vendor_014-258686,0,normal,36,2134.2634285714284,-1100.2034285714285,0,1,0
TX-002940,2024-02-21 16:10:00,3711.59,Vendor_052,Operations,Consulting,Wire,Emp_060,INV-Vendor_052-222824,0,normal,27,3824.131111111111,-112.5411111111107,0,4,0
TX-002941,2024-01-08 19:17:00,3066.2,Vendor_080,Finance,Supplies,Wire,Emp_021,INV-Vendor_080-726489,0,normal,29,2652.113793103448,414.08620689655163,0,1,0
TX-002942,2024-02-17 16:42:00,3288.41,Vendor_053,Marketing,IT,ACH,Emp_058,INV-Vendor_053-900636,0,normal,32,5061.836796882053,-1773.4267968820532,0,1,0
TX-002943,2024-02-05 00:56:00,4748.5,Vendor_053,Marketing,Operations,ACH,Emp_041,INV-Vendor_053-390328,0,normal,32,5061.836796882053,-313.336796882053,0,2,0
TX-002944,2024-01-22 06:40:00,1027.01,Vendor_079,Sales,Supplies,Wire,Emp_088,INV-Vendor_079-754447,0,normal,29,2672.4585185185188,-1645.4485185185188,0,2,0
TX-002945,2024-01-11 22:18:00,198.67,Vendor_097,HR,IT,Card,Emp_051,INV-Vendor_097-517760,0,normal,24,2534.625652173913,-2335.9556521739128,0,5,0
TX-002946,2024-02-10 12:48:00,490.49,Vendor_012,Engineering,Operations,Check,Emp_107,INV-Vendor_012-259012,0,normal,32,2499.3235160701242,-2008.8335160701242,0,1,0
TX-002947,2024-02-20 05:59:00,3235.1,Vendor_054,Sales,Operations,Check,Emp_106,INV-Vendor_054-710641,0,normal,23,3005.8517391304345,229.24826086956546,0,1,0
TX-002948,2024-01-28 03:42:00,1799.7,Vendor_094,HR,Payroll,Card,Emp_030,INV-Vendor_094-945511,0,normal,22,3627.416190476191,-1827.7161904761908,0,2,0
TX-002949,2024-02-07 10:04:00,522.76,Vendor_040,Finance,Travel,ACH,Emp_041,INV-Vendor_040-607965,0,normal,32,3123.052929000477,-2600.2929290004768,0,4,0
TX-002950,2024-02-19 10:07:00,2385.33,Vendor_024,Legal,Payroll,Wire,Emp_100,INV-Vendor_024-356957,0,normal,22,3212.8424589157476,-827.5124589157476,0,1,0
TX-002951,2024-02-18 00:25:00,109.0,Vendor_032,Operations,Supplies,Wire,Emp_034,INV-Vendor_032-320641,0,normal,39,2537.203758786566,-2428.203758786566,0,13,0
TX-002952,2024-01-05 13:48:00,2059.0,Vendor_083,Marketing,Consulting,Card,Emp_115,INV-Vendor_083-192222,0,normal,25,2850.515,-791.5149999999999,0,4,0
TX-002953,2024-02-08 15:28:00,3797.26,Vendor_098,Marketing,Operations,Card,Emp_108,INV-Vendor_098-238157,0,normal,33,3524.635628271743,272.6243717282573,0,1,0
TX-002954,2024-02-20 11:21:00,2004.12,Vendor_075,HR,IT,ACH,Emp_101,INV-Vendor_075-847451,0,normal,31,2556.1941935483874,-552.0741935483875,0,3,0
TX-002955,2024-02-11 20:03:00,1398.9,Vendor_020,Engineering,Consulting,Wire,Emp_025,INV-Vendor_020-395787,0,normal,37,4048.926765951174,-2650.0267659511737,0,6,0
TX-002956,2024-02-18 17:11:00,3569.12,Vendor_054,Marketing,IT,Card,Emp_006,INV-Vendor_054-943922,0,normal,23,3005.8517391304345,563.2682608695654,0,1,0
TX-002957,2024-01-07 00:14:00,2072.6,Vendor_031,Sales,Payroll,Wire,Emp_012,INV-Vendor_031-953772,0,normal,37,2623.9062292690023,-551.3062292690024,0,5,0
TX-002958,2024-01-28 02:57:00,3765.31,Vendor_005,Support,Operations,ACH,Emp_045,INV-Vendor_005-256126,0,normal,32,4139.26089842047,-373.9508984204699,0,1,0
TX-002959,2024-01-17 20:05:00,1989.09,Vendor_051,Support,Operations,ACH,Emp_018,INV-Vendor_051-409861,0,normal,33,3471.1343740931966,-1482.0443740931967,0,1,0
TX-002960,2024-01-30 10:23:00,1655.42,Vendor_003,Legal,IT,Card,Emp_059,INV-Vendor_003-499951,0,normal,27,2746.7746153846156,-1091.3546153846155,0,4,0
TX-002961,2024-01-13 02:14:00,4947.71,Vendor_012,Finance,Travel,ACH,Emp_043,INV-Vendor_012-530389,0,normal,32,2499.3235160701242,2448.386483929876,0,1,0
TX-002962,2024-02-24 09:33:00,846.13,Vendor_089,Operations,Travel,Check,Emp_037,INV-Vendor_089-312557,0,normal,29,4049.3871695268895,-3203.2571695268894,0,7,0
TX-002963,2024-02-20 12:17:00,316.74,Vendor_091,Operations,Operations,Check,Emp_074,INV-Vendor_091-956577,1,high_frequency,23,2089.608260869565,-1772.8682608695651,0,10,0
TX-002964,2024-02-10 05:56:00,2455.62,Vendor_067,HR,Supplies,Wire,Emp_004,INV-Vendor_067-820966,0,normal,44,2993.467335565413,-537.8473355654132,0,2,0
TX-002965,2024-02-19 13:21:00,2022.73,Vendor_064,Support,Travel,Wire,Emp_034,INV-Vendor_064-653840,0,normal,33,2813.544242424243,-790.8142424242428,0,1,0
TX-002966,2024-01-16 04:19:00,2529.26,Vendor_061,Finance,Supplies,Card,Emp_075,INV-Vendor_061-111515,0,normal,41,3458.074275803163,-928.8142758031627,0,1,0
TX-002967,2024-02-11 06:49:00,133.84,Vendor_012,Legal,Consulting,Card,Emp_093,INV-Vendor_012-895187,0,normal,32,2499.3235160701242,-2365.483516070124,0,3,0
TX-002968,2024-01-04 04:30:00,734.66,Vendor_071,HR,Operations,Card,Emp_105,INV-Vendor_071-863638,0,normal,30,2482.368888888889,-1747.7088888888893,0,7,0
TX-002969,2024-01-24 09:42:00,3074.75,Vendor_048,Legal,Supplies,Card,Emp_020,INV-Vendor_048-614501,0,normal,23,3207.9171428571435,-133.16714285714352,0,1,0
TX-002970,2024-02-06 19:22:00,2217.54,Vendor_076,HR,Travel,Check,Emp_079,INV-Vendor_076-411086,0,normal,30,2646.702525461832,-429.16252546183205,0,6,0
TX-002971,2024-01-24 02:44:00,517.02,Vendor_068,Legal,Supplies,Wire,Emp_106,INV-Vendor_068-356222,0,normal,20,2901.888209334918,-2384.868209334918,0,1,0
TX-002972,2024-01-08 01:33:00,3468.66,Vendor_063,Legal,Supplies,Card,Emp_009,INV-Vendor_063-355485,0,normal,30,2872.7581223683005,595.9018776316993,0,4,0
TX-002973,2024-01-18 01:01:00,1322.61,Vendor_008,Finance,Consulting,ACH,Emp_012,INV-Vendor_008-709690,0,normal,38,2659.1583783783785,-1336.5483783783786,0,10,0
TX-002974,2024-01-10 13:39:00,2885.22,Vendor_064,Legal,Consulting,ACH,Emp_070,INV-Vendor_064-720074,0,normal,33,2813.544242424243,71.67575757575696,0,1,0
TX-002975,2024-01-23 21:12:00,370.63,Vendor_072,Sales,Operations,Check,Emp_098,INV-Vendor_072-396854,0,normal,21,2526.322857142857,-2155.692857142857,0,1,0
TX-002976,2024-01-19 22:34:00,1026.71,Vendor_031,Operations,Operations,Card,Emp_089,INV-Vendor_031-836712,0,normal,37,2623.9062292690023,-1597.1962292690023,0,4,0
TX-002977,2024-01-23 14:14:00,1407.87,Vendor_058,Sales,IT,Card,Emp_036,INV-Vendor_058-364126,0,normal,34,2718.410294117647,-1310.5402941176471,0,1,0
TX-002978,2024-01-31 04:15:00,2320.04,Vendor_077,Engineering,Supplies,Wire,Emp_089,INV-Vendor_077-701860,0,normal,33,3274.230606060606,-954.1906060606061,0,1,0
TX-002979,2024-02-04 10:31:00,5000.0,Vendor_008,Legal,Travel,Wire,Emp_120,INV-Vendor_008-896264,1,round_number,38,2659.1583783783785,2340.8416216216215,1,11,0
TX-002980,2024-01-31 04:57:00,1292.61,Vendor_019,Engineering,Consulting,ACH,Emp_014,INV-Vendor_019-349904,0,normal,31,2977.7130705628747,-1685.1030705628748,0,11,0
TX-002981,2024-01-09 13:34:00,4618.46,Vendor_085,Engineering,Payroll,Wire,Emp_110,INV-Vendor_085-415389,0,normal,28,3183.8122633457456,1434.6477366542545,0,4,0
TX-002982,2024-01-07 13:44:00,5000.0,Vendor_031,Operations,IT,Check,Emp_048,INV-Vendor_031-974661,1,round_number,37,2623.9062292690023,2376.0937707309977,1,5,0
TX-002983,2024-01-05 15:41:00,4004.66,Vendor_017,HR,Consulting,Card,Emp_038,INV-Vendor_017-759652,0,normal,27,2857.5396296296294,1147.1203703703704,0,4,0
TX-002984,2024-01-31 11:22:00,2464.1,Vendor_072,Legal,Operations,Wire,Emp_017,INV-Vendor_072-590072,0,normal,21,2526.322857142857,-62.222857142857265,0,1,0
TX-002985,2024-02-14 14:16:00,1897.62,Vendor_058,Marketing,Operations,Check,Emp_032,INV-Vendor_058-433475,0,normal,34,2718.410294117647,-820.7902941176471,0,1,0
TX-002986,2024-01-25 06:04:00,3017.22,Vendor_052,Operations,Travel,ACH,Emp_024,INV-Vendor_052-933428,0,normal,27,3824.131111111111,-806.911111111111,0,4,0
TX-002987,2024-01-05 21:42:00,10000.0,Vendor_020,Finance,Operations,ACH,Emp_073,INV-Vendor_020-227542,1,round_number,37,4048.926765951174,5951.073234048827,1,6,0
TX-002988,2024-01-24 17:17:00,15404.08337795826,Vendor_046,Support,Consulting,Card,Emp_078,INV-Vendor_046-631259,1,high_amount,33,3052.1432305611957,12351.940147397065,0,5,0
TX-002989,2024-01-23 12:37:00,2804.67,Vendor_045,Support,Supplies,Wire,Emp_088,INV-Vendor_045-127820,0,normal,34,3352.6271875,-547.9571875000001,0,10,0
TX-002990,2024-01-24 04:59:00,2600.11,Vendor_022,Marketing,Travel,ACH,Emp_042,INV-Vendor_022-554419,0,normal,33,2766.22851906831,-166.11851906830998,0,1,0
TX-002991,2024-02-10 22:11:00,4156.03,Vendor_048,Marketing,Supplies,Wire,Emp_004,INV-Vendor_048-297868,0,normal,23,3207.9171428571435,948.1128571428562,0,1,0
TX-002992,2024-01-26 19:07:00,2511.25,Vendor_009,Marketing,IT,Card,Emp_043,INV-Vendor_009-592195,0,normal,23,2132.1145454545454,379.13545454545465,0,1,0
TX-002993,2024-01-07 11:39:00,448.02,Vendor_043,Legal,Consulting,Check,Emp_045,INV-Vendor_043-955462,0,normal,36,3072.333244872456,-2624.313244872456,0,11,0
TX-002994,2024-02-23 11:24:00,4049.12,Vendor_099,Marketing,Travel,Check,Emp_109,INV-Vendor_099-359328,0,normal,21,2417.6414285714286,1631.4785714285713,0,4,0
TX-002995,2024-02-10 09:51:00,1519.59,Vendor_031,Operations,Travel,ACH,Emp_053,INV-Vendor_031-681251,0,normal,37,2623.9062292690023,-1104.3162292690024,0,4,0
TX-002996,2024-01-29 16:15:00,24811.54112925423,Vendor_022,Operations,Consulting,Check,Emp_019,INV-Vendor_022-781410,1,high_amount,33,2766.22851906831,22045.31261018592,0,2,0
TX-002997,2024-02-02 04:17:00,4179.9,Vendor_029,Legal,Operations,Wire,Emp_018,INV-Vendor_029-930530,0,normal,23,3015.4890476190476,1164.410952380952,0,1,0
TX-002998,2024-02-21 00:11:00,502.82,Vendor_089,Marketing,Consulting,ACH,Emp_054,INV-Vendor_089-793879,0,normal,29,4049.3871695268895,-3546.5671695268893,0,7,0
TX-002999,2024-01-31 07:39:00,962.41,Vendor_026,HR,Consulting,Wire,Emp_074,INV-Vendor_026-389545,0,normal,25,2417.752,-1455.342,0,1,0
