transaction_id,date,amount,vendor,department,account_type,payment_method,employee,invoice_id,fraud_label,fraud_type
TX-000001,2024-01-01 08:13:00,3211.37,Vendor_018,Legal,Travel,ACH,Emp_080,INV-2024-0000007,0,normal
TX-000002,2024-01-01 09:19:00,7063.0,Vendor_031,Support,Consulting,Check,Emp_120,INV-2024-0005250,0,normal
TX-000003,2024-01-01 10:08:00,2810.17,Vendor_054,Operations,IT,Check,Emp_075,INV-2024-0000003,0,normal
TX-000004,2024-01-01 10:30:00,1188.15,Vendor_070,Sales,Consulting,ACH,Emp_099,INV-2024-0000022,0,normal
TX-000005,2024-01-01 10:35:00,4106.92,Vendor_040,HR,Supplies,ACH,Emp_021,INV-2024-0000014,0,normal
TX-000006,2024-01-01 10:48:00,1856.47,Vendor_033,Support,Travel,Check,Emp_117,INV-2024-0000001,0,normal
TX-000007,2024-01-01 11:47:00,1880.98,Vendor_007,Finance,Payroll,Card,Emp_011,INV-2024-0000033,0,normal
TX-000008,2024-01-01 11:47:00,3630.74,Vendor_048,Support,Consulting,Card,Emp_119,INV-2024-0000028,0,normal
TX-000009,2024-01-01 12:12:00,1424.41,Vendor_066,Support,IT,ACH,Emp_107,INV-2024-0000005,0,normal
TX-000010,2024-01-01 12:17:00,3295.91,Vendor_115,Operations,IT,Card,Emp_074,INV-2024-0000019,0,normal
TX-000011,2024-01-01 12:21:00,931.75,Vendor_009,Operations,Operations,Check,Emp_067,INV-2024-0000031,0,normal
TX-000012,2024-01-01 12:57:00,2036.1,Vendor_103,Legal,Operations,ACH,Emp_077,INV-2024-0000035,0,normal
TX-000013,2024-01-01 12:58:00,1880.3,Vendor_055,IT,Supplies,Wire,Emp_044,INV-2024-0000021,0,normal
TX-000014,2024-01-01 13:03:00,1962.69,Vendor_108,Marketing,Operations,ACH,Emp_059,INV-2024-0000015,0,normal
TX-000015,2024-01-01 13:06:00,1625.24,Vendor_070,Sales,Consulting,Check,Emp_101,INV-2024-0000023,0,normal
TX-000016,2024-01-01 13:06:00,4117.11,Vendor_073,Legal,IT,Check,Emp_090,INV-2024-0000020,0,normal
TX-000017,2024-01-01 13:08:00,1566.59,Vendor_066,Legal,Travel,ACH,Emp_084,INV-2024-0000029,0,normal
TX-000018,2024-01-01 13:09:00,1089.56,Vendor_074,Operations,Consulting,Card,Emp_065,INV-2024-0000013,0,normal
TX-000019,2024-01-01 14:05:00,2108.53,Vendor_040,HR,IT,Card,Emp_022,INV-2024-0000034,0,normal
TX-000020,2024-01-01 14:33:00,764.59,Vendor_082,Marketing,Consulting,Check,Emp_046,INV-2024-0000012,0,normal
TX-000021,2024-01-01 14:42:00,1006.71,Vendor_050,Finance,Travel,Card,Emp_009,INV-2024-0000009,0,normal
TX-000022,2024-01-01 14:47:00,1044.02,Vendor_014,HR,Supplies,ACH,Emp_018,INV-2024-0000004,0,normal
TX-000023,2024-01-01 14:54:00,1464.4,Vendor_050,Finance,Travel,ACH,Emp_011,INV-2024-0000024,0,normal
TX-000024,2024-01-01 15:10:00,1508.57,Vendor_026,HR,Travel,ACH,Emp_022,INV-2024-0000010,0,normal
TX-000025,2024-01-01 15:23:00,1299.85,Vendor_017,Operations,Payroll,Check,Emp_074,INV-2024-0000011,0,normal
TX-000026,2024-01-01 15:24:00,5594.3,Vendor_096,Sales,Operations,Card,Emp_105,INV-2024-0000006,0,normal
TX-000027,2024-01-01 15:25:00,1643.92,Vendor_027,Sales,Operations,ACH,Emp_092,INV-2024-0000016,0,normal
TX-000028,2024-01-01 15:33:00,2270.65,Vendor_005,Legal,IT,Check,Emp_081,INV-2024-0000008,0,normal
TX-000029,2024-01-01 15:47:00,2388.66,Vendor_104,Sales,Payroll,Wire,Emp_099,INV-2024-0000025,0,normal
TX-000030,2024-01-01 16:41:00,1306.87,Vendor_007,Finance,Payroll,Card,Emp_014,INV-2024-0000017,0,normal
TX-000031,2024-01-01 16:54:00,974.11,Vendor_116,HR,Consulting,ACH,Emp_016,INV-2024-0000032,0,normal
TX-000032,2024-01-01 17:11:00,2338.59,Vendor_027,Sales,Operations,ACH,Emp_091,INV-2024-0000030,0,normal
TX-000033,2024-01-01 17:47:00,2370.03,Vendor_035,Legal,IT,Check,Emp_078,INV-2024-0000026,0,normal
TX-000034,2024-01-01 18:26:00,2073.19,Vendor_076,Support,Travel,Card,Emp_120,INV-2024-0000018,0,normal
TX-000035,2024-01-01 18:28:00,5261.73,Vendor_107,Support,IT,Check,Emp_118,INV-2024-0000027,0,normal
TX-000036,2024-01-01 18:46:00,5921.18,Vendor_096,Sales,Operations,Wire,Emp_101,INV-2024-0000002,0,normal
TX-000037,2024-01-01 19:11:00,1188.9,Vendor_007,Finance,Payroll,Card,Emp_014,INV-2024-0005386,1,same_day_burst
TX-000038,2024-01-02 00:06:00,13068.04,Vendor_073,Legal,IT,Wire,Emp_090,INV-2024-0005377,1,low_history_high_amount
TX-000039,2024-01-02 01:47:00,6856.07,Vendor_104,Sales,Payroll,Check,Emp_099,INV-2024-0005763,1,low_history_high_amount
TX-000040,2024-01-02 07:50:00,2314.33,Vendor_033,Support,Payroll,Wire,Emp_109,INV-2024-0000056,0,normal
TX-000041,2024-01-02 08:13:00,10027.41,Vendor_018,Legal,Travel,Card,Emp_080,INV-2024-0005558,1,low_history_high_amount
TX-000042,2024-01-02 08:20:00,6266.49,Vendor_088,Sales,IT,Card,Emp_103,INV-2024-0000068,0,normal
TX-000043,2024-01-02 08:47:00,3201.72,Vendor_014,HR,Supplies,Check,Emp_018,INV-2024-0005522,1,low_history_high_amount
TX-000044,2024-01-02 09:01:00,10155.85,Vendor_110,Legal,Travel,Wire,Emp_082,INV-2024-0000060,0,normal
TX-000045,2024-01-02 10:14:00,5638.98,Vendor_095,Legal,Consulting,Card,Emp_082,INV-2024-0000048,0,normal
TX-000046,2024-01-02 10:24:00,860.51,Vendor_032,Operations,Travel,ACH,Emp_062,INV-2024-0000059,0,normal
TX-000047,2024-01-02 10:40:00,846.88,Vendor_068,Sales,Travel,ACH,Emp_105,INV-2024-0000040,0,normal
TX-000048,2024-01-02 10:40:00,1854.16,Vendor_007,Sales,Consulting,ACH,Emp_097,INV-2024-0000054,0,normal
TX-000049,2024-01-02 11:00:00,7590.27,Vendor_096,Sales,Operations,Wire,Emp_101,INV-2024-0000051,0,normal
TX-000050,2024-01-02 11:11:00,7213.98,Vendor_027,Sales,Operations,Check,Emp_091,INV-2024-0005728,1,low_history_high_amount
TX-000051,2024-01-02 11:16:00,295.26,Vendor_032,HR,Travel,Check,Emp_018,INV-2024-0000049,0,normal
TX-000052,2024-01-02 11:30:00,5914.03,Vendor_060,Support,Travel,Card,Emp_109,INV-2024-0000066,0,normal
TX-000053,2024-01-02 11:56:00,5329.2,Vendor_051,HR,Payroll,Check,Emp_025,INV-2024-0000053,0,normal
TX-000054,2024-01-02 12:16:00,3751.11,Vendor_114,IT,IT,Check,Emp_039,INV-2024-0000041,0,normal
TX-000055,2024-01-02 12:22:00,616.04,Vendor_082,Marketing,Consulting,Check,Emp_056,INV-2024-0000044,0,normal
TX-000056,2024-01-02 12:33:00,2078.76,Vendor_082,Marketing,Consulting,Card,Emp_046,INV-2024-0005439,1,low_history_high_amount
TX-000057,2024-01-02 12:37:00,1794.99,Vendor_076,Marketing,Supplies,Card,Emp_047,INV-2024-0000039,0,normal
TX-000058,2024-01-02 12:39:00,6301.32,Vendor_006,Sales,IT,Card,Emp_093,INV-2024-0000038,0,normal
TX-000059,2024-01-02 12:41:00,2918.43,Vendor_052,HR,Operations,Check,Emp_021,INV-2024-0000058,0,normal
TX-000060,2024-01-02 12:47:00,3586.01,Vendor_048,Support,Consulting,ACH,Emp_106,INV-2024-0000028,1,duplicate_invoice
TX-000061,2024-01-02 13:32:00,1439.95,Vendor_103,Finance,Operations,ACH,Emp_004,INV-2024-0000062,0,normal
TX-000062,2024-01-02 13:52:00,1017.02,Vendor_094,IT,Consulting,Check,Emp_038,INV-2024-0000050,0,normal
TX-000063,2024-01-02 13:56:00,2383.72,Vendor_108,Marketing,Travel,Wire,Emp_057,INV-2024-0000067,0,normal
TX-000064,2024-01-02 14:07:00,5541.39,Vendor_060,IT,Consulting,ACH,Emp_041,INV-2024-0000047,0,normal
TX-000065,2024-01-02 14:09:00,1523.71,Vendor_103,Finance,Operations,Wire,Emp_015,INV-2024-0000061,0,normal
TX-000066,2024-01-02 14:09:00,2879.69,Vendor_005,Legal,Supplies,ACH,Emp_086,INV-2024-0000057,0,normal
TX-000067,2024-01-02 14:10:00,1212.61,Vendor_116,HR,IT,Check,Emp_021,INV-2024-0000046,0,normal
TX-000068,2024-01-02 14:43:00,5333.69,Vendor_049,Legal,Consulting,ACH,Emp_089,INV-2024-0000036,0,normal
TX-000069,2024-01-02 15:25:00,6167.91,Vendor_060,Finance,Payroll,Wire,Emp_010,INV-2024-0000043,0,normal
TX-000070,2024-01-02 15:31:00,2609.9,Vendor_114,IT,IT,Check,Emp_042,INV-2024-0000063,0,normal
TX-000071,2024-01-02 15:47:00,2308.22,Vendor_101,HR,IT,Check,Emp_018,INV-2024-0000052,0,normal
TX-000072,2024-01-02 16:09:00,1030.04,Vendor_083,Operations,Supplies,Wire,Emp_066,INV-2024-0000065,0,normal
TX-000073,2024-01-02 16:11:00,1970.99,Vendor_027,Sales,Operations,Wire,Emp_096,INV-2024-0000045,0,normal
TX-000074,2024-01-02 16:13:00,1999.92,Vendor_005,Legal,Supplies,ACH,Emp_082,INV-2024-0000037,0,normal
TX-000075,2024-01-02 16:34:00,1033.04,Vendor_032,HR,Travel,Check,Emp_023,INV-2024-0000064,0,normal
TX-000076,2024-01-02 17:33:00,5186.67,Vendor_112,Sales,Travel,ACH,Emp_105,INV-2024-0000055,0,normal
TX-000077,2024-01-02 18:38:00,3840.46,Vendor_054,Operations,IT,ACH,Emp_075,INV-2024-0000042,0,normal
TX-000078,2024-01-02 21:50:00,1088.66,Vendor_032,HR,Travel,Check,Emp_023,INV-2024-0005528,1,same_day_burst
TX-000079,2024-01-02 23:54:00,6791.71,Vendor_116,HR,Consulting,Wire,Emp_016,INV-2024-0005584,1,low_history_high_amount
TX-000080,2024-01-03 07:01:00,901.33,Vendor_082,Marketing,Consulting,Check,Emp_046,INV-2024-0000086,0,normal
TX-000081,2024-01-03 07:12:00,2431.52,Vendor_053,Support,Operations,Check,Emp_106,INV-2024-0000091,0,normal
TX-000082,2024-01-03 07:32:00,1518.41,Vendor_056,Marketing,Travel,Check,Emp_058,INV-2024-0000087,0,normal
TX-000083,2024-01-03 08:01:00,40606.36,Vendor_110,Legal,Travel,Card,Emp_082,INV-2024-0005408,1,low_history_high_amount
TX-000084,2024-01-03 08:24:00,1606.33,Vendor_113,Operations,Consulting,Card,Emp_068,INV-2024-0000078,0,normal
TX-000085,2024-01-03 08:25:00,6114.31,Vendor_114,IT,IT,Card,Emp_032,INV-2024-0005177,0,normal
TX-000086,2024-01-03 08:31:00,4458.84,Vendor_051,HR,Payroll,Check,Emp_029,INV-2024-0005189,0,normal
TX-000087,2024-01-03 09:35:00,1251.21,Vendor_063,Legal,Operations,Wire,Emp_083,INV-2024-0000079,0,normal
TX-000088,2024-01-03 09:47:00,1048.29,Vendor_014,HR,Supplies,ACH,Emp_017,INV-2024-0000004,1,duplicate_invoice
TX-000089,2024-01-03 10:10:00,5370.95,Vendor_095,Legal,Consulting,Card,Emp_076,INV-2024-0000090,0,normal
TX-000090,2024-01-03 10:24:00,2258.05,Vendor_091,Support,IT,Check,Emp_106,INV-2024-0000080,0,normal
TX-000091,2024-01-03 10:31:00,5122.04,Vendor_092,Sales,Payroll,Wire,Emp_099,INV-2024-0000069,0,normal
TX-000092,2024-01-03 11:20:00,14379.71,Vendor_028,Marketing,Travel,Card,Emp_047,INV-2024-0000075,0,normal
TX-000093,2024-01-03 11:30:00,1450.15,Vendor_011,IT,Supplies,Card,Emp_035,INV-2024-0000096,0,normal
TX-000094,2024-01-03 11:40:00,1757.28,Vendor_041,Legal,Supplies,Card,Emp_089,INV-2024-0000084,0,normal
TX-000095,2024-01-03 11:54:00,1104.74,Vendor_044,Finance,IT,Check,Emp_004,INV-2024-0000071,0,normal
TX-000096,2024-01-03 12:20:00,597.44,Vendor_037,Legal,Payroll,Check,Emp_085,INV-2024-0000082,0,normal
TX-000097,2024-01-03 12:21:00,2106.7,Vendor_046,Finance,Travel,ACH,Emp_002,INV-2024-0000089,0,normal
TX-000098,2024-01-03 12:26:00,5948.21,Vendor_107,Support,IT,Card,Emp_114,INV-2024-0000073,0,normal
TX-000099,2024-01-03 12:35:00,1224.43,Vendor_019,Sales,Supplies,Check,Emp_093,INV-2024-0000088,0,normal
TX-000100,2024-01-03 12:40:00,3620.63,Vendor_077,Support,Consulting,ACH,Emp_114,INV-2024-0000076,0,normal
TX-000101,2024-01-03 13:10:00,1609.97,Vendor_016,Legal,Supplies,Card,Emp_090,INV-2024-0000085,0,normal
TX-000102,2024-01-03 13:18:00,6240.96,Vendor_088,Sales,IT,Wire,Emp_104,INV-2024-0000070,0,normal
TX-000103,2024-01-03 14:55:00,1395.42,Vendor_104,Finance,Payroll,Wire,Emp_004,INV-2024-0000095,0,normal
TX-000104,2024-01-03 14:57:00,2149.22,Vendor_029,Marketing,Travel,Check,Emp_049,INV-2024-0000077,0,normal
TX-000105,2024-01-03 15:30:00,1324.36,Vendor_053,Support,Travel,Card,Emp_115,INV-2024-0000081,0,normal
TX-000106,2024-01-03 15:31:00,2688.9,Vendor_054,Operations,IT,Check,Emp_070,INV-2024-0000093,0,normal
TX-000107,2024-01-03 15:33:00,4928.63,Vendor_002,HR,IT,ACH,Emp_029,INV-2024-0000092,0,normal
TX-000108,2024-01-03 15:44:00,1799.15,Vendor_011,IT,Operations,Wire,Emp_031,INV-2024-0000072,0,normal
TX-000109,2024-01-03 15:52:00,2827.96,Vendor_034,Sales,IT,Wire,Emp_102,INV-2024-0000074,0,normal
TX-000110,2024-01-03 16:41:00,1338.42,Vendor_103,Finance,Operations,ACH,Emp_006,INV-2024-0000097,0,normal
TX-000111,2024-01-03 17:13:00,3680.67,Vendor_117,HR,Consulting,ACH,Emp_023,INV-2024-0000094,0,normal
TX-000112,2024-01-03 18:20:00,30663.19,Vendor_028,Marketing,Travel,Wire,Emp_047,INV-2024-0005800,1,low_history_high_amount
TX-000113,2024-01-03 18:55:00,1637.29,Vendor_026,Operations,Travel,Check,Emp_064,INV-2024-0000083,0,normal
TX-000114,2024-01-03 22:30:00,5861.02,Vendor_060,Support,Travel,Wire,Emp_117,INV-2074-0000066,1,fuzzy_duplicate
TX-000115,2024-01-04 02:35:00,1242.08,Vendor_019,Sales,Supplies,Card,Emp_093,INV-2024-0000088,1,duplicate_invoice
TX-000116,2024-01-04 08:06:00,2867.05,Vendor_113,Operations,Consulting,Card,Emp_075,INV-2024-0000109,0,normal
TX-000117,2024-01-04 08:31:00,1017.38,Vendor_037,Legal,Consulting,Wire,Emp_083,INV-2024-0000098,0,normal
TX-000118,2024-01-04 10:02:00,567.16,Vendor_044,Finance,Operations,Wire,Emp_010,INV-2024-0000106,0,normal
TX-000119,2024-01-04 10:19:00,2441.62,Vendor_048,Support,Consulting,ACH,Emp_111,INV-2024-0000110,0,normal
TX-000120,2024-01-04 10:31:00,7500.0,Vendor_088,Marketing,Supplies,Wire,Emp_051,INV-2024-0000108,0,normal
TX-000121,2024-01-04 10:38:00,2045.88,Vendor_005,Legal,Supplies,ACH,Emp_087,INV-2024-0000126,0,normal
TX-000122,2024-01-04 11:07:00,2166.63,Vendor_033,Support,Payroll,Wire,Emp_111,INV-2024-0000118,0,normal
TX-000123,2024-01-04 11:19:00,2431.82,Vendor_033,Support,Travel,Check,Emp_108,INV-2024-0000104,0,normal
TX-000124,2024-01-04 11:32:00,2048.4,Vendor_041,Legal,Supplies,ACH,Emp_087,INV-2024-0000122,0,normal
TX-000125,2024-01-04 11:32:00,2950.2,Vendor_034,Sales,IT,Wire,Emp_094,INV-2024-0000123,0,normal
TX-000126,2024-01-04 11:33:00,1185.5,Vendor_101,HR,IT,Check,Emp_023,INV-2024-0000132,0,normal
TX-000127,2024-01-04 12:05:00,1183.36,Vendor_094,Legal,IT,Wire,Emp_077,INV-2024-0000113,0,normal
TX-000128,2024-01-04 12:41:00,1824.04,Vendor_066,Legal,IT,Check,Emp_076,INV-2024-0000124,0,normal
TX-000129,2024-01-04 12:45:00,2714.7,Vendor_034,Sales,IT,Card,Emp_091,INV-2024-0000114,0,normal
TX-000130,2024-01-04 12:50:00,3541.79,Vendor_042,HR,Operations,Card,Emp_016,INV-2024-0000102,0,normal
TX-000131,2024-01-04 12:58:00,1169.16,Vendor_094,HR,Travel,ACH,Emp_025,INV-2024-0000101,0,normal
TX-000132,2024-01-04 13:25:00,1321.16,Vendor_009,Operations,Operations,ACH,Emp_061,INV-2024-0000131,0,normal
TX-000133,2024-01-04 13:26:00,1379.52,Vendor_016,Marketing,IT,Wire,Emp_047,INV-2024-0000125,0,normal
TX-000134,2024-01-04 13:40:00,2498.25,Vendor_039,IT,Consulting,Wire,Emp_038,INV-2024-0000105,0,normal
TX-000135,2024-01-04 13:54:00,9770.0,Vendor_033,Support,Travel,ACH,Emp_108,INV-2024-0005507,1,split_payment
TX-000136,2024-01-04 14:02:00,907.78,Vendor_094,Legal,Operations,Check,Emp_077,INV-2024-0000112,0,normal
TX-000137,2024-01-04 14:17:00,1148.01,Vendor_026,Legal,Travel,Check,Emp_087,INV-2024-0000127,0,normal
TX-000138,2024-01-04 14:43:00,1120.58,Vendor_038,Legal,Travel,Check,Emp_076,INV-2024-0000128,0,normal
TX-000139,2024-01-04 15:00:00,3203.57,Vendor_081,Finance,Travel,Wire,Emp_007,INV-2024-0000099,0,normal
TX-000140,2024-01-04 15:03:00,2107.72,Vendor_008,Finance,Supplies,Card,Emp_009,INV-2024-0000133,0,normal
TX-000141,2024-01-04 15:18:00,3344.56,Vendor_113,Operations,Consulting,Card,Emp_074,INV-2024-0000111,0,normal
TX-000142,2024-01-04 15:31:00,6704.86,Vendor_095,Operations,Supplies,Wire,Emp_073,INV-2024-0000116,0,normal
TX-000143,2024-01-04 15:33:00,1923.01,Vendor_033,Support,Travel,Card,Emp_110,INV-2024-0000115,0,normal
TX-000144,2024-01-04 15:43:00,3008.69,Vendor_113,Operations,Consulting,Card,Emp_066,INV-2024-0000117,0,normal
TX-000145,2024-01-04 16:05:00,1507.57,Vendor_016,Legal,Supplies,ACH,Emp_079,INV-2024-0000103,0,normal
TX-000146,2024-01-04 16:07:00,688.19,Vendor_063,Sales,Operations,Check,Emp_104,INV-2024-0000107,0,normal
TX-000147,2024-01-04 16:24:00,3281.14,Vendor_115,Operations,Operations,Wire,Emp_062,INV-2024-0000120,0,normal
TX-000148,2024-01-04 16:50:00,1968.25,Vendor_024,Marketing,Consulting,Wire,Emp_050,INV-2024-0000130,0,normal
TX-000149,2024-01-04 16:55:00,1875.92,Vendor_019,Marketing,Travel,ACH,Emp_057,INV-2024-0000119,0,normal
TX-000150,2024-01-04 17:06:00,1399.24,Vendor_004,Support,Payroll,Card,Emp_111,INV-2024-0000100,0,normal
TX-000151,2024-01-04 17:53:00,2438.15,Vendor_008,Finance,Consulting,ACH,Emp_002,INV-2024-0000121,0,normal
TX-000152,2024-01-04 18:25:00,1885.3,Vendor_055,Operations,Supplies,Card,Emp_069,INV-2024-0000129,0,normal
TX-000153,2024-01-04 19:32:00,4445.0,Vendor_056,Marketing,Travel,ACH,Emp_058,INV-2024-0005768,1,low_history_high_amount
TX-000154,2024-01-04 20:26:00,4678.61,Vendor_016,Marketing,IT,Check,Emp_047,INV-2024-0005284,1,low_history_high_amount
TX-000155,2024-01-05 06:26:00,3822.24,Vendor_016,Marketing,IT,Check,Emp_047,INV-2024-0005785,1,low_history_high_amount
TX-000156,2024-01-05 07:48:00,2959.39,Vendor_003,Operations,Payroll,Card,Emp_074,INV-2024-0000153,0,normal
TX-000157,2024-01-05 08:43:00,1282.98,Vendor_083,Operations,IT,Wire,Emp_067,INV-2024-0000156,0,normal
TX-000158,2024-01-05 08:57:00,1040.79,Vendor_094,Legal,Operations,Card,Emp_081,INV-2024-0000148,0,normal
TX-000159,2024-01-05 09:13:00,3036.41,Vendor_018,Legal,Consulting,Wire,Emp_089,INV-2024-0000147,0,normal
TX-000160,2024-01-05 09:27:00,542.37,Vendor_032,HR,Travel,Check,Emp_022,INV-2024-0000136,0,normal
TX-000161,2024-01-05 10:12:00,1167.99,Vendor_009,Operations,Operations,Card,Emp_073,INV-2024-0000158,0,normal
TX-000162,2024-01-05 10:15:00,1308.11,Vendor_063,Sales,Operations,ACH,Emp_095,INV-2024-0000155,0,normal
TX-000163,2024-01-05 10:29:00,1714.94,Vendor_084,Marketing,Travel,ACH,Emp_052,INV-2024-0000140,0,normal
TX-000164,2024-01-05 10:30:00,2955.15,Vendor_093,Legal,Payroll,ACH,Emp_080,INV-2024-0000138,0,normal
TX-000165,2024-01-05 10:32:00,7378.08,Vendor_031,Operations,Consulting,ACH,Emp_067,INV-2024-0000151,0,normal
TX-000166,2024-01-05 10:36:00,4748.65,Vendor_043,Marketing,Travel,Check,Emp_053,INV-2024-0000154,0,normal
TX-000167,2024-01-05 11:48:00,8819.1,Vendor_096,Sales,Operations,Wire,Emp_096,INV-2024-0000139,0,normal
TX-000168,2024-01-05 11:54:00,259.84,Vendor_109,Support,IT,ACH,Emp_112,INV-2024-0000159,0,normal
TX-000169,2024-01-05 12:02:00,559.23,Vendor_044,Finance,Operations,Wire,Emp_011,INV-2024-0000106,1,duplicate_invoice
TX-000170,2024-01-05 12:15:00,1048.14,Vendor_082,Marketing,Consulting,Card,Emp_046,INV-2024-0000135,0,normal
TX-000171,2024-01-05 12:17:00,3146.16,Vendor_108,Marketing,Travel,Wire,Emp_049,INV-2024-0000161,0,normal
TX-000172,2024-01-05 12:40:00,1190.67,Vendor_007,Support,Payroll,Card,Emp_115,INV-2024-0000150,0,normal
TX-000173,2024-01-05 12:50:00,2026.58,Vendor_055,Operations,Supplies,Card,Emp_063,INV-2024-0000143,0,normal
TX-000174,2024-01-05 12:51:00,1377.18,Vendor_074,Operations,Operations,Wire,Emp_064,INV-2024-0000146,0,normal
TX-000175,2024-01-05 13:10:00,830.48,Vendor_013,Marketing,Supplies,ACH,Emp_060,INV-2024-0000145,0,normal
TX-000176,2024-01-05 13:32:00,1692.02,Vendor_078,Finance,Travel,Check,Emp_015,INV-2024-0000152,0,normal
TX-000177,2024-01-05 13:38:00,3481.66,Vendor_073,Legal,Consulting,Check,Emp_084,INV-2024-0000144,0,normal
TX-000178,2024-01-05 13:48:00,3022.91,Vendor_052,HR,Operations,ACH,Emp_026,INV-2024-0000160,0,normal
TX-000179,2024-01-05 14:06:00,4287.39,Vendor_114,IT,Consulting,Check,Emp_042,INV-2024-0000141,0,normal
TX-000180,2024-01-05 14:46:00,1519.48,Vendor_066,Legal,IT,ACH,Emp_087,INV-2024-0000149,0,normal
TX-000181,2024-01-05 14:48:00,2702.35,Vendor_003,Finance,Consulting,Card,Emp_008,INV-2024-0000157,0,normal
TX-000182,2024-01-05 14:59:00,1260.12,Vendor_019,Sales,Supplies,ACH,Emp_101,INV-2024-0000137,0,normal
TX-000183,2024-01-05 15:10:00,3191.5,Vendor_013,Marketing,Supplies,Check,Emp_060,INV-2024-0005338,1,low_history_high_amount
TX-000184,2024-01-05 15:56:00,3732.26,Vendor_054,Operations,Payroll,ACH,Emp_061,INV-2024-0000134,0,normal
TX-000185,2024-01-05 17:19:00,1754.06,Vendor_093,Legal,Supplies,Card,Emp_077,INV-2024-0000142,0,normal
TX-000186,2024-01-05 17:26:00,4363.44,Vendor_016,Marketing,IT,Check,Emp_047,INV-2024-0005575,1,low_history_high_amount
TX-000187,2024-01-05 19:10:00,3897.02,Vendor_013,Marketing,Supplies,Card,Emp_060,INV-2024-0005701,1,low_history_high_amount
TX-000188,2024-01-06 07:19:00,2413.39,Vendor_048,Support,Consulting,ACH,Emp_106,INV-2024-0000110,1,duplicate_invoice
TX-000189,2024-01-06 07:41:00,1433.54,Vendor_024,Marketing,Consulting,ACH,Emp_049,INV-2024-0000182,0,normal
TX-000190,2024-01-06 08:56:00,1606.33,Vendor_046,Finance,Travel,ACH,Emp_013,INV-2024-0000175,0,normal
TX-000191,2024-01-06 09:16:00,1302.49,Vendor_094,Legal,IT,Card,Emp_076,INV-2024-0000181,0,normal
TX-000192,2024-01-06 09:18:00,3995.77,Vendor_035,Legal,Travel,ACH,Emp_076,INV-2024-0000174,0,normal
TX-000193,2024-01-06 09:58:00,5153.36,Vendor_030,Legal,IT,ACH,Emp_088,INV-2024-0000171,0,normal
TX-000194,2024-01-06 10:20:00,5596.99,Vendor_114,IT,IT,Card,Emp_033,INV-2024-0000162,0,normal
TX-000195,2024-01-06 11:23:00,5684.38,Vendor_092,Sales,Payroll,ACH,Emp_093,INV-2024-0000173,0,normal
TX-000196,2024-01-06 11:30:00,988.1,Vendor_063,Marketing,Supplies,Check,Emp_046,INV-2024-0000172,0,normal
TX-000197,2024-01-06 11:47:00,8256.45,Vendor_043,Marketing,Travel,Check,Emp_053,INV-2024-0000168,0,normal
TX-000198,2024-01-06 12:07:00,2911.73,Vendor_075,HR,Consulting,ACH,Emp_017,INV-2024-0000167,0,normal
TX-000199,2024-01-06 12:12:00,725.22,Vendor_082,Marketing,Consulting,Card,Emp_050,INV-2024-0000187,0,normal
TX-000200,2024-01-06 12:45:00,1458.87,Vendor_097,Legal,Operations,Wire,Emp_079,INV-2024-0000178,0,normal
TX-000201,2024-01-06 12:45:00,3068.6,Vendor_081,Finance,Travel,Wire,Emp_010,INV-2024-0000185,0,normal
TX-000202,2024-01-06 12:52:00,1395.22,Vendor_083,Operations,IT,Wire,Emp_071,INV-2024-0005129,0,normal
TX-000203,2024-01-06 13:31:00,5758.32,Vendor_049,Legal,Supplies,Check,Emp_082,INV-2024-0000180,0,normal
TX-000204,2024-01-06 13:32:00,2330.82,Vendor_054,Legal,Operations,Card,Emp_077,INV-2024-0000165,0,normal
TX-000205,2024-01-06 13:34:00,1135.07,Vendor_009,Operations,Operations,Check,Emp_064,INV-2024-0000176,0,normal
TX-000206,2024-01-06 14:21:00,2553.3,Vendor_015,HR,Consulting,Wire,Emp_019,INV-2024-0000179,0,normal
TX-000207,2024-01-06 14:23:00,3068.28,Vendor_005,IT,IT,Check,Emp_041,INV-2024-0000170,0,normal
TX-000208,2024-01-06 15:00:00,2149.06,Vendor_093,Legal,Supplies,Card,Emp_079,INV-2024-0000164,0,normal
TX-000209,2024-01-06 15:13:00,12802.6,Vendor_028,Marketing,Travel,Card,Emp_047,INV-2024-0000184,0,normal
TX-000210,2024-01-06 15:24:00,5708.76,Vendor_031,Operations,Operations,ACH,Emp_071,INV-2024-0000186,0,normal
TX-000211,2024-01-06 15:25:00,2067.97,Vendor_108,Marketing,Travel,ACH,Emp_048,INV-2024-0000163,0,normal
TX-000212,2024-01-06 15:26:00,499.54,Vendor_013,Marketing,Payroll,Wire,Emp_053,INV-2024-0000177,0,normal
TX-000213,2024-01-06 15:34:00,4940.0,Vendor_054,Legal,Operations,Wire,Emp_077,INV-2024-0005694,1,split_payment
TX-000214,2024-01-06 15:52:00,2170.92,Vendor_033,Support,Operations,Check,Emp_117,INV-2024-0000169,0,normal
TX-000215,2024-01-06 16:36:00,1222.04,Vendor_050,Finance,Travel,Card,Emp_002,INV-2024-0000166,0,normal
TX-000216,2024-01-06 18:03:00,870.93,Vendor_074,IT,Operations,Check,Emp_035,INV-2024-0000183,0,normal
TX-000217,2024-01-07 07:02:00,740.76,Vendor_070,IT,Consulting,ACH,Emp_034,INV-2024-0000188,0,normal
TX-000218,2024-01-07 09:31:00,966.74,Vendor_019,Sales,Supplies,ACH,Emp_102,INV-2024-0000197,0,normal
TX-000219,2024-01-07 09:31:00,1481.55,Vendor_056,Support,Travel,Card,Emp_115,INV-2024-0005253,0,normal
TX-000220,2024-01-07 09:54:00,1194.09,Vendor_070,Sales,Consulting,ACH,Emp_101,INV-2024-0000195,0,normal
TX-000221,2024-01-07 11:20:00,999.83,Vendor_083,Operations,IT,Wire,Emp_075,INV-2024-0000194,0,normal
TX-000222,2024-01-07 11:26:00,1874.68,Vendor_011,Operations,Supplies,Wire,Emp_067,INV-2024-0000191,0,normal
TX-000223,2024-01-07 11:32:00,2014.41,Vendor_029,HR,Travel,Card,Emp_019,INV-2024-0000196,0,normal
TX-000224,2024-01-07 12:00:00,1724.75,Vendor_036,Support,Supplies,ACH,Emp_114,INV-2024-0000189,0,normal
TX-000225,2024-01-07 12:21:00,8232.63,Vendor_015,HR,Consulting,Check,Emp_019,INV-2024-0005405,1,low_history_high_amount
TX-000226,2024-01-07 12:54:00,10353.49,Vendor_110,Legal,Travel,Wire,Emp_079,INV-2024-0005215,0,normal
TX-000227,2024-01-07 14:35:00,1313.75,Vendor_070,Sales,Consulting,ACH,Emp_101,INV-2024-0005588,1,same_day_burst
TX-000228,2024-01-07 14:46:00,860.62,Vendor_058,Legal,Supplies,ACH,Emp_078,INV-2024-0000193,0,normal
TX-000229,2024-01-07 14:52:00,1889.31,Vendor_048,HR,Consulting,Card,Emp_024,INV-2024-0000192,0,normal
TX-000230,2024-01-07 15:16:00,1296.87,Vendor_094,Legal,IT,Card,Emp_080,INV-2024-0000181,1,duplicate_invoice
TX-000231,2024-01-07 17:21:00,10208.73,Vendor_015,HR,Consulting,ACH,Emp_019,INV-2024-0005487,1,low_history_high_amount
TX-000232,2024-01-07 18:34:00,1345.46,Vendor_029,IT,Travel,Wire,Emp_032,INV-2024-0000190,0,normal
TX-000233,2024-01-07 18:41:00,11314.19,Vendor_024,Marketing,Consulting,Check,Emp_049,INV-2024-0005339,1,low_history_high_amount
TX-000234,2024-01-07 20:46:00,1500.15,Vendor_066,Legal,IT,ACH,Emp_084,INV-2024-0000149,1,duplicate_invoice
TX-000235,2024-01-08 03:54:00,25988.75,Vendor_110,Legal,Travel,Card,Emp_079,INV-2024-0005582,1,low_history_high_amount
TX-000236,2024-01-08 07:28:00,1429.73,Vendor_033,Finance,Payroll,ACH,Emp_002,INV-2024-0000234,0,normal
TX-000237,2024-01-08 08:04:00,1083.1,Vendor_013,Marketing,IT,Wire,Emp_053,INV-2024-0000229,0,normal
TX-000238,2024-01-08 08:57:00,1516.18,Vendor_036,Support,Supplies,Wire,Emp_116,INV-2024-0000200,0,normal
TX-000239,2024-01-08 09:03:00,4137.08,Vendor_114,IT,IT,Check,Emp_039,INV-2024-0000235,0,normal
TX-000240,2024-01-08 09:06:00,1947.09,Vendor_025,Marketing,Operations,Card,Emp_048,INV-2024-0000226,0,normal
TX-000241,2024-01-08 09:51:00,650.0,Vendor_012,Support,Operations,Wire,Emp_106,INV-2024-0000224,0,normal
TX-000242,2024-01-08 10:03:00,5953.57,Vendor_006,Sales,IT,Check,Emp_100,INV-2024-0000212,0,normal
TX-000243,2024-01-08 10:03:00,2247.74,Vendor_104,Sales,Payroll,Wire,Emp_095,INV-2024-0000205,0,normal
TX-000244,2024-01-08 10:32:00,2096.47,Vendor_117,HR,Consulting,ACH,Emp_017,INV-2024-0000219,0,normal
TX-000245,2024-01-08 10:39:00,956.87,Vendor_058,Legal,Supplies,ACH,Emp_079,INV-2024-0000214,0,normal
TX-000246,2024-01-08 10:53:00,1208.62,Vendor_009,Operations,Operations,Check,Emp_065,INV-2024-0000203,0,normal
TX-000247,2024-01-08 10:56:00,1034.4,Vendor_044,Finance,Operations,Wire,Emp_005,INV-2024-0000228,0,normal
TX-000248,2024-01-08 11:02:00,1424.83,Vendor_050,Finance,Travel,Card,Emp_014,INV-2024-0000239,0,normal
TX-000249,2024-01-08 11:05:00,3750.08,Vendor_002,HR,Operations,Check,Emp_018,INV-2024-0000236,0,normal
TX-000250,2024-01-08 11:09:00,3502.96,Vendor_117,HR,Payroll,ACH,Emp_017,INV-2024-0000198,0,normal
TX-000251,2024-01-08 11:15:00,890.38,Vendor_037,Legal,Consulting,Wire,Emp_079,INV-2024-0000222,0,normal
TX-000252,2024-01-08 11:40:00,1081.02,Vendor_083,Operations,IT,Check,Emp_075,INV-2024-0000213,0,normal
TX-000253,2024-01-08 12:05:00,4361.15,Vendor_114,Marketing,Consulting,Check,Emp_058,INV-2024-0000223,0,normal
TX-000254,2024-01-08 12:07:00,439.34,Vendor_072,IT,Travel,Wire,Emp_031,INV-2024-0000233,0,normal
TX-000255,2024-01-08 12:22:00,3304.79,Vendor_115,Operations,IT,Card,Emp_073,INV-2024-0000237,0,normal
TX-000256,2024-01-08 12:37:00,814.88,Vendor_012,Support,Operations,ACH,Emp_106,INV-2024-0000232,0,normal
TX-000257,2024-01-08 12:49:00,6148.9,Vendor_096,Sales,Operations,Wire,Emp_099,INV-2024-0000201,0,normal
TX-000258,2024-01-08 13:10:00,1818.59,Vendor_011,IT,Supplies,Wire,Emp_036,INV-2024-0000204,0,normal
TX-000259,2024-01-08 13:18:00,2304.19,Vendor_042,Legal,Operations,ACH,Emp_087,INV-2024-0000210,0,normal
TX-000260,2024-01-08 13:32:00,5230.9,Vendor_087,Marketing,Payroll,ACH,Emp_052,INV-2024-0000231,0,normal
TX-000261,2024-01-08 13:51:00,5967.6,Vendor_112,Sales,Consulting,Wire,Emp_098,INV-2024-0000207,0,normal
TX-000262,2024-01-08 13:57:00,3956.52,Vendor_030,Legal,IT,Check,Emp_081,INV-2024-0000230,0,normal
TX-000263,2024-01-08 14:02:00,1226.13,Vendor_013,Finance,Supplies,ACH,Emp_008,INV-2024-0000216,0,normal
TX-000264,2024-01-08 14:03:00,5733.53,Vendor_114,IT,IT,ACH,Emp_036,INV-2024-0000221,0,normal
TX-000265,2024-01-08 14:11:00,1534.41,Vendor_036,Support,Supplies,Card,Emp_117,INV-2024-0000225,0,normal
TX-000266,2024-01-08 14:13:00,3286.38,Vendor_081,Legal,Consulting,Wire,Emp_090,INV-2024-0000199,0,normal
TX-000267,2024-01-08 14:26:00,1339.33,Vendor_076,Support,Travel,Check,Emp_114,INV-2024-0000206,0,normal
TX-000268,2024-01-08 14:43:00,797.86,Vendor_058,Legal,Supplies,ACH,Emp_078,INV-2024-0000215,0,normal
TX-000269,2024-01-08 14:44:00,991.42,Vendor_013,Marketing,IT,ACH,Emp_055,INV-2024-0000202,0,normal
TX-000270,2024-01-08 14:57:00,1505.6,Vendor_024,Marketing,Supplies,Card,Emp_051,INV-2024-0000209,0,normal
TX-000271,2024-01-08 15:17:00,2350.23,Vendor_120,HR,IT,Card,Emp_022,INV-2024-0000217,0,normal
TX-000272,2024-01-08 15:30:00,1602.78,Vendor_066,Legal,IT,Wire,Emp_078,INV-2024-0000238,0,normal
TX-000273,2024-01-08 15:32:00,5600.42,Vendor_022,IT,Travel,Card,Emp_044,INV-2024-0005127,0,normal
TX-000274,2024-01-08 15:44:00,1227.85,Vendor_083,Operations,IT,ACH,Emp_062,INV-2024-0000220,0,normal
TX-000275,2024-01-08 15:52:00,1186.47,Vendor_026,HR,Operations,Card,Emp_027,INV-2024-0000211,0,normal
TX-000276,2024-01-08 16:04:00,2736.49,Vendor_045,Sales,Supplies,ACH,Emp_093,INV-2024-0000218,0,normal
TX-000277,2024-01-08 16:19:00,1764.68,Vendor_027,Sales,Operations,ACH,Emp_098,INV-2024-0000208,0,normal
TX-000278,2024-01-08 16:47:00,1025.28,Vendor_116,HR,IT,Check,Emp_026,INV-2024-0000227,0,normal
TX-000279,2024-01-08 19:31:00,964.14,Vendor_013,Marketing,IT,ACH,Emp_055,INV-2024-0005514,1,same_day_burst
TX-000280,2024-01-09 04:46:00,3847.0,Vendor_058,Legal,Supplies,Check,Emp_078,INV-2024-0005789,1,low_history_high_amount
TX-000281,2024-01-09 07:15:00,1067.57,Vendor_094,HR,Consulting,Card,Emp_028,INV-2024-0005142,0,normal
TX-000282,2024-01-09 07:41:00,2974.9,Vendor_115,Operations,IT,Check,Emp_064,INV-2024-0000243,0,normal
TX-000283,2024-01-09 08:52:00,2238.03,Vendor_042,Legal,Consulting,Wire,Emp_084,INV-2024-0000248,0,normal
TX-000284,2024-01-09 09:29:00,2256.7,Vendor_007,Finance,Payroll,ACH,Emp_005,INV-2024-0000274,0,normal
TX-000285,2024-01-09 09:55:00,1125.64,Vendor_066,Legal,Operations,ACH,Emp_084,INV-2024-0000257,0,normal
TX-000286,2024-01-09 10:12:00,1442.99,Vendor_083,Operations,IT,Wire,Emp_065,INV-2024-0000268,0,normal
TX-000287,2024-01-09 10:20:00,2035.67,Vendor_027,Sales,Operations,ACH,Emp_101,INV-2024-0000272,0,normal
TX-000288,2024-01-09 10:42:00,4333.71,Vendor_006,Sales,Travel,Wire,Emp_093,INV-2024-0000258,0,normal
TX-000289,2024-01-09 10:45:00,5689.29,Vendor_088,HR,Travel,Wire,Emp_030,INV-2024-0000256,0,normal
TX-000290,2024-01-09 11:16:00,1787.48,Vendor_099,HR,Operations,Card,Emp_024,INV-2024-0000270,0,normal
TX-000291,2024-01-09 11:24:00,1945.46,Vendor_104,Sales,Consulting,Card,Emp_099,INV-2024-0000254,0,normal
TX-000292,2024-01-09 11:31:00,1781.78,Vendor_001,Finance,IT,Card,Emp_010,INV-2024-0000266,0,normal
TX-000293,2024-01-09 11:37:00,3226.04,Vendor_012,Support,Operations,Check,Emp_106,INV-2024-0005297,1,low_history_high_amount
TX-000294,2024-01-09 12:04:00,1456.23,Vendor_026,HR,Payroll,ACH,Emp_019,INV-2024-0000271,0,normal
TX-000295,2024-01-09 12:05:00,2134.34,Vendor_052,HR,Operations,Wire,Emp_017,INV-2024-0005236,0,normal
TX-000296,2024-01-09 12:16:00,2735.67,Vendor_101,HR,IT,Wire,Emp_028,INV-2024-0000262,0,normal
TX-000297,2024-01-09 12:17:00,2687.83,Vendor_120,IT,Travel,ACH,Emp_045,INV-2024-0000265,0,normal
TX-000298,2024-01-09 12:18:00,2040.15,Vendor_093,Legal,Supplies,Check,Emp_087,INV-2024-0000251,0,normal
TX-000299,2024-01-09 12:25:00,3686.02,Vendor_039,IT,Consulting,Wire,Emp_039,INV-2024-0000259,0,normal
TX-000300,2024-01-09 12:28:00,5739.17,Vendor_095,Finance,Supplies,Check,Emp_003,INV-2024-0000250,0,normal
TX-000301,2024-01-09 12:29:00,2467.62,Vendor_008,Finance,Consulting,Card,Emp_008,INV-2024-0000244,0,normal
TX-000302,2024-01-09 12:33:00,8456.62,Vendor_049,Legal,Consulting,ACH,Emp_079,INV-2024-0005150,0,normal
TX-000303,2024-01-09 12:39:00,1181.05,Vendor_066,Legal,IT,ACH,Emp_089,INV-2024-0000245,0,normal
TX-000304,2024-01-09 12:40:00,700.0,Vendor_070,Sales,Consulting,ACH,Emp_094,INV-2024-0000253,0,normal
TX-000305,2024-01-09 12:43:00,2141.04,Vendor_098,Finance,IT,Card,Emp_012,INV-2024-0005259,0,normal
TX-000306,2024-01-09 12:51:00,1392.95,Vendor_056,Marketing,Travel,Card,Emp_059,INV-2024-0000241,0,normal
TX-000307,2024-01-09 13:14:00,10110.14,Vendor_086,Sales,IT,Check,Emp_100,INV-2024-0000267,0,normal
TX-000308,2024-01-09 13:17:00,3345.27,Vendor_052,HR,Supplies,Check,Emp_028,INV-2024-0000252,0,normal
TX-000309,2024-01-09 13:31:00,704.35,Vendor_058,Finance,Supplies,Check,Emp_005,INV-2024-0000242,0,normal
TX-000310,2024-01-09 13:38:00,1124.56,Vendor_083,Operations,IT,Wire,Emp_066,INV-2024-0000249,0,normal
TX-000311,2024-01-09 13:51:00,6134.73,Vendor_031,Support,Operations,ACH,Emp_106,INV-2024-0000246,0,normal
TX-000312,2024-01-09 14:18:00,2078.99,Vendor_093,Legal,Supplies,Card,Emp_084,INV-2024-0000251,1,duplicate_invoice
TX-000313,2024-01-09 14:29:00,1932.45,Vendor_001,Finance,Consulting,Check,Emp_013,INV-2024-0000255,0,normal
TX-000314,2024-01-09 14:35:00,1942.62,Vendor_041,Legal,Supplies,Wire,Emp_088,INV-2024-0000240,0,normal
TX-000315,2024-01-09 14:47:00,2149.13,Vendor_033,Support,Travel,Card,Emp_110,INV-2024-0000263,0,normal
TX-000316,2024-01-09 14:59:00,1349.86,Vendor_076,Support,Travel,Card,Emp_109,INV-2024-0000275,0,normal
TX-000317,2024-01-09 15:17:00,1208.33,Vendor_050,Finance,Travel,Wire,Emp_006,INV-2024-0000264,0,normal
TX-000318,2024-01-09 15:22:00,2459.42,Vendor_046,Finance,Travel,Card,Emp_002,INV-2024-0000273,0,normal
TX-000319,2024-01-09 15:30:00,2073.94,Vendor_053,Support,IT,Wire,Emp_107,INV-2024-0000269,0,normal
TX-000320,2024-01-09 15:31:00,1602.26,Vendor_104,Sales,Travel,Wire,Emp_098,INV-2024-0000260,0,normal
TX-000321,2024-01-09 17:04:00,8345.11,Vendor_045,Sales,Supplies,Wire,Emp_093,INV-2024-0005616,1,low_history_high_amount
TX-000322,2024-01-09 17:19:00,4137.26,Vendor_077,Support,Payroll,ACH,Emp_115,INV-2024-0000261,0,normal
TX-000323,2024-01-09 17:20:00,981.93,Vendor_083,Operations,IT,Check,Emp_069,INV-2024-0000194,1,duplicate_invoice
TX-000324,2024-01-09 18:33:00,1042.12,Vendor_067,Support,Payroll,ACH,Emp_119,INV-2024-0000247,0,normal
TX-000325,2024-01-09 19:51:00,1374.58,Vendor_056,Marketing,Travel,Card,Emp_046,INV-2024-0000241,1,duplicate_invoice
TX-000326,2024-01-10 00:18:00,7798.44,Vendor_042,Legal,Operations,Wire,Emp_087,INV-2024-0005791,1,low_history_high_amount
TX-000327,2024-01-10 08:26:00,3373.36,Vendor_077,Support,Payroll,Check,Emp_120,INV-2024-0000290,0,normal
TX-000328,2024-01-10 09:11:00,5929.29,Vendor_096,Sales,Operations,Wire,Emp_097,INV-2024-0000280,0,normal
TX-000329,2024-01-10 09:37:00,6414.83,Vendor_043,Marketing,Travel,Card,Emp_047,INV-2024-0000304,0,normal
TX-000330,2024-01-10 10:07:00,921.19,Vendor_070,Sales,Consulting,ACH,Emp_095,INV-2024-0000286,0,normal
TX-000331,2024-01-10 10:19:00,2952.74,Vendor_034,Sales,Operations,ACH,Emp_093,INV-2024-0000282,0,normal
TX-000332,2024-01-10 10:41:00,3098.2,Vendor_113,Operations,Consulting,Card,Emp_062,INV-2024-0000285,0,normal
TX-000333,2024-01-10 10:48:00,3028.03,Vendor_034,Sales,Travel,Wire,Emp_099,INV-2024-0000309,0,normal
TX-000334,2024-01-10 10:49:00,2127.39,Vendor_034,Sales,Travel,ACH,Emp_097,INV-2024-0000301,0,normal
TX-000335,2024-01-10 11:16:00,3971.85,Vendor_069,Legal,Travel,Card,Emp_081,INV-2024-0000299,0,normal
TX-000336,2024-01-10 11:31:00,1780.9,Vendor_008,Finance,IT,Card,Emp_002,INV-2024-0000303,0,normal
TX-000337,2024-01-10 11:33:00,5829.52,Vendor_107,Marketing,IT,Check,Emp_048,INV-2024-0000298,0,normal
TX-000338,2024-01-10 11:38:00,10579.06,Vendor_110,Legal,Travel,ACH,Emp_087,INV-2024-0000311,0,normal
TX-000339,2024-01-10 11:40:00,1149.8,Vendor_009,Operations,Operations,Check,Emp_074,INV-2024-0000293,0,normal
TX-000340,2024-01-10 11:48:00,788.47,Vendor_078,Finance,Payroll,Wire,Emp_009,INV-2024-0000289,0,normal
TX-000341,2024-01-10 12:07:00,2030.67,Vendor_034,Sales,Travel,ACH,Emp_097,INV-2024-0005779,1,same_day_burst
TX-000342,2024-01-10 12:19:00,412.98,Vendor_072,IT,Travel,Wire,Emp_037,INV-2024-0000276,0,normal
TX-000343,2024-01-10 12:31:00,815.76,Vendor_068,Sales,Payroll,Wire,Emp_104,INV-2024-0000300,0,normal
TX-000344,2024-01-10 12:39:00,3259.16,Vendor_034,Sales,IT,Wire,Emp_097,INV-2024-0000313,0,normal
TX-000345,2024-01-10 12:43:00,816.58,Vendor_009,Operations,Operations,ACH,Emp_075,INV-2024-0000307,0,normal
TX-000346,2024-01-10 12:45:00,2282.41,Vendor_048,Support,Consulting,Check,Emp_113,INV-2024-0000312,0,normal
TX-000347,2024-01-10 12:47:00,1972.64,Vendor_046,Finance,Travel,ACH,Emp_006,INV-2024-0000308,0,normal
TX-000348,2024-01-10 12:50:00,1289.83,Vendor_104,Sales,Travel,Wire,Emp_098,INV-2024-0000296,0,normal
TX-000349,2024-01-10 12:59:00,8698.48,Vendor_086,Sales,IT,Wire,Emp_092,INV-2024-0000315,0,normal
TX-000350,2024-01-10 13:08:00,2313.93,Vendor_025,Marketing,Consulting,Card,Emp_060,INV-2024-0000305,0,normal
TX-000351,2024-01-10 13:12:00,1721.31,Vendor_116,Sales,Consulting,ACH,Emp_098,INV-2024-0000314,0,normal
TX-000352,2024-01-10 13:47:00,1792.12,Vendor_029,HR,Supplies,Check,Emp_022,INV-2024-0000310,0,normal
TX-000353,2024-01-10 13:50:00,3315.45,Vendor_073,Legal,IT,Check,Emp_085,INV-2024-0005258,0,normal
TX-000354,2024-01-10 14:05:00,1162.7,Vendor_106,Legal,Consulting,Check,Emp_088,INV-2024-0000281,0,normal
TX-000355,2024-01-10 14:14:00,5976.78,Vendor_051,HR,Payroll,Check,Emp_029,INV-2024-0000297,0,normal
TX-000356,2024-01-10 14:22:00,2987.1,Vendor_081,Finance,Travel,Wire,Emp_003,INV-2024-0000316,0,normal
TX-000357,2024-01-10 14:23:00,2022.49,Vendor_070,Sales,Consulting,ACH,Emp_095,INV-2024-0000288,0,normal
TX-000358,2024-01-10 14:38:00,836.85,Vendor_084,Marketing,Payroll,ACH,Emp_047,INV-2024-0000291,0,normal
TX-000359,2024-01-10 14:39:00,1250.16,Vendor_064,IT,Payroll,Check,Emp_035,INV-2024-0000283,0,normal
TX-000360,2024-01-10 15:16:00,2759.76,Vendor_101,HR,IT,Card,Emp_024,INV-2024-0000262,1,duplicate_invoice
TX-000361,2024-01-10 15:29:00,2460.0,Vendor_009,Operations,Operations,Card,Emp_075,INV-2024-0005434,1,split_payment
TX-000362,2024-01-10 15:36:00,3408.94,Vendor_054,Operations,Consulting,ACH,Emp_071,INV-2024-0000292,0,normal
TX-000363,2024-01-10 15:37:00,3992.99,Vendor_024,Marketing,Supplies,Check,Emp_046,INV-2024-0000287,0,normal
TX-000364,2024-01-10 15:49:00,3179.83,Vendor_093,Operations,Payroll,Card,Emp_072,INV-2024-0000277,0,normal
TX-000365,2024-01-10 16:05:00,4108.74,Vendor_087,Marketing,Payroll,Card,Emp_058,INV-2024-0000284,0,normal
TX-000366,2024-01-10 17:03:00,2410.0,Vendor_116,Sales,Consulting,Wire,Emp_098,INV-2024-0005342,1,split_payment
TX-000367,2024-01-10 17:04:00,2687.52,Vendor_034,Sales,IT,Wire,Emp_097,INV-2024-0005705,1,same_day_burst
TX-000368,2024-01-10 17:17:00,6717.05,Vendor_107,Support,Supplies,Card,Emp_108,INV-2024-0000302,0,normal
TX-000369,2024-01-10 17:25:00,1103.91,Vendor_079,Marketing,Payroll,Check,Emp_048,INV-2024-0000278,0,normal
TX-000370,2024-01-10 17:34:00,2599.75,Vendor_093,HR,Payroll,ACH,Emp_029,INV-2024-0000279,0,normal
TX-000371,2024-01-10 17:42:00,1532.89,Vendor_004,Support,Operations,Card,Emp_112,INV-2024-0000295,0,normal
TX-000372,2024-01-10 18:28:00,2786.04,Vendor_073,Legal,Consulting,Check,Emp_079,INV-2024-0000306,0,normal
TX-000373,2024-01-10 18:38:00,1803.18,Vendor_076,Support,Supplies,ACH,Emp_118,INV-2024-0000294,0,normal
TX-000374,2024-01-10 21:59:00,31553.85,Vendor_086,Sales,IT,Card,Emp_092,INV-2024-0005493,1,low_history_high_amount
TX-000375,2024-01-10 23:29:00,5292.73,Vendor_001,Finance,Consulting,ACH,Emp_013,INV-2024-0005431,1,low_history_high_amount
TX-000376,2024-01-10 23:35:00,7188.43,Vendor_107,Support,Supplies,Card,Emp_108,INV-2024-0005652,1,same_day_burst
TX-000377,2024-01-11 08:11:00,1577.16,Vendor_097,Legal,Operations,Card,Emp_078,INV-2024-0000334,0,normal
TX-000378,2024-01-11 08:16:00,570.47,Vendor_082,Support,Travel,Check,Emp_109,INV-2024-0000357,0,normal
TX-000379,2024-01-11 08:34:00,1815.48,Vendor_046,Finance,Travel,Wire,Emp_009,INV-2024-0000330,0,normal
TX-000380,2024-01-11 08:45:00,1535.89,Vendor_027,Support,Operations,ACH,Emp_115,INV-2024-0000338,0,normal
TX-000381,2024-01-11 09:30:00,603.92,Vendor_102,Support,Consulting,Card,Emp_120,INV-2024-0000343,0,normal
TX-000382,2024-01-11 09:38:00,1726.06,Vendor_025,Marketing,Consulting,Check,Emp_046,INV-2024-0000342,0,normal
TX-000383,2024-01-11 10:09:00,2281.46,Vendor_076,Support,Supplies,Check,Emp_113,INV-2024-0000317,0,normal
TX-000384,2024-01-11 10:19:00,6049.16,Vendor_006,Sales,Travel,Check,Emp_096,INV-2024-0000356,0,normal
TX-000385,2024-01-11 10:38:00,958.82,Vendor_068,Sales,Operations,Wire,Emp_105,INV-2024-0000358,0,normal
TX-000386,2024-01-11 10:45:00,8604.67,Vendor_086,Operations,IT,Card,Emp_065,INV-2024-0000345,0,normal
TX-000387,2024-01-11 10:52:00,7627.45,Vendor_096,Finance,Operations,Card,Emp_008,INV-2024-0000336,0,normal
TX-000388,2024-01-11 10:53:00,2230.97,Vendor_101,HR,IT,Check,Emp_017,INV-2024-0000328,0,normal
TX-000389,2024-01-11 11:12:00,2678.4,Vendor_073,Legal,Consulting,Check,Emp_077,INV-2024-0000324,0,normal
TX-000390,2024-01-11 11:18:00,3823.88,Vendor_077,Support,Payroll,Check,Emp_112,INV-2024-0000318,0,normal
TX-000391,2024-01-11 11:32:00,1184.59,Vendor_064,IT,Operations,Card,Emp_038,INV-2024-0000352,0,normal
TX-000392,2024-01-11 11:48:00,1577.27,Vendor_118,Support,IT,Wire,Emp_111,INV-2024-0000332,0,normal
TX-000393,2024-01-11 12:02:00,6223.04,Vendor_092,Sales,Payroll,Wire,Emp_099,INV-2024-0000346,0,normal
TX-000394,2024-01-11 12:09:00,2500.0,Vendor_048,Support,Consulting,Card,Emp_109,INV-2024-0000351,0,normal
TX-000395,2024-01-11 12:11:00,1400.87,Vendor_014,HR,Supplies,ACH,Emp_017,INV-2024-0000329,0,normal
TX-000396,2024-01-11 12:14:00,1613.16,Vendor_061,Finance,Travel,ACH,Emp_010,INV-2024-0000327,0,normal
TX-000397,2024-01-11 12:14:00,1185.57,Vendor_070,Legal,Consulting,Wire,Emp_090,INV-2024-0000355,0,normal
TX-000398,2024-01-11 12:24:00,2245.81,Vendor_033,Support,Operations,Card,Emp_106,INV-2024-0000323,0,normal
TX-000399,2024-01-11 12:47:00,1340.53,Vendor_004,Support,Payroll,Card,Emp_117,INV-2024-0000322,0,normal
TX-000400,2024-01-11 12:49:00,1861.85,Vendor_116,Sales,Consulting,Check,Emp_104,INV-2024-0000335,0,normal
TX-000401,2024-01-11 12:54:00,2246.03,Vendor_039,IT,Consulting,ACH,Emp_043,INV-2024-0000354,0,normal
TX-000402,2024-01-11 13:00:00,4930.0,Vendor_082,Support,Travel,ACH,Emp_109,INV-2024-0005481,1,split_payment
TX-000403,2024-01-11 13:03:00,941.79,Vendor_019,Sales,Supplies,Wire,Emp_099,INV-2024-0000321,0,normal
TX-000404,2024-01-11 13:10:00,3075.29,Vendor_115,Sales,IT,ACH,Emp_098,INV-2024-0000344,0,normal
TX-000405,2024-01-11 13:23:00,2581.67,Vendor_001,Operations,Consulting,Check,Emp_072,INV-2024-0000341,0,normal
TX-000406,2024-01-11 13:48:00,1671.02,Vendor_004,Support,Payroll,Card,Emp_118,INV-2024-0000353,0,normal
TX-000407,2024-01-11 13:52:00,1690.64,Vendor_106,Legal,Consulting,Check,Emp_086,INV-2024-0005219,0,normal
TX-000408,2024-01-11 13:53:00,3425.06,Vendor_024,Marketing,Consulting,Card,Emp_053,INV-2024-0000331,0,normal
TX-000409,2024-01-11 14:11:00,1700.0,Vendor_056,Marketing,Travel,Card,Emp_054,INV-2024-0000339,0,normal
TX-000410,2024-01-11 14:18:00,3549.55,Vendor_030,Legal,Payroll,ACH,Emp_076,INV-2024-0000348,0,normal
TX-000411,2024-01-11 14:20:00,2440.3,Vendor_093,Legal,Supplies,ACH,Emp_076,INV-2024-0000349,0,normal
TX-000412,2024-01-11 14:36:00,2135.65,Vendor_091,Support,IT,Card,Emp_119,INV-2024-0000319,0,normal
TX-000413,2024-01-11 15:37:00,1484.18,Vendor_016,Marketing,Consulting,ACH,Emp_060,INV-2024-0000340,0,normal
TX-000414,2024-01-11 15:43:00,5505.5,Vendor_095,Legal,Supplies,Card,Emp_089,INV-2024-0000333,0,normal
TX-000415,2024-01-11 16:11:00,827.92,Vendor_037,Legal,Payroll,Wire,Emp_081,INV-2024-0000326,0,normal
TX-000416,2024-01-11 16:13:00,1633.47,Vendor_021,Finance,Consulting,Wire,Emp_005,INV-2024-0000347,0,normal
TX-000417,2024-01-11 16:28:00,4887.43,Vendor_092,Sales,Payroll,Wire,Emp_093,INV-2024-0000350,0,normal
TX-000418,2024-01-11 16:36:00,874.2,Vendor_037,Legal,Payroll,Wire,Emp_076,INV-2024-0000337,0,normal
TX-000419,2024-01-11 16:57:00,3263.88,Vendor_073,Legal,IT,Check,Emp_083,INV-2024-0000320,0,normal
TX-000420,2024-01-11 17:24:00,1379.66,Vendor_079,Marketing,Payroll,Check,Emp_060,INV-2024-0000325,0,normal
TX-000421,2024-01-11 18:24:00,5186.74,Vendor_079,Marketing,Payroll,Wire,Emp_060,INV-2024-0005677,1,low_history_high_amount
TX-000422,2024-01-11 18:44:00,5924.59,Vendor_095,Legal,Supplies,Check,Emp_087,INV-2024-0000359,0,normal
TX-000423,2024-01-12 01:08:00,2355.95,Vendor_025,Marketing,Consulting,Check,Emp_050,INV-2021-0000305,1,fuzzy_duplicate
TX-000424,2024-01-12 08:09:00,2745.0,Vendor_098,Finance,IT,ACH,Emp_002,INV-2024-0000378,0,normal
TX-000425,2024-01-12 08:20:00,4770.01,Vendor_018,Legal,Travel,Check,Emp_086,INV-2024-0000379,0,normal
TX-000426,2024-01-12 08:25:00,4378.48,Vendor_079,Marketing,Payroll,Wire,Emp_048,INV-2024-0005793,1,low_history_high_amount
TX-000427,2024-01-12 08:26:00,5357.03,Vendor_088,Sales,Supplies,ACH,Emp_100,INV-2024-0000389,0,normal
TX-000428,2024-01-12 08:28:00,1435.31,Vendor_036,HR,Supplies,Wire,Emp_019,INV-2024-0000365,0,normal
TX-000429,2024-01-12 09:28:00,3462.96,Vendor_105,Operations,Consulting,ACH,Emp_071,INV-2024-0000372,0,normal
TX-000430,2024-01-12 09:35:00,2934.55,Vendor_024,Marketing,Supplies,Card,Emp_057,INV-2024-0000361,0,normal
TX-000431,2024-01-12 09:37:00,1802.5,Vendor_104,Sales,Consulting,Wire,Emp_092,INV-2024-0000360,0,normal
TX-000432,2024-01-12 09:50:00,1880.81,Vendor_027,Sales,Operations,ACH,Emp_094,INV-2024-0000376,0,normal
TX-000433,2024-01-12 10:04:00,7100.33,Vendor_069,Legal,Travel,Wire,Emp_087,INV-2024-0000384,0,normal
TX-000434,2024-01-12 10:19:00,4098.0,Vendor_077,HR,Operations,Check,Emp_025,INV-2024-0000371,0,normal
TX-000435,2024-01-12 10:28:00,1951.93,Vendor_024,Marketing,Consulting,ACH,Emp_046,INV-2024-0000375,0,normal
TX-000436,2024-01-12 10:32:00,4047.16,Vendor_114,IT,Consulting,Card,Emp_038,INV-2024-0000388,0,normal
TX-000437,2024-01-12 10:43:00,767.93,Vendor_044,Finance,IT,Wire,Emp_012,INV-2024-0000380,0,normal
TX-000438,2024-01-12 10:58:00,915.23,Vendor_063,Sales,Operations,Card,Emp_100,INV-2024-0000370,0,normal
TX-000439,2024-01-12 11:05:00,2586.99,Vendor_048,Support,Consulting,Wire,Emp_118,INV-2024-0000382,0,normal
TX-000440,2024-01-12 12:09:00,6415.52,Vendor_107,Support,Consulting,Check,Emp_112,INV-2024-0000377,0,normal
TX-000441,2024-01-12 12:11:00,3148.43,Vendor_075,HR,Consulting,Wire,Emp_016,INV-2024-0000383,0,normal
TX-000442,2024-01-12 12:28:00,3924.48,Vendor_060,IT,Consulting,ACH,Emp_039,INV-2024-0000392,0,normal
TX-000443,2024-01-12 12:34:00,1108.83,Vendor_026,HR,Travel,ACH,Emp_021,INV-2024-0000386,0,normal
TX-000444,2024-01-12 12:35:00,4642.9,Vendor_020,Marketing,Operations,ACH,Emp_058,INV-2024-0000368,0,normal
TX-000445,2024-01-12 12:55:00,3812.57,Vendor_025,Marketing,Consulting,Card,Emp_055,INV-2024-0000387,0,normal
TX-000446,2024-01-12 13:33:00,1298.7,Vendor_091,Support,IT,Wire,Emp_120,INV-2024-0000363,0,normal
TX-000447,2024-01-12 13:38:00,2577.37,Vendor_027,Operations,Operations,ACH,Emp_072,INV-2024-0000373,0,normal
TX-000448,2024-01-12 13:45:00,1545.6,Vendor_099,HR,Operations,Card,Emp_030,INV-2024-0000367,0,normal
TX-000449,2024-01-12 13:57:00,3738.5,Vendor_025,Marketing,Operations,Wire,Emp_048,INV-2024-0000374,0,normal
TX-000450,2024-01-12 14:11:00,3674.02,Vendor_040,HR,IT,Wire,Emp_025,INV-2024-0000385,0,normal
TX-000451,2024-01-12 14:37:00,1846.86,Vendor_104,Sales,Consulting,Wire,Emp_094,INV-2024-0000360,1,duplicate_invoice
TX-000452,2024-01-12 15:15:00,10372.13,Vendor_005,Legal,Supplies,Wire,Emp_087,INV-2024-0005660,1,high_amount
TX-000453,2024-01-12 15:24:00,1181.73,Vendor_038,Finance,Travel,Check,Emp_002,INV-2024-0000362,0,normal
TX-000454,2024-01-12 16:04:00,1927.06,Vendor_104,Finance,Consulting,Wire,Emp_011,INV-2024-0000369,0,normal
TX-000455,2024-01-12 17:28:00,6280.15,Vendor_051,HR,Payroll,Check,Emp_018,INV-2024-0000381,0,normal
TX-000456,2024-01-12 17:30:00,2594.45,Vendor_017,Operations,Payroll,ACH,Emp_074,INV-2024-0000391,0,normal
TX-000457,2024-01-12 17:57:00,1117.15,Vendor_036,Support,Travel,Wire,Emp_115,INV-2024-0000390,0,normal
TX-000458,2024-01-12 18:02:00,1093.25,Vendor_011,Support,Operations,ACH,Emp_108,INV-2024-0000364,0,normal
TX-000459,2024-01-12 18:43:00,605.6,Vendor_032,Operations,Travel,Check,Emp_068,INV-2024-0000366,0,normal
TX-000460,2024-01-12 18:54:00,2154.24,Vendor_104,Finance,Consulting,Wire,Emp_011,INV-2024-0005496,1,same_day_burst
TX-000461,2024-01-12 21:32:00,3118.13,Vendor_064,IT,Operations,Check,Emp_038,INV-2024-0005524,1,low_history_high_amount
TX-000462,2024-01-13 07:29:00,3355.7,Vendor_089,Legal,Supplies,ACH,Emp_076,INV-2024-0000409,0,normal
TX-000463,2024-01-13 07:56:00,590.51,Vendor_072,IT,Payroll,Wire,Emp_043,INV-2024-0000393,0,normal
TX-000464,2024-01-13 09:23:00,1769.44,Vendor_066,Legal,Travel,ACH,Emp_079,INV-2024-0000400,0,normal
TX-000465,2024-01-13 12:17:00,720.07,Vendor_068,Sales,Travel,Wire,Emp_097,INV-2024-0000394,0,normal
TX-000466,2024-01-13 12:19:00,4063.62,Vendor_020,Marketing,Travel,Wire,Emp_055,INV-2024-0000405,0,normal
TX-000467,2024-01-13 12:25:00,3485.94,Vendor_002,HR,Travel,Wire,Emp_020,INV-2024-0000396,0,normal
TX-000468,2024-01-13 12:31:00,3243.66,Vendor_015,HR,Consulting,Wire,Emp_020,INV-2024-0000399,0,normal
TX-000469,2024-01-13 12:45:00,5358.51,Vendor_117,Legal,Supplies,Wire,Emp_078,INV-2024-0005706,1,vendor_department_shift
TX-000470,2024-01-13 13:28:00,1854.74,Vendor_104,Sales,Consulting,Card,Emp_100,INV-2024-0000407,0,normal
TX-000471,2024-01-13 14:09:00,1523.08,Vendor_078,Finance,Travel,Wire,Emp_011,INV-2024-0000406,0,normal
TX-000472,2024-01-13 14:10:00,6678.89,Vendor_096,Sales,Operations,Wire,Emp_097,INV-2024-0000395,0,normal
TX-000473,2024-01-13 14:52:00,639.62,Vendor_037,Legal,Consulting,ACH,Emp_086,INV-2024-0000403,0,normal
TX-000474,2024-01-13 15:13:00,2506.99,Vendor_030,Legal,Payroll,ACH,Emp_087,INV-2024-0000408,0,normal
TX-000475,2024-01-13 15:46:00,2125.7,Vendor_017,Operations,Payroll,Card,Emp_072,INV-2024-0000397,0,normal
TX-000476,2024-01-13 16:17:00,3366.32,Vendor_115,Operations,Travel,Card,Emp_070,INV-2024-0000398,0,normal
TX-000477,2024-01-13 16:28:00,1273.92,Vendor_056,Marketing,Travel,Card,Emp_049,INV-2024-0000402,0,normal
TX-000478,2024-01-13 16:44:00,2598.49,Vendor_059,Finance,Supplies,Check,Emp_005,INV-2024-0000404,0,normal
TX-000479,2024-01-13 18:06:00,8842.73,Vendor_043,Marketing,Travel,Card,Emp_058,INV-2024-0000401,0,normal
TX-000480,2024-01-13 23:29:00,10493.23,Vendor_089,Legal,Supplies,Wire,Emp_076,INV-2024-0005669,1,low_history_high_amount
TX-000481,2024-01-14 09:13:00,2986.56,Vendor_101,HR,IT,Check,Emp_028,INV-2024-0000418,0,normal
TX-000482,2024-01-14 10:02:00,2585.58,Vendor_039,IT,Consulting,Wire,Emp_031,INV-2024-0000426,0,normal
TX-000483,2024-01-14 10:03:00,4911.53,Vendor_051,HR,Payroll,Check,Emp_027,INV-2024-0000414,0,normal
TX-000484,2024-01-14 10:18:00,3855.4,Vendor_030,Legal,IT,Wire,Emp_079,INV-2024-0000411,0,normal
TX-000485,2024-01-14 10:18:00,1344.03,Vendor_025,Marketing,Operations,Card,Emp_049,INV-2024-0000417,0,normal
TX-000486,2024-01-14 10:24:00,4624.28,Vendor_030,Legal,IT,Card,Emp_082,INV-2024-0000421,0,normal
TX-000487,2024-01-14 10:57:00,4344.71,Vendor_002,HR,Travel,Wire,Emp_023,INV-2024-0000412,0,normal
TX-000488,2024-01-14 11:03:00,4549.14,Vendor_069,Legal,Travel,ACH,Emp_083,INV-2024-0000419,0,normal
TX-000489,2024-01-14 11:13:00,1143.71,Vendor_064,IT,Travel,Wire,Emp_036,INV-2024-0000420,0,normal
TX-000490,2024-01-14 12:01:00,3588.56,Vendor_114,Marketing,Operations,Card,Emp_060,INV-2024-0000422,0,normal
TX-000491,2024-01-14 12:39:00,12314.6,Vendor_028,Marketing,Travel,ACH,Emp_053,INV-2024-0000413,0,normal
TX-000492,2024-01-14 12:41:00,3439.32,Vendor_075,HR,Consulting,ACH,Emp_024,INV-2024-0000424,0,normal
TX-000493,2024-01-14 13:02:00,1291.39,Vendor_074,Operations,Consulting,Wire,Emp_070,INV-2024-0000416,0,normal
TX-000494,2024-01-14 13:19:00,1302.03,Vendor_074,Operations,Operations,Wire,Emp_066,INV-2024-0000415,0,normal
TX-000495,2024-01-14 13:24:00,4770.0,Vendor_039,IT,Consulting,Check,Emp_031,INV-2024-0005682,1,split_payment
TX-000496,2024-01-14 14:56:00,2598.78,Vendor_093,Sales,Consulting,Wire,Emp_092,INV-2024-0000425,0,normal
TX-000497,2024-01-14 15:13:00,4537.5,Vendor_119,Marketing,Travel,Check,Emp_057,INV-2024-0000423,0,normal
TX-000498,2024-01-14 15:24:00,1858.05,Vendor_041,Legal,Supplies,Wire,Emp_082,INV-2024-0000410,0,normal
TX-000499,2024-01-14 16:15:00,621.59,Vendor_019,Sales,Supplies,ACH,Emp_093,INV-2024-0005191,0,normal
TX-000500,2024-01-15 08:02:00,1650.0,Vendor_042,Legal,Travel,Wire,Emp_081,INV-2024-0000431,0,normal
TX-000501,2024-01-15 08:07:00,1118.27,Vendor_063,Sales,Operations,Check,Emp_099,INV-2024-0000432,0,normal
TX-000502,2024-01-15 09:26:00,5625.43,Vendor_088,Sales,Consulting,Wire,Emp_104,INV-2024-0000438,0,normal
TX-000503,2024-01-15 09:38:00,5206.11,Vendor_051,HR,Payroll,ACH,Emp_027,INV-2024-0000447,0,normal
TX-000504,2024-01-15 10:30:00,11289.62,Vendor_028,Marketing,Travel,ACH,Emp_060,INV-2024-0000427,0,normal
TX-000505,2024-01-15 10:35:00,1589.7,Vendor_004,Support,Payroll,Card,Emp_113,INV-2024-0000453,0,normal
TX-000506,2024-01-15 10:36:00,1579.02,Vendor_097,Legal,Operations,Wire,Emp_090,INV-2024-0000440,0,normal
TX-000507,2024-01-15 10:45:00,2351.13,Vendor_113,Operations,Consulting,Card,Emp_069,INV-2024-0000448,0,normal
TX-000508,2024-01-15 11:17:00,5416.67,Vendor_049,Finance,Consulting,ACH,Emp_007,INV-2024-0000455,0,normal
TX-000509,2024-01-15 11:20:00,1629.47,Vendor_036,Support,Supplies,Wire,Emp_120,INV-2024-0000446,0,normal
TX-000510,2024-01-15 11:25:00,2570.88,Vendor_108,Finance,Travel,Card,Emp_004,INV-2024-0000452,0,normal
TX-000511,2024-01-15 12:05:00,6177.64,Vendor_095,Legal,Supplies,Wire,Emp_088,INV-2024-0000454,0,normal
TX-000512,2024-01-15 12:15:00,4950.0,Vendor_043,Marketing,Travel,Wire,Emp_060,INV-2024-0000434,0,normal
TX-000513,2024-01-15 12:35:00,1106.92,Vendor_070,Sales,Consulting,Card,Emp_095,INV-2024-0000428,0,normal
TX-000514,2024-01-15 13:00:00,2372.86,Vendor_010,Support,Operations,Wire,Emp_119,INV-2024-0000429,0,normal
TX-000515,2024-01-15 13:01:00,3482.61,Vendor_113,Operations,Consulting,Check,Emp_070,INV-2024-0000451,0,normal
TX-000516,2024-01-15 13:52:00,1707.21,Vendor_048,Support,Consulting,ACH,Emp_119,INV-2024-0000436,0,normal
TX-000517,2024-01-15 14:30:00,5225.44,Vendor_119,Operations,Travel,Check,Emp_062,INV-2024-0000430,0,normal
TX-000518,2024-01-15 14:31:00,2220.74,Vendor_091,Support,IT,Card,Emp_114,INV-2024-0000450,0,normal
TX-000519,2024-01-15 14:36:00,1831.47,Vendor_039,HR,Payroll,ACH,Emp_018,INV-2024-0000443,0,normal
TX-000520,2024-01-15 14:44:00,1979.45,Vendor_101,HR,IT,Check,Emp_023,INV-2024-0000442,0,normal
TX-000521,2024-01-15 15:01:00,1501.81,Vendor_056,Marketing,Travel,Card,Emp_047,INV-2024-0000437,0,normal
TX-000522,2024-01-15 15:05:00,2806.79,Vendor_034,Sales,IT,ACH,Emp_091,INV-2024-0000439,0,normal
TX-000523,2024-01-15 15:42:00,9420.91,Vendor_086,Sales,IT,ACH,Emp_095,INV-2024-0000449,0,normal
TX-000524,2024-01-15 15:49:00,1050.28,Vendor_014,HR,Consulting,Check,Emp_021,INV-2024-0005169,0,normal
TX-000525,2024-01-15 16:07:00,322.28,Vendor_109,Support,IT,Card,Emp_118,INV-2024-0000433,0,normal
TX-000526,2024-01-15 16:08:00,758.23,Vendor_019,Sales,Supplies,Card,Emp_094,INV-2024-0000441,0,normal
TX-000527,2024-01-15 16:09:00,1930.64,Vendor_033,Support,Operations,Card,Emp_112,INV-2024-0005182,0,normal
TX-000528,2024-01-15 17:45:00,1771.75,Vendor_007,Finance,Consulting,Wire,Emp_012,INV-2024-0000435,0,normal
TX-000529,2024-01-15 18:20:00,5284.07,Vendor_069,Legal,Travel,Wire,Emp_083,INV-2024-0000445,0,normal
TX-000530,2024-01-15 18:38:00,2074.79,Vendor_042,Finance,Travel,Check,Emp_006,INV-2024-0000444,0,normal
TX-000531,2024-01-16 07:05:00,1073.4,Vendor_044,Operations,Supplies,Wire,Emp_067,INV-2024-0000470,0,normal
TX-000532,2024-01-16 08:06:00,3486.11,Vendor_025,Marketing,Operations,Card,Emp_053,INV-2024-0000462,0,normal
TX-000533,2024-01-16 08:28:00,1004.62,Vendor_067,Marketing,Payroll,ACH,Emp_052,INV-2024-0000477,0,normal
TX-000534,2024-01-16 08:45:00,2376.77,Vendor_025,Marketing,Consulting,ACH,Emp_047,INV-2024-0000489,0,normal
TX-000535,2024-01-16 09:02:00,1630.62,Vendor_097,Operations,Operations,Wire,Emp_067,INV-2024-0000483,0,normal
TX-000536,2024-01-16 09:30:00,1807.75,Vendor_046,Finance,Travel,Card,Emp_013,INV-2024-0000459,0,normal
TX-000537,2024-01-16 10:14:00,518.64,Vendor_019,Marketing,IT,Check,Emp_048,INV-2024-0000460,0,normal
TX-000538,2024-01-16 10:18:00,5641.53,Vendor_107,Support,IT,Check,Emp_111,INV-2024-0000465,0,normal
TX-000539,2024-01-16 10:34:00,1250.0,Vendor_013,Marketing,IT,ACH,Emp_057,INV-2024-0000473,0,normal
TX-000540,2024-01-16 10:38:00,948.33,Vendor_032,IT,Travel,Wire,Emp_035,INV-2024-0000466,0,normal
TX-000541,2024-01-16 10:45:00,7826.9,Vendor_049,Legal,Consulting,ACH,Emp_080,INV-2024-0000456,0,normal
TX-000542,2024-01-16 10:54:00,3680.52,Vendor_018,Legal,IT,Check,Emp_081,INV-2024-0000463,0,normal
TX-000543,2024-01-16 11:26:00,2472.5,Vendor_055,Operations,Supplies,Card,Emp_062,INV-2024-0000482,0,normal
TX-000544,2024-01-16 11:34:00,8404.9,Vendor_049,Legal,Supplies,ACH,Emp_087,INV-2024-0000475,0,normal
TX-000545,2024-01-16 11:56:00,861.19,Vendor_058,Legal,Supplies,ACH,Emp_086,INV-2024-0000464,0,normal
TX-000546,2024-01-16 12:13:00,247.17,Vendor_109,Support,IT,Card,Emp_120,INV-2024-0000484,0,normal
TX-000547,2024-01-16 12:32:00,3450.38,Vendor_008,Finance,IT,ACH,Emp_002,INV-2024-0000486,0,normal
TX-000548,2024-01-16 12:37:00,937.7,Vendor_074,Operations,Supplies,Wire,Emp_075,INV-2024-0000471,0,normal
TX-000549,2024-01-16 12:37:00,6710.5,Vendor_006,Sales,Travel,ACH,Emp_099,INV-2024-0000478,0,normal
TX-000550,2024-01-16 13:04:00,2350.27,Vendor_039,IT,Payroll,ACH,Emp_042,INV-2024-0000480,0,normal
TX-000551,2024-01-16 13:17:00,1229.12,Vendor_044,Finance,IT,Wire,Emp_005,INV-2024-0000472,0,normal
TX-000552,2024-01-16 13:20:00,2649.16,Vendor_008,Finance,Consulting,ACH,Emp_009,INV-2024-0000479,0,normal
TX-000553,2024-01-16 13:22:00,550.0,Vendor_072,IT,Travel,Wire,Emp_038,INV-2024-0000485,0,normal
TX-000554,2024-01-16 13:22:00,3302.23,Vendor_115,Operations,IT,Card,Emp_071,INV-2024-0000491,0,normal
TX-000555,2024-01-16 13:27:00,1312.23,Vendor_106,Legal,Consulting,Check,Emp_083,INV-2024-0000467,0,normal
TX-000556,2024-01-16 13:36:00,1058.55,Vendor_066,Legal,Operations,Wire,Emp_085,INV-2024-0005144,0,normal
TX-000557,2024-01-16 13:38:00,1007.63,Vendor_042,Legal,Operations,Wire,Emp_085,INV-2024-0000468,0,normal
TX-000558,2024-01-16 13:49:00,3327.73,Vendor_006,Sales,Payroll,ACH,Emp_092,INV-2024-0000481,0,normal
TX-000559,2024-01-16 14:05:00,238.65,Vendor_109,Support,Payroll,ACH,Emp_118,INV-2024-0000487,0,normal
TX-000560,2024-01-16 14:48:00,16648.41,Vendor_049,HR,Operations,ACH,Emp_026,INV-2024-0005449,1,vendor_department_shift
TX-000561,2024-01-16 15:43:00,1896.57,Vendor_036,Support,Supplies,Check,Emp_112,INV-2024-0000469,0,normal
TX-000562,2024-01-16 15:52:00,2974.92,Vendor_006,Sales,Payroll,ACH,Emp_092,INV-2024-0005426,1,same_day_burst
TX-000563,2024-01-16 15:58:00,1168.04,Vendor_063,Sales,Operations,Check,Emp_104,INV-2024-0000474,0,normal
TX-000564,2024-01-16 16:02:00,8269.48,Vendor_096,Sales,Operations,Wire,Emp_098,INV-2024-0000476,0,normal
TX-000565,2024-01-16 16:08:00,6355.22,Vendor_107,Support,Supplies,Wire,Emp_112,INV-2024-0000490,0,normal
TX-000566,2024-01-16 16:36:00,2940.44,Vendor_057,Operations,Consulting,ACH,Emp_073,INV-2024-0000461,0,normal
TX-000567,2024-01-16 17:17:00,7953.16,Vendor_049,Legal,Consulting,Wire,Emp_076,INV-2024-0000458,0,normal
TX-000568,2024-01-16 17:28:00,6038.03,Vendor_095,Legal,Consulting,ACH,Emp_079,INV-2024-0000457,0,normal
TX-000569,2024-01-16 18:27:00,4899.23,Vendor_070,Legal,Consulting,Card,Emp_090,INV-2024-0005286,1,high_amount
TX-000570,2024-01-16 18:36:00,6743.56,Vendor_110,Legal,Travel,Wire,Emp_085,INV-2024-0000488,0,normal
TX-000571,2024-01-16 21:02:00,9305.87,Vendor_049,Legal,Consulting,Wire,Emp_076,INV-2024-0005605,1,same_day_burst
TX-000572,2024-01-16 21:17:00,5631.73,Vendor_077,Support,Supplies,Card,Emp_115,INV-2024-0005700,1,payment_method_switch
TX-000573,2024-01-16 21:36:00,12381.66,Vendor_057,Operations,Consulting,Card,Emp_073,INV-2024-0005801,1,low_history_high_amount
TX-000574,2024-01-16 22:48:00,8605.44,Vendor_049,Legal,Consulting,Wire,Emp_076,INV-2024-0005636,1,same_day_burst
TX-000575,2024-01-17 03:30:00,11624.26,Vendor_028,Marketing,Travel,Wire,Emp_055,INV-2024-0000427,1,duplicate_invoice
TX-000576,2024-01-17 04:37:00,6764.76,Vendor_006,Sales,Travel,Check,Emp_099,INV-2024-0000478,1,duplicate_invoice
TX-000577,2024-01-17 07:04:00,719.52,Vendor_080,Legal,Consulting,ACH,Emp_082,INV-2024-0000514,0,normal
TX-000578,2024-01-17 07:54:00,3272.68,Vendor_113,Operations,Consulting,Wire,Emp_074,INV-2024-0000522,0,normal
TX-000579,2024-01-17 08:59:00,1759.43,Vendor_104,Sales,Travel,ACH,Emp_104,INV-2024-0000520,0,normal
TX-000580,2024-01-17 09:01:00,4410.17,Vendor_117,HR,Consulting,Card,Emp_018,INV-2024-0000507,0,normal
TX-000581,2024-01-17 09:50:00,660.78,Vendor_032,HR,Travel,Check,Emp_030,INV-2024-0000512,0,normal
TX-000582,2024-01-17 09:56:00,3417.64,Vendor_035,Legal,Travel,ACH,Emp_078,INV-2024-0000502,0,normal
TX-000583,2024-01-17 10:04:00,2990.68,Vendor_098,Finance,IT,Card,Emp_001,INV-2024-0000527,0,normal
TX-000584,2024-01-17 10:28:00,4063.68,Vendor_040,Finance,Supplies,ACH,Emp_015,INV-2024-0000506,0,normal
TX-000585,2024-01-17 10:28:00,955.09,Vendor_037,Legal,Payroll,Wire,Emp_077,INV-2024-0000505,0,normal
TX-000586,2024-01-17 10:33:00,1410.38,Vendor_016,Legal,Supplies,ACH,Emp_084,INV-2024-0000509,0,normal
TX-000587,2024-01-17 10:44:00,2147.94,Vendor_046,Finance,Travel,Card,Emp_013,INV-2024-0000494,0,normal
TX-000588,2024-01-17 10:59:00,1378.2,Vendor_099,HR,Operations,Card,Emp_017,INV-2024-0000511,0,normal
TX-000589,2024-01-17 11:17:00,5697.69,Vendor_086,Sales,IT,Check,Emp_093,INV-2024-0000515,0,normal
TX-000590,2024-01-17 11:53:00,2417.13,Vendor_005,Legal,IT,Wire,Emp_088,INV-2024-0000525,0,normal
TX-000591,2024-01-17 12:03:00,1090.86,Vendor_064,IT,Operations,Card,Emp_040,INV-2024-0000498,0,normal
TX-000592,2024-01-17 12:03:00,1865.67,Vendor_050,Finance,Travel,Card,Emp_015,INV-2024-0000524,0,normal
TX-000593,2024-01-17 12:04:00,2230.79,Vendor_042,Legal,Operations,Check,Emp_079,INV-2024-0000501,0,normal
TX-000594,2024-01-17 12:26:00,4532.57,Vendor_105,Operations,Consulting,Wire,Emp_067,INV-2024-0000503,0,normal
TX-000595,2024-01-17 12:30:00,1747.31,Vendor_090,Support,Supplies,Wire,Emp_109,INV-2024-0000499,0,normal
TX-000596,2024-01-17 12:30:00,2522.57,Vendor_034,Sales,Travel,Wire,Emp_098,INV-2024-0000513,0,normal
TX-000597,2024-01-17 12:47:00,1048.58,Vendor_094,Legal,Operations,Card,Emp_085,INV-2024-0000497,0,normal
TX-000598,2024-01-17 13:09:00,1089.07,Vendor_058,Legal,Supplies,ACH,Emp_084,INV-2024-0000519,0,normal
TX-000599,2024-01-17 13:20:00,2349.03,Vendor_120,Legal,IT,ACH,Emp_079,INV-2024-0000516,0,normal
TX-000600,2024-01-17 13:44:00,3491.9,Vendor_105,Operations,Consulting,ACH,Emp_069,INV-2024-0000510,0,normal
TX-000601,2024-01-17 14:00:00,4950.0,Vendor_086,Sales,IT,Wire,Emp_093,INV-2024-0005600,1,split_payment
TX-000602,2024-01-17 14:02:00,3103.2,Vendor_024,Marketing,IT,Wire,Emp_060,INV-2024-0000492,0,normal
TX-000603,2024-01-17 14:07:00,1791.17,Vendor_004,Finance,Payroll,Card,Emp_015,INV-2024-0000504,0,normal
TX-000604,2024-01-17 14:48:00,4688.08,Vendor_092,HR,Payroll,Check,Emp_027,INV-2024-0000496,0,normal
TX-000605,2024-01-17 14:49:00,1209.33,Vendor_036,Support,Supplies,ACH,Emp_120,INV-2024-0000523,0,normal
TX-000606,2024-01-17 15:06:00,3415.41,Vendor_115,HR,Operations,Card,Emp_023,INV-2024-0000521,0,normal
TX-000607,2024-01-17 15:14:00,2486.72,Vendor_023,Finance,Travel,Check,Emp_011,INV-2024-0000500,0,normal
TX-000608,2024-01-17 15:22:00,3194.38,Vendor_085,Marketing,IT,ACH,Emp_059,INV-2024-0000518,0,normal
TX-000609,2024-01-17 16:04:00,2344.01,Vendor_042,Legal,Operations,Wire,Emp_087,INV-2024-0000526,0,normal
TX-000610,2024-01-17 16:14:00,1717.63,Vendor_075,HR,Consulting,ACH,Emp_022,INV-2024-0000493,0,normal
TX-000611,2024-01-17 16:33:00,1952.91,Vendor_007,Finance,Consulting,Card,Emp_011,INV-2024-0000508,0,normal
TX-000612,2024-01-17 17:21:00,3443.24,Vendor_101,HR,IT,Card,Emp_026,INV-2024-0000517,0,normal
TX-000613,2024-01-17 18:10:00,1960.63,Vendor_005,Legal,Supplies,Check,Emp_081,INV-2024-0000495,0,normal
TX-000614,2024-01-17 20:55:00,2148.7,Vendor_042,Legal,Operations,Wire,Emp_087,INV-2024-0005623,1,same_day_burst
TX-000615,2024-01-18 07:03:00,2207.32,Vendor_046,Finance,Travel,ACH,Emp_015,INV-2024-0000532,0,normal
TX-000616,2024-01-18 07:04:00,6676.52,Vendor_087,Marketing,Payroll,ACH,Emp_048,INV-2024-0000547,0,normal
TX-000617,2024-01-18 09:20:00,2531.72,Vendor_097,Legal,Operations,ACH,Emp_088,INV-2024-0000528,0,normal
TX-000618,2024-01-18 09:32:00,1700.0,Vendor_097,Legal,Operations,Wire,Emp_080,INV-2024-0000535,0,normal
TX-000619,2024-01-18 10:14:00,795.45,Vendor_037,Legal,Supplies,Check,Emp_079,INV-2024-0000533,0,normal
TX-000620,2024-01-18 10:17:00,667.11,Vendor_019,Sales,Travel,ACH,Emp_091,INV-2024-0000540,0,normal
TX-000621,2024-01-18 10:25:00,2100.51,Vendor_008,Finance,IT,Card,Emp_002,INV-2024-0000544,0,normal
TX-000622,2024-01-18 10:31:00,2866.14,Vendor_048,Support,Consulting,Card,Emp_120,INV-2024-0000538,0,normal
TX-000623,2024-01-18 12:46:00,2629.62,Vendor_034,Sales,IT,ACH,Emp_091,INV-2024-0000539,0,normal
TX-000624,2024-01-18 13:02:00,8045.16,Vendor_086,Sales,IT,ACH,Emp_094,INV-2024-0000542,0,normal
TX-000625,2024-01-18 13:07:00,2796.76,Vendor_113,Marketing,Consulting,Check,Emp_055,INV-2024-0000550,0,normal
TX-000626,2024-01-18 13:34:00,3300.44,Vendor_114,IT,IT,Check,Emp_037,INV-2024-0000536,0,normal
TX-000627,2024-01-18 13:44:00,2345.16,Vendor_083,Operations,Consulting,Check,Emp_066,INV-2024-0005333,1,payment_method_switch
TX-000628,2024-01-18 13:44:00,1891.15,Vendor_117,HR,Consulting,ACH,Emp_016,INV-2024-0000529,0,normal
TX-000629,2024-01-18 13:54:00,869.15,Vendor_037,Legal,Payroll,Wire,Emp_083,INV-2024-0000541,0,normal
TX-000630,2024-01-18 13:58:00,1879.79,Vendor_055,HR,Supplies,Card,Emp_019,INV-2024-0000530,0,normal
TX-000631,2024-01-18 14:08:00,4870.0,Vendor_086,Sales,IT,Card,Emp_094,INV-2024-0005805,1,split_payment
TX-000632,2024-01-18 14:25:00,949.34,Vendor_074,Operations,Operations,Wire,Emp_066,INV-2024-0000548,0,normal
TX-000633,2024-01-18 14:43:00,3044.76,Vendor_025,Marketing,Consulting,Card,Emp_052,INV-2024-0000534,0,normal
TX-000634,2024-01-18 15:11:00,1495.27,Vendor_011,Finance,Operations,Wire,Emp_010,INV-2024-0000545,0,normal
TX-000635,2024-01-18 15:23:00,2697.68,Vendor_034,Operations,Travel,ACH,Emp_067,INV-2024-0000531,0,normal
TX-000636,2024-01-18 15:54:00,1977.36,Vendor_061,Sales,Travel,ACH,Emp_093,INV-2024-0000543,0,normal
TX-000637,2024-01-18 16:28:00,4122.29,Vendor_112,Sales,Travel,ACH,Emp_094,INV-2024-0000546,0,normal
TX-000638,2024-01-18 17:13:00,4893.08,Vendor_037,Legal,Payroll,Check,Emp_081,INV-2024-0005628,1,high_amount
TX-000639,2024-01-18 17:16:00,6178.51,Vendor_049,Legal,Consulting,ACH,Emp_076,INV-2024-0000549,0,normal
TX-000640,2024-01-18 18:25:00,1024.03,Vendor_044,Operations,IT,Wire,Emp_067,INV-2024-0000537,0,normal
TX-000641,2024-01-18 20:41:00,1928.17,Vendor_097,Legal,Operations,Wire,Emp_080,INV-2024-0005762,1,same_day_burst
TX-000642,2024-01-19 07:40:00,4813.12,Vendor_086,Sales,IT,ACH,Emp_101,INV-2024-0000563,0,normal
TX-000643,2024-01-19 09:45:00,3026.03,Vendor_077,Support,Payroll,Check,Emp_120,INV-2024-0000560,0,normal
TX-000644,2024-01-19 09:55:00,1314.22,Vendor_106,IT,Consulting,Wire,Emp_033,INV-2024-0000559,0,normal
TX-000645,2024-01-19 10:13:00,1504.06,Vendor_091,Support,IT,Card,Emp_119,INV-2024-0000567,0,normal
TX-000646,2024-01-19 10:20:00,3887.66,Vendor_024,Marketing,Consulting,Wire,Emp_046,INV-2024-0000573,0,normal
TX-000647,2024-01-19 10:39:00,2959.65,Vendor_108,Marketing,Travel,Check,Emp_059,INV-2024-0000570,0,normal
TX-000648,2024-01-19 10:50:00,1979.94,Vendor_104,Sales,Payroll,Card,Emp_096,INV-2024-0000565,0,normal
TX-000649,2024-01-19 11:17:00,3426.49,Vendor_117,HR,Consulting,Card,Emp_026,INV-2024-0000558,0,normal
TX-000650,2024-01-19 11:50:00,3436.26,Vendor_105,Operations,Operations,Wire,Emp_070,INV-2024-0000553,0,normal
TX-000651,2024-01-19 12:18:00,4800.76,Vendor_006,Sales,IT,ACH,Emp_095,INV-2024-0000574,0,normal
TX-000652,2024-01-19 12:32:00,1944.22,Vendor_003,Finance,Payroll,ACH,Emp_004,INV-2024-0000562,0,normal
TX-000653,2024-01-19 12:38:00,2127.55,Vendor_115,Operations,IT,Card,Emp_061,INV-2024-0000552,0,normal
TX-000654,2024-01-19 12:50:00,881.02,Vendor_094,Legal,IT,Check,Emp_089,INV-2024-0000556,0,normal
TX-000655,2024-01-19 12:59:00,8501.88,Vendor_096,Sales,Operations,Card,Emp_099,INV-2024-0000569,0,normal
TX-000656,2024-01-19 13:02:00,1666.42,Vendor_106,Legal,IT,Check,Emp_089,INV-2024-0000572,0,normal
TX-000657,2024-01-19 13:07:00,4920.0,Vendor_006,Sales,IT,Card,Emp_095,INV-2024-0005446,1,split_payment
TX-000658,2024-01-19 13:07:00,1220.64,Vendor_066,Legal,Operations,ACH,Emp_089,INV-2024-0000557,0,normal
TX-000659,2024-01-19 13:26:00,4134.53,Vendor_119,Marketing,Travel,Wire,Emp_053,INV-2024-0000575,0,normal
TX-000660,2024-01-19 13:29:00,2030.03,Vendor_059,Sales,Consulting,Wire,Emp_095,INV-2024-0000566,0,normal
TX-000661,2024-01-19 13:38:00,2841.13,Vendor_059,Sales,Supplies,Check,Emp_099,INV-2024-0000564,0,normal
TX-000662,2024-01-19 13:40:00,901.96,Vendor_103,Finance,Operations,ACH,Emp_010,INV-2024-0000571,0,normal
TX-000663,2024-01-19 13:50:00,172.09,Vendor_109,Marketing,Payroll,ACH,Emp_053,INV-2024-0000576,0,normal
TX-000664,2024-01-19 14:31:00,6363.1,Vendor_060,IT,Consulting,ACH,Emp_034,INV-2024-0000554,0,normal
TX-000665,2024-01-19 14:43:00,834.27,Vendor_058,Legal,Operations,ACH,Emp_089,INV-2024-0000555,0,normal
TX-000666,2024-01-19 14:50:00,1146.88,Vendor_066,Support,Operations,ACH,Emp_107,INV-2024-0000551,0,normal
TX-000667,2024-01-19 15:41:00,4495.17,Vendor_105,Operations,Consulting,ACH,Emp_074,INV-2024-0000577,0,normal
TX-000668,2024-01-19 17:06:00,4102.84,Vendor_020,Marketing,Travel,Card,Emp_047,INV-2024-0000561,0,normal
TX-000669,2024-01-19 18:40:00,1021.45,Vendor_032,Operations,Travel,Check,Emp_073,INV-2024-0000568,0,normal
TX-000670,2024-01-19 19:33:00,12427.35,Vendor_073,Legal,Consulting,Wire,Emp_079,INV-2024-0005324,1,high_amount
TX-000671,2024-01-20 07:16:00,1900.0,Vendor_053,Support,IT,Wire,Emp_106,INV-2024-0000584,0,normal
TX-000672,2024-01-20 08:06:00,2379.03,Vendor_055,Operations,Supplies,Card,Emp_066,INV-2024-0000590,0,normal
TX-000673,2024-01-20 08:37:00,1028.28,Vendor_111,HR,Payroll,Wire,Emp_021,INV-2024-0000585,0,normal
TX-000674,2024-01-20 09:42:00,2129.14,Vendor_029,HR,Travel,Check,Emp_023,INV-2024-0000583,0,normal
TX-000675,2024-01-20 10:06:00,887.29,Vendor_037,Support,Payroll,ACH,Emp_120,INV-2024-0005248,0,normal
TX-000676,2024-01-20 10:33:00,1929.71,Vendor_116,HR,Consulting,Check,Emp_025,INV-2024-0000580,0,normal
TX-000677,2024-01-20 11:24:00,2636.81,Vendor_035,Legal,Travel,ACH,Emp_078,INV-2024-0005172,0,normal
TX-000678,2024-01-20 11:47:00,1245.72,Vendor_066,Legal,Payroll,ACH,Emp_090,INV-2024-0000588,0,normal
TX-000679,2024-01-20 12:26:00,2229.56,Vendor_015,HR,Consulting,Wire,Emp_024,INV-2024-0000578,0,normal
TX-000680,2024-01-20 12:36:00,8027.84,Vendor_086,Sales,IT,Wire,Emp_095,INV-2024-0000579,0,normal
TX-000681,2024-01-20 13:34:00,1903.98,Vendor_078,Finance,Consulting,Wire,Emp_005,INV-2024-0000587,0,normal
TX-000682,2024-01-20 13:56:00,1183.5,Vendor_074,Operations,Consulting,Card,Emp_067,INV-2024-0000591,0,normal
TX-000683,2024-01-20 14:16:00,2288.45,Vendor_011,IT,Operations,Wire,Emp_036,INV-2024-0000582,0,normal
TX-000684,2024-01-20 14:20:00,1575.17,Vendor_007,Operations,Payroll,ACH,Emp_067,INV-2024-0000592,0,normal
TX-000685,2024-01-20 15:00:00,2093.02,Vendor_104,Sales,Consulting,Wire,Emp_102,INV-2024-0000589,0,normal
TX-000686,2024-01-20 15:23:00,1965.57,Vendor_034,Sales,Travel,ACH,Emp_104,INV-2024-0000586,0,normal
TX-000687,2024-01-20 18:46:00,1676.91,Vendor_065,Operations,Operations,Check,Emp_061,INV-2024-0000581,0,normal
TX-000688,2024-01-21 11:17:00,898.81,Vendor_013,Operations,IT,Wire,Emp_063,INV-2024-0000596,0,normal
TX-000689,2024-01-21 11:23:00,777.12,Vendor_102,Support,Consulting,Card,Emp_113,INV-2024-0000594,0,normal
TX-000690,2024-01-21 11:23:00,2530.62,Vendor_073,Legal,IT,Check,Emp_083,INV-2024-0000600,0,normal
TX-000691,2024-01-21 12:53:00,6362.24,Vendor_095,Legal,Consulting,Check,Emp_088,INV-2024-0000598,0,normal
TX-000692,2024-01-21 14:31:00,3947.45,Vendor_002,HR,Supplies,Check,Emp_024,INV-2024-0000597,0,normal
TX-000693,2024-01-21 14:34:00,1950.52,Vendor_048,Support,Consulting,Card,Emp_115,INV-2024-0000602,0,normal
TX-000694,2024-01-21 14:39:00,6172.5,Vendor_049,Legal,Consulting,ACH,Emp_084,INV-2024-0000601,0,normal
TX-000695,2024-01-21 15:32:00,8384.3,Vendor_049,Legal,Consulting,Wire,Emp_082,INV-2024-0000595,0,normal
TX-000696,2024-01-21 15:49:00,1299.47,Vendor_111,HR,Payroll,Wire,Emp_019,INV-2024-0000599,0,normal
TX-000697,2024-01-21 15:52:00,1166.54,Vendor_063,Sales,Supplies,Wire,Emp_099,INV-2024-0000593,0,normal
TX-000698,2024-01-21 16:56:00,2390.0,Vendor_063,Sales,Supplies,ACH,Emp_099,INV-2024-0005294,1,split_payment
TX-000699,2024-01-21 16:59:00,2734.59,Vendor_024,Finance,Payroll,ACH,Emp_003,INV-2024-0005561,1,vendor_department_shift
TX-000700,2024-01-22 02:50:00,170.88,Vendor_109,Marketing,Payroll,Check,Emp_049,INV-2024-0000576,1,duplicate_invoice
TX-000701,2024-01-22 03:23:00,3417.3,Vendor_102,Support,Consulting,Wire,Emp_113,INV-2024-0005674,1,low_history_high_amount
TX-000702,2024-01-22 07:09:00,5441.11,Vendor_034,Marketing,Operations,Check,Emp_060,INV-2024-0005573,1,vendor_department_shift
TX-000703,2024-01-22 08:37:00,1705.71,Vendor_054,Operations,Operations,Wire,Emp_073,INV-2024-0000612,0,normal
TX-000704,2024-01-22 09:00:00,853.78,Vendor_032,HR,Travel,ACH,Emp_028,INV-2024-0000627,0,normal
TX-000705,2024-01-22 09:16:00,580.99,Vendor_012,Support,Operations,Card,Emp_118,INV-2024-0005244,0,normal
TX-000706,2024-01-22 09:42:00,1085.97,Vendor_025,IT,Consulting,Card,Emp_045,INV-2024-0000608,0,normal
TX-000707,2024-01-22 10:00:00,1983.93,Vendor_001,Finance,Payroll,Card,Emp_007,INV-2024-0000625,0,normal
TX-000708,2024-01-22 10:11:00,830.22,Vendor_013,Marketing,IT,ACH,Emp_059,INV-2024-0000628,0,normal
TX-000709,2024-01-22 10:18:00,3369.74,Vendor_042,Legal,Consulting,Check,Emp_087,INV-2024-0000616,0,normal
TX-000710,2024-01-22 10:33:00,5014.29,Vendor_024,Marketing,Supplies,Wire,Emp_051,INV-2024-0000620,0,normal
TX-000711,2024-01-22 10:49:00,5580.5,Vendor_111,HR,Payroll,Check,Emp_019,INV-2024-0005743,1,low_history_high_amount
TX-000712,2024-01-22 10:54:00,12495.92,Vendor_086,Sales,IT,ACH,Emp_091,INV-2024-0000617,0,normal
TX-000713,2024-01-22 11:05:00,978.37,Vendor_004,Support,IT,Card,Emp_120,INV-2024-0000611,0,normal
TX-000714,2024-01-22 11:27:00,1404.34,Vendor_042,Legal,IT,ACH,Emp_080,INV-2024-0000609,0,normal
TX-000715,2024-01-22 11:34:00,4087.04,Vendor_006,Sales,Travel,ACH,Emp_098,INV-2024-0000610,0,normal
TX-000716,2024-01-22 11:54:00,2234.65,Vendor_076,Support,Travel,Check,Emp_114,INV-2024-0000606,0,normal
TX-000717,2024-01-22 12:35:00,1215.6,Vendor_004,Support,Travel,Card,Emp_113,INV-2024-0000626,0,normal
TX-000718,2024-01-22 12:43:00,1288.36,Vendor_016,Marketing,Payroll,ACH,Emp_058,INV-2024-0000613,0,normal
TX-000719,2024-01-22 12:48:00,4870.0,Vendor_004,Support,IT,Check,Emp_120,INV-2024-0005630,1,split_payment
TX-000720,2024-01-22 13:08:00,2414.85,Vendor_117,HR,IT,ACH,Emp_022,INV-2024-0000619,0,normal
TX-000721,2024-01-22 13:11:00,3000.0,Vendor_117,HR,Payroll,ACH,Emp_024,INV-2024-0000622,0,normal
TX-000722,2024-01-22 13:22:00,1265.77,Vendor_099,HR,Payroll,Card,Emp_026,INV-2024-0000614,0,normal
TX-000723,2024-01-22 13:29:00,797.91,Vendor_082,HR,Consulting,Check,Emp_020,INV-2024-0000605,0,normal
TX-000724,2024-01-22 13:35:00,4113.88,Vendor_022,IT,Payroll,ACH,Emp_032,INV-2024-0000604,0,normal
TX-000725,2024-01-22 13:43:00,1589.83,Vendor_118,Support,Consulting,Card,Emp_108,INV-2024-0000607,0,normal
TX-000726,2024-01-22 14:09:00,2927.93,Vendor_093,Legal,Payroll,Wire,Emp_076,INV-2024-0000615,0,normal
TX-000727,2024-01-22 14:46:00,4740.99,Vendor_069,Legal,Travel,Wire,Emp_087,INV-2024-0000618,0,normal
TX-000728,2024-01-22 15:31:00,1916.72,Vendor_007,Finance,IT,Card,Emp_009,INV-2024-0000623,0,normal
TX-000729,2024-01-22 15:52:00,967.3,Vendor_094,Legal,Operations,ACH,Emp_088,INV-2024-0000621,0,normal
TX-000730,2024-01-22 16:44:00,2918.58,Vendor_105,Operations,Operations,ACH,Emp_062,INV-2024-0000624,0,normal
TX-000731,2024-01-22 17:09:00,4790.0,Vendor_004,Support,Travel,Wire,Emp_113,INV-2024-0005772,1,split_payment
TX-000732,2024-01-22 17:35:00,14397.4,Vendor_022,IT,Payroll,Card,Emp_032,INV-2024-0005613,1,low_history_high_amount
TX-000733,2024-01-22 17:53:00,953.67,Vendor_082,Marketing,Consulting,Check,Emp_046,INV-2024-0000603,0,normal
TX-000734,2024-01-23 07:21:00,2337.62,Vendor_041,Legal,Supplies,Card,Emp_086,INV-2024-0000652,0,normal
TX-000735,2024-01-23 08:54:00,3038.06,Vendor_077,HR,Consulting,Check,Emp_030,INV-2024-0000646,0,normal
TX-000736,2024-01-23 09:08:00,2764.78,Vendor_025,Marketing,Consulting,Card,Emp_056,INV-2024-0000647,0,normal
TX-000737,2024-01-23 09:13:00,3063.11,Vendor_054,Operations,Consulting,Check,Emp_067,INV-2024-0000638,0,normal
TX-000738,2024-01-23 09:43:00,2503.44,Vendor_093,Legal,Payroll,Card,Emp_084,INV-2024-0000653,0,normal
TX-000739,2024-01-23 09:47:00,1149.59,Vendor_067,IT,Supplies,Check,Emp_035,INV-2024-0000644,0,normal
TX-000740,2024-01-23 10:11:00,2679.1,Vendor_112,Sales,Travel,ACH,Emp_093,INV-2024-0000654,0,normal
TX-000741,2024-01-23 10:38:00,1958.66,Vendor_055,Operations,Supplies,Card,Emp_074,INV-2024-0000643,0,normal
TX-000742,2024-01-23 10:48:00,4058.32,Vendor_119,Operations,Travel,Check,Emp_072,INV-2024-0000632,0,normal
TX-000743,2024-01-23 10:49:00,2129.54,Vendor_034,Sales,Travel,Wire,Emp_092,INV-2024-0000634,0,normal
TX-000744,2024-01-23 10:57:00,1735.1,Vendor_120,IT,Travel,ACH,Emp_042,INV-2024-0000640,0,normal
TX-000745,2024-01-23 11:07:00,2548.13,Vendor_073,Legal,Consulting,ACH,Emp_089,INV-2024-0000630,0,normal
TX-000746,2024-01-23 11:13:00,5443.12,Vendor_060,IT,Travel,ACH,Emp_031,INV-2024-0000656,0,normal
TX-000747,2024-01-23 11:25:00,800.35,Vendor_064,IT,Supplies,Wire,Emp_034,INV-2024-0000629,0,normal
TX-000748,2024-01-23 11:36:00,9170.7,Vendor_086,Sales,Consulting,Wire,Emp_104,INV-2024-0000645,0,normal
TX-000749,2024-01-23 11:41:00,1466.26,Vendor_097,Legal,Operations,Wire,Emp_082,INV-2024-0000636,0,normal
TX-000750,2024-01-23 11:58:00,4222.38,Vendor_105,Operations,Consulting,Check,Emp_074,INV-2024-0000637,0,normal
TX-000751,2024-01-23 11:58:00,1268.77,Vendor_076,Support,Supplies,Card,Emp_111,INV-2024-0000657,0,normal
TX-000752,2024-01-23 12:08:00,1645.03,Vendor_050,Sales,Travel,Check,Emp_101,INV-2024-0000658,0,normal
TX-000753,2024-01-23 12:12:00,7121.69,Vendor_110,Legal,Travel,Card,Emp_084,INV-2024-0000651,0,normal
TX-000754,2024-01-23 12:14:00,1782.82,Vendor_055,Operations,Supplies,Wire,Emp_073,INV-2024-0000631,0,normal
TX-000755,2024-01-23 12:27:00,5466.29,Vendor_071,Finance,Operations,ACH,Emp_001,INV-2024-0000641,0,normal
TX-000756,2024-01-23 12:42:00,2596.23,Vendor_077,Marketing,Consulting,Check,Emp_054,INV-2024-0000649,0,normal
TX-000757,2024-01-23 12:54:00,3402.72,Vendor_081,Legal,Consulting,Wire,Emp_086,INV-2024-0000655,0,normal
TX-000758,2024-01-23 13:08:00,4924.74,Vendor_006,Sales,Travel,Check,Emp_099,INV-2024-0000635,0,normal
TX-000759,2024-01-23 13:11:00,2051.29,Vendor_025,Support,Consulting,Card,Emp_110,INV-2024-0000648,0,normal
TX-000760,2024-01-23 13:18:00,4810.0,Vendor_055,Operations,Supplies,Check,Emp_074,INV-2024-0005521,1,split_payment
TX-000761,2024-01-23 13:40:00,2253.56,Vendor_025,Marketing,Consulting,Card,Emp_055,INV-2024-0000650,0,normal
TX-000762,2024-01-23 13:45:00,1004.61,Vendor_094,HR,IT,Card,Emp_026,INV-2024-0000639,0,normal
TX-000763,2024-01-23 13:58:00,2468.4,Vendor_108,Marketing,Travel,Card,Emp_050,INV-2024-0000659,0,normal
TX-000764,2024-01-23 14:41:00,2309.38,Vendor_076,Marketing,Supplies,Card,Emp_048,INV-2024-0005123,0,normal
TX-000765,2024-01-23 14:47:00,2450.0,Vendor_076,Support,Supplies,Wire,Emp_111,INV-2024-0005512,1,split_payment
TX-000766,2024-01-23 15:19:00,4613.81,Vendor_092,Sales,Payroll,Wire,Emp_105,INV-2024-0000633,0,normal
TX-000767,2024-01-23 17:11:00,4770.0,Vendor_120,IT,Travel,Check,Emp_042,INV-2024-0005574,1,split_payment
TX-000768,2024-01-23 17:23:00,2605.01,Vendor_025,Marketing,Consulting,Card,Emp_055,INV-2024-0005697,1,same_day_burst
TX-000769,2024-01-23 17:46:00,5757.21,Vendor_036,Support,Travel,ACH,Emp_115,INV-2024-0005461,1,high_amount
TX-000770,2024-01-23 17:48:00,4930.0,Vendor_094,HR,IT,Wire,Emp_026,INV-2024-0005477,1,split_payment
TX-000771,2024-01-23 17:58:00,4057.41,Vendor_092,Sales,Payroll,ACH,Emp_091,INV-2024-0000642,0,normal
TX-000772,2024-01-24 08:32:00,1140.64,Vendor_038,Finance,Payroll,Wire,Emp_012,INV-2024-0000663,0,normal
TX-000773,2024-01-24 08:33:00,8350.0,Vendor_049,Legal,Consulting,ACH,Emp_083,INV-2024-0000681,0,normal
TX-000774,2024-01-24 08:40:00,3872.69,Vendor_089,Legal,Supplies,ACH,Emp_083,INV-2024-0000678,0,normal
TX-000775,2024-01-24 09:57:00,1555.6,Vendor_050,Finance,Travel,Card,Emp_011,INV-2024-0000680,0,normal
TX-000776,2024-01-24 09:59:00,2694.98,Vendor_084,Marketing,Operations,ACH,Emp_054,INV-2024-0000689,0,normal
TX-000777,2024-01-24 10:46:00,949.05,Vendor_021,Finance,Consulting,Card,Emp_009,INV-2024-0000679,0,normal
TX-000778,2024-01-24 10:50:00,5294.22,Vendor_060,IT,Payroll,ACH,Emp_036,INV-2024-0000662,0,normal
TX-000779,2024-01-24 10:59:00,2490.77,Vendor_116,HR,IT,Check,Emp_016,INV-2024-0000673,0,normal
TX-000780,2024-01-24 11:09:00,2609.56,Vendor_047,Marketing,Consulting,Card,Emp_054,INV-2024-0000685,0,normal
TX-000781,2024-01-24 11:13:00,1895.03,Vendor_108,Marketing,Travel,Check,Emp_055,INV-2024-0000682,0,normal
TX-000782,2024-01-24 11:29:00,3473.63,Vendor_081,Finance,Consulting,Wire,Emp_011,INV-2024-0000671,0,normal
TX-000783,2024-01-24 11:41:00,1155.43,Vendor_106,Legal,Consulting,ACH,Emp_085,INV-2024-0000668,0,normal
TX-000784,2024-01-24 12:16:00,3087.34,Vendor_008,Finance,IT,Card,Emp_007,INV-2024-0000688,0,normal
TX-000785,2024-01-24 12:19:00,2412.63,Vendor_120,IT,Payroll,ACH,Emp_044,INV-2024-0000666,0,normal
TX-000786,2024-01-24 12:33:00,1515.67,Vendor_106,Legal,Consulting,Card,Emp_083,INV-2024-0000660,0,normal
TX-000787,2024-01-24 12:35:00,1066.43,Vendor_067,Support,Supplies,Wire,Emp_118,INV-2024-0000677,0,normal
TX-000788,2024-01-24 12:58:00,1861.81,Vendor_007,Finance,Payroll,ACH,Emp_015,INV-2024-0000692,0,normal
TX-000789,2024-01-24 13:21:00,229.49,Vendor_109,Support,IT,Card,Emp_113,INV-2024-0000690,0,normal
TX-000790,2024-01-24 13:37:00,598.77,Vendor_072,IT,Travel,ACH,Emp_043,INV-2024-0000667,0,normal
TX-000791,2024-01-24 13:39:00,1144.29,Vendor_116,Sales,IT,Check,Emp_103,INV-2024-0000672,0,normal
TX-000792,2024-01-24 13:56:00,2233.54,Vendor_076,Support,Travel,Check,Emp_115,INV-2024-0000686,0,normal
TX-000793,2024-01-24 14:16:00,936.64,Vendor_019,IT,Travel,ACH,Emp_041,INV-2024-0000661,0,normal
TX-000794,2024-01-24 14:25:00,928.64,Vendor_044,Finance,IT,ACH,Emp_010,INV-2024-0000664,0,normal
TX-000795,2024-01-24 14:39:00,4691.2,Vendor_092,Sales,Payroll,Wire,Emp_099,INV-2024-0000676,0,normal
TX-000796,2024-01-24 14:49:00,3950.0,Vendor_119,Marketing,Travel,Check,Emp_053,INV-2024-0000669,0,normal
TX-000797,2024-01-24 14:54:00,2986.15,Vendor_115,Operations,Operations,Wire,Emp_062,INV-2024-0000691,0,normal
TX-000798,2024-01-24 15:47:00,637.65,Vendor_009,Operations,Operations,Check,Emp_074,INV-2024-0005139,0,normal
TX-000799,2024-01-24 15:51:00,2035.5,Vendor_055,Operations,IT,Card,Emp_062,INV-2024-0000670,0,normal
TX-000800,2024-01-24 15:57:00,4053.8,Vendor_030,Legal,IT,Card,Emp_084,INV-2024-0000665,0,normal
TX-000801,2024-01-24 16:31:00,6506.28,Vendor_049,Legal,Consulting,ACH,Emp_088,INV-2024-0000674,0,normal
TX-000802,2024-01-24 16:45:00,1092.34,Vendor_116,Sales,IT,Check,Emp_103,INV-2024-0005499,1,same_day_burst
TX-000803,2024-01-24 16:56:00,232.95,Vendor_109,Support,Payroll,Wire,Emp_107,INV-2024-0000683,0,normal
TX-000804,2024-01-24 16:59:00,3902.66,Vendor_051,Sales,Payroll,Check,Emp_092,INV-2024-0000687,0,normal
TX-000805,2024-01-24 17:09:00,749.47,Vendor_037,Legal,Consulting,ACH,Emp_083,INV-2024-0000675,0,normal
TX-000806,2024-01-24 18:32:00,1500.0,Vendor_118,Support,Supplies,ACH,Emp_115,INV-2024-0000684,0,normal
TX-000807,2024-01-24 18:54:00,5770.84,Vendor_096,Sales,Operations,Wire,Emp_091,INV-2024-0000693,0,normal
TX-000808,2024-01-25 07:40:00,3052.04,Vendor_015,HR,Consulting,Wire,Emp_019,INV-2024-0005212,0,normal
TX-000809,2024-01-25 07:54:00,1389.23,Vendor_035,Legal,IT,ACH,Emp_080,INV-2024-0000703,0,normal
TX-000810,2024-01-25 08:45:00,1124.76,Vendor_111,HR,Payroll,Wire,Emp_029,INV-2024-0000718,0,normal
TX-000811,2024-01-25 09:02:00,2315.58,Vendor_042,Legal,Consulting,Check,Emp_083,INV-2024-0000701,0,normal
TX-000812,2024-01-25 10:20:00,2173.59,Vendor_059,Sales,Consulting,Check,Emp_100,INV-2024-0005128,0,normal
TX-000813,2024-01-25 10:48:00,2653.03,Vendor_055,Operations,Supplies,Card,Emp_073,INV-2024-0000721,0,normal
TX-000814,2024-01-25 10:49:00,781.59,Vendor_032,HR,Travel,Check,Emp_026,INV-2024-0000697,0,normal
TX-000815,2024-01-25 11:10:00,3127.38,Vendor_047,Finance,IT,Check,Emp_010,INV-2024-0000694,0,normal
TX-000816,2024-01-25 12:06:00,2919.09,Vendor_048,Support,Consulting,Card,Emp_117,INV-2024-0000708,0,normal
TX-000817,2024-01-25 12:12:00,980.65,Vendor_014,HR,Supplies,Card,Emp_020,INV-2024-0000713,0,normal
TX-000818,2024-01-25 12:22:00,2726.34,Vendor_101,HR,IT,ACH,Emp_025,INV-2024-0000696,0,normal
TX-000819,2024-01-25 12:26:00,13043.96,Vendor_086,Sales,Consulting,Card,Emp_102,INV-2024-0000705,0,normal
TX-000820,2024-01-25 12:30:00,2066.65,Vendor_027,Sales,Operations,Wire,Emp_095,INV-2024-0000723,0,normal
TX-000821,2024-01-25 12:59:00,2582.46,Vendor_034,HR,Operations,Wire,Emp_029,INV-2024-0000695,0,normal
TX-000822,2024-01-25 13:00:00,1301.61,Vendor_099,HR,Operations,Card,Emp_022,INV-2024-0000702,0,normal
TX-000823,2024-01-25 13:03:00,2010.27,Vendor_001,Finance,Payroll,Wire,Emp_002,INV-2024-0000722,0,normal
TX-000824,2024-01-25 13:09:00,950.41,Vendor_068,Sales,Supplies,ACH,Emp_091,INV-2024-0000707,0,normal
TX-000825,2024-01-25 13:10:00,1367.8,Vendor_080,Legal,Consulting,ACH,Emp_078,INV-2024-0000698,0,normal
TX-000826,2024-01-25 13:21:00,1550.95,Vendor_007,Operations,Consulting,Wire,Emp_075,INV-2024-0000700,0,normal
TX-000827,2024-01-25 13:50:00,2249.47,Vendor_061,Sales,Operations,Card,Emp_093,INV-2024-0000714,0,normal
TX-000828,2024-01-25 13:57:00,3640.06,Vendor_077,Support,Payroll,ACH,Emp_111,INV-2024-0000719,0,normal
TX-000829,2024-01-25 13:58:00,2261.8,Vendor_041,Legal,Supplies,Card,Emp_081,INV-2024-0000710,0,normal
TX-000830,2024-01-25 14:01:00,5955.33,Vendor_043,HR,Travel,Check,Emp_030,INV-2024-0000709,0,normal
TX-000831,2024-01-25 14:08:00,1921.13,Vendor_046,Finance,Supplies,ACH,Emp_001,INV-2024-0000725,0,normal
TX-000832,2024-01-25 14:11:00,1690.83,Vendor_118,Support,Payroll,Check,Emp_108,INV-2024-0000711,0,normal
TX-000833,2024-01-25 14:17:00,2703.29,Vendor_042,Legal,Travel,Wire,Emp_090,INV-2024-0000717,0,normal
TX-000834,2024-01-25 14:27:00,1631.5,Vendor_054,Operations,Operations,Check,Emp_072,INV-2024-0000699,0,normal
TX-000835,2024-01-25 14:38:00,2530.62,Vendor_045,Legal,Supplies,ACH,Emp_079,INV-2024-0000704,0,normal
TX-000836,2024-01-25 14:51:00,1321.02,Vendor_063,Sales,Operations,Check,Emp_095,INV-2024-0000715,0,normal
TX-000837,2024-01-25 14:55:00,7942.26,Vendor_016,Marketing,Payroll,Wire,Emp_058,INV-2024-0005676,1,high_amount
TX-000838,2024-01-25 15:17:00,9950.0,Vendor_101,HR,IT,Card,Emp_025,INV-2024-0005563,1,split_payment
TX-000839,2024-01-25 15:24:00,1154.43,Vendor_074,Operations,Operations,Wire,Emp_064,INV-2024-0000712,0,normal
TX-000840,2024-01-25 15:58:00,1580.41,Vendor_050,Finance,Travel,Check,Emp_015,INV-2024-0005151,0,normal
TX-000841,2024-01-25 16:02:00,1916.04,Vendor_053,Support,IT,Wire,Emp_114,INV-2024-0000724,0,normal
TX-000842,2024-01-25 16:54:00,1866.93,Vendor_118,Support,IT,Check,Emp_118,INV-2024-0000720,0,normal
TX-000843,2024-01-25 17:13:00,5978.96,Vendor_088,Sales,Consulting,Wire,Emp_094,INV-2024-0000706,0,normal
TX-000844,2024-01-25 17:31:00,1102.72,Vendor_009,Operations,Operations,Check,Emp_061,INV-2024-0000716,0,normal
TX-000845,2024-01-25 19:57:00,4864.51,Vendor_073,HR,Payroll,ACH,Emp_019,INV-2024-0005744,1,vendor_department_shift
TX-000846,2024-01-26 07:38:00,1372.87,Vendor_103,Finance,Operations,ACH,Emp_006,INV-2024-0000726,0,normal
TX-000847,2024-01-26 08:15:00,3604.02,Vendor_059,Sales,Supplies,Check,Emp_103,INV-2024-0000739,0,normal
TX-000848,2024-01-26 08:46:00,5898.18,Vendor_112,Sales,Consulting,ACH,Emp_102,INV-2024-0000763,0,normal
TX-000849,2024-01-26 09:28:00,5301.35,Vendor_086,Support,IT,Wire,Emp_117,INV-2024-0000764,0,normal
TX-000850,2024-01-26 09:32:00,3685.22,Vendor_119,Marketing,Travel,Check,Emp_046,INV-2024-0000738,0,normal
TX-000851,2024-01-26 09:56:00,3101.04,Vendor_081,Finance,Consulting,Wire,Emp_005,INV-2024-0000736,0,normal
TX-000852,2024-01-26 09:56:00,1872.44,Vendor_007,HR,Consulting,ACH,Emp_030,INV-2024-0000755,0,normal
TX-000853,2024-01-26 10:01:00,5940.25,Vendor_095,Legal,Consulting,Card,Emp_079,INV-2024-0000753,0,normal
TX-000854,2024-01-26 10:23:00,2125.42,Vendor_041,Legal,Supplies,ACH,Emp_082,INV-2024-0000759,0,normal
TX-000855,2024-01-26 10:32:00,1413.03,Vendor_007,Finance,Payroll,Card,Emp_013,INV-2024-0000756,0,normal
TX-000856,2024-01-26 10:32:00,784.12,Vendor_068,Marketing,Operations,ACH,Emp_055,INV-2024-0000748,0,normal
TX-000857,2024-01-26 10:37:00,3386.62,Vendor_113,Operations,Consulting,Card,Emp_071,INV-2024-0000750,0,normal
TX-000858,2024-01-26 10:56:00,993.63,Vendor_042,Legal,Consulting,Check,Emp_081,INV-2024-0000742,0,normal
TX-000859,2024-01-26 11:10:00,2854.41,Vendor_091,Support,Consulting,Check,Emp_119,INV-2024-0005750,1,payment_method_switch
TX-000860,2024-01-26 11:19:00,6293.57,Vendor_069,Sales,Travel,Wire,Emp_095,INV-2024-0000744,0,normal
TX-000861,2024-01-26 11:53:00,2844.7,Vendor_048,Finance,Consulting,ACH,Emp_013,INV-2024-0000762,0,normal
TX-000862,2024-01-26 12:00:00,849.82,Vendor_044,Legal,IT,Card,Emp_090,INV-2024-0000760,0,normal
TX-000863,2024-01-26 12:06:00,1639.39,Vendor_026,HR,Travel,Check,Emp_030,INV-2024-0000754,0,normal
TX-000864,2024-01-26 12:16:00,6909.85,Vendor_062,Sales,Payroll,Card,Emp_093,INV-2024-0000758,0,normal
TX-000865,2024-01-26 12:41:00,3037.59,Vendor_073,Legal,IT,Check,Emp_078,INV-2024-0000745,0,normal
TX-000866,2024-01-26 12:45:00,1872.26,Vendor_118,Support,Supplies,Check,Emp_120,INV-2024-0000737,0,normal
TX-000867,2024-01-26 12:56:00,1460.69,Vendor_070,Sales,Consulting,ACH,Emp_099,INV-2024-0000733,0,normal
TX-000868,2024-01-26 13:02:00,1680.3,Vendor_007,Finance,Consulting,Check,Emp_008,INV-2024-0000729,0,normal
TX-000869,2024-01-26 13:07:00,750.73,Vendor_082,Marketing,Consulting,Check,Emp_060,INV-2024-0000752,0,normal
TX-000870,2024-01-26 13:17:00,1524.6,Vendor_033,Support,Travel,Card,Emp_120,INV-2024-0000751,0,normal
TX-000871,2024-01-26 13:20:00,2301.13,Vendor_117,HR,Payroll,ACH,Emp_024,INV-2024-0000746,0,normal
TX-000872,2024-01-26 13:23:00,1244.32,Vendor_050,Finance,Supplies,Card,Emp_012,INV-2024-0000735,0,normal
TX-000873,2024-01-26 13:37:00,3290.2,Vendor_005,IT,Travel,Check,Emp_036,INV-2024-0000749,0,normal
TX-000874,2024-01-26 13:45:00,2200.13,Vendor_046,Finance,Travel,ACH,Emp_008,INV-2024-0000731,0,normal
TX-000875,2024-01-26 14:44:00,1093.97,Vendor_067,Support,Supplies,Card,Emp_108,INV-2024-0000740,0,normal
TX-000876,2024-01-26 14:49:00,1976.74,Vendor_001,Finance,Payroll,Card,Emp_003,INV-2024-0000761,0,normal
TX-000877,2024-01-26 14:55:00,976.5,Vendor_102,Support,Travel,Check,Emp_114,INV-2024-0000741,0,normal
TX-000878,2024-01-26 15:11:00,7599.17,Vendor_086,Sales,IT,Check,Emp_105,INV-2024-0000743,0,normal
TX-000879,2024-01-26 16:23:00,470.87,Vendor_102,Marketing,Consulting,Card,Emp_059,INV-2024-0000727,0,normal
TX-000880,2024-01-26 16:58:00,1408.63,Vendor_009,Operations,Operations,Check,Emp_072,INV-2024-0000757,0,normal
TX-000881,2024-01-26 17:12:00,2504.25,Vendor_052,HR,Supplies,Wire,Emp_017,INV-2024-0000734,0,normal
TX-000882,2024-01-26 17:50:00,5041.46,Vendor_095,Legal,Consulting,Card,Emp_089,INV-2024-0000730,0,normal
TX-000883,2024-01-26 17:51:00,1796.18,Vendor_026,Legal,Travel,ACH,Emp_090,INV-2024-0000728,0,normal
TX-000884,2024-01-26 17:51:00,2702.48,Vendor_115,Operations,IT,Card,Emp_072,INV-2024-0000732,0,normal
TX-000885,2024-01-26 17:58:00,5428.86,Vendor_049,Legal,Consulting,ACH,Emp_084,INV-2024-0000747,0,normal
TX-000886,2024-01-26 20:20:00,8410.99,Vendor_086,Sales,IT,Check,Emp_105,INV-2024-0005455,1,same_day_burst
TX-000887,2024-01-27 07:16:00,18896.49,Vendor_062,Sales,Payroll,Wire,Emp_093,INV-2024-0005329,1,low_history_high_amount
TX-000888,2024-01-27 09:07:00,3840.21,Vendor_112,Sales,Travel,ACH,Emp_104,INV-2024-0005190,0,normal
TX-000889,2024-01-27 09:29:00,530.72,Vendor_072,Operations,Travel,Wire,Emp_067,INV-2024-0000769,0,normal
TX-000890,2024-01-27 10:17:00,1478.01,Vendor_001,Finance,IT,Card,Emp_012,INV-2024-0000782,0,normal
TX-000891,2024-01-27 10:20:00,904.38,Vendor_103,Finance,Operations,Check,Emp_003,INV-2024-0000774,0,normal
TX-000892,2024-01-27 10:25:00,1557.65,Vendor_118,Operations,Supplies,Card,Emp_066,INV-2024-0000768,0,normal
TX-000893,2024-01-27 10:52:00,3927.84,Vendor_018,Legal,Operations,Check,Emp_088,INV-2024-0000766,0,normal
TX-000894,2024-01-27 11:33:00,1202.49,Vendor_014,HR,Supplies,Wire,Emp_023,INV-2024-0000765,0,normal
TX-000895,2024-01-27 11:56:00,1986.15,Vendor_078,Finance,Travel,Check,Emp_011,INV-2024-0000773,0,normal
TX-000896,2024-01-27 12:00:00,1605.14,Vendor_026,Finance,Travel,Wire,Emp_014,INV-2024-0000781,0,normal
TX-000897,2024-01-27 12:09:00,1019.28,Vendor_083,Operations,IT,Card,Emp_061,INV-2024-0000767,0,normal
TX-000898,2024-01-27 12:37:00,811.46,Vendor_094,Legal,IT,ACH,Emp_082,INV-2024-0000776,0,normal
TX-000899,2024-01-27 12:41:00,3728.05,Vendor_081,Legal,Consulting,Wire,Emp_079,INV-2024-0000778,0,normal
TX-000900,2024-01-27 12:58:00,1743.8,Vendor_007,Finance,Payroll,Card,Emp_007,INV-2024-0000771,0,normal
TX-000901,2024-01-27 13:06:00,9086.94,Vendor_049,IT,Consulting,ACH,Emp_039,INV-2024-0000770,0,normal
TX-000902,2024-01-27 15:27:00,1312.5,Vendor_097,Legal,Operations,Wire,Emp_083,INV-2024-0000779,0,normal
TX-000903,2024-01-27 15:47:00,4014.1,Vendor_002,Support,Travel,Card,Emp_115,INV-2024-0000775,0,normal
TX-000904,2024-01-27 16:32:00,1175.6,Vendor_019,Legal,Supplies,Check,Emp_083,INV-2024-0000777,0,normal
TX-000905,2024-01-27 16:41:00,3609.96,Vendor_101,Support,IT,Check,Emp_118,INV-2024-0000772,0,normal
TX-000906,2024-01-27 17:46:00,1608.81,Vendor_004,Support,Payroll,Card,Emp_117,INV-2024-0000780,0,normal
TX-000907,2024-01-27 21:24:00,1151.98,Vendor_074,Operations,Operations,Check,Emp_074,INV-2024-0000712,1,duplicate_invoice
TX-000908,2024-01-27 23:26:00,13246.64,Vendor_086,Sales,Consulting,Wire,Emp_092,INV-2024-1000705,1,fuzzy_duplicate
TX-000909,2024-01-28 08:06:00,1117.86,Vendor_033,Support,Travel,ACH,Emp_117,INV-2024-0000802,0,normal
TX-000910,2024-01-28 08:29:00,2405.34,Vendor_046,Finance,Travel,ACH,Emp_009,INV-2024-0000791,0,normal
TX-000911,2024-01-28 09:28:00,1099.03,Vendor_074,Operations,Operations,ACH,Emp_061,INV-2024-0000800,0,normal
TX-000912,2024-01-28 10:09:00,1863.34,Vendor_041,Sales,Supplies,Wire,Emp_105,INV-2024-0000798,0,normal
TX-000913,2024-01-28 10:15:00,1739.92,Vendor_118,Support,Supplies,Card,Emp_120,INV-2024-0000793,0,normal
TX-000914,2024-01-28 10:19:00,5305.01,Vendor_119,Marketing,Travel,Check,Emp_049,INV-2024-0000797,0,normal
TX-000915,2024-01-28 10:33:00,3936.68,Vendor_092,Operations,Payroll,Check,Emp_065,INV-2024-0000788,0,normal
TX-000916,2024-01-28 10:41:00,2387.45,Vendor_046,Finance,Travel,ACH,Emp_012,INV-2024-0000803,0,normal
TX-000917,2024-01-28 10:46:00,5813.95,Vendor_095,Legal,Supplies,Check,Emp_086,INV-2024-0000801,0,normal
TX-000918,2024-01-28 10:48:00,3382.02,Vendor_034,Sales,IT,Wire,Emp_104,INV-2024-0000785,0,normal
TX-000919,2024-01-28 10:59:00,1200.86,Vendor_067,Marketing,Supplies,Check,Emp_054,INV-2024-0000783,0,normal
TX-000920,2024-01-28 12:15:00,1767.4,Vendor_001,Finance,Payroll,Card,Emp_013,INV-2024-0000796,0,normal
TX-000921,2024-01-28 12:35:00,1329.06,Vendor_004,Support,IT,Card,Emp_112,INV-2024-0000790,0,normal
TX-000922,2024-01-28 12:38:00,899.69,Vendor_009,Operations,Operations,Card,Emp_073,INV-2024-0000792,0,normal
TX-000923,2024-01-28 12:49:00,2488.8,Vendor_025,Marketing,Operations,Card,Emp_058,INV-2024-0000795,0,normal
TX-000924,2024-01-28 12:58:00,1366.71,Vendor_033,Support,Payroll,Card,Emp_107,INV-2024-0000786,0,normal
TX-000925,2024-01-28 13:55:00,2338.43,Vendor_054,Operations,Operations,ACH,Emp_063,INV-2024-0000799,0,normal
TX-000926,2024-01-28 14:02:00,4950.0,Vendor_001,Finance,Payroll,ACH,Emp_013,INV-2024-0005571,1,split_payment
TX-000927,2024-01-28 14:39:00,1586.86,Vendor_033,Support,Payroll,Card,Emp_107,INV-2024-0005715,1,same_day_burst
TX-000928,2024-01-28 14:41:00,2839.92,Vendor_008,Finance,Consulting,Wire,Emp_003,INV-2024-0000794,0,normal
TX-000929,2024-01-28 15:24:00,1915.44,Vendor_046,Operations,Travel,Card,Emp_068,INV-2024-0000784,0,normal
TX-000930,2024-01-28 15:30:00,709.63,Vendor_058,Legal,Supplies,Check,Emp_082,INV-2024-0000789,0,normal
TX-000931,2024-01-28 15:38:00,4502.02,Vendor_092,Sales,Payroll,Card,Emp_096,INV-2024-0000787,0,normal
TX-000932,2024-01-29 03:50:00,4995.57,Vendor_095,Legal,Consulting,ACH,Emp_085,INV-2024-0000730,1,duplicate_invoice
TX-000933,2024-01-29 07:08:00,9541.72,Vendor_086,Sales,Supplies,Wire,Emp_093,INV-2024-0000822,0,normal
TX-000934,2024-01-29 07:47:00,2408.06,Vendor_005,Legal,Travel,Card,Emp_081,INV-2024-0000804,0,normal
TX-000935,2024-01-29 07:52:00,4636.27,Vendor_051,HR,Payroll,Check,Emp_018,INV-2024-0000821,0,normal
TX-000936,2024-01-29 09:16:00,5095.91,Vendor_051,Sales,Payroll,ACH,Emp_105,INV-2024-0000810,0,normal
TX-000937,2024-01-29 09:17:00,2110.07,Vendor_042,Legal,Consulting,Check,Emp_081,INV-2024-0000813,0,normal
TX-000938,2024-01-29 09:23:00,666.37,Vendor_032,HR,Travel,Check,Emp_018,INV-2024-0000809,0,normal
TX-000939,2024-01-29 09:55:00,11919.21,Vendor_081,Finance,Consulting,Check,Emp_011,INV-2024-0005732,1,high_amount
TX-000940,2024-01-29 10:17:00,1321.95,Vendor_083,Operations,IT,Card,Emp_075,INV-2024-0000811,0,normal
TX-000941,2024-01-29 10:17:00,1863.54,Vendor_118,Support,Supplies,Card,Emp_109,INV-2024-0000819,0,normal
TX-000942,2024-01-29 10:42:00,1057.06,Vendor_074,Operations,Consulting,Wire,Emp_068,INV-2024-0000823,0,normal
TX-000943,2024-01-29 10:43:00,895.12,Vendor_068,Sales,Supplies,Wire,Emp_102,INV-2024-0000807,0,normal
TX-000944,2024-01-29 11:42:00,1917.22,Vendor_021,Finance,Consulting,Wire,Emp_010,INV-2024-0005204,0,normal
TX-000945,2024-01-29 11:44:00,2000.6,Vendor_046,Finance,Travel,ACH,Emp_008,INV-2024-0000806,0,normal
TX-000946,2024-01-29 12:16:00,610.04,Vendor_032,Operations,Travel,Card,Emp_067,INV-2024-0000825,0,normal
TX-000947,2024-01-29 12:35:00,1382.38,Vendor_026,HR,Travel,ACH,Emp_029,INV-2024-0000820,0,normal
TX-000948,2024-01-29 12:58:00,1381.03,Vendor_033,Support,Payroll,Card,Emp_118,INV-2024-0000786,1,duplicate_invoice
TX-000949,2024-01-29 13:16:00,1464.33,Vendor_007,Finance,Payroll,ACH,Emp_009,INV-2024-0000817,0,normal
TX-000950,2024-01-29 13:50:00,1279.75,Vendor_056,Support,Travel,Card,Emp_120,INV-2024-0000827,0,normal
TX-000951,2024-01-29 14:10:00,928.94,Vendor_032,HR,Travel,Check,Emp_029,INV-2024-0000824,0,normal
TX-000952,2024-01-29 14:15:00,2934.09,Vendor_108,Marketing,Travel,Check,Emp_047,INV-2024-0005257,0,normal
TX-000953,2024-01-29 14:32:00,13584.16,Vendor_086,Support,IT,ACH,Emp_117,INV-2024-0000808,0,normal
TX-000954,2024-01-29 14:40:00,1752.84,Vendor_007,Finance,Payroll,Card,Emp_007,INV-2024-0000805,0,normal
TX-000955,2024-01-29 14:44:00,2734.32,Vendor_034,Sales,IT,Wire,Emp_100,INV-2024-0000826,0,normal
TX-000956,2024-01-29 15:12:00,2938.5,Vendor_073,Support,IT,Check,Emp_114,INV-2024-0000815,0,normal
TX-000957,2024-01-29 15:39:00,1834.1,Vendor_033,Support,Operations,Card,Emp_114,INV-2024-0000812,0,normal
TX-000958,2024-01-29 15:46:00,4822.87,Vendor_024,Marketing,Consulting,Wire,Emp_056,INV-2024-0000818,0,normal
TX-000959,2024-01-29 16:14:00,1635.59,Vendor_037,Operations,IT,Check,Emp_062,INV-2024-0005638,1,vendor_department_shift
TX-000960,2024-01-29 16:39:00,3359.69,Vendor_098,IT,Operations,ACH,Emp_045,INV-2024-0000828,0,normal
TX-000961,2024-01-29 16:55:00,1689.21,Vendor_016,Finance,IT,Card,Emp_004,INV-2024-0000814,0,normal
TX-000962,2024-01-29 17:52:00,4827.78,Vendor_051,Sales,Payroll,Check,Emp_105,INV-2024-0000816,0,normal
TX-000963,2024-01-29 18:47:00,13616.27,Vendor_086,Support,IT,ACH,Emp_117,INV-2024-0005622,1,same_day_burst
TX-000964,2024-01-30 07:22:00,487.36,Vendor_032,Operations,Travel,ACH,Emp_072,INV-2024-0000857,0,normal
TX-000965,2024-01-30 07:45:00,2598.81,Vendor_046,Sales,Travel,ACH,Emp_105,INV-2024-0000860,0,normal
TX-000966,2024-01-30 07:46:00,830.9,Vendor_037,Legal,Supplies,Wire,Emp_084,INV-2024-0000856,0,normal
TX-000967,2024-01-30 08:44:00,1742.13,Vendor_079,Marketing,Payroll,Check,Emp_060,INV-2024-0000833,0,normal
TX-000968,2024-01-30 09:31:00,896.78,Vendor_082,Marketing,Consulting,Check,Emp_060,INV-2024-0000855,0,normal
TX-000969,2024-01-30 09:37:00,2755.19,Vendor_073,Legal,IT,Card,Emp_077,INV-2024-0000849,0,normal
TX-000970,2024-01-30 09:52:00,848.91,Vendor_032,HR,Travel,Check,Emp_030,INV-2024-0000835,0,normal
TX-000971,2024-01-30 09:54:00,5959.63,Vendor_105,Operations,Consulting,Wire,Emp_066,INV-2024-0000852,0,normal
TX-000972,2024-01-30 10:27:00,786.56,Vendor_044,Legal,Supplies,ACH,Emp_083,INV-2024-0000851,0,normal
TX-000973,2024-01-30 10:58:00,8818.21,Vendor_060,IT,Consulting,Wire,Emp_042,INV-2024-0000830,0,normal
TX-000974,2024-01-30 11:06:00,3813.74,Vendor_062,Sales,Travel,ACH,Emp_092,INV-2024-0000865,0,normal
TX-000975,2024-01-30 11:20:00,907.8,Vendor_074,Operations,Consulting,ACH,Emp_068,INV-2024-0000842,0,normal
TX-000976,2024-01-30 11:23:00,1699.84,Vendor_029,HR,Travel,Check,Emp_017,INV-2024-0000845,0,normal
TX-000977,2024-01-30 11:40:00,3352.2,Vendor_090,Support,Supplies,Wire,Emp_111,INV-2024-0000846,0,normal
TX-000978,2024-01-30 11:43:00,5203.72,Vendor_030,Legal,IT,ACH,Emp_090,INV-2024-0000850,0,normal
TX-000979,2024-01-30 12:05:00,1389.78,Vendor_004,Support,Payroll,Card,Emp_113,INV-2024-0000838,0,normal
TX-000980,2024-01-30 12:06:00,2717.51,Vendor_024,Marketing,Operations,Card,Emp_046,INV-2024-0000834,0,normal
TX-000981,2024-01-30 12:26:00,3812.69,Vendor_086,Sales,IT,ACH,Emp_096,INV-2024-0000829,0,normal
TX-000982,2024-01-30 12:28:00,2517.34,Vendor_047,Finance,Consulting,Check,Emp_006,INV-2024-0000831,0,normal
TX-000983,2024-01-30 12:29:00,1412.36,Vendor_099,HR,Operations,Card,Emp_025,INV-2024-0000837,0,normal
TX-000984,2024-01-30 12:34:00,2721.76,Vendor_092,HR,Payroll,Wire,Emp_026,INV-2024-0000843,0,normal
TX-000985,2024-01-30 12:59:00,1176.99,Vendor_083,Operations,Travel,Wire,Emp_063,INV-2024-0000853,0,normal
TX-000986,2024-01-30 13:00:00,1666.0,Vendor_046,Finance,Travel,ACH,Emp_005,INV-2024-0000839,0,normal
TX-000987,2024-01-30 13:01:00,4830.0,Vendor_004,Support,Payroll,Check,Emp_113,INV-2024-0005711,1,split_payment
TX-000988,2024-01-30 13:02:00,1091.87,Vendor_044,Operations,Supplies,Wire,Emp_071,INV-2024-0000848,0,normal
TX-000989,2024-01-30 13:24:00,3293.49,Vendor_119,Marketing,Travel,Card,Emp_059,INV-2024-0005207,0,normal
TX-000990,2024-01-30 13:31:00,1294.94,Vendor_004,Support,IT,Card,Emp_111,INV-2024-0000844,0,normal
TX-000991,2024-01-30 13:55:00,1540.94,Vendor_007,Finance,Consulting,Card,Emp_013,INV-2024-0000832,0,normal
TX-000992,2024-01-30 14:14:00,6831.49,Vendor_060,IT,Travel,ACH,Emp_034,INV-2024-0000861,0,normal
TX-000993,2024-01-30 14:39:00,3454.92,Vendor_020,Marketing,Consulting,ACH,Emp_058,INV-2024-0000866,0,normal
TX-000994,2024-01-30 14:54:00,3212.79,Vendor_089,Legal,Supplies,ACH,Emp_083,INV-2024-0000863,0,normal
TX-000995,2024-01-30 14:58:00,3699.33,Vendor_119,Marketing,Travel,Card,Emp_048,INV-2024-0000858,0,normal
TX-000996,2024-01-30 14:59:00,2886.77,Vendor_055,Operations,Supplies,Check,Emp_072,INV-2024-0000854,0,normal
TX-000997,2024-01-30 14:59:00,1170.22,Vendor_026,HR,Travel,ACH,Emp_021,INV-2024-0000862,0,normal
TX-000998,2024-01-30 15:13:00,2639.61,Vendor_057,Operations,Consulting,Check,Emp_069,INV-2024-0000836,0,normal
TX-000999,2024-01-30 15:21:00,1662.48,Vendor_046,Finance,Travel,ACH,Emp_005,INV-2024-0005389,1,same_day_burst
TX-001000,2024-01-30 15:36:00,7140.29,Vendor_060,Finance,Travel,Wire,Emp_003,INV-2024-0000847,0,normal
TX-001001,2024-01-30 16:29:00,1345.2,Vendor_078,Sales,Operations,Check,Emp_093,INV-2024-0000841,0,normal
TX-001002,2024-01-30 16:30:00,3487.52,Vendor_052,IT,Travel,ACH,Emp_040,INV-2024-0000840,0,normal
TX-001003,2024-01-30 16:47:00,3435.67,Vendor_120,IT,IT,Wire,Emp_036,INV-2024-0000859,0,normal
TX-001004,2024-01-30 17:18:00,1103.19,Vendor_004,Support,IT,Card,Emp_111,INV-2024-0005703,1,same_day_burst
TX-001005,2024-01-30 17:44:00,1767.96,Vendor_079,Marketing,Payroll,Wire,Emp_057,INV-2024-0000833,1,duplicate_invoice
TX-001006,2024-01-30 18:55:00,780.14,Vendor_074,Operations,Operations,Check,Emp_061,INV-2024-0000864,0,normal
TX-001007,2024-01-30 20:19:00,1378.05,Vendor_037,Legal,IT,Check,Emp_083,INV-2024-0005665,1,payment_method_switch
TX-001008,2024-01-30 20:58:00,882.01,Vendor_032,HR,Travel,Check,Emp_030,INV-2024-0005642,1,same_day_burst
TX-001009,2024-01-30 21:17:00,4940.0,Vendor_074,Operations,Operations,Card,Emp_061,INV-2024-0005526,1,split_payment
TX-001010,2024-01-31 07:03:00,2447.46,Vendor_025,Marketing,Operations,Card,Emp_046,INV-2024-0000871,0,normal
TX-001011,2024-01-31 07:06:00,646.66,Vendor_019,Sales,Supplies,ACH,Emp_101,INV-2024-0000893,0,normal
TX-001012,2024-01-31 08:11:00,1210.51,Vendor_026,HR,Payroll,Wire,Emp_026,INV-2024-0000888,0,normal
TX-001013,2024-01-31 08:25:00,2108.84,Vendor_008,Finance,Consulting,Card,Emp_009,INV-2024-0000895,0,normal
TX-001014,2024-01-31 08:32:00,828.95,Vendor_082,Marketing,Consulting,Wire,Emp_058,INV-2024-0000870,0,normal
TX-001015,2024-01-31 08:34:00,2558.34,Vendor_059,Sales,Supplies,ACH,Emp_105,INV-2024-0005188,0,normal
TX-001016,2024-01-31 08:36:00,1121.6,Vendor_067,IT,Payroll,Wire,Emp_033,INV-2024-0000869,0,normal
TX-001017,2024-01-31 08:38:00,1832.45,Vendor_091,Support,Consulting,Wire,Emp_117,INV-2024-0000872,0,normal
TX-001018,2024-01-31 09:09:00,6777.57,Vendor_031,Operations,Consulting,Wire,Emp_074,INV-2024-0000884,0,normal
TX-001019,2024-01-31 09:31:00,1479.12,Vendor_078,Finance,Operations,Wire,Emp_015,INV-2024-0000890,0,normal
TX-001020,2024-01-31 10:08:00,9071.7,Vendor_086,Operations,IT,Check,Emp_069,INV-2024-0000874,0,normal
TX-001021,2024-01-31 10:13:00,4085.6,Vendor_059,Marketing,Consulting,Check,Emp_051,INV-2024-0000867,0,normal
TX-001022,2024-01-31 10:17:00,1474.13,Vendor_118,HR,Payroll,Card,Emp_020,INV-2024-0000892,0,normal
TX-001023,2024-01-31 10:26:00,1083.46,Vendor_009,Operations,Operations,Check,Emp_075,INV-2024-0000887,0,normal
TX-001024,2024-01-31 10:52:00,1430.13,Vendor_026,HR,Operations,ACH,Emp_026,INV-2024-0000883,0,normal
TX-001025,2024-01-31 11:25:00,2481.58,Vendor_093,Legal,Payroll,Check,Emp_077,INV-2024-0000886,0,normal
TX-001026,2024-01-31 11:26:00,5503.82,Vendor_114,IT,Consulting,Check,Emp_045,INV-2024-0000868,0,normal
TX-001027,2024-01-31 11:43:00,1512.08,Vendor_117,HR,IT,Check,Emp_016,INV-2024-0000885,0,normal
TX-001028,2024-01-31 11:55:00,730.99,Vendor_032,HR,Travel,Card,Emp_023,INV-2024-0000889,0,normal
TX-001029,2024-01-31 11:56:00,1987.75,Vendor_093,Legal,Supplies,Card,Emp_087,INV-2024-0000881,0,normal
TX-001030,2024-01-31 12:56:00,1236.94,Vendor_056,Marketing,Travel,Card,Emp_053,INV-2024-0000880,0,normal
TX-001031,2024-01-31 13:05:00,1417.34,Vendor_067,IT,Supplies,Check,Emp_043,INV-2024-0000897,0,normal
TX-001032,2024-01-31 13:25:00,957.15,Vendor_064,IT,Operations,Card,Emp_034,INV-2024-0000899,0,normal
TX-001033,2024-01-31 13:34:00,1067.88,Vendor_067,Finance,Supplies,ACH,Emp_001,INV-2024-0000879,0,normal
TX-001034,2024-01-31 13:40:00,4810.0,Vendor_118,HR,Payroll,ACH,Emp_020,INV-2024-0005758,1,split_payment
TX-001035,2024-01-31 13:45:00,836.21,Vendor_082,Marketing,Consulting,Check,Emp_058,INV-2024-0000877,0,normal
TX-001036,2024-01-31 13:52:00,1137.5,Vendor_103,Finance,Operations,Wire,Emp_004,INV-2024-0000876,0,normal
TX-001037,2024-01-31 13:57:00,3371.47,Vendor_081,Finance,Consulting,Card,Emp_008,INV-2024-0000878,0,normal
TX-001038,2024-01-31 13:59:00,1764.2,Vendor_066,Legal,Travel,Wire,Emp_079,INV-2024-0000894,0,normal
TX-001039,2024-01-31 14:01:00,9810.0,Vendor_032,HR,Travel,Wire,Emp_023,INV-2024-0005702,1,split_payment
TX-001040,2024-01-31 14:21:00,5077.29,Vendor_059,Marketing,Consulting,Check,Emp_051,INV-2024-0005717,1,same_day_burst
TX-001041,2024-01-31 14:39:00,3492.91,Vendor_059,Marketing,Consulting,Check,Emp_051,INV-2024-0005765,1,same_day_burst
TX-001042,2024-01-31 14:48:00,1644.62,Vendor_078,Finance,Travel,Card,Emp_004,INV-2024-0000873,0,normal
TX-001043,2024-01-31 14:58:00,2369.51,Vendor_024,Marketing,Supplies,Wire,Emp_054,INV-2024-0000898,0,normal
TX-001044,2024-01-31 15:14:00,2900.5,Vendor_054,Legal,Consulting,Check,Emp_076,INV-2024-0000875,0,normal
TX-001045,2024-01-31 15:17:00,1156.87,Vendor_079,Sales,Operations,Card,Emp_095,INV-2024-0000891,0,normal
TX-001046,2024-01-31 15:24:00,3388.6,Vendor_119,Marketing,Travel,Card,Emp_051,INV-2024-0005207,1,duplicate_invoice
TX-001047,2024-01-31 15:27:00,4661.6,Vendor_069,Legal,Operations,Wire,Emp_081,INV-2024-0000882,0,normal
TX-001048,2024-01-31 15:59:00,2761.13,Vendor_084,Marketing,Travel,ACH,Emp_049,INV-2024-0000896,0,normal
TX-001049,2024-01-31 16:20:00,12077.06,Vendor_053,Support,IT,Card,Emp_114,INV-2024-0005612,1,high_amount
TX-001050,2024-01-31 16:51:00,4467.93,Vendor_025,Support,Payroll,Check,Emp_110,INV-2024-0005621,1,payment_method_switch
TX-001051,2024-01-31 16:51:00,4565.71,Vendor_034,Sales,Supplies,Card,Emp_100,INV-2024-0005492,1,payment_method_switch
TX-001052,2024-01-31 17:10:00,2068.58,Vendor_002,HR,Supplies,Check,Emp_019,INV-2024-0000900,0,normal
TX-001053,2024-01-31 19:05:00,3817.78,Vendor_024,IT,IT,ACH,Emp_037,INV-2024-0005794,1,vendor_department_shift
TX-001054,2024-01-31 20:24:00,16803.61,Vendor_086,Legal,Payroll,Check,Emp_082,INV-2024-0005557,1,vendor_department_shift
TX-001055,2024-02-01 06:45:00,847.91,Vendor_082,Marketing,Consulting,Check,Emp_058,INV-2024-0000877,1,duplicate_invoice
TX-001056,2024-02-01 07:03:00,883.45,Vendor_019,Sales,Supplies,ACH,Emp_100,INV-2024-0000926,0,normal
TX-001057,2024-02-01 07:24:00,1722.12,Vendor_014,HR,Supplies,ACH,Emp_029,INV-2024-0000906,0,normal
TX-001058,2024-02-01 07:26:00,323.92,Vendor_048,Marketing,Consulting,Card,Emp_048,INV-2024-0000912,0,normal
TX-001059,2024-02-01 07:34:00,1748.78,Vendor_039,IT,Payroll,Wire,Emp_040,INV-2024-0000935,0,normal
TX-001060,2024-02-01 08:25:00,7759.83,Vendor_069,Legal,Travel,ACH,Emp_079,INV-2024-0000908,0,normal
TX-001061,2024-02-01 08:54:00,1916.93,Vendor_027,Sales,Operations,ACH,Emp_101,INV-2024-0000918,0,normal
TX-001062,2024-02-01 09:42:00,951.47,Vendor_009,Operations,Operations,ACH,Emp_070,INV-2024-0005243,0,normal
TX-001063,2024-02-01 09:51:00,2286.56,Vendor_046,Finance,Travel,Check,Emp_004,INV-2024-0005145,0,normal
TX-001064,2024-02-01 10:06:00,8730.72,Vendor_096,Finance,Operations,Card,Emp_006,INV-2024-0000931,0,normal
TX-001065,2024-02-01 10:09:00,2624.27,Vendor_018,Support,Travel,Check,Emp_118,INV-2024-0000907,0,normal
TX-001066,2024-02-01 10:10:00,855.45,Vendor_082,Marketing,Consulting,Check,Emp_052,INV-2024-0000917,0,normal
TX-001067,2024-02-01 10:24:00,3904.37,Vendor_006,HR,Travel,Wire,Emp_024,INV-2024-0000904,0,normal
TX-001068,2024-02-01 10:42:00,923.04,Vendor_037,Legal,Consulting,Card,Emp_083,INV-2024-0000934,0,normal
TX-001069,2024-02-01 10:43:00,2000.26,Vendor_046,Marketing,Travel,Check,Emp_055,INV-2024-0000901,0,normal
TX-001070,2024-02-01 11:03:00,4074.36,Vendor_030,Legal,IT,Card,Emp_079,INV-2024-0000920,0,normal
TX-001071,2024-02-01 11:09:00,2324.59,Vendor_113,Marketing,Consulting,Wire,Emp_055,INV-2024-0000927,0,normal
TX-001072,2024-02-01 11:12:00,2109.97,Vendor_027,Sales,Operations,Card,Emp_098,INV-2024-0000924,0,normal
TX-001073,2024-02-01 11:14:00,1080.44,Vendor_083,Operations,IT,Wire,Emp_075,INV-2024-0000936,0,normal
TX-001074,2024-02-01 12:01:00,1185.62,Vendor_016,Support,IT,Wire,Emp_119,INV-2024-0000914,0,normal
TX-001075,2024-02-01 12:37:00,11172.45,Vendor_086,Sales,IT,Card,Emp_103,INV-2024-0000930,0,normal
TX-001076,2024-02-01 12:41:00,873.01,Vendor_068,Sales,Consulting,ACH,Emp_098,INV-2024-0000922,0,normal
TX-001077,2024-02-01 12:44:00,746.03,Vendor_032,HR,Travel,Check,Emp_016,INV-2024-0000915,0,normal
TX-001078,2024-02-01 12:56:00,2628.54,Vendor_005,Legal,Travel,Check,Emp_087,INV-2024-0000929,0,normal
TX-001079,2024-02-01 13:03:00,3044.79,Vendor_075,HR,Consulting,ACH,Emp_030,INV-2024-0000919,0,normal
TX-001080,2024-02-01 13:14:00,5638.09,Vendor_060,IT,Travel,ACH,Emp_031,INV-2024-0000911,0,normal
TX-001081,2024-02-01 13:14:00,1952.83,Vendor_033,Support,Operations,ACH,Emp_117,INV-2024-0000925,0,normal
TX-001082,2024-02-01 13:34:00,1573.76,Vendor_036,Support,Supplies,Card,Emp_112,INV-2024-0000909,0,normal
TX-001083,2024-02-01 13:48:00,1111.33,Vendor_064,IT,Supplies,Card,Emp_033,INV-2024-0000913,0,normal
TX-001084,2024-02-01 13:53:00,1346.93,Vendor_070,Sales,Consulting,ACH,Emp_102,INV-2024-0000932,0,normal
TX-001085,2024-02-01 14:24:00,3223.56,Vendor_117,HR,IT,ACH,Emp_019,INV-2024-0000933,0,normal
TX-001086,2024-02-01 14:44:00,10847.97,Vendor_086,Sales,IT,ACH,Emp_099,INV-2024-0000916,0,normal
TX-001087,2024-02-01 15:05:00,9695.55,Vendor_096,Sales,Operations,ACH,Emp_103,INV-2024-0000910,0,normal
TX-001088,2024-02-01 15:10:00,8203.48,Vendor_088,Sales,IT,Wire,Emp_098,INV-2024-0000923,0,normal
TX-001089,2024-02-01 15:17:00,2450.0,Vendor_009,Operations,Operations,Wire,Emp_070,INV-2024-0005393,1,split_payment
TX-001090,2024-02-01 15:18:00,912.76,Vendor_063,Sales,Operations,Check,Emp_094,INV-2024-0000903,0,normal
TX-001091,2024-02-01 15:20:00,1902.76,Vendor_045,Sales,Supplies,ACH,Emp_103,INV-2024-0000928,0,normal
TX-001092,2024-02-01 16:00:00,2050.7,Vendor_007,IT,Payroll,Card,Emp_033,INV-2024-0000921,0,normal
TX-001093,2024-02-01 16:43:00,6649.27,Vendor_071,Finance,Travel,ACH,Emp_005,INV-2024-0000902,0,normal
TX-001094,2024-02-01 17:13:00,4890.0,Vendor_006,HR,Travel,Check,Emp_024,INV-2024-0005753,1,split_payment
TX-001095,2024-02-01 17:30:00,3136.86,Vendor_117,Sales,IT,ACH,Emp_096,INV-2024-0000905,0,normal
TX-001096,2024-02-01 18:12:00,13247.26,Vendor_086,Sales,IT,ACH,Emp_099,INV-2024-0005740,1,same_day_burst
TX-001097,2024-02-01 18:56:00,1252.76,Vendor_056,Marketing,Travel,Wire,Emp_050,INV-2024-0000880,1,duplicate_invoice
TX-001098,2024-02-02 07:15:00,3399.24,Vendor_054,Operations,IT,Check,Emp_063,INV-2024-0000963,0,normal
TX-001099,2024-02-02 07:19:00,1761.47,Vendor_104,Sales,Consulting,Card,Emp_095,INV-2024-0000952,0,normal
TX-001100,2024-02-02 07:32:00,1132.79,Vendor_067,IT,Payroll,Wire,Emp_042,INV-2024-0000989,0,normal
TX-001101,2024-02-02 07:50:00,1780.45,Vendor_001,Finance,Consulting,Wire,Emp_007,INV-2024-0000946,0,normal
TX-001102,2024-02-02 08:18:00,1010.22,Vendor_038,Finance,Payroll,Check,Emp_003,INV-2024-0000966,0,normal
TX-001103,2024-02-02 08:38:00,2136.05,Vendor_084,Operations,Travel,ACH,Emp_069,INV-2024-0000982,0,normal
TX-001104,2024-02-02 08:43:00,1936.87,Vendor_090,Support,Supplies,Wire,Emp_106,INV-2024-0000964,0,normal
TX-001105,2024-02-02 09:04:00,5168.51,Vendor_069,Legal,Travel,ACH,Emp_076,INV-2024-0000953,0,normal
TX-001106,2024-02-02 09:19:00,2882.92,Vendor_045,Sales,Supplies,Card,Emp_104,INV-2024-0000957,0,normal
TX-001107,2024-02-02 09:31:00,4867.68,Vendor_002,HR,Supplies,Check,Emp_022,INV-2024-0000937,0,normal
TX-001108,2024-02-02 10:18:00,5126.16,Vendor_030,Legal,IT,ACH,Emp_083,INV-2024-0000969,0,normal
TX-001109,2024-02-02 10:20:00,6479.66,Vendor_006,Sales,Payroll,ACH,Emp_104,INV-2024-0000960,0,normal
TX-001110,2024-02-02 10:28:00,686.85,Vendor_009,Operations,Operations,Check,Emp_068,INV-2024-0000988,0,normal
TX-001111,2024-02-02 10:30:00,2150.0,Vendor_054,Operations,Operations,ACH,Emp_073,INV-2024-0000962,0,normal
TX-001112,2024-02-02 10:30:00,1246.88,Vendor_097,Legal,Operations,Wire,Emp_085,INV-2024-0000983,0,normal
TX-001113,2024-02-02 10:50:00,4337.04,Vendor_040,Operations,Supplies,Check,Emp_064,INV-2024-0000943,0,normal
TX-001114,2024-02-02 10:56:00,1404.91,Vendor_004,Support,Payroll,Card,Emp_110,INV-2024-0000980,0,normal
TX-001115,2024-02-02 11:05:00,3538.19,Vendor_113,IT,Consulting,Card,Emp_044,INV-2024-0000967,0,normal
TX-001116,2024-02-02 11:20:00,1251.34,Vendor_074,Marketing,Operations,Wire,Emp_058,INV-2024-0000939,0,normal
TX-001117,2024-02-02 11:36:00,3643.62,Vendor_081,Finance,Travel,Wire,Emp_012,INV-2024-0000984,0,normal
TX-001118,2024-02-02 11:45:00,189.69,Vendor_109,Support,Payroll,Card,Emp_108,INV-2024-0000971,0,normal
TX-001119,2024-02-02 11:50:00,1174.53,Vendor_080,Legal,Consulting,ACH,Emp_081,INV-2024-0000938,0,normal
TX-001120,2024-02-02 11:58:00,1842.81,Vendor_005,Legal,IT,ACH,Emp_086,INV-2024-0000941,0,normal
TX-001121,2024-02-02 12:02:00,4436.59,Vendor_018,Legal,Travel,Card,Emp_076,INV-2024-0000940,0,normal
TX-001122,2024-02-02 12:06:00,5039.87,Vendor_112,Marketing,Consulting,ACH,Emp_047,INV-2024-0000968,0,normal
TX-001123,2024-02-02 12:22:00,4940.0,Vendor_067,IT,Payroll,Card,Emp_042,INV-2024-0005586,1,split_payment
TX-001124,2024-02-02 12:37:00,11087.13,Vendor_086,Sales,IT,Wire,Emp_092,INV-2024-0000930,1,fuzzy_duplicate
TX-001125,2024-02-02 12:42:00,2795.85,Vendor_075,HR,Consulting,ACH,Emp_019,INV-2024-0000973,0,normal
TX-001126,2024-02-02 12:45:00,6118.35,Vendor_095,Legal,Consulting,Card,Emp_080,INV-2024-0000986,0,normal
TX-001127,2024-02-02 12:47:00,2912.89,Vendor_113,Operations,Consulting,Card,Emp_065,INV-2024-0000956,0,normal
TX-001128,2024-02-02 12:47:00,3695.66,Vendor_025,Marketing,Consulting,Card,Emp_056,INV-2024-0000979,0,normal
TX-001129,2024-02-02 12:52:00,2528.99,Vendor_002,Legal,Operations,ACH,Emp_077,INV-2024-0000954,0,normal
TX-001130,2024-02-02 12:53:00,858.32,Vendor_068,Marketing,Operations,ACH,Emp_059,INV-2024-0000958,0,normal
TX-001131,2024-02-02 12:59:00,1200.84,Vendor_026,HR,Travel,Check,Emp_026,INV-2024-0000862,1,duplicate_invoice
TX-001132,2024-02-02 12:59:00,3739.19,Vendor_112,Sales,Consulting,Wire,Emp_095,INV-2024-0000987,0,normal
TX-001133,2024-02-02 13:03:00,2651.39,Vendor_039,IT,Consulting,Wire,Emp_036,INV-2024-0000961,0,normal
TX-001134,2024-02-02 13:05:00,3381.99,Vendor_018,Support,Supplies,Check,Emp_117,INV-2024-0000951,0,normal
TX-001135,2024-02-02 13:08:00,2573.85,Vendor_054,Operations,Operations,ACH,Emp_073,INV-2024-0005444,1,same_day_burst
TX-001136,2024-02-02 13:19:00,3226.53,Vendor_003,Finance,Payroll,Card,Emp_006,INV-2024-0000945,0,normal
TX-001137,2024-02-02 13:25:00,3139.68,Vendor_003,Finance,Operations,Wire,Emp_015,INV-2024-0000985,0,normal
TX-001138,2024-02-02 13:35:00,2211.69,Vendor_025,Marketing,Operations,Wire,Emp_052,INV-2024-0000959,0,normal
TX-001139,2024-02-02 13:45:00,3226.41,Vendor_075,Marketing,Consulting,Wire,Emp_052,INV-2024-0000981,0,normal
TX-001140,2024-02-02 13:53:00,6073.71,Vendor_092,Sales,Payroll,Wire,Emp_094,INV-2024-0000978,0,normal
TX-001141,2024-02-02 13:56:00,2378.11,Vendor_093,Legal,Payroll,Check,Emp_089,INV-2024-0000944,0,normal
TX-001142,2024-02-02 13:59:00,5682.07,Vendor_092,Sales,Payroll,Wire,Emp_104,INV-2024-0000972,0,normal
TX-001143,2024-02-02 14:14:00,1004.2,Vendor_013,Sales,IT,ACH,Emp_097,INV-2024-0000948,0,normal
TX-001144,2024-02-02 14:26:00,2150.0,Vendor_002,Support,Payroll,Wire,Emp_113,INV-2024-0000976,0,normal
TX-001145,2024-02-02 14:47:00,6392.25,Vendor_006,Marketing,Travel,ACH,Emp_047,INV-2024-0000942,0,normal
TX-001146,2024-02-02 14:55:00,3709.22,Vendor_048,Support,Consulting,Card,Emp_116,INV-2024-0005268,0,normal
TX-001147,2024-02-02 15:04:00,919.47,Vendor_067,IT,Supplies,ACH,Emp_041,INV-2024-0000965,0,normal
TX-001148,2024-02-02 15:07:00,7493.18,Vendor_006,Marketing,Travel,ACH,Emp_047,INV-2024-0005490,1,same_day_burst
TX-001149,2024-02-02 15:10:00,2093.11,Vendor_002,HR,Supplies,Card,Emp_025,INV-2024-0000900,1,fuzzy_duplicate
TX-001150,2024-02-02 15:18:00,4643.94,Vendor_020,Marketing,Operations,Card,Emp_057,INV-2024-0000950,0,normal
TX-001151,2024-02-02 15:26:00,2952.09,Vendor_115,Sales,IT,Card,Emp_098,INV-2024-0000977,0,normal
TX-001152,2024-02-02 15:41:00,1410.58,Vendor_026,HR,Travel,ACH,Emp_026,INV-2024-0000955,0,normal
TX-001153,2024-02-02 15:45:00,5787.45,Vendor_088,Sales,Payroll,Wire,Emp_093,INV-2024-0000974,0,normal
TX-001154,2024-02-02 15:47:00,4476.49,Vendor_117,HR,Travel,Check,Emp_024,INV-2024-0005305,1,payment_method_switch
TX-001155,2024-02-02 15:57:00,7064.34,Vendor_088,Sales,Supplies,Wire,Emp_099,INV-2024-0000949,0,normal
TX-001156,2024-02-02 16:05:00,2555.59,Vendor_117,HR,IT,ACH,Emp_030,INV-2024-0000947,0,normal
TX-001157,2024-02-02 16:45:00,11299.68,Vendor_028,Marketing,Travel,Card,Emp_053,INV-2024-0000975,0,normal
TX-001158,2024-02-02 16:49:00,4910.0,Vendor_002,Support,Payroll,Card,Emp_113,INV-2024-0005535,1,split_payment
TX-001159,2024-02-02 17:36:00,6311.33,Vendor_006,HR,Payroll,ACH,Emp_025,INV-2024-0000970,0,normal
TX-001160,2024-02-02 20:46:00,11860.95,Vendor_053,Support,IT,Card,Emp_114,INV-2024-0005599,1,high_amount
TX-001161,2024-02-02 20:48:00,6137.86,Vendor_006,HR,Payroll,ACH,Emp_025,INV-2024-0005462,1,same_day_burst
TX-001162,2024-02-02 20:53:00,2373.92,Vendor_054,Operations,Operations,ACH,Emp_073,INV-2024-0005285,1,same_day_burst
TX-001163,2024-02-02 23:14:00,5872.08,Vendor_006,Marketing,Travel,ACH,Emp_047,INV-2024-0005421,1,same_day_burst
TX-001164,2024-02-03 07:46:00,2976.62,Vendor_014,Finance,Payroll,ACH,Emp_005,INV-2024-0005453,1,vendor_department_shift
TX-001165,2024-02-03 08:54:00,3744.09,Vendor_043,Marketing,Travel,Card,Emp_052,INV-2024-0000993,0,normal
TX-001166,2024-02-03 09:36:00,1012.47,Vendor_064,IT,Travel,Check,Emp_032,INV-2024-0001002,0,normal
TX-001167,2024-02-03 10:44:00,4380.43,Vendor_051,HR,Payroll,Card,Emp_024,INV-2024-0001001,0,normal
TX-001168,2024-02-03 11:18:00,1659.68,Vendor_053,Support,IT,Wire,Emp_111,INV-2024-0005206,0,normal
TX-001169,2024-02-03 11:46:00,3578.18,Vendor_059,Sales,Supplies,Check,Emp_101,INV-2024-0000990,0,normal
TX-001170,2024-02-03 11:48:00,2555.47,Vendor_005,Legal,Supplies,Check,Emp_081,INV-2024-0000999,0,normal
TX-001171,2024-02-03 12:04:00,2746.77,Vendor_098,Finance,IT,ACH,Emp_006,INV-2024-0001003,0,normal
TX-001172,2024-02-03 13:48:00,2159.74,Vendor_055,Operations,Supplies,Card,Emp_075,INV-2024-0000991,0,normal
TX-001173,2024-02-03 14:46:00,2895.76,Vendor_093,Legal,Payroll,ACH,Emp_078,INV-2024-0000994,0,normal
TX-001174,2024-02-03 14:56:00,214.05,Vendor_109,Marketing,IT,Card,Emp_059,INV-2024-0000996,0,normal
TX-001175,2024-02-03 16:07:00,2138.37,Vendor_093,Legal,Payroll,ACH,Emp_077,INV-2024-0001004,0,normal
TX-001176,2024-02-03 16:27:00,2233.32,Vendor_025,Marketing,Operations,Wire,Emp_058,INV-2024-0001000,0,normal
TX-001177,2024-02-03 16:31:00,641.14,Vendor_019,Sales,Supplies,Check,Emp_091,INV-2024-0000997,0,normal
TX-001178,2024-02-03 16:33:00,972.47,Vendor_094,Legal,Consulting,Card,Emp_084,INV-2024-0000998,0,normal
TX-001179,2024-02-03 16:37:00,4095.02,Vendor_112,Sales,Travel,Check,Emp_096,INV-2024-0000995,0,normal
TX-001180,2024-02-03 17:28:00,893.09,Vendor_032,HR,Travel,Check,Emp_027,INV-2024-0005210,0,normal
TX-001181,2024-02-03 17:39:00,2202.41,Vendor_008,IT,Consulting,Card,Emp_034,INV-2024-0000992,0,normal
TX-001182,2024-02-04 08:10:00,1091.13,Vendor_064,IT,Travel,Wire,Emp_033,INV-2024-0001016,0,normal
TX-001183,2024-02-04 08:19:00,13538.08,Vendor_110,Legal,Travel,Wire,Emp_087,INV-2024-0001006,0,normal
TX-001184,2024-02-04 10:48:00,7740.82,Vendor_105,Operations,Operations,Check,Emp_071,INV-2024-0005133,0,normal
TX-001185,2024-02-04 10:51:00,5991.35,Vendor_031,Operations,Consulting,ACH,Emp_064,INV-2024-0001009,0,normal
TX-001186,2024-02-04 10:52:00,1472.72,Vendor_106,HR,Consulting,ACH,Emp_027,INV-2024-0001013,0,normal
TX-001187,2024-02-04 11:30:00,2155.69,Vendor_054,Operations,Operations,ACH,Emp_067,INV-2024-0000962,1,duplicate_invoice
TX-001188,2024-02-04 12:00:00,3445.19,Vendor_060,IT,Travel,ACH,Emp_041,INV-2024-0005176,0,normal
TX-001189,2024-02-04 12:49:00,1732.05,Vendor_118,Support,IT,Card,Emp_112,INV-2024-0001015,0,normal
TX-001190,2024-02-04 12:58:00,5029.34,Vendor_086,Support,IT,ACH,Emp_114,INV-2024-0001008,0,normal
TX-001191,2024-02-04 13:24:00,7344.12,Vendor_060,IT,Payroll,ACH,Emp_043,INV-2024-0001014,0,normal
TX-001192,2024-02-04 13:46:00,6881.6,Vendor_060,IT,IT,ACH,Emp_041,INV-2024-0001010,0,normal
TX-001193,2024-02-04 15:57:00,693.62,Vendor_012,Support,Operations,Card,Emp_114,INV-2024-0001012,0,normal
TX-001194,2024-02-04 17:00:00,7970.15,Vendor_107,Support,IT,Check,Emp_106,INV-2024-0001005,0,normal
TX-001195,2024-02-04 17:04:00,1105.44,Vendor_038,Sales,Travel,ACH,Emp_094,INV-2024-0001007,0,normal
TX-001196,2024-02-04 17:11:00,4128.27,Vendor_024,Marketing,Supplies,Card,Emp_056,INV-2024-0001011,0,normal
TX-001197,2024-02-05 04:56:00,12618.9,Vendor_042,Legal,Consulting,Wire,Emp_081,INV-2024-0005696,1,high_amount
TX-001198,2024-02-05 08:26:00,3478.44,Vendor_081,Finance,Supplies,Card,Emp_003,INV-2024-0001027,0,normal
TX-001199,2024-02-05 08:49:00,17016.04,Vendor_075,HR,Consulting,Check,Emp_019,INV-2024-0005442,1,high_amount
TX-001200,2024-02-05 09:10:00,1972.9,Vendor_008,Finance,Supplies,Check,Emp_002,INV-2024-0001026,0,normal
TX-001201,2024-02-05 09:41:00,1643.94,Vendor_118,Support,IT,Card,Emp_120,INV-2024-0001041,0,normal
TX-001202,2024-02-05 10:18:00,2688.5,Vendor_101,HR,IT,Check,Emp_016,INV-2024-0001019,0,normal
TX-001203,2024-02-05 11:07:00,1029.22,Vendor_066,Legal,Travel,Wire,Emp_079,INV-2024-0005140,0,normal
TX-001204,2024-02-05 11:18:00,810.64,Vendor_032,HR,Travel,Check,Emp_021,INV-2024-0001034,0,normal
TX-001205,2024-02-05 11:22:00,990.4,Vendor_097,Legal,Operations,Wire,Emp_077,INV-2024-0001050,0,normal
TX-001206,2024-02-05 11:23:00,941.52,Vendor_037,Legal,Payroll,Wire,Emp_076,INV-2024-0001025,0,normal
TX-001207,2024-02-05 11:23:00,1226.71,Vendor_067,IT,Payroll,ACH,Emp_042,INV-2024-0005225,0,normal
TX-001208,2024-02-05 11:39:00,1256.14,Vendor_097,Legal,Operations,Wire,Emp_088,INV-2024-0001037,0,normal
TX-001209,2024-02-05 12:11:00,948.45,Vendor_019,Sales,IT,ACH,Emp_100,INV-2024-0001032,0,normal
TX-001210,2024-02-05 12:14:00,2459.94,Vendor_027,Sales,Operations,Wire,Emp_100,INV-2024-0001029,0,normal
TX-001211,2024-02-05 12:15:00,1658.65,Vendor_041,Legal,IT,ACH,Emp_077,INV-2024-0001051,0,normal
TX-001212,2024-02-05 12:23:00,209.11,Vendor_109,Support,Supplies,Wire,Emp_110,INV-2024-0001017,0,normal
TX-001213,2024-02-05 12:52:00,622.34,Vendor_032,HR,Travel,Wire,Emp_027,INV-2024-0001021,0,normal
TX-001214,2024-02-05 12:52:00,6603.52,Vendor_112,Sales,Consulting,Wire,Emp_093,INV-2024-0001038,0,normal
TX-001215,2024-02-05 12:53:00,7910.55,Vendor_020,Marketing,Payroll,Check,Emp_058,INV-2024-0005506,1,payment_method_switch
TX-001216,2024-02-05 13:08:00,2249.7,Vendor_091,Support,IT,Wire,Emp_112,INV-2024-0001030,0,normal
TX-001217,2024-02-05 13:08:00,3350.01,Vendor_024,Marketing,Supplies,Wire,Emp_051,INV-2024-0001024,0,normal
TX-001218,2024-02-05 13:14:00,4228.14,Vendor_020,Marketing,Consulting,ACH,Emp_057,INV-2024-0001035,0,normal
TX-001219,2024-02-05 13:25:00,1192.9,Vendor_074,Operations,Travel,Wire,Emp_064,INV-2024-0001042,0,normal
TX-001220,2024-02-05 13:35:00,3143.67,Vendor_108,Marketing,Travel,Wire,Emp_054,INV-2024-0001022,0,normal
TX-001221,2024-02-05 14:01:00,917.44,Vendor_038,Finance,Payroll,ACH,Emp_008,INV-2024-0001031,0,normal
TX-001222,2024-02-05 14:09:00,968.85,Vendor_067,IT,Supplies,ACH,Emp_035,INV-2024-0001043,0,normal
TX-001223,2024-02-05 14:25:00,895.98,Vendor_042,Legal,Travel,Check,Emp_077,INV-2024-0001028,0,normal
TX-001224,2024-02-05 14:33:00,5564.16,Vendor_051,HR,Operations,Check,Emp_024,INV-2024-0001047,0,normal
TX-001225,2024-02-05 14:47:00,2206.45,Vendor_048,IT,Consulting,Check,Emp_044,INV-2024-0001018,0,normal
TX-001226,2024-02-05 14:52:00,728.99,Vendor_094,Legal,Operations,Check,Emp_088,INV-2024-0001045,0,normal
TX-001227,2024-02-05 14:57:00,1132.32,Vendor_066,Legal,Operations,ACH,Emp_083,INV-2024-0001049,0,normal
TX-001228,2024-02-05 15:08:00,1736.89,Vendor_104,Sales,Consulting,Wire,Emp_096,INV-2024-0001033,0,normal
TX-001229,2024-02-05 15:33:00,1689.41,Vendor_120,HR,IT,ACH,Emp_025,INV-2024-0001044,0,normal
TX-001230,2024-02-05 15:41:00,778.15,Vendor_102,Support,Consulting,ACH,Emp_119,INV-2024-0001020,0,normal
TX-001231,2024-02-05 16:33:00,4910.0,Vendor_118,Support,IT,ACH,Emp_120,INV-2024-0005629,1,split_payment
TX-001232,2024-02-05 17:05:00,1247.3,Vendor_026,Legal,Travel,Check,Emp_086,INV-2024-0001040,0,normal
TX-001233,2024-02-05 17:22:00,2509.18,Vendor_003,Finance,Payroll,Card,Emp_002,INV-2024-0005117,0,normal
TX-001234,2024-02-05 17:39:00,3673.42,Vendor_112,Sales,Consulting,Check,Emp_105,INV-2024-0001039,0,normal
TX-001235,2024-02-05 17:39:00,3902.34,Vendor_113,Operations,Consulting,Check,Emp_065,INV-2024-0001036,0,normal
TX-001236,2024-02-05 17:40:00,2971.63,Vendor_081,Legal,Supplies,Wire,Emp_084,INV-2024-0001046,0,normal
TX-001237,2024-02-05 17:48:00,2002.22,Vendor_017,Operations,IT,ACH,Emp_064,INV-2024-0001023,0,normal
TX-001238,2024-02-05 18:51:00,1394.03,Vendor_101,HR,IT,Wire,Emp_019,INV-2024-0001048,0,normal
TX-001239,2024-02-06 08:43:00,445.92,Vendor_012,Support,Operations,Card,Emp_118,INV-2024-0001069,0,normal
TX-001240,2024-02-06 09:12:00,2009.66,Vendor_041,Finance,Supplies,Card,Emp_001,INV-2024-0001074,0,normal
TX-001241,2024-02-06 09:26:00,3059.11,Vendor_101,HR,IT,Check,Emp_029,INV-2024-0001070,0,normal
TX-001242,2024-02-06 10:00:00,7152.08,Vendor_086,Sales,IT,Card,Emp_092,INV-2024-0001061,0,normal
TX-001243,2024-02-06 10:18:00,2732.82,Vendor_069,Legal,Operations,Wire,Emp_082,INV-2024-0001058,0,normal
TX-001244,2024-02-06 10:24:00,1932.78,Vendor_106,Legal,Consulting,Check,Emp_090,INV-2024-0001078,0,normal
TX-001245,2024-02-06 10:37:00,14663.35,Vendor_108,Marketing,Travel,Card,Emp_047,INV-2024-0005330,1,high_amount
TX-001246,2024-02-06 11:02:00,1324.57,Vendor_066,Legal,Operations,ACH,Emp_080,INV-2024-0001057,0,normal
TX-001247,2024-02-06 11:21:00,3256.32,Vendor_039,IT,Consulting,Card,Emp_038,INV-2024-0001075,0,normal
TX-001248,2024-02-06 12:03:00,3382.48,Vendor_048,HR,Consulting,Wire,Emp_020,INV-2024-0001055,0,normal
TX-001249,2024-02-06 12:03:00,693.21,Vendor_032,HR,Travel,Card,Emp_027,INV-2024-0001072,0,normal
TX-001250,2024-02-06 12:10:00,1241.65,Vendor_082,Marketing,Consulting,Check,Emp_049,INV-2024-0001056,0,normal
TX-001251,2024-02-06 12:29:00,912.24,Vendor_063,Sales,Supplies,Card,Emp_097,INV-2024-0001071,0,normal
TX-001252,2024-02-06 12:30:00,1010.63,Vendor_044,Finance,Supplies,Wire,Emp_013,INV-2024-0001079,0,normal
TX-001253,2024-02-06 12:31:00,5270.36,Vendor_030,Legal,IT,ACH,Emp_090,INV-2024-0001076,0,normal
TX-001254,2024-02-06 13:18:00,5053.52,Vendor_114,IT,IT,ACH,Emp_039,INV-2024-0001065,0,normal
TX-001255,2024-02-06 13:40:00,1134.28,Vendor_040,HR,Supplies,Card,Emp_026,INV-2024-0001054,0,normal
TX-001256,2024-02-06 13:44:00,3152.2,Vendor_003,Finance,Consulting,ACH,Emp_009,INV-2024-0001066,0,normal
TX-001257,2024-02-06 13:46:00,1109.43,Vendor_011,IT,Operations,Wire,Emp_035,INV-2024-0001068,0,normal
TX-001258,2024-02-06 14:10:00,4077.92,Vendor_032,HR,Travel,Wire,Emp_023,INV-2024-0005684,1,high_amount
TX-001259,2024-02-06 14:13:00,3093.35,Vendor_040,HR,Supplies,Wire,Emp_016,INV-2024-0001053,0,normal
TX-001260,2024-02-06 14:13:00,5392.73,Vendor_107,Support,Consulting,Check,Emp_116,INV-2024-0001073,0,normal
TX-001261,2024-02-06 14:14:00,2453.69,Vendor_027,Sales,Operations,Wire,Emp_092,INV-6024-0001029,1,fuzzy_duplicate
TX-001262,2024-02-06 14:30:00,4795.43,Vendor_022,IT,IT,ACH,Emp_036,INV-2024-0001060,0,normal
TX-001263,2024-02-06 14:31:00,1541.73,Vendor_056,Marketing,Travel,Wire,Emp_046,INV-2024-0005154,0,normal
TX-001264,2024-02-06 14:43:00,4975.3,Vendor_020,Marketing,Consulting,Card,Emp_057,INV-2024-0001067,0,normal
TX-001265,2024-02-06 14:57:00,4262.0,Vendor_092,Sales,Payroll,Check,Emp_103,INV-2024-0001077,0,normal
TX-001266,2024-02-06 15:01:00,3192.28,Vendor_054,Marketing,IT,Check,Emp_054,INV-2024-0001064,0,normal
TX-001267,2024-02-06 15:06:00,4858.63,Vendor_114,IT,Consulting,Check,Emp_036,INV-2024-0005231,0,normal
TX-001268,2024-02-06 15:15:00,4200.0,Vendor_024,Marketing,Consulting,Check,Emp_046,INV-2024-0001062,0,normal
TX-001269,2024-02-06 15:57:00,184.59,Vendor_109,Support,IT,ACH,Emp_114,INV-2024-0001052,0,normal
TX-001270,2024-02-06 15:58:00,843.29,Vendor_032,HR,Travel,Check,Emp_019,INV-2024-0001059,0,normal
TX-001271,2024-02-06 17:04:00,1971.08,Vendor_108,Marketing,Travel,Wire,Emp_055,INV-2024-0001063,0,normal
TX-001272,2024-02-06 19:44:00,949.3,Vendor_032,HR,Travel,Check,Emp_019,INV-2024-0005479,1,same_day_burst
TX-001273,2024-02-07 07:49:00,2155.02,Vendor_101,Sales,IT,Check,Emp_096,INV-2024-0001093,0,normal
TX-001274,2024-02-07 08:20:00,1494.89,Vendor_099,HR,Operations,ACH,Emp_026,INV-2024-0001095,0,normal
TX-001275,2024-02-07 08:34:00,1353.66,Vendor_008,Finance,Consulting,ACH,Emp_001,INV-2024-0001101,0,normal
TX-001276,2024-02-07 08:47:00,718.58,Vendor_032,HR,Travel,Check,Emp_025,INV-2024-0001102,0,normal
TX-001277,2024-02-07 08:58:00,4812.15,Vendor_092,Sales,Payroll,Wire,Emp_095,INV-2024-0001082,0,normal
TX-001278,2024-02-07 09:15:00,1226.31,Vendor_013,Marketing,IT,Card,Emp_058,INV-2024-0001090,0,normal
TX-001279,2024-02-07 09:20:00,1820.37,Vendor_046,Finance,Travel,Wire,Emp_010,INV-2024-0001103,0,normal
TX-001280,2024-02-07 09:38:00,1500.65,Vendor_016,Finance,Supplies,ACH,Emp_003,INV-2024-0001109,0,normal
TX-001281,2024-02-07 09:48:00,2377.4,Vendor_042,Finance,Travel,Wire,Emp_003,INV-2024-0001107,0,normal
TX-001282,2024-02-07 09:59:00,2616.72,Vendor_061,Finance,Travel,Wire,Emp_005,INV-2024-0001099,0,normal
TX-001283,2024-02-07 10:01:00,3532.44,Vendor_035,Legal,IT,Wire,Emp_087,INV-2024-0001092,0,normal
TX-001284,2024-02-07 10:02:00,1346.84,Vendor_023,Finance,Travel,Check,Emp_007,INV-2024-0001088,0,normal
TX-001285,2024-02-07 10:10:00,4306.05,Vendor_060,IT,Travel,ACH,Emp_032,INV-2024-0001081,0,normal
TX-001286,2024-02-07 10:12:00,3360.42,Vendor_101,HR,IT,Check,Emp_024,INV-2024-0001114,0,normal
TX-001287,2024-02-07 10:17:00,2762.79,Vendor_005,Legal,Travel,ACH,Emp_079,INV-2024-0001091,0,normal
TX-001288,2024-02-07 10:17:00,2700.47,Vendor_008,Finance,Supplies,Card,Emp_002,INV-2024-0001085,0,normal
TX-001289,2024-02-07 10:22:00,2780.82,Vendor_091,Support,IT,Wire,Emp_116,INV-2024-0001113,0,normal
TX-001290,2024-02-07 10:24:00,1250.0,Vendor_106,HR,Consulting,ACH,Emp_017,INV-2024-0001097,0,normal
TX-001291,2024-02-07 11:07:00,1836.12,Vendor_104,Finance,Payroll,Card,Emp_010,INV-2024-0001096,0,normal
TX-001292,2024-02-07 11:10:00,842.71,Vendor_019,Operations,IT,ACH,Emp_074,INV-2024-0001115,0,normal
TX-001293,2024-02-07 11:20:00,1863.77,Vendor_066,Legal,IT,ACH,Emp_088,INV-2024-0001110,0,normal
TX-001294,2024-02-07 11:24:00,1069.04,Vendor_042,Legal,Travel,Card,Emp_086,INV-2024-0001086,0,normal
TX-001295,2024-02-07 12:09:00,2791.08,Vendor_101,Sales,Payroll,Card,Emp_104,INV-2024-0001080,0,normal
TX-001296,2024-02-07 12:48:00,2690.94,Vendor_113,Marketing,Consulting,Wire,Emp_055,INV-2024-0001084,0,normal
TX-001297,2024-02-07 13:17:00,1054.47,Vendor_014,HR,IT,Card,Emp_026,INV-2024-0001104,0,normal
TX-001298,2024-02-07 13:31:00,1637.87,Vendor_118,Support,IT,Card,Emp_116,INV-2024-0001098,0,normal
TX-001299,2024-02-07 13:33:00,1829.7,Vendor_041,Sales,Supplies,Wire,Emp_092,INV-2024-0001106,0,normal
TX-001300,2024-02-07 13:43:00,2868.19,Vendor_025,Marketing,Consulting,Card,Emp_058,INV-2024-0001105,0,normal
TX-001301,2024-02-07 14:17:00,1706.82,Vendor_001,Finance,Payroll,Check,Emp_004,INV-2024-0001094,0,normal
TX-001302,2024-02-07 14:22:00,1205.14,Vendor_065,Operations,Operations,Card,Emp_065,INV-2024-0001112,0,normal
TX-001303,2024-02-07 14:22:00,150.91,Vendor_109,Support,IT,Card,Emp_109,INV-2024-0001108,0,normal
TX-001304,2024-02-07 14:42:00,1416.38,Vendor_106,IT,Consulting,Check,Emp_035,INV-2024-0001087,0,normal
TX-001305,2024-02-07 15:38:00,1574.92,Vendor_118,Support,Payroll,ACH,Emp_114,INV-2024-0001100,0,normal
TX-001306,2024-02-07 15:44:00,1029.33,Vendor_070,HR,Consulting,ACH,Emp_019,INV-2024-0001089,0,normal
TX-001307,2024-02-07 16:49:00,801.25,Vendor_019,Sales,IT,ACH,Emp_094,INV-2024-0001083,0,normal
TX-001308,2024-02-07 17:09:00,1079.85,Vendor_044,Finance,IT,Wire,Emp_001,INV-2024-0001111,0,normal
TX-001309,2024-02-08 07:30:00,1037.48,Vendor_083,Operations,IT,Wire,Emp_071,INV-2024-0001116,0,normal
TX-001310,2024-02-08 08:03:00,8636.07,Vendor_110,Legal,IT,Card,Emp_078,INV-2024-0001152,0,normal
TX-001311,2024-02-08 09:22:00,4442.31,Vendor_114,IT,IT,Card,Emp_041,INV-2024-0001150,0,normal
TX-001312,2024-02-08 09:37:00,1243.19,Vendor_009,Operations,Operations,ACH,Emp_062,INV-2024-0001120,0,normal
TX-001313,2024-02-08 09:45:00,176.44,Vendor_109,Support,IT,Card,Emp_120,INV-2024-0001124,0,normal
TX-001314,2024-02-08 10:10:00,2714.71,Vendor_042,Legal,Travel,ACH,Emp_085,INV-2024-0001148,0,normal
TX-001315,2024-02-08 10:11:00,2557.98,Vendor_035,Legal,IT,ACH,Emp_086,INV-2024-0001118,0,normal
TX-001316,2024-02-08 10:12:00,479.7,Vendor_032,HR,Travel,Check,Emp_030,INV-2024-0001133,0,normal
TX-001317,2024-02-08 10:33:00,1806.69,Vendor_108,Marketing,Travel,ACH,Emp_047,INV-2024-0001149,0,normal
TX-001318,2024-02-08 10:45:00,989.76,Vendor_019,Operations,Supplies,ACH,Emp_062,INV-2024-0001126,0,normal
TX-001319,2024-02-08 11:01:00,5010.78,Vendor_043,Marketing,Travel,Card,Emp_054,INV-2024-0001127,0,normal
TX-001320,2024-02-08 11:04:00,1191.97,Vendor_067,IT,Payroll,Wire,Emp_037,INV-2024-0001128,0,normal
TX-001321,2024-02-08 11:17:00,1205.5,Vendor_007,Finance,Payroll,Card,Emp_008,INV-2024-0001122,0,normal
TX-001322,2024-02-08 11:42:00,633.08,Vendor_058,Legal,Supplies,Card,Emp_082,INV-2024-0001141,0,normal
TX-001323,2024-02-08 11:43:00,694.78,Vendor_094,Legal,Consulting,Wire,Emp_081,INV-2024-0001135,0,normal
TX-001324,2024-02-08 11:44:00,3884.83,Vendor_077,Support,Operations,Check,Emp_117,INV-2024-0001129,0,normal
TX-001325,2024-02-08 11:47:00,653.59,Vendor_058,Legal,Supplies,Card,Emp_079,INV-2024-0001132,0,normal
TX-001326,2024-02-08 11:47:00,2532.41,Vendor_120,IT,Payroll,ACH,Emp_045,INV-2024-0001153,0,normal
TX-001327,2024-02-08 12:02:00,1204.9,Vendor_067,IT,Supplies,ACH,Emp_045,INV-2024-0001119,0,normal
TX-001328,2024-02-08 12:06:00,4032.62,Vendor_040,Finance,Supplies,ACH,Emp_013,INV-2024-0001139,0,normal
TX-001329,2024-02-08 12:11:00,819.82,Vendor_058,Legal,Supplies,ACH,Emp_080,INV-2024-0001145,0,normal
TX-001330,2024-02-08 12:20:00,1405.55,Vendor_083,Operations,IT,Wire,Emp_065,INV-2024-0001125,0,normal
TX-001331,2024-02-08 12:22:00,2601.41,Vendor_015,HR,Consulting,Card,Emp_027,INV-2024-0001156,0,normal
TX-001332,2024-02-08 12:49:00,1310.8,Vendor_111,Operations,Payroll,Wire,Emp_074,INV-2024-0001123,0,normal
TX-001333,2024-02-08 12:54:00,2587.34,Vendor_113,Operations,Consulting,Card,Emp_070,INV-2024-0001134,0,normal
TX-001334,2024-02-08 13:05:00,3115.99,Vendor_039,IT,Consulting,Wire,Emp_036,INV-2024-0001121,0,normal
TX-001335,2024-02-08 13:06:00,821.19,Vendor_094,Legal,Operations,Card,Emp_089,INV-2024-0001130,0,normal
TX-001336,2024-02-08 13:25:00,9291.38,Vendor_110,Legal,Travel,ACH,Emp_076,INV-2024-0001154,0,normal
TX-001337,2024-02-08 13:29:00,3188.79,Vendor_117,HR,Consulting,Card,Emp_023,INV-2024-0001131,0,normal
TX-001338,2024-02-08 13:32:00,3118.27,Vendor_073,Marketing,Consulting,ACH,Emp_058,INV-2024-0001137,0,normal
TX-001339,2024-02-08 13:35:00,650.45,Vendor_058,Legal,Supplies,Card,Emp_079,INV-2024-0005551,1,same_day_burst
TX-001340,2024-02-08 13:48:00,2738.74,Vendor_048,Support,Consulting,Card,Emp_116,INV-2024-0001138,0,normal
TX-001341,2024-02-08 13:50:00,1717.22,Vendor_104,Sales,Consulting,Card,Emp_096,INV-2024-0001142,0,normal
TX-001342,2024-02-08 14:05:00,1947.93,Vendor_104,Sales,Consulting,Wire,Emp_097,INV-2024-0001146,0,normal
TX-001343,2024-02-08 14:11:00,9207.67,Vendor_086,Support,IT,ACH,Emp_119,INV-2024-0001143,0,normal
TX-001344,2024-02-08 14:15:00,3930.95,Vendor_062,Sales,Travel,ACH,Emp_092,INV-2024-0001147,0,normal
TX-001345,2024-02-08 15:34:00,3395.04,Vendor_105,Operations,Operations,ACH,Emp_072,INV-2024-0001155,0,normal
TX-001346,2024-02-08 15:52:00,745.66,Vendor_064,IT,Travel,Check,Emp_034,INV-2024-0001117,0,normal
TX-001347,2024-02-08 16:38:00,5756.96,Vendor_096,Sales,Operations,Wire,Emp_098,INV-2024-0001144,0,normal
TX-001348,2024-02-08 17:20:00,8865.29,Vendor_096,Sales,Operations,Wire,Emp_096,INV-2024-0001140,0,normal
TX-001349,2024-02-08 18:00:00,4956.04,Vendor_030,Legal,IT,Check,Emp_089,INV-2024-0001136,0,normal
TX-001350,2024-02-08 18:29:00,1438.69,Vendor_099,HR,Operations,ACH,Emp_028,INV-2024-0001151,0,normal
TX-001351,2024-02-08 21:22:00,576.66,Vendor_058,Legal,Supplies,Card,Emp_079,INV-2024-0005576,1,same_day_burst
TX-001352,2024-02-09 07:26:00,3136.1,Vendor_101,HR,IT,Card,Emp_022,INV-2024-0001070,1,duplicate_invoice
TX-001353,2024-02-09 08:06:00,1024.34,Vendor_094,Legal,Operations,Card,Emp_089,INV-2024-0001166,0,normal
TX-001354,2024-02-09 09:05:00,1506.89,Vendor_055,IT,Supplies,Card,Emp_031,INV-2024-0001158,0,normal
TX-001355,2024-02-09 09:12:00,1093.21,Vendor_094,Legal,IT,Card,Emp_086,INV-2024-0001179,0,normal
TX-001356,2024-02-09 09:36:00,4601.72,Vendor_105,Operations,Consulting,ACH,Emp_063,INV-2024-0005226,0,normal
TX-001357,2024-02-09 09:49:00,5836.79,Vendor_069,Support,Travel,Wire,Emp_108,INV-2024-0001167,0,normal
TX-001358,2024-02-09 09:51:00,633.49,Vendor_103,Finance,Operations,ACH,Emp_010,INV-2024-0001185,0,normal
TX-001359,2024-02-09 10:54:00,2248.34,Vendor_113,Operations,Supplies,Card,Emp_074,INV-2024-0001176,0,normal
TX-001360,2024-02-09 11:08:00,1270.42,Vendor_050,Finance,Travel,Card,Emp_011,INV-2024-0001164,0,normal
TX-001361,2024-02-09 11:15:00,4993.37,Vendor_119,Marketing,Travel,Check,Emp_047,INV-2024-0001169,0,normal
TX-001362,2024-02-09 11:18:00,1152.48,Vendor_083,Operations,IT,Wire,Emp_063,INV-2024-0001174,0,normal
TX-001363,2024-02-09 11:23:00,8146.56,Vendor_110,Legal,Travel,Wire,Emp_088,INV-2024-0001173,0,normal
TX-001364,2024-02-09 11:41:00,2974.46,Vendor_054,Operations,Operations,ACH,Emp_070,INV-2024-0001162,0,normal
TX-001365,2024-02-09 12:08:00,4954.03,Vendor_006,Sales,IT,Wire,Emp_093,INV-2024-0001180,0,normal
TX-001366,2024-02-09 12:21:00,1749.57,Vendor_066,Support,Travel,ACH,Emp_115,INV-2024-0001175,0,normal
TX-001367,2024-02-09 12:29:00,2081.15,Vendor_101,HR,Travel,ACH,Emp_026,INV-2024-0001184,0,normal
TX-001368,2024-02-09 12:42:00,2519.88,Vendor_005,Legal,IT,Check,Emp_084,INV-2024-0001183,0,normal
TX-001369,2024-02-09 12:49:00,1089.38,Vendor_083,Operations,IT,Wire,Emp_073,INV-2024-0001177,0,normal
TX-001370,2024-02-09 12:52:00,1262.13,Vendor_066,Legal,Travel,ACH,Emp_085,INV-2024-0001165,0,normal
TX-001371,2024-02-09 13:08:00,931.65,Vendor_067,IT,Travel,ACH,Emp_043,INV-2024-0001181,0,normal
TX-001372,2024-02-09 13:13:00,4764.22,Vendor_114,IT,Consulting,Check,Emp_034,INV-2024-0001182,0,normal
TX-001373,2024-02-09 13:17:00,1165.1,Vendor_050,Finance,Travel,ACH,Emp_014,INV-2024-0001171,0,normal
TX-001374,2024-02-09 13:21:00,4071.96,Vendor_024,Marketing,Consulting,Wire,Emp_053,INV-2024-0001186,0,normal
TX-001375,2024-02-09 13:37:00,1242.09,Vendor_083,Operations,IT,ACH,Emp_063,INV-2024-0001160,0,normal
TX-001376,2024-02-09 14:13:00,3361.92,Vendor_015,Finance,Consulting,Wire,Emp_001,INV-2024-0001168,0,normal
TX-001377,2024-02-09 14:13:00,1355.27,Vendor_070,Legal,Consulting,ACH,Emp_081,INV-2024-0001157,0,normal
TX-001378,2024-02-09 14:33:00,748.32,Vendor_032,HR,Travel,Check,Emp_018,INV-2024-0001172,0,normal
TX-001379,2024-02-09 14:37:00,2287.85,Vendor_055,Operations,Supplies,Card,Emp_075,INV-2024-0001163,0,normal
TX-001380,2024-02-09 14:45:00,1016.71,Vendor_019,Operations,Supplies,Card,Emp_071,INV-2024-0001126,1,duplicate_invoice
TX-001381,2024-02-09 14:53:00,4920.0,Vendor_067,IT,Travel,Wire,Emp_043,INV-2024-0005532,1,split_payment
TX-001382,2024-02-09 15:27:00,877.25,Vendor_037,Legal,Consulting,ACH,Emp_079,INV-2024-0001161,0,normal
TX-001383,2024-02-09 15:39:00,1381.07,Vendor_056,Marketing,Travel,Card,Emp_054,INV-2024-0001170,0,normal
TX-001384,2024-02-09 15:50:00,1094.7,Vendor_097,Legal,Consulting,Wire,Emp_082,INV-2024-0001188,0,normal
TX-001385,2024-02-09 16:07:00,1152.61,Vendor_070,Operations,IT,ACH,Emp_067,INV-2024-0001159,0,normal
TX-001386,2024-02-09 16:45:00,2770.62,Vendor_054,Operations,IT,ACH,Emp_074,INV-2024-0001178,0,normal
TX-001387,2024-02-09 17:37:00,1570.64,Vendor_062,Sales,Consulting,Check,Emp_101,INV-2024-0001187,0,normal
TX-001388,2024-02-09 19:16:00,1199.24,Vendor_094,Legal,IT,Card,Emp_086,INV-2024-0005553,1,same_day_burst
TX-001389,2024-02-09 20:12:00,1073.72,Vendor_094,Legal,IT,Check,Emp_076,INV-2024-0001179,1,duplicate_invoice
TX-001390,2024-02-09 21:44:00,1360.65,Vendor_066,Legal,Travel,ACH,Emp_085,INV-2024-0005380,1,same_day_burst
TX-001391,2024-02-10 07:53:00,4118.16,Vendor_112,Operations,Payroll,Card,Emp_061,INV-2024-0001195,0,normal
TX-001392,2024-02-10 08:22:00,4268.97,Vendor_042,Sales,Payroll,Check,Emp_095,INV-2024-0005647,1,vendor_department_shift
TX-001393,2024-02-10 09:47:00,2525.48,Vendor_034,Sales,IT,Wire,Emp_092,INV-2024-0001197,0,normal
TX-001394,2024-02-10 10:20:00,995.47,Vendor_103,Finance,Operations,ACH,Emp_001,INV-2024-0001198,0,normal
TX-001395,2024-02-10 10:43:00,3097.53,Vendor_113,Operations,Consulting,Check,Emp_070,INV-2024-0001190,0,normal
TX-001396,2024-02-10 10:47:00,6347.14,Vendor_114,Marketing,Consulting,Check,Emp_050,INV-2024-0001189,0,normal
TX-001397,2024-02-10 11:21:00,6443.61,Vendor_049,Legal,Consulting,Card,Emp_087,INV-2024-0001192,0,normal
TX-001398,2024-02-10 12:02:00,3704.07,Vendor_025,Marketing,Consulting,Card,Emp_050,INV-2024-0001191,0,normal
TX-001399,2024-02-10 12:56:00,2870.05,Vendor_057,Operations,Consulting,Card,Emp_071,INV-2024-0001199,0,normal
TX-001400,2024-02-10 13:05:00,2711.27,Vendor_008,Finance,IT,Card,Emp_008,INV-2024-0001193,0,normal
TX-001401,2024-02-10 13:36:00,1559.0,Vendor_050,Support,Travel,Wire,Emp_116,INV-2024-0001194,0,normal
TX-001402,2024-02-10 14:00:00,5025.91,Vendor_016,Support,IT,Check,Emp_119,INV-2024-0005390,1,high_amount
TX-001403,2024-02-10 14:04:00,1418.92,Vendor_016,Marketing,IT,Card,Emp_059,INV-2024-0001200,0,normal
TX-001404,2024-02-10 14:54:00,3101.9,Vendor_042,Legal,Payroll,ACH,Emp_086,INV-2024-0005366,1,payment_method_switch
TX-001405,2024-02-10 16:01:00,779.55,Vendor_038,Finance,Travel,Check,Emp_010,INV-2024-0001196,0,normal
TX-001406,2024-02-11 09:58:00,3427.28,Vendor_075,HR,Consulting,ACH,Emp_018,INV-2024-0001212,0,normal
TX-001407,2024-02-11 10:16:00,1848.07,Vendor_042,Legal,Consulting,Check,Emp_090,INV-2024-0001206,0,normal
TX-001408,2024-02-11 10:34:00,3613.14,Vendor_101,HR,IT,Check,Emp_027,INV-2024-0005113,0,normal
TX-001409,2024-02-11 11:53:00,3474.29,Vendor_052,HR,Operations,ACH,Emp_026,INV-2024-0001210,0,normal
TX-001410,2024-02-11 12:15:00,1426.22,Vendor_104,Sales,Payroll,Card,Emp_091,INV-2024-0001205,0,normal
TX-001411,2024-02-11 12:25:00,1840.5,Vendor_026,Marketing,IT,Card,Emp_050,INV-2024-0005687,1,vendor_department_shift
TX-001412,2024-02-11 12:27:00,3352.05,Vendor_115,Operations,IT,ACH,Emp_066,INV-2024-0005271,0,normal
TX-001413,2024-02-11 12:33:00,3573.63,Vendor_002,HR,Travel,Card,Emp_025,INV-2024-0001207,0,normal
TX-001414,2024-02-11 12:33:00,733.67,Vendor_037,Legal,Payroll,ACH,Emp_085,INV-2024-0001208,0,normal
TX-001415,2024-02-11 13:01:00,1532.65,Vendor_091,Support,IT,Wire,Emp_117,INV-2024-0001201,0,normal
TX-001416,2024-02-11 13:07:00,1920.49,Vendor_027,Sales,Operations,Card,Emp_093,INV-2024-0001203,0,normal
TX-001417,2024-02-11 13:20:00,5307.87,Vendor_031,Support,Operations,Card,Emp_112,INV-2024-0001204,0,normal
TX-001418,2024-02-11 13:23:00,1380.69,Vendor_103,Finance,Operations,ACH,Emp_011,INV-2024-0001209,0,normal
TX-001419,2024-02-11 13:50:00,5431.12,Vendor_060,IT,Travel,Wire,Emp_043,INV-2024-0001202,0,normal
TX-001420,2024-02-11 14:00:00,3689.86,Vendor_093,Legal,Supplies,ACH,Emp_082,INV-2024-0001213,0,normal
TX-001421,2024-02-11 15:23:00,8148.33,Vendor_110,Legal,Travel,Check,Emp_079,INV-7024-8001173,1,fuzzy_duplicate
TX-001422,2024-02-11 16:27:00,2582.34,Vendor_025,Marketing,Travel,Card,Emp_057,INV-2024-0001211,0,normal
TX-001423,2024-02-12 07:48:00,1431.36,Vendor_091,Support,IT,ACH,Emp_108,INV-2024-0001227,0,normal
TX-001424,2024-02-12 08:35:00,2032.46,Vendor_116,HR,Consulting,Check,Emp_017,INV-2024-0001221,0,normal
TX-001425,2024-02-12 09:18:00,3428.13,Vendor_035,Legal,Travel,ACH,Emp_086,INV-2024-0001222,0,normal
TX-001426,2024-02-12 09:23:00,1055.91,Vendor_106,Legal,Consulting,Check,Emp_090,INV-2024-0001228,0,normal
TX-001427,2024-02-12 09:26:00,1642.26,Vendor_016,Marketing,Supplies,ACH,Emp_048,INV-2024-0001239,0,normal
TX-001428,2024-02-12 09:33:00,2185.88,Vendor_090,Support,Supplies,Wire,Emp_107,INV-2024-0001232,0,normal
TX-001429,2024-02-12 10:20:00,2910.68,Vendor_119,Marketing,Travel,Check,Emp_052,INV-2024-0001229,0,normal
TX-001430,2024-02-12 11:02:00,1908.25,Vendor_041,Legal,Supplies,Wire,Emp_083,INV-2024-0001219,0,normal
TX-001431,2024-02-12 11:41:00,812.88,Vendor_094,Legal,Consulting,Card,Emp_088,INV-2024-0001225,0,normal
TX-001432,2024-02-12 12:00:00,1026.56,Vendor_116,HR,Consulting,Check,Emp_024,INV-2024-0001218,0,normal
TX-001433,2024-02-12 12:04:00,1246.83,Vendor_019,Sales,Payroll,ACH,Emp_104,INV-2024-0001224,0,normal
TX-001434,2024-02-12 12:08:00,2923.35,Vendor_071,Support,Travel,ACH,Emp_110,INV-2024-0001223,0,normal
TX-001435,2024-02-12 12:13:00,1981.03,Vendor_120,IT,Supplies,ACH,Emp_045,INV-2024-0001240,0,normal
TX-001436,2024-02-12 12:39:00,1052.46,Vendor_019,Sales,Travel,Wire,Emp_093,INV-2024-0001226,0,normal
TX-001437,2024-02-12 12:58:00,4583.0,Vendor_112,Sales,Consulting,ACH,Emp_094,INV-2024-0005109,0,normal
TX-001438,2024-02-12 13:05:00,2790.41,Vendor_008,Finance,IT,ACH,Emp_015,INV-2024-0001193,1,duplicate_invoice
TX-001439,2024-02-12 13:14:00,5846.91,Vendor_095,Legal,Supplies,Wire,Emp_085,INV-2024-0001242,0,normal
TX-001440,2024-02-12 13:52:00,1161.15,Vendor_063,Sales,Supplies,ACH,Emp_095,INV-2024-0001235,0,normal
TX-001441,2024-02-12 14:00:00,1640.02,Vendor_004,Support,IT,Card,Emp_114,INV-2024-0001233,0,normal
TX-001442,2024-02-12 14:01:00,2894.28,Vendor_073,Legal,Consulting,Check,Emp_084,INV-2024-0001234,0,normal
TX-001443,2024-02-12 14:16:00,903.38,Vendor_094,HR,Operations,Wire,Emp_024,INV-2024-0001217,0,normal
TX-001444,2024-02-12 14:18:00,1442.21,Vendor_019,Marketing,Consulting,Card,Emp_055,INV-2024-0001215,0,normal
TX-001445,2024-02-12 14:24:00,1787.66,Vendor_084,Marketing,Travel,ACH,Emp_054,INV-2024-0001243,0,normal
TX-001446,2024-02-12 14:25:00,5324.14,Vendor_092,Legal,Payroll,Wire,Emp_088,INV-2024-0001214,0,normal
TX-001447,2024-02-12 14:28:00,2017.52,Vendor_093,Legal,Supplies,ACH,Emp_078,INV-2024-0001220,0,normal
TX-001448,2024-02-12 14:36:00,1201.29,Vendor_116,HR,Consulting,Check,Emp_024,INV-2024-0005298,1,same_day_burst
TX-001449,2024-02-12 15:10:00,5329.25,Vendor_113,Operations,Travel,Wire,Emp_065,INV-2024-0005539,1,payment_method_switch
TX-001450,2024-02-12 15:22:00,1225.64,Vendor_019,Sales,Travel,ACH,Emp_094,INV-2024-0001231,0,normal
TX-001451,2024-02-12 15:39:00,2813.52,Vendor_025,Marketing,Consulting,Card,Emp_058,INV-2024-0001238,0,normal
TX-001452,2024-02-12 15:41:00,2448.89,Vendor_024,Marketing,Consulting,Wire,Emp_051,INV-2024-0001244,0,normal
TX-001453,2024-02-12 16:15:00,2686.62,Vendor_005,Legal,Supplies,ACH,Emp_078,INV-2024-0001241,0,normal
TX-001454,2024-02-12 16:20:00,1430.23,Vendor_103,Finance,Operations,ACH,Emp_015,INV-2024-0001230,0,normal
TX-001455,2024-02-12 16:32:00,3218.59,Vendor_081,Finance,Consulting,Check,Emp_009,INV-2024-0001236,0,normal
TX-001456,2024-02-12 17:46:00,969.33,Vendor_082,Marketing,Consulting,Card,Emp_060,INV-2024-0001237,0,normal
TX-001457,2024-02-12 18:33:00,5434.19,Vendor_087,Marketing,Payroll,Wire,Emp_047,INV-2024-0001216,0,normal
TX-001458,2024-02-12 19:41:00,2405.87,Vendor_024,Marketing,Consulting,ACH,Emp_059,INV-2024-0001244,1,duplicate_invoice
TX-001459,2024-02-13 07:41:00,1598.95,Vendor_111,HR,Payroll,ACH,Emp_022,INV-2024-0001274,0,normal
TX-001460,2024-02-13 08:23:00,2322.45,Vendor_045,Sales,Consulting,ACH,Emp_092,INV-2024-0001267,0,normal
TX-001461,2024-02-13 08:43:00,5786.19,Vendor_096,Sales,Operations,Wire,Emp_100,INV-2024-0001253,0,normal
TX-001462,2024-02-13 08:46:00,3147.92,Vendor_073,Support,Consulting,Check,Emp_111,INV-2024-0001264,0,normal
TX-001463,2024-02-13 09:05:00,1082.55,Vendor_097,Legal,Operations,ACH,Emp_081,INV-2024-0001269,0,normal
TX-001464,2024-02-13 09:20:00,2450.0,Vendor_047,Finance,Consulting,Card,Emp_014,INV-2024-0001260,0,normal
TX-001465,2024-02-13 09:53:00,3222.16,Vendor_057,Operations,Consulting,Wire,Emp_063,INV-2024-0001259,0,normal
TX-001466,2024-02-13 09:58:00,1165.0,Vendor_116,HR,Consulting,ACH,Emp_023,INV-2024-0001262,0,normal
TX-001467,2024-02-13 10:33:00,1697.93,Vendor_063,Sales,Supplies,Check,Emp_104,INV-2024-0001248,0,normal
TX-001468,2024-02-13 10:42:00,1239.53,Vendor_014,HR,Supplies,ACH,Emp_023,INV-2024-0001272,0,normal
TX-001469,2024-02-13 10:45:00,1632.18,Vendor_104,Finance,Consulting,Wire,Emp_013,INV-2024-0005230,0,normal
TX-001470,2024-02-13 10:59:00,2227.02,Vendor_093,Legal,Payroll,ACH,Emp_084,INV-2024-0001258,0,normal
TX-001471,2024-02-13 11:03:00,3231.94,Vendor_055,Operations,Supplies,Card,Emp_071,INV-2024-0001266,0,normal
TX-001472,2024-02-13 11:23:00,11857.34,Vendor_028,Marketing,Travel,Check,Emp_052,INV-2024-0001256,0,normal
TX-001473,2024-02-13 11:54:00,4441.53,Vendor_087,Marketing,Payroll,Wire,Emp_048,INV-2024-0001247,0,normal
TX-001474,2024-02-13 11:57:00,2311.42,Vendor_079,Marketing,Payroll,Check,Emp_060,INV-2024-0001271,0,normal
TX-001475,2024-02-13 12:02:00,1468.63,Vendor_050,Finance,Travel,Card,Emp_013,INV-2024-0001254,0,normal
TX-001476,2024-02-13 12:04:00,3753.03,Vendor_035,Legal,IT,ACH,Emp_082,INV-2024-0005162,0,normal
TX-001477,2024-02-13 12:50:00,898.67,Vendor_102,Support,Consulting,Card,Emp_106,INV-2024-0001257,0,normal
TX-001478,2024-02-13 13:01:00,4925.25,Vendor_049,Legal,Consulting,ACH,Emp_088,INV-2024-0001263,0,normal
TX-001479,2024-02-13 13:03:00,1003.75,Vendor_036,Support,Supplies,Wire,Emp_113,INV-2024-0001250,0,normal
TX-001480,2024-02-13 13:21:00,959.59,Vendor_013,Marketing,IT,Wire,Emp_060,INV-2024-0001249,0,normal
TX-001481,2024-02-13 13:51:00,220.43,Vendor_109,Support,IT,ACH,Emp_113,INV-2024-0001245,0,normal
TX-001482,2024-02-13 14:10:00,1425.02,Vendor_106,HR,Consulting,Check,Emp_030,INV-2024-0005252,0,normal
TX-001483,2024-02-13 14:14:00,1375.19,Vendor_004,HR,IT,Card,Emp_018,INV-2024-0001273,0,normal
TX-001484,2024-02-13 14:24:00,8726.11,Vendor_049,Legal,Consulting,ACH,Emp_089,INV-2024-0001268,0,normal
TX-001485,2024-02-13 14:55:00,1456.24,Vendor_019,Sales,Supplies,ACH,Emp_094,INV-2024-0001265,0,normal
TX-001486,2024-02-13 15:01:00,2874.57,Vendor_073,Legal,Consulting,Wire,Emp_088,INV-2024-0001234,1,duplicate_invoice
TX-001487,2024-02-13 15:24:00,768.27,Vendor_068,Sales,Supplies,Check,Emp_096,INV-2024-0001252,0,normal
TX-001488,2024-02-13 15:57:00,1356.07,Vendor_065,Operations,Operations,Card,Emp_067,INV-2024-0001251,0,normal
TX-001489,2024-02-13 16:36:00,12579.15,Vendor_028,Marketing,Travel,Card,Emp_059,INV-2024-0001255,0,normal
TX-001490,2024-02-13 16:49:00,2778.16,Vendor_115,Operations,Travel,Card,Emp_072,INV-2024-0001270,0,normal
TX-001491,2024-02-13 17:30:00,12974.32,Vendor_086,Sales,IT,Check,Emp_100,INV-2024-0001261,0,normal
TX-001492,2024-02-13 17:47:00,7411.26,Vendor_096,Sales,Operations,Card,Emp_099,INV-2024-0001246,0,normal
TX-001493,2024-02-14 07:24:00,1260.95,Vendor_017,Operations,Payroll,Card,Emp_068,INV-2024-0001284,0,normal
TX-001494,2024-02-14 08:27:00,2634.94,Vendor_075,HR,Consulting,Wire,Emp_018,INV-2024-0001300,0,normal
TX-001495,2024-02-14 09:12:00,2897.9,Vendor_039,IT,Consulting,Check,Emp_033,INV-2024-0005249,0,normal
TX-001496,2024-02-14 09:13:00,6402.91,Vendor_110,Legal,Travel,Wire,Emp_082,INV-2024-0005202,0,normal
TX-001497,2024-02-14 09:48:00,2160.26,Vendor_108,Marketing,Travel,ACH,Emp_048,INV-2024-0001295,0,normal
TX-001498,2024-02-14 10:00:00,1815.73,Vendor_118,Support,Supplies,Check,Emp_115,INV-2024-0001287,0,normal
TX-001499,2024-02-14 10:05:00,5344.97,Vendor_006,Sales,IT,ACH,Emp_100,INV-2024-0001285,0,normal
TX-001500,2024-02-14 10:05:00,2952.87,Vendor_081,Finance,Consulting,Wire,Emp_001,INV-2024-0001281,0,normal
TX-001501,2024-02-14 10:13:00,2433.91,Vendor_055,Operations,Supplies,Card,Emp_068,INV-2024-0001286,0,normal
TX-001502,2024-02-14 10:41:00,21675.63,Vendor_092,Sales,Payroll,ACH,Emp_095,INV-2024-0005502,1,high_amount
TX-001503,2024-02-14 10:45:00,1884.75,Vendor_023,Finance,Supplies,ACH,Emp_011,INV-2024-0001291,0,normal
TX-001504,2024-02-14 10:48:00,2788.5,Vendor_075,HR,Consulting,Wire,Emp_029,INV-2024-0001301,0,normal
TX-001505,2024-02-14 10:56:00,1046.08,Vendor_004,Support,IT,Card,Emp_110,INV-2024-0001297,0,normal
TX-001506,2024-02-14 11:18:00,4822.91,Vendor_022,IT,IT,Wire,Emp_037,INV-2024-0001296,0,normal
TX-001507,2024-02-14 11:31:00,10243.28,Vendor_073,Support,Consulting,Wire,Emp_111,INV-2024-0005798,1,high_amount
TX-001508,2024-02-14 11:57:00,3501.53,Vendor_117,HR,Operations,ACH,Emp_023,INV-2024-0001303,0,normal
TX-001509,2024-02-14 12:20:00,1063.67,Vendor_082,Marketing,Consulting,Check,Emp_059,INV-2024-0005185,0,normal
TX-001510,2024-02-14 12:34:00,1664.16,Vendor_050,Finance,Payroll,Card,Emp_011,INV-2024-0001280,0,normal
TX-001511,2024-02-14 12:36:00,3683.65,Vendor_105,Operations,Consulting,Wire,Emp_070,INV-2024-0001298,0,normal
TX-001512,2024-02-14 12:38:00,4950.0,Vendor_022,IT,IT,Card,Emp_037,INV-2024-0005384,1,split_payment
TX-001513,2024-02-14 12:41:00,1473.53,Vendor_118,Support,IT,ACH,Emp_107,INV-2024-0001292,0,normal
TX-001514,2024-02-14 13:16:00,1120.27,Vendor_083,Operations,IT,ACH,Emp_072,INV-2024-0001282,0,normal
TX-001515,2024-02-14 13:16:00,4960.0,Vendor_004,Support,IT,Wire,Emp_110,INV-2024-0005614,1,split_payment
TX-001516,2024-02-14 13:29:00,1495.09,Vendor_026,Support,Travel,ACH,Emp_119,INV-2024-0001290,0,normal
TX-001517,2024-02-14 13:46:00,12650.0,Vendor_110,Support,Payroll,Wire,Emp_114,INV-2024-0001288,0,normal
TX-001518,2024-02-14 13:49:00,1220.11,Vendor_007,Finance,Payroll,Card,Emp_001,INV-2024-0001294,0,normal
TX-001519,2024-02-14 14:12:00,2312.65,Vendor_041,Legal,Supplies,Card,Emp_079,INV-2024-0001293,0,normal
TX-001520,2024-02-14 15:08:00,1939.35,Vendor_048,Support,Consulting,Card,Emp_118,INV-2024-0001278,0,normal
TX-001521,2024-02-14 15:59:00,3479.06,Vendor_024,Marketing,Supplies,Wire,Emp_049,INV-2024-0001275,0,normal
TX-001522,2024-02-14 16:00:00,3081.36,Vendor_015,HR,IT,Wire,Emp_019,INV-2024-0001276,0,normal
TX-001523,2024-02-14 16:03:00,1402.74,Vendor_053,Support,IT,Wire,Emp_106,INV-2024-0001279,0,normal
TX-001524,2024-02-14 16:46:00,3788.36,Vendor_119,Marketing,Travel,ACH,Emp_053,INV-2024-0001299,0,normal
TX-001525,2024-02-14 16:53:00,1942.75,Vendor_033,Support,Travel,Check,Emp_118,INV-2024-0001289,0,normal
TX-001526,2024-02-14 17:09:00,2067.29,Vendor_040,HR,Supplies,Check,Emp_017,INV-2024-0001283,0,normal
TX-001527,2024-02-14 17:45:00,2724.75,Vendor_035,Legal,Travel,ACH,Emp_078,INV-2024-0001277,0,normal
TX-001528,2024-02-14 18:09:00,5335.63,Vendor_107,Support,IT,Check,Emp_110,INV-2024-0001302,0,normal
TX-001529,2024-02-15 03:02:00,1959.46,Vendor_041,Legal,Supplies,Check,Emp_081,INV-2024-0001219,1,duplicate_invoice
TX-001530,2024-02-15 08:29:00,3480.97,Vendor_069,Support,Travel,Wire,Emp_116,INV-2024-0001329,0,normal
TX-001531,2024-02-15 08:33:00,1261.4,Vendor_041,Operations,Supplies,Card,Emp_062,INV-2024-0005179,0,normal
TX-001532,2024-02-15 08:39:00,1470.82,Vendor_026,HR,Payroll,Wire,Emp_019,INV-2024-0001307,0,normal
TX-001533,2024-02-15 09:44:00,1273.57,Vendor_004,Support,Payroll,Card,Emp_111,INV-2024-0001317,0,normal
TX-001534,2024-02-15 10:02:00,3723.87,Vendor_058,Legal,Supplies,Wire,Emp_079,INV-2024-0005797,1,high_amount
TX-001535,2024-02-15 10:09:00,1474.57,Vendor_014,HR,Supplies,ACH,Emp_020,INV-2024-0001331,0,normal
TX-001536,2024-02-15 10:10:00,1279.5,Vendor_106,Legal,Consulting,Check,Emp_079,INV-2024-0001309,0,normal
TX-001537,2024-02-15 10:44:00,1396.75,Vendor_026,HR,Travel,Card,Emp_024,INV-2024-0001314,0,normal
TX-001538,2024-02-15 10:47:00,3730.72,Vendor_077,Support,Consulting,Wire,Emp_108,INV-2024-0001326,0,normal
TX-001539,2024-02-15 10:48:00,1050.6,Vendor_074,Operations,Supplies,Wire,Emp_068,INV-2024-0001308,0,normal
TX-001540,2024-02-15 11:06:00,1579.88,Vendor_118,Support,Supplies,Check,Emp_116,INV-2024-0001315,0,normal
TX-001541,2024-02-15 11:07:00,1352.73,Vendor_004,Support,IT,Wire,Emp_120,INV-2024-0001330,0,normal
TX-001542,2024-02-15 11:24:00,880.34,Vendor_082,Marketing,Consulting,Check,Emp_052,INV-2024-0005119,0,normal
TX-001543,2024-02-15 11:26:00,5634.58,Vendor_002,HR,Supplies,Check,Emp_023,INV-2024-0001325,0,normal
TX-001544,2024-02-15 11:53:00,21789.44,Vendor_107,Support,Consulting,Card,Emp_116,INV-2024-0005549,1,high_amount
TX-001545,2024-02-15 12:03:00,1021.94,Vendor_036,Support,Supplies,ACH,Emp_112,INV-2024-0001250,1,duplicate_invoice
TX-001546,2024-02-15 12:37:00,1276.61,Vendor_016,Marketing,IT,ACH,Emp_052,INV-2024-0001305,0,normal
TX-001547,2024-02-15 12:38:00,2718.44,Vendor_048,Support,Consulting,Check,Emp_109,INV-2024-0001319,0,normal
TX-001548,2024-02-15 12:50:00,1400.0,Vendor_066,Legal,Travel,Check,Emp_079,INV-2024-0001334,0,normal
TX-001549,2024-02-15 12:57:00,1899.08,Vendor_039,IT,Payroll,ACH,Emp_042,INV-2024-0001332,0,normal
TX-001550,2024-02-15 12:59:00,1167.84,Vendor_066,Legal,Operations,Wire,Emp_084,INV-2024-0001320,0,normal
TX-001551,2024-02-15 13:07:00,2370.2,Vendor_024,IT,Consulting,Wire,Emp_038,INV-2024-0001327,0,normal
TX-001552,2024-02-15 13:13:00,3648.5,Vendor_077,Support,Payroll,ACH,Emp_110,INV-2024-0001321,0,normal
TX-001553,2024-02-15 13:34:00,968.38,Vendor_064,IT,Operations,Card,Emp_035,INV-2024-0001312,0,normal
TX-001554,2024-02-15 13:41:00,1357.14,Vendor_016,Marketing,Supplies,ACH,Emp_046,INV-2024-0001306,0,normal
TX-001555,2024-02-15 13:46:00,2702.47,Vendor_115,Operations,IT,Card,Emp_070,INV-2024-0001336,0,normal
TX-001556,2024-02-15 13:51:00,4681.93,Vendor_030,Legal,IT,ACH,Emp_085,INV-2024-0001313,0,normal
TX-001557,2024-02-15 13:55:00,741.59,Vendor_074,Support,Consulting,ACH,Emp_113,INV-2024-0001333,0,normal
TX-001558,2024-02-15 15:05:00,1472.7,Vendor_076,Support,Supplies,Card,Emp_117,INV-2024-0001310,0,normal
TX-001559,2024-02-15 15:07:00,2055.45,Vendor_039,IT,Consulting,Wire,Emp_033,INV-2024-0001304,0,normal
TX-001560,2024-02-15 15:12:00,4780.0,Vendor_082,Marketing,Consulting,ACH,Emp_052,INV-2024-0005595,1,split_payment
TX-001561,2024-02-15 15:19:00,4235.66,Vendor_095,Legal,Supplies,Card,Emp_083,INV-2024-0001328,0,normal
TX-001562,2024-02-15 15:25:00,7201.7,Vendor_031,Operations,Operations,ACH,Emp_063,INV-2024-0001311,0,normal
TX-001563,2024-02-15 15:26:00,8213.46,Vendor_110,Legal,Travel,Card,Emp_081,INV-2024-0001335,0,normal
TX-001564,2024-02-15 15:29:00,1509.52,Vendor_050,Finance,Travel,Card,Emp_004,INV-2024-0001322,0,normal
TX-001565,2024-02-15 17:51:00,2252.62,Vendor_090,Support,Supplies,Card,Emp_113,INV-2024-0001324,0,normal
TX-001566,2024-02-15 18:06:00,2320.0,Vendor_031,Operations,Operations,Wire,Emp_063,INV-2024-0005594,1,split_payment
TX-001567,2024-02-15 18:23:00,1853.73,Vendor_070,Finance,IT,Card,Emp_011,INV-2024-0005440,1,vendor_department_shift
TX-001568,2024-02-15 18:36:00,3376.67,Vendor_119,Marketing,Travel,Check,Emp_050,INV-2024-0001323,0,normal
TX-001569,2024-02-15 18:49:00,3188.57,Vendor_042,Legal,Travel,Card,Emp_086,INV-2024-0001318,0,normal
TX-001570,2024-02-15 18:51:00,220.91,Vendor_109,Support,IT,Wire,Emp_113,INV-2024-0001245,1,duplicate_invoice
TX-001571,2024-02-15 18:55:00,9300.97,Vendor_096,Sales,Operations,Wire,Emp_103,INV-2024-0001316,0,normal
TX-001572,2024-02-15 19:15:00,4890.0,Vendor_042,Legal,Travel,Wire,Emp_086,INV-2024-0005783,1,split_payment
TX-001573,2024-02-16 03:09:00,1480.01,Vendor_014,HR,Supplies,ACH,Emp_024,INV-2024-0001331,1,duplicate_invoice
TX-001574,2024-02-16 05:03:00,10593.21,Vendor_108,Marketing,Travel,Card,Emp_047,INV-2024-0005323,1,high_amount
TX-001575,2024-02-16 07:49:00,2370.6,Vendor_054,Operations,IT,Wire,Emp_068,INV-2024-0001360,0,normal
TX-001576,2024-02-16 07:50:00,3119.59,Vendor_048,HR,Consulting,Card,Emp_028,INV-2024-0001362,0,normal
TX-001577,2024-02-16 08:20:00,9981.11,Vendor_086,Operations,IT,ACH,Emp_067,INV-2024-0001357,0,normal
TX-001578,2024-02-16 09:01:00,1382.4,Vendor_050,Finance,Travel,Card,Emp_004,INV-2024-0001342,0,normal
TX-001579,2024-02-16 09:22:00,2299.14,Vendor_092,Sales,Payroll,Wire,Emp_101,INV-2024-0001346,0,normal
TX-001580,2024-02-16 10:07:00,1627.58,Vendor_099,HR,Travel,Card,Emp_027,INV-2024-0001361,0,normal
TX-001581,2024-02-16 10:09:00,4327.08,Vendor_054,Operations,Consulting,ACH,Emp_066,INV-2024-0001350,0,normal
TX-001582,2024-02-16 10:45:00,3015.71,Vendor_075,HR,Consulting,Card,Emp_021,INV-2024-0001347,0,normal
TX-001583,2024-02-16 10:55:00,1179.43,Vendor_083,Operations,IT,ACH,Emp_065,INV-2024-0001345,0,normal
TX-001584,2024-02-16 11:45:00,4558.57,Vendor_112,Marketing,Consulting,ACH,Emp_053,INV-2024-0001352,0,normal
TX-001585,2024-02-16 12:12:00,2805.34,Vendor_035,Legal,Payroll,ACH,Emp_076,INV-2024-0001348,0,normal
TX-001586,2024-02-16 12:32:00,2672.8,Vendor_042,Legal,Consulting,Check,Emp_084,INV-2024-0001353,0,normal
TX-001587,2024-02-16 12:59:00,1414.19,Vendor_116,HR,Consulting,Check,Emp_016,INV-2024-0001355,0,normal
TX-001588,2024-02-16 13:01:00,874.46,Vendor_058,Legal,Supplies,Wire,Emp_082,INV-2024-0001338,0,normal
TX-001589,2024-02-16 13:17:00,5984.05,Vendor_031,Operations,Operations,ACH,Emp_074,INV-2024-0001341,0,normal
TX-001590,2024-02-16 13:27:00,8575.59,Vendor_049,Legal,Consulting,ACH,Emp_087,INV-2024-0001363,0,normal
TX-001591,2024-02-16 13:45:00,1459.51,Vendor_083,Operations,IT,Check,Emp_067,INV-2024-0001354,0,normal
TX-001592,2024-02-16 14:05:00,2649.4,Vendor_005,Legal,Operations,Card,Emp_084,INV-2024-0001343,0,normal
TX-001593,2024-02-16 14:26:00,7485.59,Vendor_088,Sales,IT,Wire,Emp_105,INV-2024-0001356,0,normal
TX-001594,2024-02-16 15:22:00,3754.69,Vendor_030,Legal,Consulting,ACH,Emp_090,INV-2024-0001359,0,normal
TX-001595,2024-02-16 15:41:00,2917.54,Vendor_057,Operations,Consulting,Wire,Emp_073,INV-2024-0001349,0,normal
TX-001596,2024-02-16 15:43:00,5156.48,Vendor_020,Marketing,Payroll,ACH,Emp_051,INV-2024-0001340,0,normal
TX-001597,2024-02-16 15:45:00,2332.77,Vendor_045,Legal,Supplies,ACH,Emp_089,INV-2024-0001339,0,normal
TX-001598,2024-02-16 15:47:00,1612.07,Vendor_004,Sales,IT,Card,Emp_097,INV-2024-0001358,0,normal
TX-001599,2024-02-16 16:23:00,4149.35,Vendor_077,Marketing,Payroll,Check,Emp_057,INV-2024-0001337,0,normal
TX-001600,2024-02-16 16:34:00,2052.14,Vendor_025,Marketing,Operations,Check,Emp_057,INV-2024-0001351,0,normal
TX-001601,2024-02-16 16:40:00,3344.18,Vendor_117,HR,Payroll,Check,Emp_029,INV-2024-0001344,0,normal
TX-001602,2024-02-16 16:59:00,4860.0,Vendor_020,Marketing,Payroll,Check,Emp_051,INV-2024-0005637,1,split_payment
TX-001603,2024-02-16 18:00:00,1826.99,Vendor_118,Support,Supplies,Wire,Emp_110,INV-2089-0001287,1,fuzzy_duplicate
TX-001604,2024-02-16 19:32:00,3772.03,Vendor_054,Operations,Consulting,ACH,Emp_066,INV-2024-0005653,1,same_day_burst
TX-001605,2024-02-16 21:12:00,2944.39,Vendor_039,IT,Consulting,Check,Emp_035,INV-2024-0005249,1,duplicate_invoice
TX-001606,2024-02-17 08:53:00,3098.81,Vendor_004,HR,Consulting,Wire,Emp_018,INV-2024-0005667,1,payment_method_switch
TX-001607,2024-02-17 09:20:00,1595.09,Vendor_014,HR,Consulting,ACH,Emp_028,INV-2024-0001372,0,normal
TX-001608,2024-02-17 09:31:00,2661.48,Vendor_101,HR,IT,ACH,Emp_030,INV-2024-0001369,0,normal
TX-001609,2024-02-17 10:15:00,271.44,Vendor_109,Marketing,Payroll,Card,Emp_054,INV-2024-0005255,0,normal
TX-001610,2024-02-17 11:56:00,1575.73,Vendor_099,HR,Operations,ACH,Emp_026,INV-2024-0001368,0,normal
TX-001611,2024-02-17 12:15:00,270.41,Vendor_109,Marketing,Payroll,Card,Emp_049,INV-2024-0005955,1,fuzzy_duplicate
TX-001612,2024-02-17 12:16:00,1512.42,Vendor_063,Sales,Supplies,Card,Emp_102,INV-2024-0001371,0,normal
TX-001613,2024-02-17 12:38:00,5208.76,Vendor_071,Finance,Operations,Wire,Emp_013,INV-2024-0005266,0,normal
TX-001614,2024-02-17 12:57:00,3159.53,Vendor_101,HR,IT,Check,Emp_029,INV-2024-0001364,0,normal
TX-001615,2024-02-17 13:33:00,2113.5,Vendor_093,Legal,Payroll,Card,Emp_080,INV-2024-0001370,0,normal
TX-001616,2024-02-17 14:14:00,1319.28,Vendor_048,HR,Consulting,Card,Emp_026,INV-2024-0001366,0,normal
TX-001617,2024-02-17 14:17:00,7087.73,Vendor_096,Sales,Operations,Card,Emp_100,INV-2024-0001365,0,normal
TX-001618,2024-02-17 14:30:00,1847.51,Vendor_011,IT,Operations,Wire,Emp_039,INV-2024-0001374,0,normal
TX-001619,2024-02-17 15:02:00,554.21,Vendor_072,Marketing,Travel,Wire,Emp_060,INV-2024-0001373,0,normal
TX-001620,2024-02-17 15:18:00,3063.57,Vendor_085,Finance,Supplies,ACH,Emp_004,INV-2024-0001367,0,normal
TX-001621,2024-02-17 15:24:00,3001.44,Vendor_117,HR,Payroll,ACH,Emp_019,INV-2024-0001375,0,normal
TX-001622,2024-02-17 17:49:00,2029.42,Vendor_035,Legal,IT,Wire,Emp_079,INV-2024-0001376,0,normal
TX-001623,2024-02-17 18:51:00,2430.0,Vendor_099,HR,Operations,Wire,Emp_026,INV-2024-0005741,1,split_payment
TX-001624,2024-02-18 07:35:00,1840.08,Vendor_025,Marketing,Payroll,Card,Emp_059,INV-2024-0001388,0,normal
TX-001625,2024-02-18 07:36:00,1325.3,Vendor_099,HR,Operations,Card,Emp_020,INV-2024-0001389,0,normal
TX-001626,2024-02-18 11:16:00,1099.12,Vendor_064,IT,Supplies,Card,Emp_031,INV-2024-0001378,0,normal
TX-001627,2024-02-18 11:49:00,3411.84,Vendor_054,IT,Operations,Check,Emp_042,INV-2024-0001387,0,normal
TX-001628,2024-02-18 11:54:00,3230.14,Vendor_115,Operations,Operations,ACH,Emp_070,INV-2024-0001380,0,normal
TX-001629,2024-02-18 12:32:00,2381.13,Vendor_041,Legal,Supplies,ACH,Emp_077,INV-2024-0001386,0,normal
TX-001630,2024-02-18 12:33:00,5584.79,Vendor_095,Legal,Supplies,Card,Emp_084,INV-2024-0001381,0,normal
TX-001631,2024-02-18 12:59:00,1289.61,Vendor_014,HR,Supplies,Card,Emp_017,INV-2024-0001385,0,normal
TX-001632,2024-02-18 13:23:00,2470.0,Vendor_014,HR,Supplies,Check,Emp_017,INV-2024-0005301,1,split_payment
TX-001633,2024-02-18 13:42:00,4930.0,Vendor_054,IT,Operations,Card,Emp_042,INV-2024-0005749,1,split_payment
TX-001634,2024-02-18 14:24:00,4071.08,Vendor_035,Legal,Travel,Wire,Emp_089,INV-2024-0001379,0,normal
TX-001635,2024-02-18 14:49:00,1534.99,Vendor_032,Legal,Payroll,Wire,Emp_076,INV-2024-0005748,1,vendor_department_shift
TX-001636,2024-02-18 15:35:00,2549.98,Vendor_040,Support,Supplies,Card,Emp_109,INV-2024-0001384,0,normal
TX-001637,2024-02-18 16:21:00,23884.46,Vendor_119,Marketing,Travel,Wire,Emp_053,INV-2024-0005773,1,high_amount
TX-001638,2024-02-18 16:30:00,5004.9,Vendor_092,Sales,Payroll,Card,Emp_093,INV-2024-0001383,0,normal
TX-001639,2024-02-18 16:32:00,2501.71,Vendor_059,Sales,Consulting,Wire,Emp_102,INV-2024-0001382,0,normal
TX-001640,2024-02-18 17:28:00,1609.18,Vendor_116,HR,Consulting,Check,Emp_020,INV-2024-0001377,0,normal
TX-001641,2024-02-19 08:04:00,2160.28,Vendor_117,HR,IT,ACH,Emp_025,INV-2024-0001398,0,normal
TX-001642,2024-02-19 09:10:00,3031.55,Vendor_053,Support,IT,Check,Emp_111,INV-2024-0001394,0,normal
TX-001643,2024-02-19 09:27:00,1756.98,Vendor_024,Marketing,Supplies,Wire,Emp_060,INV-2024-0001393,0,normal
TX-001644,2024-02-19 09:45:00,4522.76,Vendor_002,HR,Supplies,Check,Emp_028,INV-2024-0001400,0,normal
TX-001645,2024-02-19 09:48:00,514.29,Vendor_048,Support,Consulting,Check,Emp_109,INV-2024-0001396,0,normal
TX-001646,2024-02-19 09:48:00,7099.99,Vendor_071,Finance,Payroll,ACH,Emp_015,INV-2024-0001408,0,normal
TX-001647,2024-02-19 10:13:00,587.95,Vendor_102,Support,Consulting,Card,Emp_117,INV-2024-0001414,0,normal
TX-001648,2024-02-19 10:34:00,6712.01,Vendor_096,Sales,Operations,Wire,Emp_099,INV-2024-0001411,0,normal
TX-001649,2024-02-19 10:55:00,2010.4,Vendor_116,HR,IT,Check,Emp_021,INV-2024-0001395,0,normal
TX-001650,2024-02-19 11:08:00,1850.61,Vendor_039,HR,Consulting,ACH,Emp_020,INV-2024-0001413,0,normal
TX-001651,2024-02-19 11:36:00,2764.84,Vendor_101,HR,IT,Check,Emp_017,INV-2024-0001399,0,normal
TX-001652,2024-02-19 12:06:00,2231.73,Vendor_120,IT,IT,Check,Emp_044,INV-2024-0001416,0,normal
TX-001653,2024-02-19 12:24:00,4125.29,Vendor_003,Support,Consulting,Card,Emp_106,INV-2024-0001390,0,normal
TX-001654,2024-02-19 12:35:00,677.54,Vendor_012,Support,Operations,Card,Emp_120,INV-2024-0001407,0,normal
TX-001655,2024-02-19 12:44:00,2795.09,Vendor_077,Support,Operations,Card,Emp_119,INV-2024-0001397,0,normal
TX-001656,2024-02-19 12:49:00,1114.51,Vendor_009,Operations,Operations,Check,Emp_075,INV-2024-0001391,0,normal
TX-001657,2024-02-19 12:54:00,1485.69,Vendor_055,Operations,Supplies,Card,Emp_063,INV-2024-0001403,0,normal
TX-001658,2024-02-19 13:39:00,2023.41,Vendor_046,Finance,Travel,Card,Emp_015,INV-2024-0001412,0,normal
TX-001659,2024-02-19 13:41:00,7429.89,Vendor_107,HR,Supplies,ACH,Emp_022,INV-2024-0001392,0,normal
TX-001660,2024-02-19 14:15:00,5441.43,Vendor_092,Sales,Payroll,Wire,Emp_097,INV-2024-0001405,0,normal
TX-001661,2024-02-19 14:18:00,3850.0,Vendor_092,Sales,Payroll,Wire,Emp_102,INV-2024-0001406,0,normal
TX-001662,2024-02-19 14:20:00,2795.92,Vendor_081,Finance,Supplies,Card,Emp_006,INV-2024-0001410,0,normal
TX-001663,2024-02-19 14:40:00,6060.44,Vendor_006,Sales,Travel,ACH,Emp_097,INV-2024-0001404,0,normal
TX-001664,2024-02-19 14:54:00,3373.1,Vendor_085,IT,IT,ACH,Emp_037,INV-2024-0001409,0,normal
TX-001665,2024-02-19 16:14:00,1358.98,Vendor_099,HR,Operations,Card,Emp_023,INV-2024-0001415,0,normal
TX-001666,2024-02-19 16:38:00,7589.18,Vendor_095,IT,Travel,Card,Emp_044,INV-2024-0001402,0,normal
TX-001667,2024-02-19 17:08:00,1214.77,Vendor_083,Operations,Payroll,Check,Emp_070,INV-2024-0001417,0,normal
TX-001668,2024-02-19 17:09:00,1256.24,Vendor_019,Finance,Travel,ACH,Emp_002,INV-2024-0001401,0,normal
TX-001669,2024-02-20 02:35:00,695.64,Vendor_012,Support,Operations,Card,Emp_106,INV-2024-0001407,1,duplicate_invoice
TX-001670,2024-02-20 08:19:00,1364.78,Vendor_118,Support,Payroll,Check,Emp_115,INV-2024-0001428,0,normal
TX-001671,2024-02-20 08:25:00,183.86,Vendor_109,Support,Payroll,ACH,Emp_110,INV-2024-0001452,0,normal
TX-001672,2024-02-20 08:40:00,3622.92,Vendor_061,Finance,Travel,ACH,Emp_010,INV-2024-0001448,0,normal
TX-001673,2024-02-20 09:13:00,647.41,Vendor_032,HR,Travel,ACH,Emp_018,INV-2024-0001424,0,normal
TX-001674,2024-02-20 09:34:00,4690.14,Vendor_112,Sales,Travel,Card,Emp_092,INV-2024-0001446,0,normal
TX-001675,2024-02-20 10:08:00,3544.45,Vendor_113,Operations,IT,Card,Emp_072,INV-2024-0001426,0,normal
TX-001676,2024-02-20 10:23:00,5338.73,Vendor_060,Finance,Travel,ACH,Emp_015,INV-2024-0001434,0,normal
TX-001677,2024-02-20 10:32:00,8745.79,Vendor_088,Sales,Supplies,Card,Emp_103,INV-2024-0001430,0,normal
TX-001678,2024-02-20 10:44:00,3789.09,Vendor_018,Legal,IT,Check,Emp_081,INV-2024-0001429,0,normal
TX-001679,2024-02-20 10:53:00,4346.67,Vendor_092,HR,Travel,Check,Emp_024,INV-2024-0001427,0,normal
TX-001680,2024-02-20 10:55:00,2934.23,Vendor_025,Marketing,Travel,Card,Emp_055,INV-2024-0001443,0,normal
TX-001681,2024-02-20 11:30:00,2809.19,Vendor_075,HR,Consulting,ACH,Emp_016,INV-2024-0001422,0,normal
TX-001682,2024-02-20 11:44:00,3004.48,Vendor_024,Marketing,Supplies,ACH,Emp_048,INV-2024-0001439,0,normal
TX-001683,2024-02-20 11:44:00,2245.5,Vendor_008,Finance,Supplies,ACH,Emp_008,INV-2024-0001421,0,normal
TX-001684,2024-02-20 11:47:00,2030.53,Vendor_041,Legal,Supplies,Card,Emp_082,INV-2024-0001425,0,normal
TX-001685,2024-02-20 12:39:00,3850.0,Vendor_119,Marketing,Travel,Check,Emp_055,INV-2024-0001433,0,normal
TX-001686,2024-02-20 12:40:00,13596.74,Vendor_028,Marketing,Travel,Card,Emp_048,INV-2024-0001441,0,normal
TX-001687,2024-02-20 12:49:00,1259.11,Vendor_076,Support,Supplies,Card,Emp_114,INV-2024-0001442,0,normal
TX-001688,2024-02-20 12:50:00,1022.19,Vendor_101,HR,IT,ACH,Emp_018,INV-2024-0001432,0,normal
TX-001689,2024-02-20 13:12:00,2973.01,Vendor_115,Operations,Travel,ACH,Emp_070,INV-2024-0001419,0,normal
TX-001690,2024-02-20 13:34:00,2401.14,Vendor_093,Finance,Payroll,ACH,Emp_004,INV-2024-0001450,0,normal
TX-001691,2024-02-20 13:53:00,1276.4,Vendor_094,Legal,Consulting,Card,Emp_081,INV-2024-0001451,0,normal
TX-001692,2024-02-20 14:13:00,1785.38,Vendor_041,Legal,Supplies,Card,Emp_085,INV-2024-0001431,0,normal
TX-001693,2024-02-20 14:34:00,2101.19,Vendor_011,Support,Supplies,Check,Emp_120,INV-2024-0001435,0,normal
TX-001694,2024-02-20 14:59:00,4619.69,Vendor_003,Finance,Operations,Card,Emp_013,INV-2024-0001438,0,normal
TX-001695,2024-02-20 15:18:00,2283.95,Vendor_005,Legal,IT,ACH,Emp_085,INV-2024-0001418,0,normal
TX-001696,2024-02-20 15:35:00,926.66,Vendor_066,Legal,Consulting,ACH,Emp_081,INV-2024-0001449,0,normal
TX-001697,2024-02-20 15:45:00,2555.48,Vendor_108,Marketing,Travel,Card,Emp_046,INV-2024-0001447,0,normal
TX-001698,2024-02-20 15:46:00,2656.24,Vendor_048,Support,Consulting,Wire,Emp_119,INV-2024-0001444,0,normal
TX-001699,2024-02-20 15:59:00,2050.74,Vendor_041,Legal,Supplies,Wire,Emp_077,INV-2024-0001445,0,normal
TX-001700,2024-02-20 16:28:00,3842.74,Vendor_113,Operations,Consulting,Check,Emp_075,INV-2024-0001436,0,normal
TX-001701,2024-02-20 17:27:00,5565.27,Vendor_095,Legal,Supplies,Card,Emp_077,INV-2024-0001437,0,normal
TX-001702,2024-02-20 17:44:00,658.19,Vendor_091,Support,IT,ACH,Emp_117,INV-2024-0001440,0,normal
TX-001703,2024-02-20 17:57:00,2271.71,Vendor_046,IT,Travel,Card,Emp_039,INV-2024-0001420,0,normal
TX-001704,2024-02-20 18:08:00,4633.3,Vendor_095,Legal,Consulting,Card,Emp_083,INV-2024-0001423,0,normal
TX-001705,2024-02-20 18:31:00,2260.0,Vendor_005,Legal,IT,Card,Emp_085,INV-2024-0005662,1,split_payment
TX-001706,2024-02-21 07:19:00,2393.52,Vendor_054,Marketing,Consulting,Check,Emp_055,INV-2024-0001456,0,normal
TX-001707,2024-02-21 07:27:00,8645.2,Vendor_071,Finance,Payroll,Check,Emp_012,INV-2024-0001463,0,normal
TX-001708,2024-02-21 08:01:00,988.97,Vendor_038,Finance,Payroll,Check,Emp_002,INV-2024-0001462,0,normal
TX-001709,2024-02-21 10:24:00,2754.84,Vendor_075,HR,Consulting,Wire,Emp_025,INV-2024-0001460,0,normal
TX-001710,2024-02-21 10:43:00,2128.19,Vendor_093,Legal,Payroll,ACH,Emp_083,INV-2024-0001464,0,normal
TX-001711,2024-02-21 12:18:00,1616.97,Vendor_039,IT,Payroll,Card,Emp_044,INV-2024-0001469,0,normal
TX-001712,2024-02-21 12:53:00,1812.1,Vendor_011,IT,Operations,ACH,Emp_042,INV-2024-0001459,0,normal
TX-001713,2024-02-21 13:03:00,1651.74,Vendor_103,Finance,Operations,ACH,Emp_004,INV-2024-0001458,0,normal
TX-001714,2024-02-21 13:20:00,6272.06,Vendor_117,HR,Supplies,Wire,Emp_019,INV-2024-0005545,1,payment_method_switch
TX-001715,2024-02-21 13:29:00,9793.03,Vendor_108,Marketing,Travel,Check,Emp_048,INV-2024-0005501,1,high_amount
TX-001716,2024-02-21 13:34:00,1322.67,Vendor_019,Sales,Supplies,ACH,Emp_101,INV-2024-0001455,0,normal
TX-001717,2024-02-21 14:02:00,6887.49,Vendor_060,Finance,Travel,ACH,Emp_001,INV-2024-0001468,0,normal
TX-001718,2024-02-21 14:14:00,3494.68,Vendor_075,HR,Consulting,ACH,Emp_027,INV-2024-0001454,0,normal
TX-001719,2024-02-21 14:35:00,1368.65,Vendor_026,HR,Payroll,Wire,Emp_022,INV-2024-0001453,0,normal
TX-001720,2024-02-21 14:50:00,1091.91,Vendor_116,HR,Consulting,ACH,Emp_027,INV-2024-0001466,0,normal
TX-001721,2024-02-21 14:54:00,1514.41,Vendor_116,HR,IT,Check,Emp_027,INV-2024-0001470,0,normal
TX-001722,2024-02-21 14:58:00,1218.82,Vendor_036,Support,Consulting,Wire,Emp_119,INV-2024-0001465,0,normal
TX-001723,2024-02-21 15:03:00,6463.27,Vendor_004,Support,IT,Check,Emp_110,INV-2024-0005568,1,high_amount
TX-001724,2024-02-21 15:40:00,1387.14,Vendor_094,Legal,Consulting,Card,Emp_088,INV-2024-0001461,0,normal
TX-001725,2024-02-21 15:42:00,1827.26,Vendor_027,Legal,Operations,ACH,Emp_083,INV-2024-0005218,0,normal
TX-001726,2024-02-21 15:43:00,332.96,Vendor_109,Support,Supplies,Card,Emp_112,INV-2024-0001467,0,normal
TX-001727,2024-02-21 18:49:00,2440.0,Vendor_093,Legal,Payroll,Wire,Emp_083,INV-2024-0005327,1,split_payment
TX-001728,2024-02-21 18:51:00,6674.59,Vendor_095,Legal,Consulting,Card,Emp_087,INV-2024-0001457,0,normal
TX-001729,2024-02-22 07:12:00,2188.09,Vendor_073,Legal,IT,Check,Emp_079,INV-2024-0001472,0,normal
TX-001730,2024-02-22 07:21:00,2006.11,Vendor_061,Sales,Travel,ACH,Emp_093,INV-2024-0001497,0,normal
TX-001731,2024-02-22 08:53:00,3659.12,Vendor_075,HR,Consulting,ACH,Emp_025,INV-2024-0005155,0,normal
TX-001732,2024-02-22 09:14:00,210.67,Vendor_109,Sales,IT,Card,Emp_091,INV-2024-0001495,0,normal
TX-001733,2024-02-22 09:48:00,1179.1,Vendor_091,Support,Payroll,Wire,Emp_106,INV-2024-0001500,0,normal
TX-001734,2024-02-22 10:02:00,3441.77,Vendor_073,Legal,IT,Check,Emp_084,INV-2024-0001510,0,normal
TX-001735,2024-02-22 10:07:00,2637.59,Vendor_005,Legal,Supplies,ACH,Emp_086,INV-2024-0001481,0,normal
TX-001736,2024-02-22 10:19:00,1112.86,Vendor_019,Sales,Travel,Wire,Emp_102,INV-2024-0001478,0,normal
TX-001737,2024-02-22 10:49:00,534.07,Vendor_032,HR,Travel,ACH,Emp_027,INV-2024-0001496,0,normal
TX-001738,2024-02-22 10:50:00,5420.66,Vendor_051,HR,Payroll,Check,Emp_023,INV-2024-0001487,0,normal
TX-001739,2024-02-22 10:57:00,649.65,Vendor_072,IT,Travel,Wire,Emp_038,INV-2024-0001504,0,normal
TX-001740,2024-02-22 11:23:00,3352.87,Vendor_089,Legal,Supplies,ACH,Emp_078,INV-2024-0001477,0,normal
TX-001741,2024-02-22 11:29:00,1774.16,Vendor_116,HR,Consulting,Check,Emp_025,INV-2024-0001479,0,normal
TX-001742,2024-02-22 11:50:00,2691.88,Vendor_081,Finance,Supplies,Wire,Emp_012,INV-2024-0001480,0,normal
TX-001743,2024-02-22 12:28:00,883.73,Vendor_037,Legal,Consulting,Wire,Emp_083,INV-2024-0001502,0,normal
TX-001744,2024-02-22 12:32:00,148.86,Vendor_109,Support,Supplies,ACH,Emp_106,INV-2024-0001505,0,normal
TX-001745,2024-02-22 12:37:00,1243.3,Vendor_063,Sales,Operations,Check,Emp_101,INV-2024-0001483,0,normal
TX-001746,2024-02-22 12:47:00,3669.45,Vendor_030,Legal,IT,Check,Emp_086,INV-2024-0001488,0,normal
TX-001747,2024-02-22 12:48:00,1412.01,Vendor_097,Operations,Operations,Check,Emp_062,INV-2024-0001475,0,normal
TX-001748,2024-02-22 13:02:00,3308.4,Vendor_081,Finance,Supplies,Wire,Emp_011,INV-2024-0001491,0,normal
TX-001749,2024-02-22 13:06:00,4850.0,Vendor_051,HR,Payroll,Wire,Emp_023,INV-2024-0005689,1,split_payment
TX-001750,2024-02-22 13:11:00,2390.0,Vendor_116,HR,Consulting,Wire,Emp_025,INV-2024-0005359,1,split_payment
TX-001751,2024-02-22 13:19:00,1739.68,Vendor_029,HR,Travel,Card,Emp_020,INV-2024-0001489,0,normal
TX-001752,2024-02-22 13:30:00,418.47,Vendor_032,HR,Travel,ACH,Emp_021,INV-2024-0001486,0,normal
TX-001753,2024-02-22 13:31:00,2431.97,Vendor_015,HR,Consulting,Wire,Emp_018,INV-2024-0001501,0,normal
TX-001754,2024-02-22 13:40:00,2204.62,Vendor_055,Operations,Supplies,Wire,Emp_071,INV-2024-0001492,0,normal
TX-001755,2024-02-22 13:47:00,2414.16,Vendor_101,HR,IT,Card,Emp_027,INV-2024-0001485,0,normal
TX-001756,2024-02-22 13:49:00,1565.19,Vendor_050,Finance,Travel,Card,Emp_005,INV-2024-0001473,0,normal
TX-001757,2024-02-22 13:50:00,1982.43,Vendor_005,Legal,Travel,ACH,Emp_079,INV-2024-0001494,0,normal
TX-001758,2024-02-22 13:50:00,8911.16,Vendor_043,Marketing,Travel,Check,Emp_052,INV-2024-0001474,0,normal
TX-001759,2024-02-22 14:05:00,3000.0,Vendor_054,Operations,Operations,Check,Emp_061,INV-2024-0001506,0,normal
TX-001760,2024-02-22 14:05:00,935.83,Vendor_012,Support,Operations,Wire,Emp_110,INV-2024-0001490,0,normal
TX-001761,2024-02-22 14:10:00,3721.22,Vendor_062,Sales,Payroll,Card,Emp_099,INV-2024-0001482,0,normal
TX-001762,2024-02-22 14:23:00,376.03,Vendor_044,Operations,IT,Check,Emp_075,INV-2024-0001471,0,normal
TX-001763,2024-02-22 15:40:00,1866.41,Vendor_093,Legal,Payroll,ACH,Emp_090,INV-2024-0001498,0,normal
TX-001764,2024-02-22 16:07:00,3750.93,Vendor_040,Finance,Supplies,Wire,Emp_015,INV-2024-0001493,0,normal
TX-001765,2024-02-22 16:09:00,1432.68,Vendor_016,Sales,IT,ACH,Emp_095,INV-2024-0001499,0,normal
TX-001766,2024-02-22 16:16:00,1847.87,Vendor_116,HR,Consulting,Wire,Emp_020,INV-2024-0001509,0,normal
TX-001767,2024-02-22 16:28:00,3002.04,Vendor_039,IT,Consulting,Wire,Emp_032,INV-2024-0001507,0,normal
TX-001768,2024-02-22 16:52:00,707.15,Vendor_012,Support,Operations,ACH,Emp_117,INV-2024-0001503,0,normal
TX-001769,2024-02-22 16:55:00,2532.49,Vendor_101,HR,IT,ACH,Emp_018,INV-2024-0001476,0,normal
TX-001770,2024-02-22 17:39:00,3345.65,Vendor_098,Finance,Operations,ACH,Emp_008,INV-2024-0001508,0,normal
TX-001771,2024-02-22 17:57:00,3209.82,Vendor_057,Operations,Operations,ACH,Emp_069,INV-2024-0001484,0,normal
TX-001772,2024-02-22 23:31:00,50634.21,Vendor_110,Support,Payroll,Check,Emp_114,INV-2024-0005659,1,high_amount
TX-001773,2024-02-23 07:07:00,2317.46,Vendor_039,IT,Payroll,Card,Emp_031,INV-2024-0001545,0,normal
TX-001774,2024-02-23 08:10:00,757.22,Vendor_064,Operations,Travel,Card,Emp_064,INV-2024-0001530,0,normal
TX-001775,2024-02-23 08:23:00,5300.0,Vendor_088,Sales,Consulting,Wire,Emp_095,INV-2024-0001553,0,normal
TX-001776,2024-02-23 08:49:00,1143.27,Vendor_070,Sales,Consulting,Card,Emp_093,INV-2024-0001518,0,normal
TX-001777,2024-02-23 09:19:00,4358.23,Vendor_071,Finance,Payroll,Card,Emp_010,INV-2024-0001524,0,normal
TX-001778,2024-02-23 09:35:00,1562.66,Vendor_091,Support,IT,Card,Emp_118,INV-2024-0001541,0,normal
TX-001779,2024-02-23 10:01:00,1204.71,Vendor_066,Support,Supplies,Wire,Emp_116,INV-2024-0001536,0,normal
TX-001780,2024-02-23 10:11:00,4694.36,Vendor_002,HR,Supplies,Check,Emp_023,INV-2024-0005240,0,normal
TX-001781,2024-02-23 10:15:00,1779.2,Vendor_084,Marketing,Operations,ACH,Emp_058,INV-2024-0001533,0,normal
TX-001782,2024-02-23 10:23:00,941.48,Vendor_066,Legal,IT,ACH,Emp_088,INV-2024-0001526,0,normal
TX-001783,2024-02-23 10:28:00,4181.5,Vendor_035,Legal,Travel,Check,Emp_080,INV-2024-0001516,0,normal
TX-001784,2024-02-23 10:34:00,3180.06,Vendor_100,Finance,Consulting,ACH,Emp_015,INV-2024-0001540,0,normal
TX-001785,2024-02-23 10:35:00,2531.52,Vendor_034,Sales,Travel,Wire,Emp_105,INV-2024-0001511,0,normal
TX-001786,2024-02-23 10:35:00,3825.97,Vendor_018,Support,Travel,Check,Emp_108,INV-2024-0001513,0,normal
TX-001787,2024-02-23 10:48:00,3648.52,Vendor_100,Finance,Consulting,ACH,Emp_010,INV-2024-0001529,0,normal
TX-001788,2024-02-23 10:56:00,2415.77,Vendor_045,Sales,Consulting,Check,Emp_095,INV-2024-0001522,0,normal
TX-001789,2024-02-23 10:57:00,1209.05,Vendor_064,IT,Supplies,Wire,Emp_039,INV-2024-0001534,0,normal
TX-001790,2024-02-23 10:59:00,1191.79,Vendor_014,HR,Consulting,ACH,Emp_027,INV-2024-0001523,0,normal
TX-001791,2024-02-23 11:31:00,2876.66,Vendor_075,HR,Consulting,ACH,Emp_021,INV-2024-0001548,0,normal
TX-001792,2024-02-23 11:53:00,4566.51,Vendor_030,Legal,IT,ACH,Emp_084,INV-2024-0001519,0,normal
TX-001793,2024-02-23 11:56:00,2896.48,Vendor_108,Marketing,Travel,Wire,Emp_057,INV-2024-0001517,0,normal
TX-001794,2024-02-23 12:58:00,663.33,Vendor_074,Operations,Operations,Wire,Emp_065,INV-2024-0001544,0,normal
TX-001795,2024-02-23 12:59:00,5493.63,Vendor_031,Operations,Consulting,ACH,Emp_073,INV-2024-0001546,0,normal
TX-001796,2024-02-23 13:00:00,2420.0,Vendor_045,Sales,Consulting,Wire,Emp_095,INV-2024-0005391,1,split_payment
TX-001797,2024-02-23 13:20:00,5702.58,Vendor_060,IT,Consulting,Card,Emp_038,INV-2024-0001532,0,normal
TX-001798,2024-02-23 13:24:00,157.4,Vendor_109,Support,IT,Wire,Emp_107,INV-2024-0001521,0,normal
TX-001799,2024-02-23 13:42:00,4733.17,Vendor_069,Support,Travel,Wire,Emp_115,INV-2024-0001527,0,normal
TX-001800,2024-02-23 13:45:00,4360.9,Vendor_051,HR,Payroll,Check,Emp_016,INV-2024-0001535,0,normal
TX-001801,2024-02-23 13:51:00,13604.6,Vendor_028,Marketing,Travel,Check,Emp_055,INV-2024-0001515,0,normal
TX-001802,2024-02-23 13:57:00,2315.51,Vendor_101,HR,IT,Check,Emp_029,INV-2024-0001547,0,normal
TX-001803,2024-02-23 14:03:00,1388.57,Vendor_032,HR,Travel,Check,Emp_026,INV-2024-0001512,0,normal
TX-001804,2024-02-23 14:08:00,3555.05,Vendor_052,HR,Travel,ACH,Emp_022,INV-2024-0001537,0,normal
TX-001805,2024-02-23 14:34:00,1694.9,Vendor_117,HR,Consulting,Card,Emp_019,INV-2024-0001539,0,normal
TX-001806,2024-02-23 14:36:00,2117.77,Vendor_076,Marketing,Supplies,Card,Emp_050,INV-2024-0001538,0,normal
TX-001807,2024-02-23 14:41:00,1853.22,Vendor_033,IT,Operations,Card,Emp_041,INV-2024-0001542,0,normal
TX-001808,2024-02-23 14:46:00,1000.79,Vendor_063,Sales,Operations,ACH,Emp_102,INV-2024-0001549,0,normal
TX-001809,2024-02-23 15:00:00,1407.0,Vendor_097,Legal,Operations,Wire,Emp_079,INV-2024-0001531,0,normal
TX-001810,2024-02-23 15:18:00,597.64,Vendor_039,IT,Consulting,ACH,Emp_031,INV-2024-0001520,0,normal
TX-001811,2024-02-23 15:56:00,2836.05,Vendor_003,Finance,IT,Wire,Emp_014,INV-2024-0001543,0,normal
TX-001812,2024-02-23 15:56:00,1735.73,Vendor_050,Finance,Travel,Card,Emp_009,INV-2024-0001514,0,normal
TX-001813,2024-02-23 15:59:00,7233.06,Vendor_049,Legal,Consulting,ACH,Emp_080,INV-2024-0001550,0,normal
TX-001814,2024-02-23 16:03:00,435.45,Vendor_072,IT,Consulting,ACH,Emp_034,INV-2024-0001528,0,normal
TX-001815,2024-02-23 17:56:00,7516.49,Vendor_096,Sales,Consulting,ACH,Emp_100,INV-2024-0001525,0,normal
TX-001816,2024-02-23 18:20:00,1533.11,Vendor_004,Support,IT,ACH,Emp_115,INV-2024-0001552,0,normal
TX-001817,2024-02-23 18:50:00,1680.7,Vendor_001,Finance,IT,ACH,Emp_008,INV-2024-0001551,0,normal
TX-001818,2024-02-23 23:18:00,718.01,Vendor_039,IT,Consulting,ACH,Emp_031,INV-2024-0005451,1,same_day_burst
TX-001819,2024-02-24 08:09:00,2063.65,Vendor_100,Finance,Consulting,Check,Emp_007,INV-2024-0001567,0,normal
TX-001820,2024-02-24 09:54:00,2007.58,Vendor_034,Sales,IT,Wire,Emp_105,INV-2024-0001559,0,normal
TX-001821,2024-02-24 10:01:00,706.99,Vendor_074,Operations,Operations,Wire,Emp_069,INV-2024-0001558,0,normal
TX-001822,2024-02-24 10:45:00,1323.6,Vendor_026,HR,Travel,ACH,Emp_019,INV-2024-0001569,0,normal
TX-001823,2024-02-24 10:50:00,2045.64,Vendor_104,Sales,Travel,ACH,Emp_093,INV-2024-0005205,0,normal
TX-001824,2024-02-24 11:52:00,6064.87,Vendor_101,Legal,Travel,Card,Emp_076,INV-2024-0005527,1,vendor_department_shift
TX-001825,2024-02-24 12:58:00,2875.34,Vendor_048,Support,Consulting,ACH,Emp_119,INV-2024-0001560,0,normal
TX-001826,2024-02-24 13:00:00,10946.59,Vendor_028,Marketing,Travel,ACH,Emp_050,INV-2024-0001566,0,normal
TX-001827,2024-02-24 13:00:00,1502.46,Vendor_001,Finance,Consulting,Card,Emp_014,INV-2024-0001568,0,normal
TX-001828,2024-02-24 13:03:00,1877.11,Vendor_118,Operations,Payroll,Wire,Emp_073,INV-2024-0001554,0,normal
TX-001829,2024-02-24 13:29:00,6472.81,Vendor_095,Legal,Consulting,Card,Emp_089,INV-2024-0001562,0,normal
TX-001830,2024-02-24 14:08:00,3176.71,Vendor_117,HR,Consulting,ACH,Emp_022,INV-2024-0001555,0,normal
TX-001831,2024-02-24 14:20:00,1539.97,Vendor_054,Operations,Consulting,ACH,Emp_063,INV-2024-0001570,0,normal
TX-001832,2024-02-24 14:48:00,2800.74,Vendor_075,HR,Consulting,Card,Emp_027,INV-2024-0001556,0,normal
TX-001833,2024-02-24 15:28:00,1496.43,Vendor_007,Finance,Consulting,Check,Emp_010,INV-2024-0001564,0,normal
TX-001834,2024-02-24 15:39:00,8283.91,Vendor_096,Sales,Operations,Wire,Emp_096,INV-2024-0005160,0,normal
TX-001835,2024-02-24 15:40:00,1003.18,Vendor_013,Marketing,Operations,Wire,Emp_059,INV-2024-0001563,0,normal
TX-001836,2024-02-24 16:57:00,3110.85,Vendor_112,Marketing,Travel,Wire,Emp_047,INV-2024-0001561,0,normal
TX-001837,2024-02-24 17:07:00,5830.06,Vendor_114,IT,IT,Check,Emp_032,INV-2024-0001557,0,normal
TX-001838,2024-02-24 17:38:00,2605.88,Vendor_048,Support,Consulting,Card,Emp_116,INV-2024-0001565,0,normal
TX-001839,2024-02-24 19:48:00,10311.04,Vendor_100,Finance,Consulting,Card,Emp_010,INV-2024-0005303,1,low_history_high_amount
TX-001840,2024-02-24 21:37:00,2044.33,Vendor_016,Support,Travel,Wire,Emp_109,INV-2024-0005695,1,vendor_department_shift
TX-001841,2024-02-24 22:28:00,893.06,Vendor_037,Legal,Consulting,Check,Emp_079,INV-2024-1001502,1,fuzzy_duplicate
TX-001842,2024-02-25 07:00:00,1438.93,Vendor_097,Legal,Operations,Wire,Emp_076,INV-2024-0001531,1,duplicate_invoice
TX-001843,2024-02-25 08:49:00,1315.87,Vendor_055,Operations,Supplies,Card,Emp_065,INV-2024-0001582,0,normal
TX-001844,2024-02-25 10:14:00,1831.97,Vendor_078,IT,Consulting,ACH,Emp_036,INV-2024-0001572,0,normal
TX-001845,2024-02-25 11:26:00,5078.66,Vendor_060,Finance,Consulting,Wire,Emp_006,INV-2024-0001574,0,normal
TX-001846,2024-02-25 11:31:00,1318.96,Vendor_013,Sales,Supplies,Wire,Emp_102,INV-2024-0001575,0,normal
TX-001847,2024-02-25 11:45:00,1487.0,Vendor_026,HR,Travel,ACH,Emp_021,INV-2024-0001583,0,normal
TX-001848,2024-02-25 11:56:00,878.31,Vendor_037,Legal,Consulting,Wire,Emp_078,INV-2024-0001584,0,normal
TX-001849,2024-02-25 12:01:00,979.5,Vendor_014,HR,Consulting,ACH,Emp_024,INV-2024-0001578,0,normal
TX-001850,2024-02-25 12:48:00,9790.0,Vendor_037,Legal,Consulting,ACH,Emp_078,INV-2024-0005336,1,split_payment
TX-001851,2024-02-25 12:59:00,3044.79,Vendor_115,Sales,Travel,Card,Emp_105,INV-2024-0001577,0,normal
TX-001852,2024-02-25 14:05:00,1495.6,Vendor_070,Sales,Consulting,ACH,Emp_099,INV-2024-0001571,0,normal
TX-001853,2024-02-25 14:53:00,1732.44,Vendor_118,Support,IT,Card,Emp_117,INV-2024-0001580,0,normal
TX-001854,2024-02-25 15:19:00,1869.28,Vendor_025,Marketing,Operations,ACH,Emp_056,INV-2024-0001581,0,normal
TX-001855,2024-02-25 16:14:00,4880.0,Vendor_025,Marketing,Operations,Check,Emp_056,INV-2024-0005427,1,split_payment
TX-001856,2024-02-25 16:30:00,2870.27,Vendor_048,HR,Consulting,Card,Emp_019,INV-2024-0005183,0,normal
TX-001857,2024-02-25 16:36:00,3293.28,Vendor_025,Marketing,Consulting,Wire,Emp_058,INV-2024-0001579,0,normal
TX-001858,2024-02-25 17:27:00,825.45,Vendor_019,Sales,IT,ACH,Emp_101,INV-2024-0001573,0,normal
TX-001859,2024-02-25 18:00:00,3167.82,Vendor_030,Legal,IT,Card,Emp_086,INV-2024-0001576,0,normal
TX-001860,2024-02-25 20:20:00,2270.0,Vendor_030,Legal,IT,Check,Emp_086,INV-2024-0005482,1,split_payment
TX-001861,2024-02-26 07:28:00,2095.76,Vendor_084,Finance,Operations,ACH,Emp_014,INV-2024-0001593,0,normal
TX-001862,2024-02-26 07:45:00,2713.46,Vendor_066,Finance,Supplies,Card,Emp_002,INV-2024-0005543,1,vendor_department_shift
TX-001863,2024-02-26 08:08:00,78.61,Vendor_116,HR,Consulting,ACH,Emp_019,INV-2024-0001591,0,normal
TX-001864,2024-02-26 09:10:00,11106.61,Vendor_086,Sales,IT,Wire,Emp_091,INV-2024-0001601,0,normal
TX-001865,2024-02-26 09:10:00,1434.55,Vendor_118,HR,Supplies,Card,Emp_016,INV-2024-0001603,0,normal
TX-001866,2024-02-26 09:58:00,3735.31,Vendor_024,Marketing,Consulting,Wire,Emp_055,INV-2024-0001599,0,normal
TX-001867,2024-02-26 09:59:00,3852.45,Vendor_069,Legal,Travel,ACH,Emp_087,INV-2024-0001589,0,normal
TX-001868,2024-02-26 10:11:00,1304.96,Vendor_036,Support,Supplies,Check,Emp_108,INV-2024-0005264,0,normal
TX-001869,2024-02-26 10:38:00,6314.23,Vendor_088,Sales,IT,Wire,Emp_098,INV-2024-0001597,0,normal
TX-001870,2024-02-26 10:42:00,5290.52,Vendor_105,Operations,Operations,Check,Emp_066,INV-2024-0001588,0,normal
TX-001871,2024-02-26 11:02:00,2289.02,Vendor_108,Marketing,Travel,Wire,Emp_055,INV-2024-0001613,0,normal
TX-001872,2024-02-26 11:05:00,4374.85,Vendor_002,HR,Travel,Check,Emp_019,INV-2024-0001611,0,normal
TX-001873,2024-02-26 11:21:00,2235.55,Vendor_120,IT,IT,ACH,Emp_032,INV-2024-0001615,0,normal
TX-001874,2024-02-26 11:32:00,6160.15,Vendor_105,Operations,Consulting,ACH,Emp_075,INV-2024-0001600,0,normal
TX-001875,2024-02-26 11:32:00,15512.08,Vendor_077,Support,Operations,Wire,Emp_119,INV-2024-0005358,1,high_amount
TX-001876,2024-02-26 11:38:00,1156.54,Vendor_080,Legal,Consulting,ACH,Emp_082,INV-2024-0001614,0,normal
TX-001877,2024-02-26 11:43:00,2948.28,Vendor_115,Operations,IT,Card,Emp_063,INV-2024-0001587,0,normal
TX-001878,2024-02-26 12:16:00,6489.8,Vendor_006,Sales,Travel,Wire,Emp_101,INV-2024-0001605,0,normal
TX-001879,2024-02-26 12:38:00,1581.18,Vendor_116,HR,IT,Check,Emp_026,INV-2024-0001606,0,normal
TX-001880,2024-02-26 12:53:00,6146.07,Vendor_092,Sales,Payroll,ACH,Emp_095,INV-2024-0001610,0,normal
TX-001881,2024-02-26 12:58:00,699.83,Vendor_103,Finance,Operations,ACH,Emp_014,INV-2024-0001616,0,normal
TX-001882,2024-02-26 13:05:00,1060.41,Vendor_063,Sales,Operations,Card,Emp_094,INV-2024-0001609,0,normal
TX-001883,2024-02-26 13:13:00,7196.51,Vendor_087,Marketing,Payroll,Card,Emp_060,INV-2024-0001608,0,normal
TX-001884,2024-02-26 13:26:00,6279.35,Vendor_105,Operations,Consulting,ACH,Emp_075,INV-2024-0005641,1,same_day_burst
TX-001885,2024-02-26 13:37:00,1719.96,Vendor_070,Sales,Consulting,ACH,Emp_102,INV-2024-0001595,0,normal
TX-001886,2024-02-26 13:54:00,1190.1,Vendor_009,Operations,Consulting,Wire,Emp_062,INV-2024-0001602,0,normal
TX-001887,2024-02-26 14:09:00,12055.35,Vendor_002,Operations,Payroll,Check,Emp_068,INV-2024-0005409,1,vendor_department_shift
TX-001888,2024-02-26 14:43:00,3922.62,Vendor_006,HR,Payroll,ACH,Emp_023,INV-2024-0001604,0,normal
TX-001889,2024-02-26 14:55:00,950.0,Vendor_067,IT,Supplies,ACH,Emp_036,INV-2024-0001596,0,normal
TX-001890,2024-02-26 15:38:00,1193.37,Vendor_014,HR,Supplies,ACH,Emp_030,INV-2024-0001590,0,normal
TX-001891,2024-02-26 16:09:00,2258.29,Vendor_046,Finance,Travel,Card,Emp_011,INV-2024-0001585,0,normal
TX-001892,2024-02-26 16:20:00,315.01,Vendor_109,Support,Payroll,Card,Emp_106,INV-2024-0001612,0,normal
TX-001893,2024-02-26 16:24:00,1453.45,Vendor_033,Support,Travel,ACH,Emp_117,INV-2024-0001592,0,normal
TX-001894,2024-02-26 16:24:00,6807.42,Vendor_096,Sales,Operations,Check,Emp_102,INV-2024-0001586,0,normal
TX-001895,2024-02-26 16:42:00,2011.03,Vendor_059,Support,Consulting,Check,Emp_109,INV-2024-0001607,0,normal
TX-001896,2024-02-26 16:59:00,3240.82,Vendor_100,Finance,Consulting,Wire,Emp_003,INV-2024-0001598,0,normal
TX-001897,2024-02-26 18:09:00,9272.5,Vendor_096,Marketing,Operations,ACH,Emp_048,INV-2024-0001594,0,normal
TX-001898,2024-02-26 18:29:00,4880.0,Vendor_108,Marketing,Travel,Check,Emp_055,INV-2024-0005597,1,split_payment
TX-001899,2024-02-27 07:41:00,4444.22,Vendor_077,Support,Payroll,Check,Emp_118,INV-2024-0001640,0,normal
TX-001900,2024-02-27 08:05:00,1491.31,Vendor_007,Finance,Payroll,ACH,Emp_013,INV-2024-0001630,0,normal
TX-001901,2024-02-27 08:56:00,1040.19,Vendor_079,Marketing,Consulting,Wire,Emp_053,INV-2024-0001635,0,normal
TX-001902,2024-02-27 09:00:00,5889.79,Vendor_069,Legal,Travel,ACH,Emp_086,INV-2024-0001641,0,normal
TX-001903,2024-02-27 09:06:00,7387.73,Vendor_088,Sales,Consulting,Wire,Emp_095,INV-2024-0001638,0,normal
TX-001904,2024-02-27 09:19:00,1886.9,Vendor_025,Marketing,Operations,ACH,Emp_053,INV-2024-0001521,1,fuzzy_duplicate
TX-001905,2024-02-27 09:30:00,3161.51,Vendor_052,HR,Travel,Wire,Emp_025,INV-2024-0001647,0,normal
TX-001906,2024-02-27 09:45:00,26983.16,Vendor_060,Finance,Travel,Wire,Emp_015,INV-2024-0005657,1,high_amount
TX-001907,2024-02-27 10:08:00,797.51,Vendor_066,Support,Operations,ACH,Emp_118,INV-2024-0001646,0,normal
TX-001908,2024-02-27 10:35:00,6485.29,Vendor_096,Sales,Operations,ACH,Emp_092,INV-2024-0001628,0,normal
TX-001909,2024-02-27 10:39:00,1670.86,Vendor_016,Marketing,Supplies,Wire,Emp_049,INV-2024-0005196,0,normal
TX-001910,2024-02-27 10:49:00,5345.38,Vendor_060,IT,Travel,ACH,Emp_038,INV-2024-0001625,0,normal
TX-001911,2024-02-27 10:59:00,2830.17,Vendor_033,Support,Payroll,Check,Emp_108,INV-2024-0001627,0,normal
TX-001912,2024-02-27 11:16:00,1294.3,Vendor_004,Support,IT,Card,Emp_106,INV-2024-0001639,0,normal
TX-001913,2024-02-27 11:20:00,1652.28,Vendor_098,Finance,Operations,Card,Emp_001,INV-2024-0001631,0,normal
TX-001914,2024-02-27 11:29:00,1439.89,Vendor_036,Support,Supplies,Wire,Emp_108,INV-2024-0001617,0,normal
TX-001915,2024-02-27 11:35:00,1375.26,Vendor_064,IT,Travel,Card,Emp_036,INV-2024-0001637,0,normal
TX-001916,2024-02-27 11:42:00,1957.4,Vendor_118,Support,IT,Wire,Emp_116,INV-2024-0001619,0,normal
TX-001917,2024-02-27 11:45:00,7746.85,Vendor_043,Marketing,Travel,ACH,Emp_057,INV-2024-0001623,0,normal
TX-001918,2024-02-27 12:06:00,1553.45,Vendor_118,Support,Payroll,Card,Emp_109,INV-2024-0001642,0,normal
TX-001919,2024-02-27 12:11:00,1008.21,Vendor_037,Legal,Consulting,Wire,Emp_089,INV-2024-0001621,0,normal
TX-001920,2024-02-27 12:19:00,763.41,Vendor_019,Sales,IT,Wire,Emp_096,INV-2024-0001618,0,normal
TX-001921,2024-02-27 12:21:00,2945.51,Vendor_093,Legal,Payroll,Card,Emp_086,INV-2024-0001620,0,normal
TX-001922,2024-02-27 12:27:00,3145.07,Vendor_081,Finance,Supplies,Wire,Emp_006,INV-2024-0001649,0,normal
TX-001923,2024-02-27 12:27:00,1539.91,Vendor_076,Operations,Supplies,ACH,Emp_068,INV-2024-0001626,0,normal
TX-001924,2024-02-27 12:40:00,2016.64,Vendor_046,Finance,Payroll,ACH,Emp_004,INV-2024-0001634,0,normal
TX-001925,2024-02-27 12:45:00,2551.33,Vendor_008,Finance,Consulting,ACH,Emp_010,INV-2024-0005213,0,normal
TX-001926,2024-02-27 12:47:00,3810.27,Vendor_077,Support,Operations,ACH,Emp_109,INV-2024-0001633,0,normal
TX-001927,2024-02-27 12:52:00,7856.91,Vendor_043,Marketing,Travel,Card,Emp_047,INV-2024-0001632,0,normal
TX-001928,2024-02-27 13:08:00,3910.42,Vendor_059,Sales,Supplies,Wire,Emp_098,INV-2024-0001650,0,normal
TX-001929,2024-02-27 13:34:00,2582.35,Vendor_015,HR,Consulting,Wire,Emp_018,INV-2024-0001629,0,normal
TX-001930,2024-02-27 14:14:00,1530.18,Vendor_036,Legal,Supplies,ACH,Emp_079,INV-2024-0001622,0,normal
TX-001931,2024-02-27 14:25:00,2641.34,Vendor_005,Legal,IT,ACH,Emp_079,INV-2024-0005166,0,normal
TX-001932,2024-02-27 14:58:00,7586.35,Vendor_095,Legal,Consulting,ACH,Emp_077,INV-2024-0001636,0,normal
TX-001933,2024-02-27 15:17:00,8937.71,Vendor_088,Sales,Supplies,Card,Emp_101,INV-2024-0001643,0,normal
TX-001934,2024-02-27 15:34:00,12357.82,Vendor_117,HR,Payroll,Check,Emp_019,INV-2024-0005562,1,high_amount
TX-001935,2024-02-27 16:47:00,1305.71,Vendor_019,Sales,Supplies,Wire,Emp_099,INV-2024-0001648,0,normal
TX-001936,2024-02-27 17:04:00,2999.14,Vendor_015,HR,Consulting,Wire,Emp_019,INV-2024-0001645,0,normal
TX-001937,2024-02-27 17:48:00,2020.48,Vendor_046,Finance,Travel,ACH,Emp_012,INV-2024-0001624,0,normal
TX-001938,2024-02-27 17:53:00,1229.37,Vendor_019,Sales,Supplies,Wire,Emp_099,INV-2024-0005593,1,same_day_burst
TX-001939,2024-02-27 18:16:00,5641.99,Vendor_095,Legal,Supplies,ACH,Emp_089,INV-2024-0001644,0,normal
TX-001940,2024-02-28 08:25:00,13013.77,Vendor_110,Sales,Travel,ACH,Emp_103,INV-2024-0001678,0,normal
TX-001941,2024-02-28 09:05:00,4336.33,Vendor_002,Support,Travel,Check,Emp_120,INV-2024-0001677,0,normal
TX-001942,2024-02-28 09:15:00,1714.58,Vendor_076,Support,Supplies,Check,Emp_119,INV-2024-0001668,0,normal
TX-001943,2024-02-28 09:18:00,12875.58,Vendor_028,Marketing,Travel,Check,Emp_056,INV-2024-0005157,0,normal
TX-001944,2024-02-28 09:23:00,5008.43,Vendor_088,Sales,IT,Wire,Emp_101,INV-2024-0001662,0,normal
TX-001945,2024-02-28 09:26:00,2481.93,Vendor_055,Operations,Supplies,Card,Emp_072,INV-2024-0001659,0,normal
TX-001946,2024-02-28 09:45:00,2343.41,Vendor_048,Support,Consulting,Card,Emp_119,INV-2024-0001671,0,normal
TX-001947,2024-02-28 09:50:00,3466.29,Vendor_024,Marketing,Payroll,Wire,Emp_059,INV-2024-0001675,0,normal
TX-001948,2024-02-28 09:52:00,3133.7,Vendor_098,Finance,Operations,Card,Emp_006,INV-2024-0001651,0,normal
TX-001949,2024-02-28 10:51:00,1889.64,Vendor_041,Sales,Supplies,Card,Emp_091,INV-2024-0005201,0,normal
TX-001950,2024-02-28 11:09:00,3290.28,Vendor_075,HR,Consulting,ACH,Emp_016,INV-2024-0001657,0,normal
TX-001951,2024-02-28 11:18:00,1103.43,Vendor_064,IT,Operations,Card,Emp_043,INV-2024-0001663,0,normal
TX-001952,2024-02-28 12:09:00,2071.95,Vendor_021,Finance,Consulting,Check,Emp_012,INV-2024-0001664,0,normal
TX-001953,2024-02-28 12:53:00,5321.23,Vendor_114,Operations,IT,Check,Emp_063,INV-2024-0001656,0,normal
TX-001954,2024-02-28 12:54:00,1283.28,Vendor_083,Operations,IT,Wire,Emp_063,INV-2024-0001654,0,normal
TX-001955,2024-02-28 12:59:00,2095.27,Vendor_041,Sales,Supplies,Card,Emp_092,INV-2024-0001655,0,normal
TX-001956,2024-02-28 13:03:00,2141.39,Vendor_116,HR,IT,Wire,Emp_030,INV-2024-0001667,0,normal
TX-001957,2024-02-28 13:22:00,5212.52,Vendor_006,Sales,Travel,Card,Emp_099,INV-2024-0001660,0,normal
TX-001958,2024-02-28 13:25:00,339.86,Vendor_032,HR,Travel,Check,Emp_016,INV-2024-0001658,0,normal
TX-001959,2024-02-28 13:32:00,3076.98,Vendor_075,HR,Consulting,Wire,Emp_030,INV-2024-0001653,0,normal
TX-001960,2024-02-28 13:40:00,1408.82,Vendor_014,HR,Supplies,ACH,Emp_020,INV-2024-0001666,0,normal
TX-001961,2024-02-28 14:08:00,8323.47,Vendor_046,Finance,Travel,Wire,Emp_015,INV-2024-0005438,1,high_amount
TX-001962,2024-02-28 14:33:00,807.27,Vendor_068,Sales,Operations,ACH,Emp_105,INV-2024-0005122,0,normal
TX-001963,2024-02-28 14:36:00,258.01,Vendor_109,Support,Payroll,Card,Emp_110,INV-2024-0001673,0,normal
TX-001964,2024-02-28 14:48:00,2990.14,Vendor_059,Marketing,Supplies,Check,Emp_051,INV-2024-0001679,0,normal
TX-001965,2024-02-28 14:50:00,1103.85,Vendor_063,Operations,Travel,Check,Emp_071,INV-2024-0001652,0,normal
TX-001966,2024-02-28 14:53:00,1123.42,Vendor_094,HR,IT,Card,Emp_026,INV-2024-0001676,0,normal
TX-001967,2024-02-28 15:37:00,2106.18,Vendor_010,Support,IT,Check,Emp_114,INV-2024-0001674,0,normal
TX-001968,2024-02-28 15:45:00,7352.25,Vendor_096,Sales,Operations,Card,Emp_102,INV-2024-0001665,0,normal
TX-001969,2024-02-28 16:38:00,20700.98,Vendor_003,Finance,Operations,Wire,Emp_013,INV-2024-0005615,1,high_amount
TX-001970,2024-02-28 16:54:00,2591.26,Vendor_002,Legal,Supplies,Card,Emp_090,INV-2024-0001670,0,normal
TX-001971,2024-02-28 16:59:00,4394.47,Vendor_020,Marketing,Consulting,Card,Emp_059,INV-2024-0001661,0,normal
TX-001972,2024-02-28 17:02:00,1043.29,Vendor_072,IT,IT,ACH,Emp_038,INV-2024-0005367,1,payment_method_switch
TX-001973,2024-02-28 17:07:00,2493.18,Vendor_093,Legal,Supplies,ACH,Emp_080,INV-2024-0001680,0,normal
TX-001974,2024-02-28 17:17:00,8677.63,Vendor_096,Sales,Operations,Wire,Emp_098,INV-2024-0001681,0,normal
TX-001975,2024-02-28 17:42:00,1705.02,Vendor_021,IT,Consulting,Check,Emp_042,INV-2024-0001672,0,normal
TX-001976,2024-02-28 18:08:00,2286.73,Vendor_046,Finance,Travel,Card,Emp_012,INV-2024-0001669,0,normal
TX-001977,2024-02-29 00:27:00,3183.03,Vendor_081,Finance,Supplies,Wire,Emp_014,INV-2024-0001649,1,duplicate_invoice
TX-001978,2024-02-29 07:02:00,2151.61,Vendor_046,Finance,Travel,ACH,Emp_007,INV-2024-0001682,0,normal
TX-001979,2024-02-29 07:24:00,792.16,Vendor_037,Legal,IT,Wire,Emp_081,INV-2024-0001687,0,normal
TX-001980,2024-02-29 10:03:00,1026.33,Vendor_009,Operations,Operations,Wire,Emp_068,INV-2024-0001703,0,normal
TX-001981,2024-02-29 10:06:00,2019.33,Vendor_055,Operations,Supplies,ACH,Emp_069,INV-2024-0001697,0,normal
TX-001982,2024-02-29 10:24:00,2007.38,Vendor_106,HR,Consulting,Check,Emp_027,INV-2024-0001702,0,normal
TX-001983,2024-02-29 11:14:00,2716.46,Vendor_105,Operations,Operations,Check,Emp_065,INV-2024-0001690,0,normal
TX-001984,2024-02-29 11:25:00,2451.97,Vendor_034,Sales,Travel,Card,Emp_100,INV-2024-0001712,0,normal
TX-001985,2024-02-29 11:33:00,3022.91,Vendor_117,HR,IT,Wire,Emp_016,INV-2024-0001710,0,normal
TX-001986,2024-02-29 11:34:00,2513.4,Vendor_055,Operations,Payroll,Card,Emp_067,INV-2024-0001709,0,normal
TX-001987,2024-02-29 11:37:00,8400.18,Vendor_049,Legal,Consulting,Card,Emp_090,INV-2024-0001685,0,normal
TX-001988,2024-02-29 11:43:00,2695.21,Vendor_091,Marketing,IT,Wire,Emp_047,INV-2024-0001699,0,normal
TX-001989,2024-02-29 11:56:00,2779.91,Vendor_025,Finance,Operations,Card,Emp_004,INV-2024-0001711,0,normal
TX-001990,2024-02-29 11:57:00,6074.17,Vendor_095,IT,Supplies,Check,Emp_037,INV-2024-0001692,0,normal
TX-001991,2024-02-29 12:11:00,2817.77,Vendor_117,HR,IT,ACH,Emp_029,INV-2024-0001714,0,normal
TX-001992,2024-02-29 12:22:00,32564.61,Vendor_060,Finance,Travel,Wire,Emp_001,INV-2024-0005422,1,high_amount
TX-001993,2024-02-29 12:26:00,3144.24,Vendor_008,Finance,IT,Card,Emp_010,INV-2024-0001691,0,normal
TX-001994,2024-02-29 12:47:00,1861.21,Vendor_008,Finance,Supplies,Card,Emp_005,INV-2024-0001688,0,normal
TX-001995,2024-02-29 13:08:00,3231.01,Vendor_113,Operations,Supplies,Check,Emp_068,INV-2024-0001686,0,normal
TX-001996,2024-02-29 13:09:00,2604.76,Vendor_081,Finance,Consulting,Card,Emp_015,INV-2024-0001700,0,normal
TX-001997,2024-02-29 13:10:00,1594.94,Vendor_041,Legal,Supplies,Card,Emp_077,INV-2024-0001706,0,normal
TX-001998,2024-02-29 13:25:00,2583.43,Vendor_008,Finance,Supplies,Wire,Emp_008,INV-2024-0001705,0,normal
TX-001999,2024-02-29 13:37:00,3462.87,Vendor_086,Sales,IT,ACH,Emp_104,INV-2024-0001707,0,normal
TX-002000,2024-02-29 14:16:00,481.12,Vendor_072,IT,Payroll,Card,Emp_040,INV-2024-0001708,0,normal
TX-002001,2024-02-29 14:21:00,1349.82,Vendor_090,Support,Payroll,Wire,Emp_116,INV-2024-0001698,0,normal
TX-002002,2024-02-29 14:24:00,542.78,Vendor_019,Sales,IT,ACH,Emp_105,INV-2024-0001684,0,normal
TX-002003,2024-02-29 14:30:00,7708.34,Vendor_088,Sales,Consulting,Card,Emp_105,INV-2024-0001713,0,normal
TX-002004,2024-02-29 14:32:00,2548.78,Vendor_073,Legal,Consulting,Card,Emp_076,INV-2024-0001683,0,normal
TX-002005,2024-02-29 15:14:00,2018.58,Vendor_007,Finance,Consulting,ACH,Emp_013,INV-2024-0001695,0,normal
TX-002006,2024-02-29 15:35:00,1403.17,Vendor_013,Marketing,Supplies,ACH,Emp_055,INV-2024-0001694,0,normal
TX-002007,2024-02-29 15:39:00,8213.04,Vendor_110,Legal,Travel,ACH,Emp_079,INV-2024-0001701,0,normal
TX-002008,2024-02-29 15:47:00,6248.18,Vendor_069,Legal,Travel,Card,Emp_081,INV-2024-0001704,0,normal
TX-002009,2024-02-29 16:22:00,1547.15,Vendor_118,Operations,Payroll,ACH,Emp_065,INV-2024-0001693,0,normal
TX-002010,2024-02-29 16:30:00,2528.98,Vendor_048,Support,Consulting,ACH,Emp_118,INV-2024-0001689,0,normal
TX-002011,2024-02-29 17:09:00,2213.92,Vendor_047,Finance,Consulting,Check,Emp_008,INV-2024-0001696,0,normal
TX-002012,2024-02-29 19:30:00,14892.36,Vendor_025,Marketing,Travel,Wire,Emp_055,INV-2024-0005396,1,high_amount
TX-002013,2024-02-29 19:59:00,2440.0,Vendor_048,Support,Consulting,Wire,Emp_118,INV-2024-0005738,1,split_payment
TX-002014,2024-03-01 06:11:00,8310.16,Vendor_076,Support,Supplies,ACH,Emp_119,INV-2024-0005470,1,high_amount
TX-002015,2024-03-01 07:09:00,3244.71,Vendor_075,HR,Consulting,Check,Emp_028,INV-2024-0001731,0,normal
TX-002016,2024-03-01 07:13:00,1050.0,Vendor_074,Finance,Operations,Wire,Emp_005,INV-2024-0001721,0,normal
TX-002017,2024-03-01 07:43:00,975.75,Vendor_032,HR,Travel,Check,Emp_029,INV-2024-0001723,0,normal
TX-002018,2024-03-01 08:06:00,6494.05,Vendor_107,HR,Supplies,Check,Emp_016,INV-2024-0001718,0,normal
TX-002019,2024-03-01 08:48:00,2992.04,Vendor_059,Marketing,Supplies,Card,Emp_051,INV-2024-0001679,1,duplicate_invoice
TX-002020,2024-03-01 09:00:00,1092.02,Vendor_014,HR,Consulting,Wire,Emp_018,INV-2024-0001739,0,normal
TX-002021,2024-03-01 09:01:00,3259.88,Vendor_092,Operations,Operations,Check,Emp_064,INV-2024-0001720,0,normal
TX-002022,2024-03-01 09:36:00,784.73,Vendor_032,Marketing,Travel,Check,Emp_049,INV-2024-0001729,0,normal
TX-002023,2024-03-01 10:24:00,1457.47,Vendor_003,Finance,Operations,Card,Emp_001,INV-2024-0005163,0,normal
TX-002024,2024-03-01 10:40:00,3913.02,Vendor_115,Operations,Operations,Card,Emp_067,INV-2024-0001736,0,normal
TX-002025,2024-03-01 10:43:00,3938.11,Vendor_113,Operations,Consulting,Card,Emp_065,INV-2024-0001725,0,normal
TX-002026,2024-03-01 10:49:00,2282.77,Vendor_093,Legal,Payroll,Check,Emp_084,INV-2024-0001737,0,normal
TX-002027,2024-03-01 11:06:00,1279.3,Vendor_014,HR,Consulting,ACH,Emp_019,INV-2024-0001733,0,normal
TX-002028,2024-03-01 11:22:00,9095.99,Vendor_007,Finance,Payroll,Wire,Emp_013,INV-2024-0005649,1,high_amount
TX-002029,2024-03-01 11:27:00,3502.58,Vendor_017,Operations,Payroll,ACH,Emp_065,INV-2024-0001738,0,normal
TX-002030,2024-03-01 11:49:00,1147.24,Vendor_032,HR,Travel,Check,Emp_029,INV-2024-0001734,0,normal
TX-002031,2024-03-01 12:28:00,890.98,Vendor_070,Legal,Consulting,ACH,Emp_086,INV-2024-0001732,0,normal
TX-002032,2024-03-01 12:37:00,1134.99,Vendor_074,Operations,Consulting,Wire,Emp_064,INV-2024-0001719,0,normal
TX-002033,2024-03-01 12:57:00,1528.98,Vendor_103,Finance,Operations,Card,Emp_009,INV-2024-0001722,0,normal
TX-002034,2024-03-01 13:01:00,2003.84,Vendor_041,Sales,Supplies,Check,Emp_099,INV-2024-0001715,0,normal
TX-002035,2024-03-01 13:16:00,5400.0,Vendor_087,Marketing,Payroll,Wire,Emp_046,INV-2024-0001727,0,normal
TX-002036,2024-03-01 13:28:00,5650.0,Vendor_071,Finance,Operations,Wire,Emp_003,INV-2024-0001716,0,normal
TX-002037,2024-03-01 13:36:00,7210.58,Vendor_071,Finance,Travel,Check,Emp_013,INV-2024-0001735,0,normal
TX-002038,2024-03-01 13:36:00,3444.66,Vendor_035,Legal,Travel,Check,Emp_082,INV-2024-0001717,0,normal
TX-002039,2024-03-01 13:44:00,2437.61,Vendor_115,Operations,Supplies,Card,Emp_066,INV-2024-0001728,0,normal
TX-002040,2024-03-01 13:56:00,1308.95,Vendor_056,Marketing,Travel,Card,Emp_046,INV-2024-0001724,0,normal
TX-002041,2024-03-01 14:28:00,1038.18,Vendor_117,HR,IT,Wire,Emp_021,INV-2024-0001730,0,normal
TX-002042,2024-03-01 15:58:00,2188.16,Vendor_036,Support,Supplies,Wire,Emp_108,INV-2024-0001726,0,normal
TX-002043,2024-03-02 02:30:00,2556.14,Vendor_048,Support,Consulting,Wire,Emp_111,INV-2024-0001689,1,duplicate_invoice
TX-002044,2024-03-02 05:14:00,2051.39,Vendor_007,Finance,Consulting,ACH,Emp_014,INV-2024-0041695,1,fuzzy_duplicate
TX-002045,2024-03-02 09:39:00,3393.06,Vendor_101,HR,IT,ACH,Emp_030,INV-2024-0001747,0,normal
TX-002046,2024-03-02 10:08:00,2987.23,Vendor_048,Support,Consulting,Card,Emp_117,INV-2024-0001740,0,normal
TX-002047,2024-03-02 10:44:00,1987.51,Vendor_007,Finance,Payroll,ACH,Emp_009,INV-2024-0001750,0,normal
TX-002048,2024-03-02 12:07:00,1144.52,Vendor_014,HR,Consulting,Card,Emp_024,INV-2024-0001744,0,normal
TX-002049,2024-03-02 12:09:00,2202.45,Vendor_093,IT,Payroll,ACH,Emp_038,INV-2024-0001748,0,normal
TX-002050,2024-03-02 12:16:00,1511.87,Vendor_029,HR,Travel,Check,Emp_030,INV-2024-0001755,0,normal
TX-002051,2024-03-02 12:59:00,612.07,Vendor_070,Sales,Consulting,ACH,Emp_103,INV-2024-0001743,0,normal
TX-002052,2024-03-02 14:01:00,4149.79,Vendor_027,Legal,Consulting,Check,Emp_083,INV-2024-0005343,1,payment_method_switch
TX-002053,2024-03-02 14:28:00,1012.67,Vendor_065,Operations,Operations,Card,Emp_067,INV-2024-0001751,0,normal
TX-002054,2024-03-02 14:33:00,5820.86,Vendor_022,Sales,Travel,ACH,Emp_103,INV-2024-0001742,0,normal
TX-002055,2024-03-02 14:37:00,1200.08,Vendor_070,Sales,Consulting,ACH,Emp_100,INV-2024-0001756,0,normal
TX-002056,2024-03-02 14:43:00,2090.31,Vendor_048,Support,Consulting,Wire,Emp_113,INV-2024-0005245,0,normal
TX-002057,2024-03-02 14:49:00,6882.4,Vendor_096,Finance,Operations,Wire,Emp_002,INV-2024-0001749,0,normal
TX-002058,2024-03-02 15:57:00,1937.82,Vendor_091,Finance,IT,ACH,Emp_014,INV-2024-0001754,0,normal
TX-002059,2024-03-02 16:03:00,1012.95,Vendor_033,Support,Payroll,Card,Emp_110,INV-2024-0001745,0,normal
TX-002060,2024-03-02 16:04:00,1330.03,Vendor_099,HR,Operations,Card,Emp_019,INV-2024-0001746,0,normal
TX-002061,2024-03-02 16:38:00,3513.97,Vendor_073,Legal,IT,Card,Emp_078,INV-2024-0001752,0,normal
TX-002062,2024-03-02 17:23:00,6705.1,Vendor_048,Support,Payroll,Wire,Emp_119,INV-2024-0005713,1,payment_method_switch
TX-002063,2024-03-02 17:24:00,3383.17,Vendor_073,Marketing,Consulting,Wire,Emp_046,INV-2024-0001741,0,normal
TX-002064,2024-03-02 17:51:00,1065.06,Vendor_032,HR,Travel,ACH,Emp_025,INV-2024-0001753,0,normal
TX-002065,2024-03-03 04:53:00,4517.23,Vendor_038,Finance,Payroll,ACH,Emp_002,INV-2024-0005335,1,high_amount
TX-002066,2024-03-03 08:03:00,2284.03,Vendor_101,HR,IT,Check,Emp_023,INV-2024-0001768,0,normal
TX-002067,2024-03-03 09:19:00,224.91,Vendor_109,Support,IT,Card,Emp_106,INV-2024-0001767,0,normal
TX-002068,2024-03-03 09:37:00,8241.46,Vendor_049,Legal,Consulting,Wire,Emp_076,INV-2024-0001685,1,duplicate_invoice
TX-002069,2024-03-03 09:48:00,2774.27,Vendor_024,Marketing,Supplies,Wire,Emp_058,INV-2024-0001763,0,normal
TX-002070,2024-03-03 11:10:00,2294.24,Vendor_005,Legal,Supplies,ACH,Emp_081,INV-2024-0001760,0,normal
TX-002071,2024-03-03 11:15:00,5713.72,Vendor_043,Operations,Travel,Check,Emp_063,INV-2024-0001759,0,normal
TX-002072,2024-03-03 11:39:00,4222.86,Vendor_077,Support,Consulting,ACH,Emp_112,INV-2024-0001766,0,normal
TX-002073,2024-03-03 12:05:00,2483.14,Vendor_093,Legal,Supplies,ACH,Emp_082,INV-2024-0001769,0,normal
TX-002074,2024-03-03 12:12:00,5271.75,Vendor_095,Legal,Supplies,Card,Emp_083,INV-2024-0001757,0,normal
TX-002075,2024-03-03 12:15:00,3324.47,Vendor_008,Finance,IT,Check,Emp_005,INV-2024-0001762,0,normal
TX-002076,2024-03-03 12:27:00,896.37,Vendor_094,Legal,Consulting,Card,Emp_077,INV-2024-0005232,0,normal
TX-002077,2024-03-03 12:35:00,11392.43,Vendor_043,Finance,Supplies,Wire,Emp_012,INV-2024-0005474,1,vendor_department_shift
TX-002078,2024-03-03 12:38:00,889.1,Vendor_023,Finance,Travel,Check,Emp_011,INV-2024-0001765,0,normal
TX-002079,2024-03-03 13:39:00,4381.91,Vendor_048,Sales,Payroll,Wire,Emp_101,INV-2024-0005322,1,vendor_department_shift
TX-002080,2024-03-03 14:11:00,3607.22,Vendor_002,Legal,Supplies,Check,Emp_084,INV-2024-0001771,0,normal
TX-002081,2024-03-03 14:31:00,1857.85,Vendor_021,Finance,Consulting,Check,Emp_009,INV-2024-0001758,0,normal
TX-002082,2024-03-03 14:34:00,1846.11,Vendor_046,Legal,Travel,ACH,Emp_081,INV-2024-0001764,0,normal
TX-002083,2024-03-03 14:43:00,4200.37,Vendor_030,Legal,IT,ACH,Emp_078,INV-2024-0001770,0,normal
TX-002084,2024-03-03 15:05:00,5530.71,Vendor_069,Legal,Travel,ACH,Emp_081,INV-2024-0001761,0,normal
TX-002085,2024-03-03 17:37:00,4771.54,Vendor_048,Support,IT,ACH,Emp_113,INV-2024-0005787,1,payment_method_switch
TX-002086,2024-03-03 22:34:00,1835.13,Vendor_046,Legal,Travel,Wire,Emp_085,INV-2020-0601764,1,fuzzy_duplicate
TX-002087,2024-03-04 08:51:00,2324.54,Vendor_054,Operations,Operations,Check,Emp_073,INV-2024-0001786,0,normal
TX-002088,2024-03-04 09:40:00,2950.26,Vendor_085,Finance,Supplies,ACH,Emp_005,INV-2024-0001784,0,normal
TX-002089,2024-03-04 09:50:00,1533.64,Vendor_036,Marketing,Supplies,Card,Emp_049,INV-2024-0001801,0,normal
TX-002090,2024-03-04 10:03:00,3241.62,Vendor_034,Operations,IT,ACH,Emp_062,INV-2024-0001799,0,normal
TX-002091,2024-03-04 10:14:00,3089.58,Vendor_101,HR,IT,Card,Emp_017,INV-2024-0001797,0,normal
TX-002092,2024-03-04 10:16:00,2996.42,Vendor_073,Legal,IT,Check,Emp_086,INV-2024-0001788,0,normal
TX-002093,2024-03-04 10:19:00,1092.89,Vendor_074,HR,Supplies,ACH,Emp_025,INV-2024-0001794,0,normal
TX-002094,2024-03-04 10:24:00,2434.29,Vendor_093,Legal,Supplies,ACH,Emp_089,INV-2024-0001795,0,normal
TX-002095,2024-03-04 10:45:00,2400.93,Vendor_048,Support,Consulting,Card,Emp_106,INV-2024-0001798,0,normal
TX-002096,2024-03-04 10:56:00,6641.49,Vendor_112,Sales,Travel,Card,Emp_103,INV-2024-0001787,0,normal
TX-002097,2024-03-04 11:05:00,1063.31,Vendor_033,Support,Travel,Check,Emp_107,INV-2024-0001776,0,normal
TX-002098,2024-03-04 11:42:00,5824.26,Vendor_049,Legal,Consulting,Check,Emp_080,INV-2024-0001773,0,normal
TX-002099,2024-03-04 11:46:00,1043.53,Vendor_074,Operations,Consulting,Check,Emp_068,INV-2024-0001785,0,normal
TX-002100,2024-03-04 12:06:00,5906.6,Vendor_076,Operations,Supplies,Wire,Emp_068,INV-2024-0005509,1,high_amount
TX-002101,2024-03-04 12:11:00,3004.75,Vendor_039,IT,Payroll,Wire,Emp_040,INV-2024-0001800,0,normal
TX-002102,2024-03-04 12:31:00,1000.0,Vendor_013,Marketing,Supplies,Wire,Emp_055,INV-2024-0001772,0,normal
TX-002103,2024-03-04 12:49:00,1200.28,Vendor_016,Marketing,Supplies,ACH,Emp_051,INV-2024-0001779,0,normal
TX-002104,2024-03-04 12:53:00,2173.97,Vendor_046,Finance,Travel,ACH,Emp_004,INV-2024-0001793,0,normal
TX-002105,2024-03-04 12:56:00,2871.16,Vendor_027,Sales,Operations,Wire,Emp_105,INV-2024-0001774,0,normal
TX-002106,2024-03-04 13:18:00,3559.63,Vendor_054,Operations,Operations,ACH,Emp_069,INV-2024-0001796,0,normal
TX-002107,2024-03-04 13:37:00,4832.84,Vendor_051,HR,Payroll,ACH,Emp_019,INV-2024-0001778,0,normal
TX-002108,2024-03-04 13:43:00,1095.42,Vendor_013,Operations,Payroll,Wire,Emp_067,INV-2024-0001783,0,normal
TX-002109,2024-03-04 13:57:00,3065.97,Vendor_117,HR,Operations,ACH,Emp_019,INV-2024-0001780,0,normal
TX-002110,2024-03-04 14:34:00,2817.35,Vendor_117,HR,Payroll,Wire,Emp_028,INV-2024-0001775,0,normal
TX-002111,2024-03-04 15:05:00,5583.58,Vendor_069,Legal,Travel,ACH,Emp_089,INV-2024-0001761,1,duplicate_invoice
TX-002112,2024-03-04 15:11:00,2637.57,Vendor_015,HR,Consulting,Card,Emp_019,INV-2024-0001791,0,normal
TX-002113,2024-03-04 16:23:00,7277.4,Vendor_006,Sales,IT,Check,Emp_102,INV-2024-0001782,0,normal
TX-002114,2024-03-04 16:24:00,3246.08,Vendor_113,Operations,Travel,Card,Emp_069,INV-2024-0001777,0,normal
TX-002115,2024-03-04 16:25:00,1267.04,Vendor_064,IT,Travel,Card,Emp_045,INV-2024-0001781,0,normal
TX-002116,2024-03-04 16:27:00,1753.77,Vendor_050,Finance,Travel,Card,Emp_012,INV-2024-0001792,0,normal
TX-002117,2024-03-04 16:39:00,1851.71,Vendor_001,Finance,Consulting,ACH,Emp_006,INV-2024-0001789,0,normal
TX-002118,2024-03-04 16:51:00,2150.0,Vendor_015,HR,Consulting,Wire,Emp_024,INV-2024-0001790,0,normal
TX-002119,2024-03-04 17:59:00,12701.53,Vendor_057,Operations,Operations,Card,Emp_069,INV-2024-0005370,1,high_amount
TX-002120,2024-03-05 05:34:00,1862.96,Vendor_046,Legal,Travel,Check,Emp_079,INV-2924-0001464,1,fuzzy_duplicate
TX-002121,2024-03-05 07:18:00,1138.66,Vendor_063,Sales,Supplies,Check,Emp_096,INV-2024-0001829,0,normal
TX-002122,2024-03-05 07:38:00,3021.52,Vendor_093,Legal,Payroll,ACH,Emp_077,INV-2024-0001810,0,normal
TX-002123,2024-03-05 08:16:00,2071.55,Vendor_005,Legal,IT,ACH,Emp_077,INV-2024-0005161,0,normal
TX-002124,2024-03-05 08:26:00,863.11,Vendor_032,HR,Travel,ACH,Emp_025,INV-2024-0001818,0,normal
TX-002125,2024-03-05 09:07:00,1487.4,Vendor_004,Support,Operations,Card,Emp_116,INV-2024-0001825,0,normal
TX-002126,2024-03-05 09:24:00,1170.72,Vendor_074,Operations,Consulting,Card,Emp_065,INV-2024-0001826,0,normal
TX-002127,2024-03-05 09:33:00,2612.84,Vendor_003,Finance,Consulting,ACH,Emp_015,INV-2024-0001807,0,normal
TX-002128,2024-03-05 09:37:00,3933.64,Vendor_041,Sales,Payroll,Check,Emp_091,INV-2024-0005424,1,payment_method_switch
TX-002129,2024-03-05 09:49:00,2991.24,Vendor_018,Legal,Travel,Check,Emp_083,INV-2024-0001805,0,normal
TX-002130,2024-03-05 10:03:00,2317.63,Vendor_073,Legal,IT,Wire,Emp_080,INV-2024-0001831,0,normal
TX-002131,2024-03-05 10:05:00,2481.37,Vendor_093,Legal,Supplies,Wire,Emp_088,INV-2024-0001769,1,duplicate_invoice
TX-002132,2024-03-05 10:20:00,1278.06,Vendor_019,Sales,Travel,Wire,Emp_098,INV-2024-0001824,0,normal
TX-002133,2024-03-05 10:34:00,2929.64,Vendor_061,Finance,Operations,Check,Emp_002,INV-2024-0001816,0,normal
TX-002134,2024-03-05 10:40:00,6536.45,Vendor_086,Sales,IT,Card,Emp_094,INV-2024-0001821,0,normal
TX-002135,2024-03-05 10:58:00,2214.62,Vendor_108,Marketing,Travel,Wire,Emp_057,INV-2024-0001808,0,normal
TX-002136,2024-03-05 11:15:00,4886.86,Vendor_119,Marketing,Travel,Card,Emp_048,INV-2024-0001814,0,normal
TX-002137,2024-03-05 11:18:00,5754.12,Vendor_069,Legal,Travel,Wire,Emp_077,INV-2024-0001812,0,normal
TX-002138,2024-03-05 11:34:00,1065.56,Vendor_044,Legal,Operations,Wire,Emp_086,INV-2024-0001819,0,normal
TX-002139,2024-03-05 11:56:00,1487.08,Vendor_004,Support,Payroll,Card,Emp_117,INV-2024-0001804,0,normal
TX-002140,2024-03-05 12:11:00,1133.12,Vendor_070,Sales,Consulting,ACH,Emp_105,INV-2024-0001832,0,normal
TX-002141,2024-03-05 12:20:00,1223.37,Vendor_013,Finance,Operations,Wire,Emp_009,INV-2024-0001815,0,normal
TX-002142,2024-03-05 12:21:00,2350.13,Vendor_093,Legal,Supplies,ACH,Emp_079,INV-2024-0001813,0,normal
TX-002143,2024-03-05 13:07:00,1981.44,Vendor_001,Finance,IT,Card,Emp_009,INV-2024-0001823,0,normal
TX-002144,2024-03-05 13:38:00,4880.0,Vendor_070,Sales,Consulting,Card,Emp_105,INV-2024-0005345,1,split_payment
TX-002145,2024-03-05 13:56:00,585.03,Vendor_012,Legal,Operations,ACH,Emp_085,INV-2024-0001830,0,normal
TX-002146,2024-03-05 14:06:00,1860.52,Vendor_091,Support,IT,Card,Emp_111,INV-2024-0001817,0,normal
TX-002147,2024-03-05 14:10:00,693.25,Vendor_082,Marketing,Consulting,Card,Emp_054,INV-2024-0001822,0,normal
TX-002148,2024-03-05 14:46:00,163.96,Vendor_109,Marketing,Payroll,ACH,Emp_059,INV-2024-0001809,0,normal
TX-002149,2024-03-05 14:54:00,2356.59,Vendor_045,Sales,Supplies,ACH,Emp_094,INV-2024-0001827,0,normal
TX-002150,2024-03-05 15:06:00,1700.0,Vendor_007,Legal,Payroll,Card,Emp_081,INV-2024-0001828,0,normal
TX-002151,2024-03-05 15:16:00,2112.87,Vendor_039,IT,Consulting,ACH,Emp_038,INV-2024-0001834,0,normal
TX-002152,2024-03-05 15:34:00,788.06,Vendor_037,Legal,Payroll,ACH,Emp_082,INV-2024-0001806,0,normal
TX-002153,2024-03-05 15:45:00,1729.43,Vendor_078,Finance,Payroll,Wire,Emp_013,INV-2024-0001833,0,normal
TX-002154,2024-03-05 16:04:00,3093.06,Vendor_059,Sales,Consulting,Check,Emp_105,INV-2024-0001811,0,normal
TX-002155,2024-03-05 16:32:00,2260.0,Vendor_005,Legal,IT,Card,Emp_077,INV-2024-0005357,1,split_payment
TX-002156,2024-03-05 16:44:00,3137.59,Vendor_117,HR,Payroll,Card,Emp_027,INV-2024-0001803,0,normal
TX-002157,2024-03-05 17:25:00,1274.84,Vendor_064,IT,Travel,Card,Emp_038,INV-2024-0001781,1,duplicate_invoice
TX-002158,2024-03-05 17:26:00,1912.59,Vendor_036,Support,Supplies,Wire,Emp_115,INV-2024-0001820,0,normal
TX-002159,2024-03-05 18:37:00,4200.0,Vendor_092,HR,Payroll,Card,Emp_022,INV-2024-0001802,0,normal
TX-002160,2024-03-05 19:31:00,2069.67,Vendor_093,Legal,Supplies,ACH,Emp_079,INV-2024-0005510,1,same_day_burst
TX-002161,2024-03-05 21:36:00,1750.53,Vendor_004,Support,Payroll,Card,Emp_117,INV-2024-0005416,1,same_day_burst
TX-002162,2024-03-06 06:53:00,2209.33,Vendor_046,Finance,Travel,ACH,Emp_010,INV-2024-0001793,1,duplicate_invoice
TX-002163,2024-03-06 07:11:00,2572.78,Vendor_002,HR,Supplies,Check,Emp_029,INV-2024-0001850,0,normal
TX-002164,2024-03-06 07:13:00,2959.46,Vendor_081,Finance,Travel,Wire,Emp_014,INV-2024-0001865,0,normal
TX-002165,2024-03-06 08:46:00,7911.24,Vendor_096,Marketing,Payroll,Wire,Emp_046,INV-2024-0001852,0,normal
TX-002166,2024-03-06 09:49:00,1823.38,Vendor_024,Marketing,Consulting,Card,Emp_059,INV-2024-0001861,0,normal
TX-002167,2024-03-06 10:28:00,1308.55,Vendor_036,Support,Supplies,Card,Emp_117,INV-2024-0001858,0,normal
TX-002168,2024-03-06 10:28:00,856.21,Vendor_012,Support,Operations,ACH,Emp_110,INV-2024-0001847,0,normal
TX-002169,2024-03-06 11:04:00,1937.7,Vendor_011,IT,Operations,Wire,Emp_034,INV-2024-0001840,0,normal
TX-002170,2024-03-06 11:08:00,2703.8,Vendor_069,Legal,Travel,ACH,Emp_090,INV-2024-0001867,0,normal
TX-002171,2024-03-06 11:13:00,7000.0,Vendor_096,Finance,Operations,Wire,Emp_010,INV-2024-0001836,0,normal
TX-002172,2024-03-06 11:42:00,8411.49,Vendor_096,Finance,Operations,Wire,Emp_015,INV-2024-0001849,0,normal
TX-002173,2024-03-06 11:44:00,2919.3,Vendor_015,HR,Consulting,Wire,Emp_021,INV-2024-0001838,0,normal
TX-002174,2024-03-06 12:02:00,7154.04,Vendor_096,Finance,Operations,Wire,Emp_015,INV-2024-0005624,1,same_day_burst
TX-002175,2024-03-06 12:03:00,1553.0,Vendor_029,HR,Travel,ACH,Emp_021,INV-2024-0001863,0,normal
TX-002176,2024-03-06 12:07:00,3489.79,Vendor_054,Operations,IT,ACH,Emp_074,INV-2024-0001859,0,normal
TX-002177,2024-03-06 12:24:00,1166.32,Vendor_111,HR,Consulting,Check,Emp_021,INV-2024-0001846,0,normal
TX-002178,2024-03-06 12:40:00,4699.11,Vendor_062,Sales,Payroll,Check,Emp_100,INV-2024-0001845,0,normal
TX-002179,2024-03-06 12:53:00,2525.72,Vendor_055,Operations,Supplies,Card,Emp_062,INV-2024-0001866,0,normal
TX-002180,2024-03-06 13:15:00,2695.48,Vendor_041,Legal,Operations,Wire,Emp_076,INV-2024-0001848,0,normal
TX-002181,2024-03-06 13:17:00,558.79,Vendor_032,Finance,Travel,ACH,Emp_009,INV-2024-0001835,0,normal
TX-002182,2024-03-06 13:18:00,5142.26,Vendor_112,Sales,Consulting,Card,Emp_091,INV-2024-0001837,0,normal
TX-002183,2024-03-06 13:24:00,7201.25,Vendor_096,Sales,Operations,Wire,Emp_099,INV-2024-0001860,0,normal
TX-002184,2024-03-06 13:38:00,1343.44,Vendor_050,Finance,Travel,Wire,Emp_011,INV-2024-0001853,0,normal
TX-002185,2024-03-06 13:41:00,1529.56,Vendor_083,Operations,IT,Card,Emp_072,INV-2024-0001843,0,normal
TX-002186,2024-03-06 13:42:00,1681.43,Vendor_118,Support,Payroll,Check,Emp_120,INV-2024-0001839,0,normal
TX-002187,2024-03-06 13:42:00,5651.87,Vendor_107,Marketing,Consulting,Check,Emp_049,INV-2024-0001854,0,normal
TX-002188,2024-03-06 13:52:00,1969.94,Vendor_046,Finance,Travel,Wire,Emp_002,INV-2024-0001855,0,normal
TX-002189,2024-03-06 13:59:00,2639.53,Vendor_093,Legal,Supplies,Wire,Emp_090,INV-2024-0001844,0,normal
TX-002190,2024-03-06 14:02:00,2448.7,Vendor_042,Legal,Operations,Card,Emp_080,INV-2024-0001851,0,normal
TX-002191,2024-03-06 14:52:00,4311.41,Vendor_025,Sales,IT,ACH,Emp_099,INV-2024-0005413,1,vendor_department_shift
TX-002192,2024-03-06 14:54:00,1247.75,Vendor_083,Operations,IT,ACH,Emp_071,INV-2024-0001857,0,normal
TX-002193,2024-03-06 15:01:00,1313.78,Vendor_080,Support,Consulting,ACH,Emp_117,INV-2024-0001856,0,normal
TX-002194,2024-03-06 15:21:00,1293.35,Vendor_111,HR,Payroll,Wire,Emp_020,INV-2024-0001864,0,normal
TX-002195,2024-03-06 15:38:00,7143.6,Vendor_088,Sales,Supplies,Wire,Emp_100,INV-2024-0001842,0,normal
TX-002196,2024-03-06 15:42:00,1824.52,Vendor_111,Support,Payroll,Wire,Emp_107,INV-2024-0001841,0,normal
TX-002197,2024-03-06 16:53:00,3350.0,Vendor_030,Legal,IT,Card,Emp_076,INV-2024-0001862,0,normal
TX-002198,2024-03-06 17:32:00,8178.54,Vendor_118,HR,Supplies,ACH,Emp_016,INV-2024-0005341,1,high_amount
TX-002199,2024-03-07 08:00:00,5814.61,Vendor_096,Sales,Operations,Card,Emp_101,INV-2024-0001873,0,normal
TX-002200,2024-03-07 08:18:00,1462.74,Vendor_014,HR,Supplies,ACH,Emp_022,INV-2024-0001877,0,normal
TX-002201,2024-03-07 08:20:00,1297.87,Vendor_019,Sales,Travel,Wire,Emp_100,INV-2024-5001824,1,fuzzy_duplicate
TX-002202,2024-03-07 09:07:00,4212.97,Vendor_020,Marketing,Operations,Card,Emp_053,INV-2024-0001879,0,normal
TX-002203,2024-03-07 09:11:00,852.23,Vendor_009,Operations,Operations,Check,Emp_061,INV-2024-0001888,0,normal
TX-002204,2024-03-07 09:26:00,1648.93,Vendor_016,Marketing,Supplies,Check,Emp_056,INV-2024-0001882,0,normal
TX-002205,2024-03-07 09:51:00,1333.79,Vendor_097,Legal,Travel,Card,Emp_084,INV-2024-0001876,0,normal
TX-002206,2024-03-07 10:14:00,22341.12,Vendor_051,HR,Payroll,Wire,Emp_019,INV-2024-0005476,1,high_amount
TX-002207,2024-03-07 10:32:00,2078.79,Vendor_024,Marketing,Supplies,Wire,Emp_048,INV-2024-0001887,0,normal
TX-002208,2024-03-07 11:09:00,1381.12,Vendor_078,Finance,Operations,Wire,Emp_014,INV-2024-0001872,0,normal
TX-002209,2024-03-07 11:10:00,1897.39,Vendor_036,Support,Supplies,Check,Emp_118,INV-2024-0001869,0,normal
TX-002210,2024-03-07 11:15:00,1205.19,Vendor_094,Legal,Consulting,Check,Emp_084,INV-2024-0001884,0,normal
TX-002211,2024-03-07 11:23:00,2157.77,Vendor_061,Sales,Travel,Wire,Emp_099,INV-2024-0001878,0,normal
TX-002212,2024-03-07 11:30:00,2241.01,Vendor_005,IT,Travel,Card,Emp_031,INV-2024-0001886,0,normal
TX-002213,2024-03-07 11:44:00,8003.84,Vendor_021,Finance,Consulting,Wire,Emp_009,INV-2024-0005371,1,high_amount
TX-002214,2024-03-07 11:48:00,3674.84,Vendor_074,HR,Supplies,Check,Emp_025,INV-2024-0005804,1,high_amount
TX-002215,2024-03-07 11:52:00,509.26,Vendor_072,IT,Travel,ACH,Emp_034,INV-2024-0001889,0,normal
TX-002216,2024-03-07 11:58:00,221.64,Vendor_109,Support,IT,Wire,Emp_110,INV-2024-0001880,0,normal
TX-002217,2024-03-07 12:06:00,1250.0,Vendor_067,Marketing,Supplies,ACH,Emp_060,INV-2024-0001890,0,normal
TX-002218,2024-03-07 12:34:00,834.43,Vendor_037,Legal,Consulting,Card,Emp_085,INV-2024-0001868,0,normal
TX-002219,2024-03-07 12:37:00,881.76,Vendor_013,Marketing,Operations,Wire,Emp_048,INV-2024-0001875,0,normal
TX-002220,2024-03-07 12:39:00,1912.14,Vendor_029,HR,Travel,Check,Emp_021,INV-2024-0001893,0,normal
TX-002221,2024-03-07 13:11:00,2081.73,Vendor_011,IT,Operations,Wire,Emp_039,INV-2024-0001892,0,normal
TX-002222,2024-03-07 13:43:00,193.55,Vendor_109,Support,Travel,ACH,Emp_114,INV-2024-0001871,0,normal
TX-002223,2024-03-07 14:00:00,5179.06,Vendor_071,Finance,Travel,Check,Emp_015,INV-2024-0001885,0,normal
TX-002224,2024-03-07 15:04:00,1734.86,Vendor_025,Support,Consulting,Card,Emp_106,INV-2024-0001883,0,normal
TX-002225,2024-03-07 15:18:00,2590.94,Vendor_085,Finance,IT,ACH,Emp_008,INV-2024-0001874,0,normal
TX-002226,2024-03-07 15:55:00,963.31,Vendor_019,Sales,Travel,ACH,Emp_091,INV-2024-0001870,0,normal
TX-002227,2024-03-07 16:50:00,1641.32,Vendor_118,Legal,Supplies,Card,Emp_088,INV-2024-0001891,0,normal
TX-002228,2024-03-07 18:04:00,4323.92,Vendor_006,Sales,IT,ACH,Emp_103,INV-2024-0001881,0,normal
TX-002229,2024-03-07 18:18:00,5641.12,Vendor_069,Legal,Travel,Card,Emp_090,INV-2024-0001812,1,duplicate_invoice
TX-002230,2024-03-07 18:50:00,2894.04,Vendor_003,Finance,Consulting,Card,Emp_006,INV-2024-0001894,0,normal
TX-002231,2024-03-07 23:28:00,207.33,Vendor_109,Support,Travel,ACH,Emp_114,INV-2024-0005727,1,same_day_burst
TX-002232,2024-03-08 05:26:00,1900.74,Vendor_036,Support,Supplies,ACH,Emp_108,INV-2024-0001820,1,duplicate_invoice
TX-002233,2024-03-08 08:34:00,1192.58,Vendor_042,Legal,Operations,ACH,Emp_090,INV-2024-0001919,0,normal
TX-002234,2024-03-08 08:50:00,1621.89,Vendor_118,Legal,Supplies,Wire,Emp_084,INV-2024-0001891,1,duplicate_invoice
TX-002235,2024-03-08 08:50:00,750.51,Vendor_074,Operations,Operations,Wire,Emp_064,INV-2024-0001900,0,normal
TX-002236,2024-03-08 09:01:00,2626.85,Vendor_015,HR,Consulting,Wire,Emp_025,INV-2024-0001902,0,normal
TX-002237,2024-03-08 09:08:00,1843.7,Vendor_079,Support,Payroll,Check,Emp_119,INV-2024-0001907,0,normal
TX-002238,2024-03-08 09:13:00,2290.75,Vendor_090,Support,Supplies,Wire,Emp_118,INV-2024-0001909,0,normal
TX-002239,2024-03-08 09:26:00,4848.3,Vendor_100,Finance,Consulting,Check,Emp_001,INV-2024-0001924,0,normal
TX-002240,2024-03-08 09:56:00,6433.39,Vendor_114,IT,Consulting,Check,Emp_042,INV-2024-0001911,0,normal
TX-002241,2024-03-08 10:19:00,2659.95,Vendor_093,Legal,Payroll,ACH,Emp_087,INV-2024-0001921,0,normal
TX-002242,2024-03-08 11:00:00,10459.49,Vendor_086,IT,IT,ACH,Emp_035,INV-2024-0001914,0,normal
TX-002243,2024-03-08 11:15:00,994.84,Vendor_074,Operations,Operations,Wire,Emp_063,INV-2024-0001922,0,normal
TX-002244,2024-03-08 11:21:00,6500.73,Vendor_095,Legal,Supplies,Wire,Emp_086,INV-2024-0001906,0,normal
TX-002245,2024-03-08 11:40:00,1357.86,Vendor_013,Marketing,IT,Wire,Emp_051,INV-2024-0001903,0,normal
TX-002246,2024-03-08 11:48:00,7094.01,Vendor_043,Marketing,Travel,Check,Emp_046,INV-2024-0001897,0,normal
TX-002247,2024-03-08 12:02:00,2994.87,Vendor_015,HR,Consulting,ACH,Emp_026,INV-2024-0001917,0,normal
TX-002248,2024-03-08 12:10:00,1494.61,Vendor_036,Support,Supplies,Card,Emp_113,INV-2024-0001908,0,normal
TX-002249,2024-03-08 12:15:00,2029.24,Vendor_003,Marketing,Payroll,Card,Emp_048,INV-2024-0001904,0,normal
TX-002250,2024-03-08 12:23:00,5705.69,Vendor_092,Sales,Payroll,Wire,Emp_094,INV-2024-0001927,0,normal
TX-002251,2024-03-08 12:29:00,2290.22,Vendor_061,Sales,Travel,ACH,Emp_104,INV-2024-0001901,0,normal
TX-002252,2024-03-08 12:41:00,7705.75,Vendor_071,Finance,Payroll,ACH,Emp_009,INV-2024-0001896,0,normal
TX-002253,2024-03-08 12:55:00,1752.87,Vendor_025,Marketing,Consulting,ACH,Emp_049,INV-2024-0001918,0,normal
TX-002254,2024-03-08 12:58:00,1924.95,Vendor_039,Legal,Payroll,Wire,Emp_087,INV-2024-0001913,0,normal
TX-002255,2024-03-08 13:01:00,3662.73,Vendor_030,Legal,IT,ACH,Emp_088,INV-2024-0001920,0,normal
TX-002256,2024-03-08 13:12:00,1721.41,Vendor_111,Operations,Payroll,Wire,Emp_075,INV-2024-0001923,0,normal
TX-002257,2024-03-08 13:49:00,3683.42,Vendor_006,Marketing,IT,Wire,Emp_055,INV-2024-0001915,0,normal
TX-002258,2024-03-08 14:03:00,1208.56,Vendor_067,Marketing,Payroll,Card,Emp_058,INV-2024-0001905,0,normal
TX-002259,2024-03-08 14:18:00,2294.58,Vendor_048,Support,Consulting,Card,Emp_114,INV-2024-0001912,0,normal
TX-002260,2024-03-08 14:19:00,2809.68,Vendor_091,Support,IT,Wire,Emp_108,INV-2024-0001899,0,normal
TX-002261,2024-03-08 15:03:00,1340.49,Vendor_083,Operations,IT,Wire,Emp_074,INV-2024-0001916,0,normal
TX-002262,2024-03-08 15:12:00,8103.42,Vendor_111,Support,Payroll,Check,Emp_107,INV-2024-0005516,1,high_amount
TX-002263,2024-03-08 15:24:00,1869.88,Vendor_091,Support,IT,Wire,Emp_110,INV-2024-0001926,0,normal
TX-002264,2024-03-08 15:25:00,1321.65,Vendor_070,Sales,Consulting,ACH,Emp_100,INV-2024-0001895,0,normal
TX-002265,2024-03-08 15:29:00,7351.06,Vendor_113,Support,Travel,Card,Emp_119,INV-2024-0005767,1,vendor_department_shift
TX-002266,2024-03-08 16:09:00,476.98,Vendor_032,HR,Operations,ACH,Emp_017,INV-2024-0001925,0,normal
TX-002267,2024-03-08 16:46:00,3993.2,Vendor_068,Sales,Operations,Check,Emp_105,INV-2024-0005712,1,high_amount
TX-002268,2024-03-08 18:02:00,1398.32,Vendor_099,HR,Operations,Wire,Emp_025,INV-2024-0001928,0,normal
TX-002269,2024-03-08 18:18:00,5206.57,Vendor_112,Sales,Consulting,Card,Emp_091,INV-2024-0001837,1,duplicate_invoice
TX-002270,2024-03-08 18:46:00,1061.09,Vendor_094,Legal,Operations,Check,Emp_090,INV-2024-0001898,0,normal
TX-002271,2024-03-08 18:54:00,944.27,Vendor_074,Operations,Consulting,Wire,Emp_066,INV-2024-0001910,0,normal
TX-002272,2024-03-09 09:09:00,11002.8,Vendor_028,Marketing,Travel,Card,Emp_059,INV-2024-0001937,0,normal
TX-002273,2024-03-09 09:14:00,5256.3,Vendor_043,Marketing,Travel,ACH,Emp_057,INV-2024-0001945,0,normal
TX-002274,2024-03-09 09:28:00,1549.81,Vendor_104,Sales,Consulting,Card,Emp_097,INV-2024-0001941,0,normal
TX-002275,2024-03-09 09:52:00,1928.71,Vendor_104,Sales,Travel,Wire,Emp_103,INV-2024-0001935,0,normal
TX-002276,2024-03-09 10:03:00,1633.63,Vendor_033,HR,Travel,Check,Emp_030,INV-2024-0001938,0,normal
TX-002277,2024-03-09 10:40:00,3313.06,Vendor_073,Finance,IT,Check,Emp_014,INV-2024-0001944,0,normal
TX-002278,2024-03-09 12:16:00,3447.67,Vendor_039,IT,Travel,Check,Emp_038,INV-2024-0005685,1,payment_method_switch
TX-002279,2024-03-09 12:18:00,7976.16,Vendor_049,Legal,Consulting,Check,Emp_077,INV-2024-0001939,0,normal
TX-002280,2024-03-09 12:24:00,2735.46,Vendor_039,IT,Consulting,Card,Emp_037,INV-2024-0001932,0,normal
TX-002281,2024-03-09 12:39:00,1763.22,Vendor_041,Legal,Supplies,Card,Emp_090,INV-2024-0001942,0,normal
TX-002282,2024-03-09 13:02:00,5398.2,Vendor_105,Operations,Consulting,ACH,Emp_061,INV-2024-0001934,0,normal
TX-002283,2024-03-09 13:41:00,2764.5,Vendor_005,Legal,Supplies,Check,Emp_087,INV-2024-0001931,0,normal
TX-002284,2024-03-09 14:02:00,2619.06,Vendor_117,HR,Payroll,Card,Emp_028,INV-2024-0001936,0,normal
TX-002285,2024-03-09 14:11:00,2460.0,Vendor_005,Legal,Supplies,Card,Emp_087,INV-2024-0005497,1,split_payment
TX-002286,2024-03-09 14:18:00,2260.93,Vendor_090,Support,Payroll,ACH,Emp_112,INV-2024-0005239,0,normal
TX-002287,2024-03-09 14:40:00,3489.78,Vendor_117,HR,IT,ACH,Emp_018,INV-2024-0001940,0,normal
TX-002288,2024-03-09 15:32:00,3327.75,Vendor_054,Operations,Operations,Check,Emp_072,INV-2024-0001933,0,normal
TX-002289,2024-03-09 15:50:00,2574.67,Vendor_039,Legal,Payroll,Wire,Emp_083,INV-2024-0001943,0,normal
TX-002290,2024-03-09 16:49:00,2799.33,Vendor_117,HR,Payroll,ACH,Emp_019,INV-2024-0001929,0,normal
TX-002291,2024-03-09 17:29:00,3362.11,Vendor_115,Operations,Operations,Card,Emp_074,INV-2024-0001930,0,normal
TX-002292,2024-03-09 20:27:00,2920.08,Vendor_039,Legal,Payroll,Wire,Emp_083,INV-2024-0005414,1,same_day_burst
TX-002293,2024-03-10 03:50:00,5092.59,Vendor_074,Operations,Consulting,Check,Emp_066,INV-2024-0005362,1,high_amount
TX-002294,2024-03-10 09:29:00,3313.21,Vendor_008,Finance,IT,Wire,Emp_008,INV-2024-0001954,0,normal
TX-002295,2024-03-10 10:17:00,4478.28,Vendor_092,Sales,Payroll,Wire,Emp_102,INV-2024-0001951,0,normal
TX-002296,2024-03-10 10:44:00,1650.09,Vendor_007,Finance,Consulting,Card,Emp_013,INV-2024-0001947,0,normal
TX-002297,2024-03-10 10:44:00,1670.46,Vendor_065,Operations,Operations,Card,Emp_073,INV-2024-0001948,0,normal
TX-002298,2024-03-10 12:46:00,1226.39,Vendor_003,Marketing,Consulting,ACH,Emp_046,INV-2024-0001949,0,normal
TX-002299,2024-03-10 13:39:00,2820.36,Vendor_042,Finance,Consulting,Check,Emp_003,INV-2024-0001955,0,normal
TX-002300,2024-03-10 13:45:00,2027.53,Vendor_120,HR,Travel,Card,Emp_028,INV-2024-0001950,0,normal
TX-002301,2024-03-10 14:17:00,1305.28,Vendor_021,IT,Consulting,Card,Emp_041,INV-2024-0001957,0,normal
TX-002302,2024-03-10 14:19:00,2365.26,Vendor_001,Finance,IT,Check,Emp_011,INV-2024-0001956,0,normal
TX-002303,2024-03-10 16:52:00,3469.46,Vendor_077,Support,Operations,Check,Emp_111,INV-2024-0001946,0,normal
TX-002304,2024-03-10 18:28:00,2179.89,Vendor_104,Sales,Travel,Wire,Emp_095,INV-2024-0001953,0,normal
TX-002305,2024-03-10 18:56:00,893.52,Vendor_074,Operations,Consulting,ACH,Emp_074,INV-2024-0001952,0,normal
TX-002306,2024-03-11 07:34:00,6176.07,Vendor_087,Marketing,Payroll,Card,Emp_052,INV-2024-0001963,0,normal
TX-002307,2024-03-11 08:13:00,13950.66,Vendor_043,Finance,Consulting,ACH,Emp_013,INV-2024-0005293,1,vendor_department_shift
TX-002308,2024-03-11 08:35:00,250.0,Vendor_109,Support,IT,ACH,Emp_112,INV-2024-0001971,0,normal
TX-002309,2024-03-11 08:56:00,881.15,Vendor_058,Legal,Supplies,Card,Emp_083,INV-2024-0001960,0,normal
TX-002310,2024-03-11 09:02:00,1912.9,Vendor_076,Support,Travel,Card,Emp_119,INV-2024-0001975,0,normal
TX-002311,2024-03-11 09:51:00,5152.97,Vendor_071,Finance,Payroll,Card,Emp_015,INV-2024-0001962,0,normal
TX-002312,2024-03-11 09:54:00,1184.58,Vendor_009,Operations,Operations,Check,Emp_073,INV-2024-0001973,0,normal
TX-002313,2024-03-11 10:00:00,4608.14,Vendor_113,Operations,Consulting,Check,Emp_068,INV-2024-0001982,0,normal
TX-002314,2024-03-11 10:14:00,6692.34,Vendor_022,IT,Payroll,Check,Emp_045,INV-2024-0001977,0,normal
TX-002315,2024-03-11 10:33:00,5819.14,Vendor_043,Marketing,Travel,Wire,Emp_054,INV-2024-0001968,0,normal
TX-002316,2024-03-11 10:35:00,2261.97,Vendor_090,Support,Supplies,ACH,Emp_108,INV-2024-0001980,0,normal
TX-002317,2024-03-11 10:42:00,979.77,Vendor_009,Operations,Operations,Check,Emp_063,INV-2024-0001974,0,normal
TX-002318,2024-03-11 11:35:00,258.12,Vendor_109,Marketing,Payroll,Card,Emp_048,INV-2024-0001961,0,normal
TX-002319,2024-03-11 12:18:00,2038.23,Vendor_078,Finance,Payroll,ACH,Emp_002,INV-2024-0001983,0,normal
TX-002320,2024-03-11 12:20:00,1179.98,Vendor_064,IT,Travel,ACH,Emp_035,INV-2024-0001959,0,normal
TX-002321,2024-03-11 12:45:00,4994.08,Vendor_114,IT,IT,Check,Emp_036,INV-2024-0001978,0,normal
TX-002322,2024-03-11 12:55:00,1505.02,Vendor_083,Operations,IT,ACH,Emp_064,INV-2024-0001958,0,normal
TX-002323,2024-03-11 13:11:00,4714.49,Vendor_092,Sales,Payroll,Check,Emp_100,INV-2024-0001967,0,normal
TX-002324,2024-03-11 13:19:00,2428.03,Vendor_001,Finance,IT,ACH,Emp_006,INV-2024-0001956,1,duplicate_invoice
TX-002325,2024-03-11 13:33:00,3128.46,Vendor_015,HR,Consulting,Wire,Emp_021,INV-2024-0001970,0,normal
TX-002326,2024-03-11 13:47:00,1013.57,Vendor_058,Legal,Supplies,ACH,Emp_089,INV-2024-0001966,0,normal
TX-002327,2024-03-11 13:56:00,30292.06,Vendor_043,Marketing,Travel,Wire,Emp_057,INV-2024-0005468,1,high_amount
TX-002328,2024-03-11 14:10:00,4841.62,Vendor_020,Marketing,Consulting,Card,Emp_053,INV-2024-0001972,0,normal
TX-002329,2024-03-11 14:17:00,924.29,Vendor_078,Finance,Travel,Wire,Emp_008,INV-2024-0001976,0,normal
TX-002330,2024-03-11 15:28:00,3040.23,Vendor_045,Sales,Supplies,ACH,Emp_094,INV-2024-0001965,0,normal
TX-002331,2024-03-11 15:36:00,1369.4,Vendor_085,Finance,IT,Card,Emp_002,INV-2024-0001964,0,normal
TX-002332,2024-03-11 15:48:00,575.58,Vendor_036,Support,Supplies,Check,Emp_116,INV-2024-0001981,0,normal
TX-002333,2024-03-11 15:57:00,3092.23,Vendor_035,Finance,IT,ACH,Emp_015,INV-2024-0001979,0,normal
TX-002334,2024-03-11 16:01:00,1846.61,Vendor_048,Support,Consulting,Wire,Emp_112,INV-2024-0001969,0,normal
TX-002335,2024-03-11 17:43:00,847.4,Vendor_078,Finance,Travel,Wire,Emp_008,INV-2024-0005473,1,same_day_burst
TX-002336,2024-03-11 18:52:00,886.11,Vendor_058,Legal,Supplies,ACH,Emp_089,INV-2024-0005373,1,same_day_burst
TX-002337,2024-03-11 23:29:00,4071.62,Vendor_118,Sales,Travel,ACH,Emp_093,INV-2024-0005544,1,vendor_department_shift
TX-002338,2024-03-12 07:49:00,2364.68,Vendor_005,Legal,Payroll,ACH,Emp_086,INV-2024-0002002,0,normal
TX-002339,2024-03-12 08:38:00,2061.95,Vendor_001,Operations,Payroll,Card,Emp_062,INV-2024-0002011,0,normal
TX-002340,2024-03-12 08:50:00,3893.25,Vendor_024,Marketing,Consulting,Wire,Emp_058,INV-2024-0002006,0,normal
TX-002341,2024-03-12 09:21:00,13984.7,Vendor_075,HR,Consulting,Card,Emp_028,INV-2024-0005704,1,high_amount
TX-002342,2024-03-12 09:22:00,6099.26,Vendor_051,HR,Payroll,Card,Emp_019,INV-2024-0002008,0,normal
TX-002343,2024-03-12 09:34:00,2365.24,Vendor_116,Sales,IT,ACH,Emp_105,INV-2024-0002009,0,normal
TX-002344,2024-03-12 09:59:00,1743.75,Vendor_076,Support,Payroll,Card,Emp_114,INV-2024-0001988,0,normal
TX-002345,2024-03-12 10:00:00,1232.44,Vendor_116,HR,IT,Check,Emp_026,INV-2024-0001992,0,normal
TX-002346,2024-03-12 10:30:00,1643.88,Vendor_008,Finance,IT,ACH,Emp_010,INV-2024-0001997,0,normal
TX-002347,2024-03-12 10:35:00,1607.18,Vendor_007,Finance,Payroll,ACH,Emp_007,INV-2024-0002013,0,normal
TX-002348,2024-03-12 10:41:00,3556.26,Vendor_020,Marketing,Operations,Card,Emp_058,INV-2024-0001999,0,normal
TX-002349,2024-03-12 12:28:00,5154.86,Vendor_092,Support,Payroll,Wire,Emp_106,INV-2024-0001996,0,normal
TX-002350,2024-03-12 12:57:00,2555.46,Vendor_108,Marketing,Travel,Wire,Emp_058,INV-2024-0005138,0,normal
TX-002351,2024-03-12 12:57:00,1252.19,Vendor_007,Finance,Payroll,ACH,Emp_013,INV-2024-0001985,0,normal
TX-002352,2024-03-12 13:03:00,1549.75,Vendor_118,Support,IT,Card,Emp_111,INV-2024-0002004,0,normal
TX-002353,2024-03-12 13:13:00,4262.53,Vendor_101,HR,IT,ACH,Emp_016,INV-2024-0002010,0,normal
TX-002354,2024-03-12 13:27:00,1382.69,Vendor_066,Legal,Operations,Wire,Emp_084,INV-2024-0001994,0,normal
TX-002355,2024-03-12 13:54:00,3152.57,Vendor_081,Finance,Consulting,Card,Emp_002,INV-2024-0001990,0,normal
TX-002356,2024-03-12 14:20:00,1500.0,Vendor_118,Operations,IT,Card,Emp_063,INV-2024-0002005,0,normal
TX-002357,2024-03-12 14:21:00,11138.22,Vendor_110,Legal,Travel,Wire,Emp_086,INV-2024-0001993,0,normal
TX-002358,2024-03-12 14:23:00,6526.88,Vendor_051,Sales,Payroll,Wire,Emp_101,INV-2024-0002012,0,normal
TX-002359,2024-03-12 14:25:00,893.89,Vendor_037,Legal,Supplies,Wire,Emp_085,INV-2024-0001984,0,normal
TX-002360,2024-03-12 14:58:00,1527.15,Vendor_118,Support,Payroll,Check,Emp_106,INV-2024-0001989,0,normal
TX-002361,2024-03-12 15:17:00,547.66,Vendor_102,Support,Travel,Card,Emp_107,INV-2024-0002001,0,normal
TX-002362,2024-03-12 15:25:00,1870.02,Vendor_026,Marketing,Payroll,ACH,Emp_051,INV-2024-0001986,0,normal
TX-002363,2024-03-12 15:29:00,2430.14,Vendor_005,Legal,Supplies,Check,Emp_089,INV-2024-0001987,0,normal
TX-002364,2024-03-12 15:39:00,2490.97,Vendor_091,Operations,IT,ACH,Emp_062,INV-2024-0001991,0,normal
TX-002365,2024-03-12 15:48:00,5137.65,Vendor_006,Sales,Travel,ACH,Emp_099,INV-2024-0001995,0,normal
TX-002366,2024-03-12 15:51:00,2129.95,Vendor_089,Legal,Supplies,ACH,Emp_081,INV-2024-0001998,0,normal
TX-002367,2024-03-12 16:41:00,975.2,Vendor_084,Marketing,Travel,ACH,Emp_060,INV-2024-0002007,0,normal
TX-002368,2024-03-12 17:59:00,2397.69,Vendor_046,Finance,Travel,ACH,Emp_011,INV-2024-0002000,0,normal
TX-002369,2024-03-12 18:47:00,3225.99,Vendor_077,Support,Consulting,Wire,Emp_116,INV-2024-0002003,0,normal
TX-002370,2024-03-12 20:14:00,6709.27,Vendor_022,IT,Payroll,Check,Emp_036,INV-2024-0001977,1,duplicate_invoice
TX-002371,2024-03-12 20:52:00,1682.77,Vendor_118,Operations,IT,Card,Emp_063,INV-2024-0005690,1,same_day_burst
TX-002372,2024-03-13 08:37:00,7125.04,Vendor_096,Finance,Operations,ACH,Emp_005,INV-2024-0002026,0,normal
TX-002373,2024-03-13 09:12:00,1540.19,Vendor_042,Legal,Operations,Check,Emp_077,INV-2024-0002024,0,normal
TX-002374,2024-03-13 10:04:00,3236.02,Vendor_098,Finance,IT,ACH,Emp_013,INV-2024-0002021,0,normal
TX-002375,2024-03-13 10:39:00,2896.4,Vendor_042,Finance,Consulting,Check,Emp_002,INV-2024-0001955,1,duplicate_invoice
TX-002376,2024-03-13 10:47:00,1544.6,Vendor_099,HR,Operations,ACH,Emp_024,INV-2024-0002030,0,normal
TX-002377,2024-03-13 10:47:00,2679.96,Vendor_048,HR,Consulting,Card,Emp_025,INV-2024-0002042,0,normal
TX-002378,2024-03-13 11:03:00,3612.59,Vendor_024,Marketing,Consulting,Check,Emp_046,INV-2024-0002034,0,normal
TX-002379,2024-03-13 11:03:00,3853.33,Vendor_030,Finance,IT,Check,Emp_013,INV-2024-0002045,0,normal
TX-002380,2024-03-13 11:05:00,926.23,Vendor_076,Support,Travel,Check,Emp_118,INV-2024-0002041,0,normal
TX-002381,2024-03-13 11:15:00,1220.65,Vendor_026,Operations,Payroll,ACH,Emp_064,INV-2024-0002028,0,normal
TX-002382,2024-03-13 11:22:00,1549.36,Vendor_026,HR,Payroll,ACH,Emp_019,INV-2024-0002043,0,normal
TX-002383,2024-03-13 11:32:00,1095.74,Vendor_067,IT,Supplies,Card,Emp_041,INV-2024-0002016,0,normal
TX-002384,2024-03-13 11:45:00,2372.27,Vendor_101,HR,IT,Check,Emp_029,INV-2024-0002015,0,normal
TX-002385,2024-03-13 11:49:00,5605.81,Vendor_049,Legal,Consulting,Check,Emp_086,INV-2024-0002019,0,normal
TX-002386,2024-03-13 11:53:00,1170.65,Vendor_014,HR,Supplies,ACH,Emp_029,INV-2024-0002031,0,normal
TX-002387,2024-03-13 11:57:00,2130.59,Vendor_091,Finance,IT,ACH,Emp_008,INV-2024-0002036,0,normal
TX-002388,2024-03-13 12:26:00,1522.97,Vendor_094,Legal,Operations,Card,Emp_077,INV-2024-0002044,0,normal
TX-002389,2024-03-13 13:14:00,2929.01,Vendor_075,HR,Consulting,Card,Emp_017,INV-2024-0002038,0,normal
TX-002390,2024-03-13 13:17:00,13465.0,Vendor_028,Marketing,Travel,Check,Emp_059,INV-2024-0002035,0,normal
TX-002391,2024-03-13 13:40:00,1798.17,Vendor_014,HR,Consulting,ACH,Emp_017,INV-2024-0002025,0,normal
TX-002392,2024-03-13 13:46:00,2766.08,Vendor_113,Operations,Consulting,Check,Emp_065,INV-2024-0002040,0,normal
TX-002393,2024-03-13 13:58:00,5728.29,Vendor_105,Operations,Operations,ACH,Emp_063,INV-2024-0002017,0,normal
TX-002394,2024-03-13 14:00:00,7365.79,Vendor_060,IT,Consulting,ACH,Emp_039,INV-2024-0002022,0,normal
TX-002395,2024-03-13 14:09:00,2843.25,Vendor_108,Marketing,Travel,Card,Emp_049,INV-2024-0002029,0,normal
TX-002396,2024-03-13 14:35:00,4135.51,Vendor_112,Marketing,Consulting,ACH,Emp_049,INV-2024-0002014,0,normal
TX-002397,2024-03-13 15:14:00,2387.69,Vendor_104,Sales,IT,ACH,Emp_102,INV-2024-0002032,0,normal
TX-002398,2024-03-13 15:14:00,3358.53,Vendor_003,Finance,Payroll,Card,Emp_011,INV-2024-0002039,0,normal
TX-002399,2024-03-13 15:54:00,1985.84,Vendor_007,Finance,IT,Wire,Emp_015,INV-2024-0002033,0,normal
TX-002400,2024-03-13 17:33:00,3774.56,Vendor_100,Finance,Travel,ACH,Emp_002,INV-2024-0002037,0,normal
TX-002401,2024-03-13 17:42:00,2349.42,Vendor_113,Finance,Payroll,Card,Emp_003,INV-2024-0002027,0,normal
TX-002402,2024-03-13 17:43:00,4763.12,Vendor_112,Sales,Supplies,Card,Emp_104,INV-2024-0002018,0,normal
TX-002403,2024-03-13 17:50:00,4650.82,Vendor_114,IT,IT,Check,Emp_035,INV-2024-0002023,0,normal
TX-002404,2024-03-13 18:14:00,3390.95,Vendor_101,HR,IT,Check,Emp_019,INV-2024-0002020,0,normal
TX-002405,2024-03-13 22:45:00,4964.15,Vendor_114,IT,IT,Wire,Emp_036,INV-2024-0001978,1,duplicate_invoice
TX-002406,2024-03-14 07:00:00,3054.66,Vendor_117,HR,Payroll,Check,Emp_029,INV-2024-0002066,0,normal
TX-002407,2024-03-14 07:41:00,3645.25,Vendor_020,Marketing,Operations,Card,Emp_055,INV-2024-0001999,1,duplicate_invoice
TX-002408,2024-03-14 07:58:00,736.66,Vendor_063,Sales,Supplies,Check,Emp_091,INV-2024-0002061,0,normal
TX-002409,2024-03-14 08:32:00,1420.8,Vendor_019,Sales,Supplies,Wire,Emp_105,INV-2024-0002063,0,normal
TX-002410,2024-03-14 09:04:00,1268.98,Vendor_014,HR,Supplies,Check,Emp_018,INV-2024-0002053,0,normal
TX-002411,2024-03-14 09:12:00,259.24,Vendor_109,Support,Consulting,Card,Emp_120,INV-2024-0002076,0,normal
TX-002412,2024-03-14 09:18:00,6050.25,Vendor_060,IT,Payroll,Wire,Emp_045,INV-2024-0002056,0,normal
TX-002413,2024-03-14 10:08:00,4994.55,Vendor_071,Finance,Operations,Check,Emp_005,INV-2024-0002047,0,normal
TX-002414,2024-03-14 10:09:00,915.18,Vendor_012,Support,Operations,ACH,Emp_113,INV-2024-0002065,0,normal
TX-002415,2024-03-14 10:28:00,332.58,Vendor_072,IT,Payroll,Wire,Emp_041,INV-2024-0002078,0,normal
TX-002416,2024-03-14 10:59:00,4588.7,Vendor_095,Legal,Supplies,ACH,Emp_082,INV-2024-0002071,0,normal
TX-002417,2024-03-14 11:00:00,1115.11,Vendor_021,Finance,Consulting,Check,Emp_008,INV-2024-0002054,0,normal
TX-002418,2024-03-14 11:30:00,1367.27,Vendor_056,Marketing,Travel,ACH,Emp_059,INV-2024-0002052,0,normal
TX-002419,2024-03-14 11:35:00,1968.52,Vendor_103,Finance,Consulting,ACH,Emp_004,INV-2024-0002051,0,normal
TX-002420,2024-03-14 11:43:00,1164.63,Vendor_083,Operations,IT,ACH,Emp_065,INV-2024-0002079,0,normal
TX-002421,2024-03-14 11:54:00,4019.81,Vendor_062,Sales,Consulting,Check,Emp_098,INV-2024-0002049,0,normal
TX-002422,2024-03-14 11:56:00,2103.35,Vendor_116,HR,Consulting,ACH,Emp_027,INV-2024-0002068,0,normal
TX-002423,2024-03-14 12:08:00,1083.05,Vendor_067,IT,Operations,Wire,Emp_036,INV-2024-0002064,0,normal
TX-002424,2024-03-14 12:20:00,3455.67,Vendor_115,Operations,IT,Wire,Emp_065,INV-2024-0002060,0,normal
TX-002425,2024-03-14 12:26:00,2158.71,Vendor_046,Finance,Travel,Check,Emp_012,INV-2024-0002058,0,normal
TX-002426,2024-03-14 12:29:00,1558.09,Vendor_078,Support,Travel,Wire,Emp_106,INV-2024-0002059,0,normal
TX-002427,2024-03-14 12:36:00,1398.49,Vendor_004,Support,IT,Check,Emp_107,INV-2024-0002072,0,normal
TX-002428,2024-03-14 12:52:00,962.98,Vendor_116,Sales,Supplies,ACH,Emp_102,INV-2024-0002050,0,normal
TX-002429,2024-03-14 12:57:00,3467.26,Vendor_112,Sales,Consulting,Wire,Emp_104,INV-2024-0002067,0,normal
TX-002430,2024-03-14 13:19:00,2881.06,Vendor_119,Marketing,Travel,Check,Emp_060,INV-2024-0002055,0,normal
TX-002431,2024-03-14 13:25:00,1691.08,Vendor_118,Support,Payroll,Check,Emp_118,INV-2024-0002075,0,normal
TX-002432,2024-03-14 13:39:00,2102.62,Vendor_005,Legal,Supplies,ACH,Emp_090,INV-2024-0002081,0,normal
TX-002433,2024-03-14 13:58:00,4868.52,Vendor_060,IT,Payroll,ACH,Emp_038,INV-2024-0002057,0,normal
TX-002434,2024-03-14 14:04:00,3789.78,Vendor_027,Support,Operations,Check,Emp_107,INV-2024-0002048,0,normal
TX-002435,2024-03-14 14:09:00,2960.51,Vendor_024,Marketing,Consulting,Wire,Emp_050,INV-2024-0002074,0,normal
TX-002436,2024-03-14 14:22:00,2330.0,Vendor_062,Sales,Consulting,Card,Emp_098,INV-2024-0005776,1,split_payment
TX-002437,2024-03-14 14:27:00,4623.73,Vendor_100,Finance,Consulting,Check,Emp_012,INV-2024-0002073,0,normal
TX-002438,2024-03-14 14:35:00,3061.05,Vendor_034,Sales,IT,Wire,Emp_104,INV-2024-0002077,0,normal
TX-002439,2024-03-14 14:54:00,2937.28,Vendor_115,Operations,Travel,Wire,Emp_062,INV-2024-0002062,0,normal
TX-002440,2024-03-14 15:30:00,651.95,Vendor_082,Marketing,Consulting,Check,Emp_058,INV-2024-0002070,0,normal
TX-002441,2024-03-14 17:04:00,1056.05,Vendor_083,Operations,IT,Wire,Emp_072,INV-2024-0002046,0,normal
TX-002442,2024-03-14 17:56:00,4515.32,Vendor_069,Legal,Travel,Check,Emp_087,INV-2024-0002069,0,normal
TX-002443,2024-03-14 18:55:00,1987.72,Vendor_041,Sales,Supplies,Wire,Emp_105,INV-2024-0002080,0,normal
TX-002444,2024-03-15 00:15:00,1240.75,Vendor_026,Operations,Payroll,Card,Emp_067,INV-2024-0002028,1,duplicate_invoice
TX-002445,2024-03-15 02:30:00,1341.51,Vendor_056,Marketing,Travel,Wire,Emp_053,INV-2024-0002052,1,duplicate_invoice
TX-002446,2024-03-15 07:24:00,2819.55,Vendor_045,Sales,Consulting,Wire,Emp_097,INV-2024-0002092,0,normal
TX-002447,2024-03-15 07:37:00,1634.5,Vendor_097,Legal,Operations,Wire,Emp_090,INV-2024-0002116,0,normal
TX-002448,2024-03-15 08:26:00,1400.12,Vendor_014,HR,Consulting,ACH,Emp_023,INV-2024-0002097,0,normal
TX-002449,2024-03-15 08:35:00,8007.91,Vendor_060,IT,Travel,ACH,Emp_031,INV-2024-0002089,0,normal
TX-002450,2024-03-15 08:52:00,973.02,Vendor_094,Legal,IT,ACH,Emp_088,INV-2024-0002095,0,normal
TX-002451,2024-03-15 09:54:00,2951.0,Vendor_005,Legal,IT,Check,Emp_085,INV-2024-0002086,0,normal
TX-002452,2024-03-15 10:02:00,2992.87,Vendor_003,Finance,Payroll,Card,Emp_010,INV-2024-0002087,0,normal
TX-002453,2024-03-15 10:25:00,2135.93,Vendor_116,Sales,Consulting,ACH,Emp_100,INV-2024-0002111,0,normal
TX-002454,2024-03-15 10:55:00,5040.11,Vendor_031,Operations,Operations,Check,Emp_068,INV-2024-0002117,0,normal
TX-002455,2024-03-15 11:13:00,270.63,Vendor_109,Finance,IT,Card,Emp_007,INV-2024-0002084,0,normal
TX-002456,2024-03-15 11:14:00,3376.32,Vendor_117,HR,Payroll,Wire,Emp_026,INV-2024-0002112,0,normal
TX-002457,2024-03-15 11:15:00,2156.82,Vendor_025,Marketing,Consulting,ACH,Emp_051,INV-2024-0002106,0,normal
TX-002458,2024-03-15 11:26:00,850.0,Vendor_012,Sales,Operations,ACH,Emp_104,INV-2024-0002107,0,normal
TX-002459,2024-03-15 12:00:00,2584.04,Vendor_059,Sales,Supplies,Wire,Emp_100,INV-2024-0002113,0,normal
TX-002460,2024-03-15 12:07:00,1299.74,Vendor_083,Sales,IT,Wire,Emp_101,INV-2024-0002103,0,normal
TX-002461,2024-03-15 12:10:00,5127.82,Vendor_069,Sales,Travel,Wire,Emp_098,INV-2024-0002105,0,normal
TX-002462,2024-03-15 12:16:00,3878.81,Vendor_113,Operations,Consulting,Card,Emp_069,INV-2024-0002102,0,normal
TX-002463,2024-03-15 12:25:00,1145.37,Vendor_103,Finance,Operations,Check,Emp_010,INV-2024-0002114,0,normal
TX-002464,2024-03-15 12:50:00,1354.72,Vendor_076,Support,Travel,Card,Emp_119,INV-2024-0002090,0,normal
TX-002465,2024-03-15 12:50:00,6636.81,Vendor_105,Operations,Operations,ACH,Emp_064,INV-2024-0002099,0,normal
TX-002466,2024-03-15 12:50:00,2343.86,Vendor_093,Legal,Payroll,Check,Emp_078,INV-2024-0002115,0,normal
TX-002467,2024-03-15 13:09:00,1734.41,Vendor_118,Support,IT,ACH,Emp_106,INV-2024-0002104,0,normal
TX-002468,2024-03-15 13:22:00,2958.82,Vendor_075,HR,Consulting,Wire,Emp_022,INV-2024-0002085,0,normal
TX-002469,2024-03-15 14:05:00,1759.97,Vendor_007,Finance,Consulting,ACH,Emp_011,INV-2024-0002091,0,normal
TX-002470,2024-03-15 14:09:00,2828.84,Vendor_113,Operations,Consulting,ACH,Emp_065,INV-2024-0002083,0,normal
TX-002471,2024-03-15 14:29:00,806.32,Vendor_064,IT,Operations,Wire,Emp_045,INV-2024-0002082,0,normal
TX-002472,2024-03-15 14:58:00,881.08,Vendor_068,Marketing,Operations,ACH,Emp_052,INV-2024-0002110,0,normal
TX-002473,2024-03-15 15:01:00,4512.48,Vendor_020,Marketing,Consulting,Card,Emp_051,INV-2024-0002108,0,normal
TX-002474,2024-03-15 15:13:00,1538.45,Vendor_007,Legal,Consulting,Card,Emp_081,INV-2024-0002096,0,normal
TX-002475,2024-03-15 15:25:00,1731.49,Vendor_078,Finance,Travel,ACH,Emp_001,INV-2024-0002093,0,normal
TX-002476,2024-03-15 15:34:00,3915.23,Vendor_059,Sales,Supplies,Wire,Emp_104,INV-2024-0002094,0,normal
TX-002477,2024-03-15 15:36:00,1351.92,Vendor_063,Legal,Operations,Check,Emp_087,INV-2024-0002098,0,normal
TX-002478,2024-03-15 15:42:00,3056.62,Vendor_113,Operations,Consulting,Card,Emp_069,INV-2024-0002088,0,normal
TX-002479,2024-03-15 15:43:00,1143.68,Vendor_014,HR,Consulting,ACH,Emp_017,INV-2024-0002109,0,normal
TX-002480,2024-03-15 15:54:00,3671.63,Vendor_018,Legal,Consulting,Check,Emp_077,INV-2024-0002100,0,normal
TX-002481,2024-03-15 17:08:00,1998.79,Vendor_091,Finance,IT,Wire,Emp_012,INV-2024-0002101,0,normal
TX-002482,2024-03-15 19:51:00,3329.97,Vendor_059,Sales,Supplies,Wire,Emp_104,INV-2024-0005678,1,same_day_burst
TX-002483,2024-03-16 08:52:00,5004.39,Vendor_069,Legal,Travel,ACH,Emp_083,INV-2024-0002131,0,normal
TX-002484,2024-03-16 09:50:00,8144.13,Vendor_096,Sales,Operations,Wire,Emp_099,INV-2024-0002127,0,normal
TX-002485,2024-03-16 10:42:00,2079.76,Vendor_036,Support,Supplies,Wire,Emp_118,INV-2024-0002124,0,normal
TX-002486,2024-03-16 11:08:00,1787.26,Vendor_029,HR,Travel,Check,Emp_016,INV-2024-0002125,0,normal
TX-002487,2024-03-16 11:50:00,4169.1,Vendor_114,IT,Travel,Card,Emp_037,INV-2024-0002129,0,normal
TX-002488,2024-03-16 12:10:00,1104.71,Vendor_019,Sales,IT,ACH,Emp_093,INV-2024-0002118,0,normal
TX-002489,2024-03-16 12:18:00,4124.14,Vendor_051,HR,Payroll,Card,Emp_021,INV-2024-0002132,0,normal
TX-002490,2024-03-16 12:32:00,2295.53,Vendor_024,Marketing,Consulting,Wire,Emp_053,INV-2024-0002128,0,normal
TX-002491,2024-03-16 13:01:00,5861.39,Vendor_006,Sales,Travel,Card,Emp_103,INV-2024-0002119,0,normal
TX-002492,2024-03-16 13:48:00,2550.0,Vendor_059,Sales,Consulting,Check,Emp_104,INV-2024-0002121,0,normal
TX-002493,2024-03-16 14:13:00,1783.06,Vendor_033,Support,Operations,Check,Emp_106,INV-2024-0002123,0,normal
TX-002494,2024-03-16 14:30:00,1436.81,Vendor_013,Marketing,Supplies,Wire,Emp_052,INV-2024-0002120,0,normal
TX-002495,2024-03-16 14:41:00,6385.66,Vendor_096,Finance,Operations,Card,Emp_009,INV-2024-0002122,0,normal
TX-002496,2024-03-16 14:46:00,5880.9,Vendor_043,Marketing,Travel,Wire,Emp_046,INV-2024-0005170,0,normal
TX-002497,2024-03-16 14:57:00,833.38,Vendor_037,Support,Payroll,ACH,Emp_114,INV-2024-0002130,0,normal
TX-002498,2024-03-16 15:05:00,1109.52,Vendor_067,IT,Supplies,ACH,Emp_033,INV-2024-0005168,0,normal
TX-002499,2024-03-16 15:17:00,3140.53,Vendor_101,HR,IT,Check,Emp_028,INV-2024-0005261,0,normal
TX-002500,2024-03-16 17:32:00,3125.73,Vendor_008,Finance,IT,Card,Emp_008,INV-2024-0002126,0,normal
TX-002501,2024-03-16 19:02:00,4910.0,Vendor_008,Finance,IT,ACH,Emp_008,INV-2024-0005556,1,split_payment
TX-002502,2024-03-17 05:32:00,5598.82,Vendor_019,Sales,Travel,Check,Emp_098,INV-2024-0005626,1,high_amount
TX-002503,2024-03-17 08:09:00,4026.65,Vendor_077,Support,Operations,ACH,Emp_112,INV-2024-0002138,0,normal
TX-002504,2024-03-17 08:52:00,1073.6,Vendor_037,IT,Consulting,Card,Emp_035,INV-2024-0002133,0,normal
TX-002505,2024-03-17 08:59:00,2299.27,Vendor_039,IT,Payroll,Wire,Emp_038,INV-2024-0002142,0,normal
TX-002506,2024-03-17 09:25:00,2352.98,Vendor_103,Finance,Operations,ACH,Emp_004,INV-2024-0002137,0,normal
TX-002507,2024-03-17 09:31:00,898.47,Vendor_063,Sales,Supplies,Check,Emp_102,INV-2024-0005269,0,normal
TX-002508,2024-03-17 09:39:00,3374.27,Vendor_075,HR,Consulting,Wire,Emp_018,INV-2024-0002135,0,normal
TX-002509,2024-03-17 12:01:00,4111.68,Vendor_071,Finance,Travel,ACH,Emp_005,INV-2024-0002143,0,normal
TX-002510,2024-03-17 12:34:00,1877.05,Vendor_079,Marketing,Payroll,Wire,Emp_048,INV-2024-0002139,0,normal
TX-002511,2024-03-17 12:59:00,2621.3,Vendor_098,Finance,Operations,ACH,Emp_015,INV-2024-0002140,0,normal
TX-002512,2024-03-17 13:18:00,1722.39,Vendor_042,Legal,Travel,Card,Emp_078,INV-2024-0002134,0,normal
TX-002513,2024-03-17 13:30:00,5418.17,Vendor_060,HR,Travel,Card,Emp_027,INV-2024-0002144,0,normal
TX-002514,2024-03-17 14:22:00,3003.09,Vendor_075,HR,Consulting,Wire,Emp_023,INV-2024-0002141,0,normal
TX-002515,2024-03-17 14:22:00,10706.42,Vendor_090,Support,Supplies,Check,Emp_108,INV-2024-0005310,1,high_amount
TX-002516,2024-03-17 15:32:00,9092.61,Vendor_120,HR,Travel,Check,Emp_028,INV-2024-0005764,1,high_amount
TX-002517,2024-03-17 15:32:00,2485.61,Vendor_108,Marketing,Travel,Wire,Emp_060,INV-2024-0002136,0,normal
TX-002518,2024-03-18 05:13:00,5578.59,Vendor_081,Support,Payroll,ACH,Emp_115,INV-2024-0005420,1,vendor_department_shift
TX-002519,2024-03-18 07:36:00,3288.9,Vendor_062,Sales,Travel,Card,Emp_105,INV-2024-0002163,0,normal
TX-002520,2024-03-18 08:05:00,2389.32,Vendor_091,Support,IT,Wire,Emp_111,INV-2024-0002158,0,normal
TX-002521,2024-03-18 09:11:00,1358.48,Vendor_118,Support,IT,Card,Emp_106,INV-2024-0002145,0,normal
TX-002522,2024-03-18 09:39:00,5004.08,Vendor_114,IT,IT,Check,Emp_041,INV-2024-0002167,0,normal
TX-002523,2024-03-18 10:05:00,4931.1,Vendor_092,Sales,Payroll,Card,Emp_100,INV-2024-0002151,0,normal
TX-002524,2024-03-18 10:28:00,1168.21,Vendor_097,Operations,Operations,ACH,Emp_068,INV-2024-0002165,0,normal
TX-002525,2024-03-18 10:29:00,2381.72,Vendor_073,Legal,IT,Check,Emp_077,INV-2024-0002175,0,normal
TX-002526,2024-03-18 10:29:00,10242.6,Vendor_029,HR,Travel,Wire,Emp_016,INV-2024-0005620,1,high_amount
TX-002527,2024-03-18 10:33:00,601.37,Vendor_032,HR,Travel,Check,Emp_029,INV-2024-0002153,0,normal
TX-002528,2024-03-18 11:04:00,516.3,Vendor_082,Marketing,Consulting,Card,Emp_053,INV-2024-0002164,0,normal
TX-002529,2024-03-18 11:10:00,1050.58,Vendor_032,HR,Travel,Card,Emp_027,INV-2024-0002157,0,normal
TX-002530,2024-03-18 12:26:00,6605.4,Vendor_092,Sales,Payroll,Check,Emp_105,INV-2024-0002162,0,normal
TX-002531,2024-03-18 12:29:00,2972.72,Vendor_073,Legal,Consulting,ACH,Emp_083,INV-2024-0002169,0,normal
TX-002532,2024-03-18 12:44:00,939.9,Vendor_074,Operations,Operations,Card,Emp_062,INV-2024-0002168,0,normal
TX-002533,2024-03-18 12:51:00,6843.35,Vendor_008,Finance,Travel,Check,Emp_008,INV-2024-0005307,1,payment_method_switch
TX-002534,2024-03-18 13:02:00,1373.9,Vendor_078,Finance,IT,Wire,Emp_007,INV-2024-0002152,0,normal
TX-002535,2024-03-18 13:07:00,4433.36,Vendor_022,IT,IT,Wire,Emp_044,INV-2024-0002170,0,normal
TX-002536,2024-03-18 13:07:00,1180.46,Vendor_067,IT,IT,ACH,Emp_045,INV-2024-0002159,0,normal
TX-002537,2024-03-18 13:31:00,2401.04,Vendor_116,Marketing,Supplies,Card,Emp_048,INV-2024-0005681,1,vendor_department_shift
TX-002538,2024-03-18 13:39:00,12816.83,Vendor_042,Legal,Operations,Wire,Emp_080,INV-2024-0005315,1,high_amount
TX-002539,2024-03-18 14:28:00,828.8,Vendor_058,Legal,Supplies,ACH,Emp_080,INV-2024-0002166,0,normal
TX-002540,2024-03-18 14:43:00,2265.38,Vendor_117,HR,Payroll,ACH,Emp_025,INV-2024-0002171,0,normal
TX-002541,2024-03-18 14:45:00,2594.99,Vendor_085,HR,IT,ACH,Emp_024,INV-2024-0002161,0,normal
TX-002542,2024-03-18 14:49:00,1112.33,Vendor_083,Operations,IT,Wire,Emp_075,INV-2024-0002160,0,normal
TX-002543,2024-03-18 14:51:00,2533.37,Vendor_060,IT,Travel,ACH,Emp_042,INV-2024-0002174,0,normal
TX-002544,2024-03-18 15:09:00,2018.12,Vendor_091,Support,IT,Wire,Emp_118,INV-2024-0002146,0,normal
TX-002545,2024-03-18 15:15:00,662.37,Vendor_058,Support,Supplies,ACH,Emp_117,INV-2024-0002156,0,normal
TX-002546,2024-03-18 15:15:00,28771.34,Vendor_060,HR,Travel,Check,Emp_027,INV-2024-0005688,1,high_amount
TX-002547,2024-03-18 15:46:00,2687.64,Vendor_059,Sales,Supplies,Check,Emp_098,INV-2024-0002147,0,normal
TX-002548,2024-03-18 15:47:00,702.8,Vendor_056,Marketing,Travel,Check,Emp_049,INV-2024-0002172,0,normal
TX-002549,2024-03-18 15:57:00,2111.69,Vendor_048,Support,Consulting,Card,Emp_112,INV-2024-0002154,0,normal
TX-002550,2024-03-18 16:22:00,4108.89,Vendor_086,Sales,IT,ACH,Emp_103,INV-2024-0002149,0,normal
TX-002551,2024-03-18 16:24:00,7190.05,Vendor_092,Sales,Payroll,Check,Emp_105,INV-2024-0005654,1,same_day_burst
TX-002552,2024-03-18 16:34:00,1724.07,Vendor_103,Finance,Operations,Wire,Emp_002,INV-2024-0002150,0,normal
TX-002553,2024-03-18 16:36:00,5414.1,Vendor_095,Legal,Consulting,Card,Emp_081,INV-2024-0002148,0,normal
TX-002554,2024-03-18 16:46:00,2625.17,Vendor_034,Sales,Travel,Wire,Emp_105,INV-2024-0002155,0,normal
TX-002555,2024-03-18 17:56:00,1635.81,Vendor_036,Support,Supplies,ACH,Emp_107,INV-2024-0002173,0,normal
TX-002556,2024-03-18 19:37:00,5130.76,Vendor_036,Support,Supplies,ACH,Emp_116,INV-2024-0005484,1,high_amount
TX-002557,2024-03-18 20:20:00,1763.21,Vendor_091,Support,IT,Wire,Emp_118,INV-2024-0005734,1,same_day_burst
TX-002558,2024-03-18 23:43:00,2294.31,Vendor_117,HR,Payroll,ACH,Emp_027,INV-2024-0022171,1,fuzzy_duplicate
TX-002559,2024-03-19 07:57:00,935.43,Vendor_064,IT,Operations,Wire,Emp_034,INV-2024-0002177,0,normal
TX-002560,2024-03-19 08:11:00,2925.97,Vendor_081,Finance,Consulting,Check,Emp_004,INV-2024-0002187,0,normal
TX-002561,2024-03-19 08:29:00,7483.63,Vendor_096,Sales,Travel,Card,Emp_098,INV-2024-0002180,0,normal
TX-002562,2024-03-19 08:53:00,1474.49,Vendor_003,Finance,Payroll,ACH,Emp_003,INV-2024-0002197,0,normal
TX-002563,2024-03-19 09:56:00,5942.01,Vendor_114,IT,IT,Check,Emp_037,INV-2024-0002193,0,normal
TX-002564,2024-03-19 10:12:00,256.64,Vendor_109,Support,IT,Check,Emp_116,INV-2024-0002181,0,normal
TX-002565,2024-03-19 10:21:00,5578.2,Vendor_069,Legal,Travel,ACH,Emp_087,INV-2024-0002190,0,normal
TX-002566,2024-03-19 10:23:00,4515.13,Vendor_030,Legal,IT,Card,Emp_084,INV-2024-0002199,0,normal
TX-002567,2024-03-19 10:58:00,1441.41,Vendor_016,Marketing,IT,Card,Emp_055,INV-2024-0002195,0,normal
TX-002568,2024-03-19 12:17:00,2514.31,Vendor_052,HR,Travel,Wire,Emp_026,INV-2024-0002188,0,normal
TX-002569,2024-03-19 12:27:00,725.41,Vendor_097,Legal,Supplies,Wire,Emp_083,INV-2024-0002196,0,normal
TX-002570,2024-03-19 12:42:00,2914.49,Vendor_005,Legal,Travel,ACH,Emp_084,INV-2024-0002200,0,normal
TX-002571,2024-03-19 12:43:00,1947.44,Vendor_001,Finance,Payroll,Card,Emp_003,INV-2024-0002183,0,normal
TX-002572,2024-03-19 12:47:00,7833.0,Vendor_096,Sales,Operations,Card,Emp_094,INV-2024-0002176,0,normal
TX-002573,2024-03-19 12:48:00,3003.68,Vendor_035,Sales,Travel,Check,Emp_094,INV-2024-0002198,0,normal
TX-002574,2024-03-19 12:53:00,1912.97,Vendor_046,Finance,Payroll,ACH,Emp_013,INV-2024-0002182,0,normal
TX-002575,2024-03-19 12:55:00,4123.1,Vendor_018,Legal,Travel,Wire,Emp_080,INV-2024-0002191,0,normal
TX-002576,2024-03-19 14:08:00,1666.24,Vendor_021,Finance,Consulting,Check,Emp_003,INV-2024-0002185,0,normal
TX-002577,2024-03-19 14:46:00,6853.91,Vendor_105,Operations,Operations,Check,Emp_069,INV-2024-0002192,0,normal
TX-002578,2024-03-19 14:56:00,1394.38,Vendor_027,Support,Operations,ACH,Emp_108,INV-2024-0002184,0,normal
TX-002579,2024-03-19 15:01:00,4908.63,Vendor_006,Operations,Travel,ACH,Emp_062,INV-2024-0002179,0,normal
TX-002580,2024-03-19 15:29:00,11823.44,Vendor_028,Marketing,Travel,Card,Emp_051,INV-2024-0002186,0,normal
TX-002581,2024-03-19 15:44:00,4237.97,Vendor_014,HR,Supplies,Wire,Emp_018,INV-2024-0005792,1,high_amount
TX-002582,2024-03-19 15:50:00,2104.38,Vendor_084,Marketing,Travel,ACH,Emp_047,INV-2024-0002178,0,normal
TX-002583,2024-03-19 16:11:00,1455.68,Vendor_118,Support,IT,Card,Emp_113,INV-2024-0002201,0,normal
TX-002584,2024-03-19 16:54:00,5449.65,Vendor_043,Marketing,Travel,Wire,Emp_057,INV-2024-0002194,0,normal
TX-002585,2024-03-19 17:09:00,8250.0,Vendor_069,Legal,Travel,Wire,Emp_085,INV-2024-0002202,0,normal
TX-002586,2024-03-19 17:51:00,3422.88,Vendor_034,Sales,IT,Wire,Emp_091,INV-2024-0002189,0,normal
TX-002587,2024-03-19 20:18:00,7221.27,Vendor_076,Support,Travel,ACH,Emp_118,INV-2024-0005372,1,high_amount
TX-002588,2024-03-20 05:24:00,11256.07,Vendor_090,Support,Supplies,Check,Emp_118,INV-2024-0005399,1,high_amount
TX-002589,2024-03-20 09:04:00,3950.0,Vendor_020,Marketing,Operations,ACH,Emp_060,INV-2024-0002205,0,normal
TX-002590,2024-03-20 09:14:00,1684.81,Vendor_041,Legal,Supplies,Card,Emp_090,INV-2024-0002223,0,normal
TX-002591,2024-03-20 09:16:00,4209.72,Vendor_114,IT,IT,Check,Emp_036,INV-2024-0002212,0,normal
TX-002592,2024-03-20 09:37:00,5217.48,Vendor_002,HR,Consulting,Wire,Emp_025,INV-2024-0002227,0,normal
TX-002593,2024-03-20 10:02:00,7133.22,Vendor_043,Marketing,Travel,Card,Emp_048,INV-2024-0002230,0,normal
TX-002594,2024-03-20 10:05:00,2427.65,Vendor_091,Support,IT,ACH,Emp_119,INV-2024-0002158,1,duplicate_invoice
TX-002595,2024-03-20 10:13:00,1695.18,Vendor_033,Support,Travel,Card,Emp_115,INV-2024-0002235,0,normal
TX-002596,2024-03-20 10:33:00,2251.56,Vendor_014,HR,Payroll,Wire,Emp_029,INV-2024-0005460,1,payment_method_switch
TX-002597,2024-03-20 10:58:00,2257.84,Vendor_091,Support,IT,Wire,Emp_106,INV-2024-0002226,0,normal
TX-002598,2024-03-20 11:01:00,1510.16,Vendor_050,Finance,Travel,ACH,Emp_007,INV-2024-0002211,0,normal
TX-002599,2024-03-20 11:18:00,3662.12,Vendor_087,Marketing,Payroll,Check,Emp_049,INV-2024-0002224,0,normal
TX-002600,2024-03-20 11:22:00,1397.64,Vendor_078,Finance,Operations,Wire,Emp_009,INV-2024-0002203,0,normal
TX-002601,2024-03-20 11:30:00,1580.21,Vendor_021,Finance,Consulting,Check,Emp_003,INV-2024-0002204,0,normal
TX-002602,2024-03-20 11:37:00,1358.88,Vendor_004,Support,IT,Card,Emp_112,INV-2024-0002231,0,normal
TX-002603,2024-03-20 11:43:00,1073.84,Vendor_066,Support,Operations,ACH,Emp_117,INV-2024-0002218,0,normal
TX-002604,2024-03-20 11:59:00,1534.48,Vendor_014,HR,Payroll,Card,Emp_017,INV-2024-0002216,0,normal
TX-002605,2024-03-20 12:03:00,3651.06,Vendor_117,HR,Consulting,ACH,Emp_025,INV-2024-0002206,0,normal
TX-002606,2024-03-20 12:04:00,1916.87,Vendor_027,Sales,Operations,Wire,Emp_095,INV-2024-0002208,0,normal
TX-002607,2024-03-20 12:07:00,3025.43,Vendor_119,IT,Travel,Card,Emp_035,INV-2024-0002215,0,normal
TX-002608,2024-03-20 12:10:00,1062.29,Vendor_094,Legal,IT,Card,Emp_090,INV-2024-0002213,0,normal
TX-002609,2024-03-20 12:28:00,1040.6,Vendor_083,Operations,Consulting,Card,Emp_066,INV-2024-0002207,0,normal
TX-002610,2024-03-20 12:47:00,2323.97,Vendor_025,Marketing,Consulting,Card,Emp_058,INV-2024-0002220,0,normal
TX-002611,2024-03-20 12:58:00,6132.67,Vendor_043,Marketing,Travel,Check,Emp_049,INV-2024-0002236,0,normal
TX-002612,2024-03-20 13:04:00,2489.74,Vendor_117,HR,IT,Check,Emp_027,INV-2024-0002217,0,normal
TX-002613,2024-03-20 13:08:00,1524.0,Vendor_004,Support,IT,ACH,Emp_120,INV-2024-0002225,0,normal
TX-002614,2024-03-20 13:39:00,3512.39,Vendor_114,IT,IT,Check,Emp_034,INV-2024-0002233,0,normal
TX-002615,2024-03-20 14:07:00,2882.37,Vendor_113,Operations,Consulting,Card,Emp_072,INV-2024-0002228,0,normal
TX-002616,2024-03-20 14:16:00,2840.53,Vendor_034,Sales,Payroll,Wire,Emp_094,INV-2024-0002234,0,normal
TX-002617,2024-03-20 14:22:00,3490.33,Vendor_112,Sales,Consulting,ACH,Emp_100,INV-2024-0002209,0,normal
TX-002618,2024-03-20 14:47:00,3992.95,Vendor_030,Legal,IT,Wire,Emp_077,INV-2024-0002229,0,normal
TX-002619,2024-03-20 14:56:00,769.78,Vendor_019,Sales,Supplies,Wire,Emp_096,INV-2024-0002214,0,normal
TX-002620,2024-03-20 15:19:00,3284.56,Vendor_025,Marketing,Operations,Card,Emp_047,INV-2024-0002221,0,normal
TX-002621,2024-03-20 15:43:00,1137.79,Vendor_111,Operations,Payroll,Card,Emp_061,INV-2024-0002222,0,normal
TX-002622,2024-03-20 15:56:00,1092.48,Vendor_066,Legal,Operations,ACH,Emp_078,INV-2024-0002232,0,normal
TX-002623,2024-03-20 16:02:00,652.91,Vendor_058,Support,Supplies,ACH,Emp_118,INV-2024-0002219,0,normal
TX-002624,2024-03-20 16:25:00,2175.38,Vendor_046,Finance,Travel,Wire,Emp_014,INV-2024-0002210,0,normal
TX-002625,2024-03-20 20:04:00,1607.78,Vendor_004,Support,IT,ACH,Emp_120,INV-2024-0005747,1,same_day_burst
TX-002626,2024-03-21 04:04:00,3920.95,Vendor_020,Marketing,Operations,ACH,Emp_058,INV-2054-0002205,1,fuzzy_duplicate
TX-002627,2024-03-21 07:13:00,1034.48,Vendor_037,Legal,Supplies,Wire,Emp_088,INV-2024-0002254,0,normal
TX-002628,2024-03-21 07:56:00,1735.53,Vendor_001,Finance,Consulting,Check,Emp_010,INV-2024-0002268,0,normal
TX-002629,2024-03-21 08:13:00,3585.7,Vendor_117,HR,Consulting,Wire,Emp_018,INV-2024-0002266,0,normal
TX-002630,2024-03-21 08:41:00,6170.96,Vendor_107,Marketing,Supplies,Card,Emp_053,INV-2024-0002245,0,normal
TX-002631,2024-03-21 09:06:00,7774.37,Vendor_096,Sales,Operations,Wire,Emp_098,INV-2024-0002256,0,normal
TX-002632,2024-03-21 09:35:00,1167.84,Vendor_036,Support,Supplies,Card,Emp_115,INV-2024-0002248,0,normal
TX-002633,2024-03-21 10:17:00,4040.45,Vendor_030,Legal,IT,Card,Emp_088,INV-2024-0002240,0,normal
TX-002634,2024-03-21 10:26:00,2415.17,Vendor_093,Legal,Supplies,Card,Emp_076,INV-2024-0002263,0,normal
TX-002635,2024-03-21 10:37:00,1656.57,Vendor_116,Sales,IT,Check,Emp_098,INV-2024-0002261,0,normal
TX-002636,2024-03-21 10:45:00,2341.14,Vendor_035,Legal,Travel,Card,Emp_076,INV-2024-0002250,0,normal
TX-002637,2024-03-21 11:01:00,2463.17,Vendor_033,Support,Operations,Check,Emp_111,INV-2024-0002264,0,normal
TX-002638,2024-03-21 11:09:00,6988.61,Vendor_043,Marketing,Travel,Check,Emp_056,INV-2024-0002244,0,normal
TX-002639,2024-03-21 11:11:00,1580.24,Vendor_006,Sales,Travel,ACH,Emp_092,INV-2024-0002237,0,normal
TX-002640,2024-03-21 12:30:00,1163.49,Vendor_076,Support,Travel,Card,Emp_115,INV-2024-0005214,0,normal
TX-002641,2024-03-21 12:36:00,819.27,Vendor_068,Sales,Supplies,ACH,Emp_096,INV-2024-0002242,0,normal
TX-002642,2024-03-21 12:49:00,4421.95,Vendor_051,HR,Supplies,ACH,Emp_023,INV-2024-0002247,0,normal
TX-002643,2024-03-21 12:50:00,1442.5,Vendor_106,Legal,Consulting,ACH,Emp_086,INV-2024-0002238,0,normal
TX-002644,2024-03-21 12:58:00,4720.53,Vendor_087,Marketing,Payroll,Card,Emp_050,INV-2024-0002257,0,normal
TX-002645,2024-03-21 13:01:00,1640.33,Vendor_093,Legal,Supplies,ACH,Emp_076,INV-2024-0002265,0,normal
TX-002646,2024-03-21 13:15:00,1834.85,Vendor_042,Legal,Consulting,Check,Emp_088,INV-2024-0002253,0,normal
TX-002647,2024-03-21 13:31:00,4165.06,Vendor_025,Operations,Supplies,ACH,Emp_066,INV-2024-0005572,1,vendor_department_shift
TX-002648,2024-03-21 13:40:00,3171.85,Vendor_077,HR,Payroll,Check,Emp_028,INV-2024-0002241,0,normal
TX-002649,2024-03-21 13:40:00,1784.73,Vendor_008,Support,Supplies,Check,Emp_120,INV-2024-0002239,0,normal
TX-002650,2024-03-21 13:41:00,2498.42,Vendor_104,Sales,Consulting,Wire,Emp_095,INV-2024-0002255,0,normal
TX-002651,2024-03-21 13:42:00,1203.35,Vendor_094,HR,Operations,Card,Emp_030,INV-2024-0002259,0,normal
TX-002652,2024-03-21 13:44:00,1787.16,Vendor_118,Support,IT,Card,Emp_117,INV-2024-0002262,0,normal
TX-002653,2024-03-21 14:11:00,1803.83,Vendor_005,Legal,IT,ACH,Emp_087,INV-2024-0002251,0,normal
TX-002654,2024-03-21 14:12:00,2103.85,Vendor_046,Finance,Travel,ACH,Emp_007,INV-2024-0002267,0,normal
TX-002655,2024-03-21 14:18:00,3500.0,Vendor_101,HR,IT,Check,Emp_029,INV-2024-0002258,0,normal
TX-002656,2024-03-21 14:25:00,2709.94,Vendor_108,Marketing,Travel,Card,Emp_046,INV-2024-0002252,0,normal
TX-002657,2024-03-21 14:29:00,2160.91,Vendor_010,Support,Operations,Wire,Emp_111,INV-2024-0002260,0,normal
TX-002658,2024-03-21 14:38:00,3277.87,Vendor_035,Legal,Travel,ACH,Emp_086,INV-2024-0002249,0,normal
TX-002659,2024-03-21 15:21:00,2765.14,Vendor_101,HR,IT,Check,Emp_017,INV-2024-0002243,0,normal
TX-002660,2024-03-21 15:38:00,1657.88,Vendor_016,Marketing,IT,ACH,Emp_054,INV-2024-0002246,0,normal
TX-002661,2024-03-21 16:26:00,4960.0,Vendor_008,Support,Supplies,ACH,Emp_120,INV-2024-0005566,1,split_payment
TX-002662,2024-03-21 16:49:00,2132.14,Vendor_050,Sales,IT,Check,Emp_102,INV-2024-0005598,1,vendor_department_shift
TX-002663,2024-03-21 22:19:00,12505.57,Vendor_069,IT,Supplies,Card,Emp_038,INV-2024-0005289,1,vendor_department_shift
TX-002664,2024-03-22 07:22:00,1822.2,Vendor_104,Sales,Consulting,Wire,Emp_098,INV-2024-0002284,0,normal
TX-002665,2024-03-22 08:43:00,2779.14,Vendor_115,Operations,Travel,Wire,Emp_064,INV-2024-0002300,0,normal
TX-002666,2024-03-22 09:20:00,1438.01,Vendor_013,Marketing,Operations,Wire,Emp_058,INV-2024-0002301,0,normal
TX-002667,2024-03-22 09:35:00,2933.91,Vendor_033,Sales,Consulting,Wire,Emp_101,INV-2024-0005542,1,vendor_department_shift
TX-002668,2024-03-22 10:08:00,3751.16,Vendor_002,HR,Operations,ACH,Emp_026,INV-2024-0002272,0,normal
TX-002669,2024-03-22 10:10:00,1394.69,Vendor_078,Finance,Travel,ACH,Emp_008,INV-2024-0002281,0,normal
TX-002670,2024-03-22 10:14:00,1785.21,Vendor_023,Finance,Travel,Check,Emp_008,INV-2024-0002283,0,normal
TX-002671,2024-03-22 10:43:00,4992.28,Vendor_060,IT,Travel,ACH,Emp_033,INV-2024-0002269,0,normal
TX-002672,2024-03-22 10:51:00,6245.39,Vendor_049,Legal,Consulting,ACH,Emp_085,INV-2024-0002282,0,normal
TX-002673,2024-03-22 11:05:00,3599.96,Vendor_060,IT,Consulting,ACH,Emp_042,INV-2024-0002273,0,normal
TX-002674,2024-03-22 11:10:00,2759.47,Vendor_042,Legal,Operations,Check,Emp_090,INV-2024-0002297,0,normal
TX-002675,2024-03-22 11:15:00,1318.83,Vendor_083,Operations,IT,Wire,Emp_075,INV-2024-0002288,0,normal
TX-002676,2024-03-22 11:23:00,1432.06,Vendor_106,HR,Consulting,Card,Emp_030,INV-2024-0002277,0,normal
TX-002677,2024-03-22 11:31:00,2545.45,Vendor_029,Operations,Supplies,ACH,Emp_062,INV-2024-0005780,1,vendor_department_shift
TX-002678,2024-03-22 11:40:00,948.68,Vendor_083,Operations,IT,Wire,Emp_075,INV-2024-0002296,0,normal
TX-002679,2024-03-22 11:42:00,6610.92,Vendor_022,IT,Consulting,ACH,Emp_043,INV-2024-0002289,0,normal
TX-002680,2024-03-22 11:42:00,1338.38,Vendor_083,Operations,IT,Wire,Emp_066,INV-2024-0002286,0,normal
TX-002681,2024-03-22 11:55:00,2813.03,Vendor_091,Support,IT,Wire,Emp_109,INV-2024-0002291,0,normal
TX-002682,2024-03-22 12:26:00,2491.47,Vendor_093,Legal,Payroll,Card,Emp_081,INV-2024-0002276,0,normal
TX-002683,2024-03-22 12:41:00,1931.3,Vendor_091,Support,IT,ACH,Emp_115,INV-2024-0002290,0,normal
TX-002684,2024-03-22 12:46:00,864.84,Vendor_058,Legal,Supplies,ACH,Emp_084,INV-2024-0002274,0,normal
TX-002685,2024-03-22 13:02:00,3140.33,Vendor_061,Sales,Operations,ACH,Emp_102,INV-2024-0002285,0,normal
TX-002686,2024-03-22 13:07:00,1168.32,Vendor_066,Legal,IT,ACH,Emp_086,INV-2024-0002293,0,normal
TX-002687,2024-03-22 13:25:00,1356.44,Vendor_036,Support,Supplies,Wire,Emp_116,INV-2024-0002278,0,normal
TX-002688,2024-03-22 13:37:00,3652.06,Vendor_081,Finance,Consulting,Wire,Emp_001,INV-2024-0002270,0,normal
TX-002689,2024-03-22 13:48:00,2403.72,Vendor_017,Operations,Payroll,ACH,Emp_068,INV-2024-0002302,0,normal
TX-002690,2024-03-22 13:48:00,1168.86,Vendor_094,Legal,Operations,Wire,Emp_090,INV-2024-0002275,0,normal
TX-002691,2024-03-22 13:53:00,5243.41,Vendor_114,IT,IT,Check,Emp_044,INV-2024-0002292,0,normal
TX-002692,2024-03-22 14:01:00,2306.12,Vendor_090,Support,Payroll,Wire,Emp_112,INV-2024-0002294,0,normal
TX-002693,2024-03-22 14:09:00,4093.09,Vendor_018,Legal,IT,Check,Emp_082,INV-2024-0002279,0,normal
TX-002694,2024-03-22 14:10:00,1927.88,Vendor_008,Finance,Consulting,Card,Emp_009,INV-2024-0005251,0,normal
TX-002695,2024-03-22 14:20:00,1340.36,Vendor_064,IT,Travel,Card,Emp_033,INV-2024-0002271,0,normal
TX-002696,2024-03-22 14:38:00,1620.34,Vendor_004,Support,Payroll,Card,Emp_120,INV-2024-0002298,0,normal
TX-002697,2024-03-22 15:00:00,1113.41,Vendor_036,Support,Supplies,Wire,Emp_106,INV-2024-0002295,0,normal
TX-002698,2024-03-22 15:21:00,2288.62,Vendor_093,Legal,Supplies,Wire,Emp_089,INV-2024-0002287,0,normal
TX-002699,2024-03-22 16:24:00,1217.09,Vendor_004,Support,Payroll,ACH,Emp_117,INV-2024-0002280,0,normal
TX-002700,2024-03-22 18:20:00,8255.24,Vendor_051,Support,Consulting,Card,Emp_108,INV-2024-0005585,1,vendor_department_shift
TX-002701,2024-03-22 18:25:00,1137.41,Vendor_083,Operations,IT,Wire,Emp_075,INV-2024-0005417,1,same_day_burst
TX-002702,2024-03-22 18:48:00,6222.32,Vendor_110,Legal,Travel,ACH,Emp_080,INV-2024-0002299,0,normal
TX-002703,2024-03-23 08:26:00,1539.73,Vendor_050,Finance,Travel,Card,Emp_008,INV-2024-0002312,0,normal
TX-002704,2024-03-23 08:57:00,1363.71,Vendor_016,Marketing,IT,Wire,Emp_050,INV-2024-0002316,0,normal
TX-002705,2024-03-23 09:24:00,1722.36,Vendor_029,HR,Travel,Card,Emp_017,INV-2024-0002304,0,normal
TX-002706,2024-03-23 09:24:00,4977.74,Vendor_062,Sales,Consulting,Check,Emp_096,INV-2024-0002309,0,normal
TX-002707,2024-03-23 10:09:00,1923.37,Vendor_091,Support,IT,Wire,Emp_112,INV-2024-0002314,0,normal
TX-002708,2024-03-23 10:36:00,820.94,Vendor_068,Sales,Supplies,ACH,Emp_093,INV-2074-0002222,1,fuzzy_duplicate
TX-002709,2024-03-23 10:41:00,1269.53,Vendor_013,Operations,Operations,Check,Emp_073,INV-2024-0002313,0,normal
TX-002710,2024-03-23 10:43:00,1899.67,Vendor_046,Finance,Travel,ACH,Emp_009,INV-2024-0002308,0,normal
TX-002711,2024-03-23 10:55:00,2101.43,Vendor_046,Finance,Travel,Card,Emp_011,INV-2024-0002303,0,normal
TX-002712,2024-03-23 11:29:00,4929.44,Vendor_006,Sales,Travel,ACH,Emp_101,INV-2024-0002305,0,normal
TX-002713,2024-03-23 12:19:00,8207.0,Vendor_006,Sales,IT,Wire,Emp_101,INV-2024-0002306,0,normal
TX-002714,2024-03-23 12:41:00,6292.09,Vendor_107,Marketing,Supplies,Card,Emp_048,INV-2024-0002245,1,duplicate_invoice
TX-002715,2024-03-23 13:21:00,4531.78,Vendor_088,Sales,Supplies,Card,Emp_099,INV-2024-0002315,0,normal
TX-002716,2024-03-23 13:43:00,793.24,Vendor_103,Finance,Operations,Check,Emp_007,INV-2024-0002307,0,normal
TX-002717,2024-03-23 14:55:00,12531.05,Vendor_028,Marketing,Consulting,Card,Emp_060,INV-2024-0002310,0,normal
TX-002718,2024-03-23 15:31:00,1622.12,Vendor_007,Finance,Payroll,Wire,Emp_010,INV-2024-0002311,0,normal
TX-002719,2024-03-24 04:53:00,1843.91,Vendor_012,Finance,Payroll,Check,Emp_013,INV-2024-0005398,1,vendor_department_shift
TX-002720,2024-03-24 08:04:00,756.14,Vendor_025,Finance,Consulting,Wire,Emp_012,INV-2024-0005158,0,normal
TX-002721,2024-03-24 08:29:00,1927.25,Vendor_104,Sales,Travel,Wire,Emp_103,INV-2024-0002319,0,normal
TX-002722,2024-03-24 09:34:00,2006.17,Vendor_046,Finance,Travel,Card,Emp_013,INV-2024-0002323,0,normal
TX-002723,2024-03-24 09:39:00,1093.09,Vendor_094,Legal,IT,Card,Emp_080,INV-2024-0002318,0,normal
TX-002724,2024-03-24 10:15:00,5586.94,Vendor_095,Legal,Supplies,Card,Emp_090,INV-2024-0002329,0,normal
TX-002725,2024-03-24 10:43:00,2736.16,Vendor_015,HR,Consulting,Wire,Emp_022,INV-2024-0002328,0,normal
TX-002726,2024-03-24 11:11:00,2481.61,Vendor_101,HR,IT,Check,Emp_020,INV-2024-0002317,0,normal
TX-002727,2024-03-24 11:26:00,1156.71,Vendor_009,Operations,Operations,Check,Emp_068,INV-2024-0002324,0,normal
TX-002728,2024-03-24 12:51:00,6342.45,Vendor_049,Legal,Consulting,ACH,Emp_083,INV-2024-0002282,1,duplicate_invoice
TX-002729,2024-03-24 13:20:00,2453.55,Vendor_045,Sales,Supplies,Card,Emp_095,INV-2024-0002327,0,normal
TX-002730,2024-03-24 14:08:00,1754.46,Vendor_058,Sales,IT,Check,Emp_097,INV-2024-0005466,1,vendor_department_shift
TX-002731,2024-03-24 14:10:00,1105.78,Vendor_078,Finance,Travel,ACH,Emp_001,INV-2024-0002330,0,normal
TX-002732,2024-03-24 14:17:00,2335.62,Vendor_041,Legal,Supplies,Card,Emp_088,INV-2024-0002326,0,normal
TX-002733,2024-03-24 14:21:00,1295.32,Vendor_016,Marketing,IT,ACH,Emp_048,INV-2024-0002325,0,normal
TX-002734,2024-03-24 15:09:00,1333.67,Vendor_064,IT,Travel,Check,Emp_033,INV-2024-0002331,0,normal
TX-002735,2024-03-24 15:56:00,5165.13,Vendor_092,Sales,Payroll,Wire,Emp_101,INV-2024-0002322,0,normal
TX-002736,2024-03-24 16:44:00,2249.85,Vendor_048,Support,Consulting,Card,Emp_113,INV-2024-0002321,0,normal
TX-002737,2024-03-24 17:24:00,3822.24,Vendor_114,IT,Consulting,Check,Emp_042,INV-2024-0002320,0,normal
TX-002738,2024-03-24 17:46:00,1844.84,Vendor_104,Sales,Payroll,Wire,Emp_100,INV-2024-0002332,0,normal
TX-002739,2024-03-24 18:09:00,12228.94,Vendor_093,Legal,Supplies,Wire,Emp_076,INV-2024-0005736,1,high_amount
TX-002740,2024-03-25 07:39:00,1089.76,Vendor_094,Legal,IT,Card,Emp_078,INV-2024-0002318,1,duplicate_invoice
TX-002741,2024-03-25 08:18:00,2005.48,Vendor_040,HR,Supplies,ACH,Emp_018,INV-2024-0002346,0,normal
TX-002742,2024-03-25 08:57:00,4262.52,Vendor_113,Operations,Consulting,Check,Emp_069,INV-2024-0002351,0,normal
TX-002743,2024-03-25 09:15:00,6442.75,Vendor_060,Operations,IT,ACH,Emp_066,INV-2024-0002344,0,normal
TX-002744,2024-03-25 09:31:00,8383.43,Vendor_106,HR,Consulting,Wire,Emp_030,INV-2024-0005730,1,high_amount
TX-002745,2024-03-25 09:32:00,901.06,Vendor_013,Marketing,IT,Wire,Emp_049,INV-2024-0002358,0,normal
TX-002746,2024-03-25 09:46:00,1386.36,Vendor_066,Legal,IT,ACH,Emp_086,INV-2024-0002359,0,normal
TX-002747,2024-03-25 09:51:00,1381.79,Vendor_050,HR,Travel,Card,Emp_017,INV-2024-0002347,0,normal
TX-002748,2024-03-25 09:57:00,472.97,Vendor_102,Support,Travel,Card,Emp_106,INV-2024-0005131,0,normal
TX-002749,2024-03-25 10:02:00,3424.37,Vendor_077,Support,Operations,Check,Emp_111,INV-2024-0002360,0,normal
TX-002750,2024-03-25 10:02:00,1071.72,Vendor_070,Sales,Consulting,ACH,Emp_102,INV-2024-0002342,0,normal
TX-002751,2024-03-25 10:55:00,1362.48,Vendor_103,Finance,Operations,Check,Emp_006,INV-2024-0002356,0,normal
TX-002752,2024-03-25 11:26:00,3185.66,Vendor_002,HR,Travel,Check,Emp_029,INV-2024-0002350,0,normal
TX-002753,2024-03-25 11:32:00,629.23,Vendor_058,Legal,Supplies,ACH,Emp_080,INV-2024-0002352,0,normal
TX-002754,2024-03-25 11:46:00,1571.04,Vendor_091,Support,Consulting,Card,Emp_115,INV-2024-0002338,0,normal
TX-002755,2024-03-25 11:53:00,304.6,Vendor_039,IT,Payroll,Check,Emp_037,INV-2024-0002335,0,normal
TX-002756,2024-03-25 11:56:00,1890.43,Vendor_101,HR,IT,Check,Emp_023,INV-2024-0002353,0,normal
TX-002757,2024-03-25 12:13:00,2098.46,Vendor_041,Legal,Supplies,Wire,Emp_077,INV-2024-0002333,0,normal
TX-002758,2024-03-25 12:15:00,1479.87,Vendor_083,Operations,IT,ACH,Emp_074,INV-2024-0002340,0,normal
TX-002759,2024-03-25 13:32:00,2686.05,Vendor_054,Marketing,IT,Check,Emp_046,INV-2024-0002354,0,normal
TX-002760,2024-03-25 13:43:00,2587.83,Vendor_073,HR,Consulting,Wire,Emp_023,INV-2024-0002345,0,normal
TX-002761,2024-03-25 14:03:00,1129.73,Vendor_036,Marketing,Supplies,Card,Emp_047,INV-2024-0002348,0,normal
TX-002762,2024-03-25 14:04:00,2132.81,Vendor_091,Finance,IT,Wire,Emp_002,INV-2024-0002349,0,normal
TX-002763,2024-03-25 14:20:00,2244.99,Vendor_008,Finance,Consulting,ACH,Emp_001,INV-2024-0002343,0,normal
TX-002764,2024-03-25 14:27:00,1837.25,Vendor_089,Legal,IT,ACH,Emp_077,INV-2024-0002361,0,normal
TX-002765,2024-03-25 14:37:00,1693.86,Vendor_044,Finance,IT,Wire,Emp_011,INV-2024-0002355,0,normal
TX-002766,2024-03-25 15:07:00,883.36,Vendor_067,IT,Supplies,Check,Emp_037,INV-2024-0002334,0,normal
TX-002767,2024-03-25 15:07:00,1375.46,Vendor_003,Marketing,Consulting,ACH,Emp_047,INV-2024-0002341,0,normal
TX-002768,2024-03-25 15:28:00,4229.7,Vendor_117,HR,Payroll,ACH,Emp_024,INV-2024-0002339,0,normal
TX-002769,2024-03-25 16:29:00,1975.2,Vendor_116,HR,IT,Check,Emp_020,INV-2024-0002337,0,normal
TX-002770,2024-03-25 16:43:00,5952.57,Vendor_022,IT,Payroll,Wire,Emp_031,INV-2024-0002336,0,normal
TX-002771,2024-03-25 17:00:00,2297.71,Vendor_091,Support,IT,Wire,Emp_106,INV-2024-0002357,0,normal
TX-002772,2024-03-26 04:34:00,10383.19,Vendor_041,Sales,Supplies,Check,Emp_105,INV-2024-0005397,1,high_amount
TX-002773,2024-03-26 07:11:00,1126.59,Vendor_083,Operations,IT,Check,Emp_065,INV-2024-0002384,0,normal
TX-002774,2024-03-26 08:33:00,3190.22,Vendor_113,Operations,Consulting,ACH,Emp_067,INV-2024-0002394,0,normal
TX-002775,2024-03-26 08:54:00,2302.29,Vendor_039,IT,Consulting,Wire,Emp_031,INV-2024-0002366,0,normal
TX-002776,2024-03-26 08:58:00,1390.11,Vendor_014,HR,Supplies,ACH,Emp_019,INV-2024-0002364,0,normal
TX-002777,2024-03-26 09:05:00,2767.78,Vendor_034,Marketing,IT,ACH,Emp_047,INV-2024-0002362,0,normal
TX-002778,2024-03-26 10:11:00,2587.51,Vendor_042,Legal,Travel,Check,Emp_083,INV-2024-0002374,0,normal
TX-002779,2024-03-26 10:28:00,1800.33,Vendor_013,Marketing,Operations,ACH,Emp_050,INV-2024-0002372,0,normal
TX-002780,2024-03-26 10:31:00,2024.05,Vendor_104,Sales,Consulting,Wire,Emp_101,INV-2024-0002370,0,normal
TX-002781,2024-03-26 10:50:00,3225.58,Vendor_113,Operations,Consulting,Card,Emp_074,INV-2024-0002377,0,normal
TX-002782,2024-03-26 10:54:00,1607.12,Vendor_039,IT,Payroll,ACH,Emp_036,INV-2024-0002389,0,normal
TX-002783,2024-03-26 10:59:00,2484.76,Vendor_042,Legal,Supplies,Wire,Emp_082,INV-2024-0002379,0,normal
TX-002784,2024-03-26 11:06:00,1099.49,Vendor_094,Legal,Operations,ACH,Emp_087,INV-2024-0002373,0,normal
TX-002785,2024-03-26 11:06:00,1610.92,Vendor_103,Finance,Operations,Wire,Emp_002,INV-2024-0002391,0,normal
TX-002786,2024-03-26 11:19:00,5399.19,Vendor_096,Sales,Operations,Check,Emp_092,INV-2024-0002390,0,normal
TX-002787,2024-03-26 11:48:00,4763.7,Vendor_087,Marketing,Payroll,Card,Emp_057,INV-2024-0002386,0,normal
TX-002788,2024-03-26 11:52:00,7453.05,Vendor_096,Sales,Operations,Check,Emp_104,INV-2024-0002369,0,normal
TX-002789,2024-03-26 11:57:00,3938.58,Vendor_077,Support,Operations,ACH,Emp_120,INV-2024-0002371,0,normal
TX-002790,2024-03-26 12:12:00,2873.18,Vendor_115,Operations,Travel,Wire,Emp_069,INV-2024-0002376,0,normal
TX-002791,2024-03-26 12:26:00,643.0,Vendor_082,Marketing,IT,Check,Emp_046,INV-2024-0002385,0,normal
TX-002792,2024-03-26 12:28:00,1512.62,Vendor_106,Legal,Consulting,Check,Emp_086,INV-2024-0002368,0,normal
TX-002793,2024-03-26 12:33:00,1568.8,Vendor_004,Support,IT,ACH,Emp_107,INV-2024-0002367,0,normal
TX-002794,2024-03-26 12:44:00,2946.86,Vendor_052,HR,Supplies,Wire,Emp_025,INV-2024-0002382,0,normal
TX-002795,2024-03-26 12:45:00,509.89,Vendor_012,Support,Operations,ACH,Emp_109,INV-2024-0002363,0,normal
TX-002796,2024-03-26 12:48:00,587.06,Vendor_082,Marketing,Consulting,Check,Emp_050,INV-2024-0002375,0,normal
TX-002797,2024-03-26 12:53:00,5479.11,Vendor_114,IT,Consulting,Card,Emp_042,INV-2024-0002388,0,normal
TX-002798,2024-03-26 12:57:00,3306.46,Vendor_073,Legal,Travel,ACH,Emp_087,INV-2024-0002380,0,normal
TX-002799,2024-03-26 13:12:00,1934.35,Vendor_025,Marketing,Operations,Check,Emp_046,INV-2024-0002395,0,normal
TX-002800,2024-03-26 13:22:00,1556.61,Vendor_118,Support,Payroll,Check,Emp_114,INV-2024-0002392,0,normal
TX-002801,2024-03-26 13:28:00,1465.15,Vendor_118,Support,Supplies,Check,Emp_116,INV-2024-0002381,0,normal
TX-002802,2024-03-26 14:18:00,934.95,Vendor_082,Marketing,Consulting,ACH,Emp_055,INV-2024-0002383,0,normal
TX-002803,2024-03-26 14:19:00,1106.27,Vendor_038,Finance,Payroll,Check,Emp_011,INV-2024-0002387,0,normal
TX-002804,2024-03-26 15:06:00,4693.41,Vendor_069,Legal,Travel,Wire,Emp_076,INV-2024-0002393,0,normal
TX-002805,2024-03-26 15:50:00,1045.18,Vendor_066,Legal,IT,ACH,Emp_083,INV-2024-0005265,0,normal
TX-002806,2024-03-26 16:16:00,5110.84,Vendor_092,Sales,Payroll,Wire,Emp_098,INV-2024-0002378,0,normal
TX-002807,2024-03-26 17:33:00,2308.43,Vendor_055,Operations,Supplies,Card,Emp_068,INV-2024-0002365,0,normal
TX-002808,2024-03-26 18:57:00,4338.06,Vendor_113,Operations,Consulting,Check,Emp_066,INV-2024-0002351,1,duplicate_invoice
TX-002809,2024-03-26 19:54:00,1613.21,Vendor_039,IT,Payroll,Check,Emp_040,INV-2024-0002389,1,duplicate_invoice
TX-002810,2024-03-27 07:27:00,1840.73,Vendor_118,Support,Payroll,Check,Emp_120,INV-2024-0002424,0,normal
TX-002811,2024-03-27 07:35:00,3955.86,Vendor_051,HR,Payroll,Check,Emp_020,INV-2024-0002403,0,normal
TX-002812,2024-03-27 07:40:00,5710.91,Vendor_043,Marketing,Travel,Check,Emp_055,INV-2024-0002439,0,normal
TX-002813,2024-03-27 08:14:00,1092.71,Vendor_019,Sales,IT,Card,Emp_104,INV-2024-0002432,0,normal
TX-002814,2024-03-27 08:26:00,2871.41,Vendor_034,Operations,IT,Wire,Emp_065,INV-2024-0002399,0,normal
TX-002815,2024-03-27 09:33:00,1625.23,Vendor_078,IT,Operations,Check,Emp_036,INV-2024-0002415,0,normal
TX-002816,2024-03-27 09:36:00,2176.34,Vendor_055,Operations,Supplies,Card,Emp_061,INV-2024-0002406,0,normal
TX-002817,2024-03-27 09:39:00,1441.7,Vendor_106,Legal,Payroll,Check,Emp_090,INV-2024-0002438,0,normal
TX-002818,2024-03-27 10:19:00,2859.72,Vendor_101,HR,IT,Check,Emp_020,INV-2024-0002419,0,normal
TX-002819,2024-03-27 10:21:00,1582.02,Vendor_056,Marketing,Travel,Card,Emp_059,INV-2024-0002400,0,normal
TX-002820,2024-03-27 10:23:00,1878.78,Vendor_007,Legal,Consulting,Wire,Emp_078,INV-2024-0002423,0,normal
TX-002821,2024-03-27 10:26:00,6185.8,Vendor_095,Legal,Supplies,Wire,Emp_078,INV-2024-0002418,0,normal
TX-002822,2024-03-27 10:33:00,2865.82,Vendor_045,Legal,Supplies,ACH,Emp_076,INV-2024-0002412,0,normal
TX-002823,2024-03-27 10:34:00,8237.99,Vendor_096,Marketing,Supplies,Card,Emp_060,INV-2024-0002433,0,normal
TX-002824,2024-03-27 11:13:00,1488.09,Vendor_029,HR,Travel,Check,Emp_026,INV-2024-0002408,0,normal
TX-002825,2024-03-27 11:13:00,1124.37,Vendor_019,Finance,IT,ACH,Emp_014,INV-2024-0002436,0,normal
TX-002826,2024-03-27 11:20:00,1570.05,Vendor_026,Legal,Payroll,ACH,Emp_077,INV-2024-0002422,0,normal
TX-002827,2024-03-27 11:20:00,1558.32,Vendor_106,Legal,Consulting,ACH,Emp_079,INV-2024-0002441,0,normal
TX-002828,2024-03-27 11:23:00,927.17,Vendor_009,Finance,Operations,ACH,Emp_002,INV-2024-0002398,0,normal
TX-002829,2024-03-27 11:29:00,3498.05,Vendor_059,Sales,Payroll,Check,Emp_096,INV-2024-0002407,0,normal
TX-002830,2024-03-27 11:31:00,921.46,Vendor_037,Legal,Supplies,Wire,Emp_084,INV-2024-0002397,0,normal
TX-002831,2024-03-27 11:39:00,5916.42,Vendor_043,Marketing,Travel,Check,Emp_051,INV-2024-0002421,0,normal
TX-002832,2024-03-27 11:40:00,3744.56,Vendor_006,Marketing,Payroll,ACH,Emp_058,INV-2024-0002442,0,normal
TX-002833,2024-03-27 11:45:00,6256.39,Vendor_092,Sales,Payroll,Wire,Emp_103,INV-2024-0002435,0,normal
TX-002834,2024-03-27 11:49:00,1394.42,Vendor_055,IT,Supplies,Check,Emp_040,INV-2024-0002405,0,normal
TX-002835,2024-03-27 11:50:00,1750.0,Vendor_026,HR,Payroll,Wire,Emp_026,INV-2024-0005200,0,normal
TX-002836,2024-03-27 11:56:00,2859.72,Vendor_075,HR,Operations,ACH,Emp_023,INV-2024-0002413,0,normal
TX-002837,2024-03-27 12:15:00,6566.27,Vendor_040,HR,Supplies,Wire,Emp_021,INV-2024-0002429,0,normal
TX-002838,2024-03-27 12:30:00,800.0,Vendor_074,Operations,Consulting,ACH,Emp_069,INV-2024-0002402,0,normal
TX-002839,2024-03-27 12:31:00,4140.19,Vendor_098,Finance,IT,ACH,Emp_002,INV-2024-0002420,0,normal
TX-002840,2024-03-27 12:38:00,2182.08,Vendor_027,Sales,Operations,ACH,Emp_097,INV-2024-0002426,0,normal
TX-002841,2024-03-27 12:39:00,933.04,Vendor_019,Finance,IT,ACH,Emp_014,INV-2024-0005364,1,same_day_burst
TX-002842,2024-03-27 12:40:00,1995.78,Vendor_118,Support,Supplies,Card,Emp_116,INV-2024-0002404,0,normal
TX-002843,2024-03-27 12:45:00,2602.15,Vendor_054,Operations,IT,Check,Emp_061,INV-2024-0002401,0,normal
TX-002844,2024-03-27 12:55:00,4088.69,Vendor_117,HR,IT,ACH,Emp_022,INV-2024-0002409,0,normal
TX-002845,2024-03-27 13:11:00,2153.92,Vendor_033,Support,Operations,Check,Emp_120,INV-2024-0002444,0,normal
TX-002846,2024-03-27 13:20:00,1572.97,Vendor_004,Support,Payroll,Card,Emp_112,INV-2024-0002443,0,normal
TX-002847,2024-03-27 13:36:00,789.78,Vendor_012,Support,Operations,Card,Emp_117,INV-2024-0005228,0,normal
TX-002848,2024-03-27 13:43:00,18368.83,Vendor_117,HR,Payroll,Check,Emp_024,INV-2024-0005402,1,high_amount
TX-002849,2024-03-27 13:48:00,2847.74,Vendor_008,Finance,Consulting,Card,Emp_008,INV-2024-0002396,0,normal
TX-002850,2024-03-27 13:50:00,1738.56,Vendor_027,Sales,Operations,Check,Emp_096,INV-2024-0002437,0,normal
TX-002851,2024-03-27 14:07:00,2014.66,Vendor_007,Finance,Consulting,ACH,Emp_004,INV-2024-0002430,0,normal
TX-002852,2024-03-27 14:30:00,224.02,Vendor_109,Support,Payroll,Wire,Emp_117,INV-2024-0002427,0,normal
TX-002853,2024-03-27 14:30:00,967.83,Vendor_070,Sales,Consulting,ACH,Emp_098,INV-2024-0002440,0,normal
TX-002854,2024-03-27 14:33:00,14640.47,Vendor_028,Marketing,Travel,ACH,Emp_046,INV-2024-0002425,0,normal
TX-002855,2024-03-27 14:40:00,2193.38,Vendor_101,HR,IT,Check,Emp_030,INV-2024-0002411,0,normal
TX-002856,2024-03-27 14:48:00,2390.21,Vendor_035,Legal,IT,Wire,Emp_082,INV-2024-0002414,0,normal
TX-002857,2024-03-27 14:50:00,3241.09,Vendor_113,Operations,Consulting,Wire,Emp_070,INV-2024-0002377,1,duplicate_invoice
TX-002858,2024-03-27 14:57:00,3352.51,Vendor_018,Legal,IT,Check,Emp_080,INV-2024-0002416,0,normal
TX-002859,2024-03-27 15:05:00,2217.89,Vendor_048,Support,Consulting,Check,Emp_108,INV-2024-0002431,0,normal
TX-002860,2024-03-27 16:34:00,1907.75,Vendor_098,Finance,Operations,Card,Emp_004,INV-2024-0002410,0,normal
TX-002861,2024-03-27 16:48:00,1553.93,Vendor_106,Legal,Consulting,Check,Emp_078,INV-2024-0002428,0,normal
TX-002862,2024-03-27 16:49:00,1687.96,Vendor_076,Support,Supplies,Card,Emp_111,INV-2024-0002417,0,normal
TX-002863,2024-03-27 17:19:00,3876.96,Vendor_069,Legal,Travel,ACH,Emp_082,INV-2024-0002434,0,normal
TX-002864,2024-03-27 18:55:00,1937.56,Vendor_106,Legal,Consulting,Check,Emp_078,INV-2024-0005693,1,same_day_burst
TX-002865,2024-03-28 01:27:00,1850.48,Vendor_089,Legal,IT,ACH,Emp_090,INV-2724-0002361,1,fuzzy_duplicate
TX-002866,2024-03-28 03:50:00,1058.57,Vendor_066,Legal,IT,Card,Emp_084,INV-2024-0005265,1,duplicate_invoice
TX-002867,2024-03-28 08:25:00,8594.44,Vendor_046,Finance,Travel,Wire,Emp_007,INV-2024-0005520,1,high_amount
TX-002868,2024-03-28 08:42:00,1367.23,Vendor_080,Legal,Consulting,Wire,Emp_080,INV-2024-0002450,0,normal
TX-002869,2024-03-28 09:06:00,752.09,Vendor_032,HR,Travel,ACH,Emp_030,INV-2024-0002458,0,normal
TX-002870,2024-03-28 09:44:00,2905.43,Vendor_054,Operations,Consulting,Card,Emp_070,INV-2024-0002464,0,normal
TX-002871,2024-03-28 09:50:00,5498.61,Vendor_040,HR,Supplies,Wire,Emp_016,INV-2024-0002453,0,normal
TX-002872,2024-03-28 09:58:00,1547.96,Vendor_041,Legal,Supplies,Card,Emp_084,INV-2024-0002470,0,normal
TX-002873,2024-03-28 10:18:00,2962.81,Vendor_085,Legal,IT,Card,Emp_079,INV-2024-0002448,0,normal
TX-002874,2024-03-28 10:33:00,1413.15,Vendor_065,Operations,Operations,Card,Emp_071,INV-2024-0002459,0,normal
TX-002875,2024-03-28 10:49:00,4049.45,Vendor_100,Operations,Consulting,Wire,Emp_075,INV-2024-0002466,0,normal
TX-002876,2024-03-28 10:54:00,2101.8,Vendor_041,Legal,Supplies,ACH,Emp_078,INV-2024-0002449,0,normal
TX-002877,2024-03-28 10:55:00,720.49,Vendor_068,Marketing,Supplies,ACH,Emp_058,INV-2024-0002469,0,normal
TX-002878,2024-03-28 11:08:00,3114.8,Vendor_093,Legal,Supplies,Card,Emp_084,INV-2024-0002461,0,normal
TX-002879,2024-03-28 11:10:00,2780.2,Vendor_092,Sales,Payroll,Wire,Emp_098,INV-2024-0002445,0,normal
TX-002880,2024-03-28 11:19:00,3191.76,Vendor_014,Finance,Travel,ACH,Emp_014,INV-2024-0005503,1,vendor_department_shift
TX-002881,2024-03-28 11:24:00,5923.12,Vendor_092,Sales,Payroll,Check,Emp_103,INV-2024-0002446,0,normal
TX-002882,2024-03-28 11:45:00,1654.87,Vendor_118,Support,Payroll,Wire,Emp_111,INV-2024-0002455,0,normal
TX-002883,2024-03-28 12:08:00,5932.23,Vendor_006,Sales,IT,Card,Emp_091,INV-2024-0002468,0,normal
TX-002884,2024-03-28 12:13:00,1276.55,Vendor_011,IT,Operations,Wire,Emp_032,INV-2024-0002465,0,normal
TX-002885,2024-03-28 12:14:00,1493.32,Vendor_070,Marketing,Consulting,ACH,Emp_046,INV-2024-0002447,0,normal
TX-002886,2024-03-28 12:15:00,2992.63,Vendor_081,Legal,Travel,Wire,Emp_076,INV-2024-0002452,0,normal
TX-002887,2024-03-28 12:18:00,2700.0,Vendor_015,HR,Consulting,Check,Emp_021,INV-2024-0002460,0,normal
TX-002888,2024-03-28 12:57:00,2065.46,Vendor_100,Operations,Consulting,ACH,Emp_071,INV-2024-0002467,0,normal
TX-002889,2024-03-28 13:11:00,1313.07,Vendor_083,Operations,IT,Wire,Emp_068,INV-2024-0002471,0,normal
TX-002890,2024-03-28 13:39:00,2051.38,Vendor_010,Support,Payroll,Wire,Emp_107,INV-2024-0002462,0,normal
TX-002891,2024-03-28 14:17:00,807.48,Vendor_037,Support,Travel,Wire,Emp_119,INV-2024-0002463,0,normal
TX-002892,2024-03-28 14:21:00,7319.02,Vendor_096,Sales,Operations,Wire,Emp_092,INV-2024-0002457,0,normal
TX-002893,2024-03-28 14:50:00,1462.23,Vendor_118,Operations,Supplies,Card,Emp_072,INV-2024-0002472,0,normal
TX-002894,2024-03-28 15:55:00,3215.34,Vendor_077,Support,Consulting,Check,Emp_111,INV-2024-0005274,0,normal
TX-002895,2024-03-28 16:31:00,2057.45,Vendor_104,Sales,Consulting,Wire,Emp_102,INV-2024-0602374,1,fuzzy_duplicate
TX-002896,2024-03-28 16:35:00,1241.3,Vendor_070,Sales,Consulting,ACH,Emp_092,INV-2024-0002456,0,normal
TX-002897,2024-03-28 16:51:00,2767.76,Vendor_025,Marketing,Consulting,Card,Emp_047,INV-2024-0002454,0,normal
TX-002898,2024-03-28 18:53:00,1710.88,Vendor_036,Legal,Supplies,Card,Emp_077,INV-2024-0002451,0,normal
TX-002899,2024-03-28 19:50:00,3195.04,Vendor_113,Operations,Consulting,Wire,Emp_067,INV-2024-0002377,1,duplicate_invoice
TX-002900,2024-03-29 04:49:00,16270.05,Vendor_062,Sales,Travel,Wire,Emp_105,INV-2024-0005407,1,high_amount
TX-002901,2024-03-29 08:19:00,2897.98,Vendor_120,IT,IT,ACH,Emp_041,INV-2024-0002480,0,normal
TX-002902,2024-03-29 08:53:00,2289.61,Vendor_041,Legal,Supplies,Card,Emp_087,INV-2024-0002488,0,normal
TX-002903,2024-03-29 09:02:00,1527.7,Vendor_007,Finance,Payroll,Card,Emp_003,INV-2024-0002500,0,normal
TX-002904,2024-03-29 09:26:00,692.87,Vendor_032,HR,Travel,Wire,Emp_022,INV-2024-0002491,0,normal
TX-002905,2024-03-29 09:30:00,1515.01,Vendor_010,Support,Operations,Wire,Emp_112,INV-2024-0002479,0,normal
TX-002906,2024-03-29 09:55:00,1854.27,Vendor_055,Operations,Consulting,Wire,Emp_066,INV-2024-0002506,0,normal
TX-002907,2024-03-29 09:59:00,617.1,Vendor_037,Support,Payroll,Check,Emp_114,INV-2024-0002476,0,normal
TX-002908,2024-03-29 10:05:00,1089.67,Vendor_009,Operations,Operations,Check,Emp_066,INV-2024-0002498,0,normal
TX-002909,2024-03-29 10:37:00,795.25,Vendor_037,HR,Consulting,Wire,Emp_024,INV-2024-0002483,0,normal
TX-002910,2024-03-29 10:43:00,1878.39,Vendor_017,Operations,Payroll,Check,Emp_067,INV-2024-0002489,0,normal
TX-002911,2024-03-29 10:51:00,5910.63,Vendor_060,IT,Payroll,ACH,Emp_039,INV-2024-0002482,0,normal
TX-002912,2024-03-29 11:00:00,6285.61,Vendor_071,Finance,Travel,Check,Emp_013,INV-2024-0002496,0,normal
TX-002913,2024-03-29 11:18:00,3154.13,Vendor_075,HR,Consulting,Wire,Emp_026,INV-2024-0002503,0,normal
TX-002914,2024-03-29 11:21:00,1156.14,Vendor_007,Support,Payroll,ACH,Emp_106,INV-2024-0002499,0,normal
TX-002915,2024-03-29 11:25:00,7018.78,Vendor_060,IT,Travel,Wire,Emp_043,INV-2024-0002495,0,normal
TX-002916,2024-03-29 11:43:00,4735.12,Vendor_096,Sales,Operations,Wire,Emp_098,INV-2024-0002481,0,normal
TX-002917,2024-03-29 11:58:00,2872.04,Vendor_120,Finance,Payroll,ACH,Emp_014,INV-2024-0002492,0,normal
TX-002918,2024-03-29 12:29:00,1961.48,Vendor_104,Sales,Travel,Card,Emp_092,INV-2024-0002473,0,normal
TX-002919,2024-03-29 12:31:00,4169.67,Vendor_040,HR,Supplies,ACH,Emp_019,INV-2024-0002475,0,normal
TX-002920,2024-03-29 12:41:00,1309.83,Vendor_083,Operations,IT,Wire,Emp_073,INV-2024-0002507,0,normal
TX-002921,2024-03-29 12:46:00,1504.54,Vendor_099,HR,Operations,Card,Emp_017,INV-2024-0002497,0,normal
TX-002922,2024-03-29 12:50:00,1760.57,Vendor_026,HR,Payroll,Wire,Emp_024,INV-2024-0805200,1,fuzzy_duplicate
TX-002923,2024-03-29 13:14:00,3194.45,Vendor_075,HR,Consulting,ACH,Emp_029,INV-2024-0002501,0,normal
TX-002924,2024-03-29 13:27:00,4860.0,Vendor_007,Finance,Payroll,Wire,Emp_003,INV-2024-0005349,1,split_payment
TX-002925,2024-03-29 13:34:00,5504.81,Vendor_031,Operations,Consulting,ACH,Emp_066,INV-2024-0002484,0,normal
TX-002926,2024-03-29 13:47:00,3126.5,Vendor_025,Marketing,Operations,ACH,Emp_052,INV-2024-0005173,0,normal
TX-002927,2024-03-29 13:48:00,1338.52,Vendor_013,Support,IT,Wire,Emp_119,INV-2024-0002477,0,normal
TX-002928,2024-03-29 13:57:00,2507.84,Vendor_108,Marketing,Travel,Check,Emp_049,INV-2024-0002474,0,normal
TX-002929,2024-03-29 14:00:00,2109.81,Vendor_108,Marketing,IT,ACH,Emp_057,INV-2024-0002486,0,normal
TX-002930,2024-03-29 14:09:00,4295.52,Vendor_020,HR,Travel,Card,Emp_019,INV-2024-0002490,0,normal
TX-002931,2024-03-29 14:28:00,1318.65,Vendor_083,Operations,IT,Wire,Emp_067,INV-2024-0002494,0,normal
TX-002932,2024-03-29 14:43:00,2554.14,Vendor_061,Sales,Consulting,ACH,Emp_094,INV-2024-0002505,0,normal
TX-002933,2024-03-29 15:09:00,3326.9,Vendor_019,Finance,IT,Card,Emp_014,INV-2024-0005483,1,high_amount
TX-002934,2024-03-29 15:22:00,1739.09,Vendor_104,Finance,Travel,Wire,Emp_006,INV-2024-0002485,0,normal
TX-002935,2024-03-29 15:27:00,7846.64,Vendor_096,Sales,Operations,Wire,Emp_099,INV-2024-0002487,0,normal
TX-002936,2024-03-29 15:39:00,955.66,Vendor_094,Legal,Consulting,ACH,Emp_078,INV-2024-0002508,0,normal
TX-002937,2024-03-29 16:05:00,2694.47,Vendor_005,Legal,IT,Check,Emp_079,INV-2024-0002493,0,normal
TX-002938,2024-03-29 16:12:00,7928.13,Vendor_060,IT,Travel,Wire,Emp_043,INV-2024-0005802,1,same_day_burst
TX-002939,2024-03-29 16:18:00,8527.39,Vendor_106,Legal,Payroll,Card,Emp_090,INV-2024-0005495,1,high_amount
TX-002940,2024-03-29 17:36:00,3350.0,Vendor_073,Legal,Consulting,Card,Emp_080,INV-2024-0002504,0,normal
TX-002941,2024-03-29 17:37:00,701.79,Vendor_074,Operations,Operations,ACH,Emp_073,INV-2024-0002478,0,normal
TX-002942,2024-03-29 17:58:00,3721.42,Vendor_018,Support,IT,Check,Emp_117,INV-2024-0002502,0,normal
TX-002943,2024-03-29 20:05:00,2013.89,Vendor_104,Finance,Travel,Wire,Emp_006,INV-2024-0005547,1,same_day_burst
TX-002944,2024-03-30 00:23:00,945.08,Vendor_009,Finance,Operations,Card,Emp_005,INV-2024-0002398,1,duplicate_invoice
TX-002945,2024-03-30 05:55:00,3269.23,Vendor_077,Support,Consulting,Card,Emp_117,INV-2024-0005274,1,duplicate_invoice
TX-002946,2024-03-30 05:58:00,2466.97,Vendor_050,HR,Operations,ACH,Emp_017,INV-2024-0005352,1,payment_method_switch
TX-002947,2024-03-30 07:05:00,3257.55,Vendor_040,HR,Supplies,ACH,Emp_027,INV-2024-0002515,0,normal
TX-002948,2024-03-30 08:17:00,3494.29,Vendor_077,HR,Consulting,ACH,Emp_024,INV-2024-0002513,0,normal
TX-002949,2024-03-30 08:22:00,8130.64,Vendor_049,Legal,Consulting,Card,Emp_085,INV-2024-0002520,0,normal
TX-002950,2024-03-30 09:00:00,616.5,Vendor_009,Operations,Operations,ACH,Emp_063,INV-2024-0002516,0,normal
TX-002951,2024-03-30 10:33:00,1911.88,Vendor_104,Sales,Travel,Card,Emp_095,INV-2024-0002525,0,normal
TX-002952,2024-03-30 10:46:00,5861.14,Vendor_006,Legal,Payroll,ACH,Emp_081,INV-2024-0002523,0,normal
TX-002953,2024-03-30 11:15:00,3034.25,Vendor_100,Finance,Consulting,Check,Emp_008,INV-2024-0002514,0,normal
TX-002954,2024-03-30 11:18:00,7812.81,Vendor_114,Support,Operations,ACH,Emp_112,INV-2024-0005760,1,vendor_department_shift
TX-002955,2024-03-30 11:28:00,2902.0,Vendor_015,HR,Payroll,Card,Emp_017,INV-2024-0002526,0,normal
TX-002956,2024-03-30 11:49:00,4290.23,Vendor_002,HR,Operations,Check,Emp_018,INV-2024-0005221,0,normal
TX-002957,2024-03-30 11:49:00,2873.62,Vendor_073,Legal,Consulting,Check,Emp_083,INV-2024-0002509,0,normal
TX-002958,2024-03-30 11:55:00,5173.87,Vendor_051,HR,Payroll,Wire,Emp_017,INV-2024-0002519,0,normal
TX-002959,2024-03-30 12:19:00,1032.62,Vendor_019,Sales,Supplies,Wire,Emp_098,INV-2024-0002510,0,normal
TX-002960,2024-03-30 12:46:00,7231.74,Vendor_043,Marketing,Travel,Check,Emp_048,INV-2024-0002522,0,normal
TX-002961,2024-03-30 12:46:00,1031.31,Vendor_004,Finance,Payroll,Card,Emp_009,INV-2024-0002517,0,normal
TX-002962,2024-03-30 12:49:00,4355.45,Vendor_020,Marketing,Operations,Card,Emp_046,INV-2024-0002524,0,normal
TX-002963,2024-03-30 13:08:00,1833.28,Vendor_103,Finance,Operations,ACH,Emp_003,INV-2024-0002527,0,normal
TX-002964,2024-03-30 13:52:00,2577.77,Vendor_061,Finance,Travel,Check,Emp_015,INV-2024-0002521,0,normal
TX-002965,2024-03-30 14:02:00,8559.99,Vendor_086,Sales,IT,Card,Emp_102,INV-2024-0002512,0,normal
TX-002966,2024-03-30 15:12:00,10734.12,Vendor_096,Operations,Payroll,Check,Emp_068,INV-2024-0005533,1,vendor_department_shift
TX-002967,2024-03-30 15:35:00,2280.0,Vendor_061,Finance,Travel,Wire,Emp_015,INV-2024-0005320,1,split_payment
TX-002968,2024-03-30 15:56:00,2989.96,Vendor_059,Sales,Supplies,Check,Emp_105,INV-2024-0002511,0,normal
TX-002969,2024-03-30 17:44:00,2871.74,Vendor_034,Sales,Travel,Wire,Emp_105,INV-2024-0002518,0,normal
TX-002970,2024-03-31 08:29:00,701.84,Vendor_044,Finance,Operations,Check,Emp_008,INV-2024-0002542,0,normal
TX-002971,2024-03-31 09:17:00,623.67,Vendor_037,Legal,Payroll,Wire,Emp_079,INV-2024-0002540,0,normal
TX-002972,2024-03-31 10:57:00,1338.99,Vendor_083,Operations,IT,Wire,Emp_072,INV-2024-0002536,0,normal
TX-002973,2024-03-31 10:59:00,3353.27,Vendor_073,Legal,Consulting,Check,Emp_078,INV-2024-0005187,0,normal
TX-002974,2024-03-31 11:06:00,5776.24,Vendor_043,Marketing,Travel,Check,Emp_055,INV-2024-0002532,0,normal
TX-002975,2024-03-31 11:10:00,1165.32,Vendor_067,IT,Travel,ACH,Emp_031,INV-2024-0002531,0,normal
TX-002976,2024-03-31 11:29:00,2192.56,Vendor_104,Sales,Travel,Wire,Emp_095,INV-2024-0002528,0,normal
TX-002977,2024-03-31 12:05:00,2605.28,Vendor_005,IT,Travel,Check,Emp_042,INV-2024-0002541,0,normal
TX-002978,2024-03-31 12:12:00,5827.41,Vendor_095,Legal,Supplies,Card,Emp_078,INV-2024-0002533,0,normal
TX-002979,2024-03-31 12:18:00,3663.24,Vendor_025,Finance,Consulting,Card,Emp_010,INV-2024-0002534,0,normal
TX-002980,2024-03-31 12:23:00,1552.73,Vendor_050,Finance,Travel,Card,Emp_012,INV-2024-0002539,0,normal
TX-002981,2024-03-31 12:32:00,2063.87,Vendor_046,Finance,Travel,Check,Emp_002,INV-2024-0002529,0,normal
TX-002982,2024-03-31 12:38:00,3141.97,Vendor_108,Marketing,Travel,ACH,Emp_049,INV-2024-0002537,0,normal
TX-002983,2024-03-31 12:52:00,13832.55,Vendor_028,Marketing,Travel,Card,Emp_052,INV-2024-0002535,0,normal
TX-002984,2024-03-31 13:24:00,2290.8,Vendor_106,HR,Supplies,Wire,Emp_030,INV-2024-0005328,1,payment_method_switch
TX-002985,2024-03-31 13:30:00,7637.99,Vendor_071,Finance,Payroll,Check,Emp_010,INV-2024-0005121,0,normal
TX-002986,2024-03-31 14:00:00,2130.31,Vendor_108,Marketing,IT,ACH,Emp_046,INV-2024-0002486,1,duplicate_invoice
TX-002987,2024-03-31 14:00:00,6316.05,Vendor_071,Finance,Travel,Check,Emp_014,INV-2074-0042496,1,fuzzy_duplicate
TX-002988,2024-03-31 14:34:00,1979.48,Vendor_097,Legal,Operations,Card,Emp_088,INV-2024-0002545,0,normal
TX-002989,2024-03-31 14:35:00,2768.31,Vendor_113,Operations,Consulting,Card,Emp_068,INV-2024-0002538,0,normal
TX-002990,2024-03-31 15:02:00,1496.05,Vendor_042,Legal,Operations,Card,Emp_084,INV-2024-0002543,0,normal
TX-002991,2024-03-31 15:16:00,3147.16,Vendor_081,Finance,Travel,Wire,Emp_015,INV-2024-0002544,0,normal
TX-002992,2024-03-31 18:39:00,1523.68,Vendor_036,Support,Supplies,Card,Emp_106,INV-2024-0002530,0,normal
TX-002993,2024-04-01 05:34:00,2989.46,Vendor_104,Marketing,Supplies,Wire,Emp_052,INV-2024-0005592,1,vendor_department_shift
TX-002994,2024-04-01 08:09:00,1319.37,Vendor_050,Finance,Travel,Card,Emp_004,INV-2024-0005275,0,normal
TX-002995,2024-04-01 08:16:00,1311.76,Vendor_070,Sales,Travel,ACH,Emp_102,INV-2024-0002576,0,normal
TX-002996,2024-04-01 09:04:00,1289.05,Vendor_019,Sales,IT,ACH,Emp_093,INV-2024-0002551,0,normal
TX-002997,2024-04-01 09:05:00,4940.69,Vendor_092,Sales,Payroll,Check,Emp_094,INV-2024-0005164,0,normal
TX-002998,2024-04-01 09:23:00,4149.89,Vendor_112,Sales,IT,ACH,Emp_100,INV-2024-0002546,0,normal
TX-002999,2024-04-01 09:50:00,562.36,Vendor_058,Legal,Supplies,Card,Emp_084,INV-2024-0002572,0,normal
TX-003000,2024-04-01 10:12:00,7960.63,Vendor_096,Sales,Operations,ACH,Emp_102,INV-2024-0002560,0,normal
TX-003001,2024-04-01 10:20:00,1488.7,Vendor_050,Finance,Travel,ACH,Emp_003,INV-2024-0002575,0,normal
TX-003002,2024-04-01 10:21:00,3744.15,Vendor_073,Legal,IT,Card,Emp_083,INV-2024-0002571,0,normal
TX-003003,2024-04-01 10:31:00,4056.24,Vendor_075,HR,Consulting,ACH,Emp_018,INV-2024-0002547,0,normal
TX-003004,2024-04-01 10:34:00,1694.89,Vendor_041,Legal,Supplies,Wire,Emp_090,INV-2024-0002557,0,normal
TX-003005,2024-04-01 10:47:00,5379.8,Vendor_049,Legal,Consulting,ACH,Emp_087,INV-2024-0002563,0,normal
TX-003006,2024-04-01 10:57:00,2270.47,Vendor_091,Support,IT,Wire,Emp_117,INV-2024-0002549,0,normal
TX-003007,2024-04-01 11:22:00,2412.87,Vendor_045,Sales,Consulting,ACH,Emp_095,INV-2024-0002569,0,normal
TX-003008,2024-04-01 11:33:00,2912.17,Vendor_066,Operations,Supplies,Check,Emp_069,INV-2024-0005531,1,vendor_department_shift
TX-003009,2024-04-01 11:50:00,117.81,Vendor_109,Support,IT,ACH,Emp_112,INV-2024-0002574,0,normal
TX-003010,2024-04-01 12:02:00,1742.08,Vendor_076,Support,Supplies,ACH,Emp_115,INV-2024-0002555,0,normal
TX-003011,2024-04-01 12:17:00,1331.15,Vendor_019,Sales,Travel,Wire,Emp_104,INV-2024-0002553,0,normal
TX-003012,2024-04-01 12:20:00,3172.79,Vendor_075,HR,Consulting,Check,Emp_029,INV-2024-0002567,0,normal
TX-003013,2024-04-01 12:29:00,1814.18,Vendor_046,Sales,IT,ACH,Emp_091,INV-2024-0002548,0,normal
TX-003014,2024-04-01 12:32:00,8506.38,Vendor_043,IT,Travel,Check,Emp_038,INV-2024-0002564,0,normal
TX-003015,2024-04-01 12:34:00,1258.41,Vendor_078,Finance,Travel,Wire,Emp_011,INV-2024-0002562,0,normal
TX-003016,2024-04-01 13:00:00,2458.11,Vendor_091,Finance,IT,Check,Emp_003,INV-2024-0002573,0,normal
TX-003017,2024-04-01 13:09:00,3739.17,Vendor_101,HR,IT,Card,Emp_029,INV-2024-0002568,0,normal
TX-003018,2024-04-01 13:18:00,803.95,Vendor_037,Legal,Payroll,ACH,Emp_090,INV-2024-0002570,0,normal
TX-003019,2024-04-01 13:39:00,223.57,Vendor_109,Support,IT,Wire,Emp_120,INV-2024-0002558,0,normal
TX-003020,2024-04-01 13:55:00,4930.0,Vendor_096,Sales,Operations,Check,Emp_102,INV-2024-0005610,1,split_payment
TX-003021,2024-04-01 13:56:00,1594.76,Vendor_063,Sales,Supplies,Check,Emp_093,INV-2024-0002565,0,normal
TX-003022,2024-04-01 14:05:00,5322.65,Vendor_024,Support,Travel,Wire,Emp_115,INV-2024-0005608,1,vendor_department_shift
TX-003023,2024-04-01 14:10:00,5207.44,Vendor_088,Sales,Consulting,Card,Emp_100,INV-2024-0002556,0,normal
TX-003024,2024-04-01 15:16:00,2011.69,Vendor_101,HR,IT,Check,Emp_026,INV-2024-0005278,0,normal
TX-003025,2024-04-01 15:45:00,1989.19,Vendor_055,Operations,Supplies,ACH,Emp_075,INV-2024-0002554,0,normal
TX-003026,2024-04-01 16:33:00,872.49,Vendor_068,Sales,Travel,ACH,Emp_093,INV-2024-0002566,0,normal
TX-003027,2024-04-01 16:46:00,211.73,Vendor_109,Support,IT,ACH,Emp_112,INV-2024-0002559,0,normal
TX-003028,2024-04-01 16:57:00,2243.75,Vendor_100,Finance,Payroll,Check,Emp_001,INV-2024-0002550,0,normal
TX-003029,2024-04-01 17:28:00,9930.0,Vendor_088,Sales,Consulting,ACH,Emp_100,INV-2024-0005670,1,split_payment
TX-003030,2024-04-01 17:42:00,6003.46,Vendor_095,Legal,Supplies,Card,Emp_083,INV-2024-0002552,0,normal
TX-003031,2024-04-01 18:46:00,2599.96,Vendor_100,Finance,Consulting,Check,Emp_008,INV-2024-0002561,0,normal
TX-003032,2024-04-01 21:47:00,4810.0,Vendor_100,Finance,Consulting,Card,Emp_008,INV-2024-0005318,1,split_payment
TX-003033,2024-04-01 22:35:00,2753.44,Vendor_113,Operations,Consulting,Card,Emp_066,INV-2024-0002538,1,duplicate_invoice
TX-003034,2024-04-02 02:56:00,2948.38,Vendor_059,Sales,Supplies,Card,Emp_091,INV-2024-0002511,1,duplicate_invoice
TX-003035,2024-04-02 04:04:00,1314.14,Vendor_019,Sales,IT,Card,Emp_103,INV-2024-0002551,1,duplicate_invoice
TX-003036,2024-04-02 07:44:00,1363.45,Vendor_083,Operations,Travel,Wire,Emp_067,INV-2024-0002606,0,normal
TX-003037,2024-04-02 08:20:00,1312.83,Vendor_036,Support,Supplies,Card,Emp_114,INV-2024-0002600,0,normal
TX-003038,2024-04-02 08:32:00,1034.69,Vendor_068,Marketing,Operations,ACH,Emp_053,INV-2024-0002609,0,normal
TX-003039,2024-04-02 08:36:00,5622.09,Vendor_060,IT,Payroll,ACH,Emp_041,INV-2024-0002581,0,normal
TX-003040,2024-04-02 08:58:00,1365.64,Vendor_011,IT,Operations,ACH,Emp_042,INV-2024-0002598,0,normal
TX-003041,2024-04-02 09:41:00,1325.47,Vendor_021,IT,Consulting,ACH,Emp_038,INV-2024-0002579,0,normal
TX-003042,2024-04-02 10:16:00,2155.38,Vendor_040,Sales,Supplies,Wire,Emp_098,INV-2024-0002605,0,normal
TX-003043,2024-04-02 10:30:00,2686.39,Vendor_005,Sales,Travel,ACH,Emp_093,INV-2024-0002604,0,normal
TX-003044,2024-04-02 11:03:00,6800.0,Vendor_088,Sales,IT,Wire,Emp_101,INV-2024-0002583,0,normal
TX-003045,2024-04-02 11:18:00,1585.02,Vendor_118,Support,IT,Card,Emp_119,INV-2024-0002599,0,normal
TX-003046,2024-04-02 11:35:00,961.38,Vendor_058,Legal,Supplies,ACH,Emp_085,INV-2024-0002592,0,normal
TX-003047,2024-04-02 11:36:00,1631.6,Vendor_016,Marketing,IT,ACH,Emp_056,INV-2024-0002582,0,normal
TX-003048,2024-04-02 11:43:00,1551.14,Vendor_026,HR,Travel,ACH,Emp_029,INV-2024-0002580,0,normal
TX-003049,2024-04-02 12:04:00,1553.63,Vendor_118,Support,IT,ACH,Emp_117,INV-2024-0002577,0,normal
TX-003050,2024-04-02 12:04:00,2470.07,Vendor_052,HR,Operations,Wire,Emp_024,INV-2024-0002588,0,normal
TX-003051,2024-04-02 12:13:00,205.71,Vendor_109,Support,IT,Card,Emp_109,INV-2024-0002607,0,normal
TX-003052,2024-04-02 12:31:00,1520.86,Vendor_106,Legal,Consulting,Check,Emp_081,INV-2024-0002591,0,normal
TX-003053,2024-04-02 12:35:00,2011.71,Vendor_093,Legal,Payroll,ACH,Emp_088,INV-2024-0002585,0,normal
TX-003054,2024-04-02 12:46:00,1252.89,Vendor_104,Sales,Payroll,ACH,Emp_094,INV-2024-0005277,0,normal
TX-003055,2024-04-02 12:51:00,1618.65,Vendor_001,Finance,IT,Card,Emp_002,INV-2024-0002586,0,normal
TX-003056,2024-04-02 13:18:00,2061.37,Vendor_046,Finance,Travel,Check,Emp_005,INV-2024-0002608,0,normal
TX-003057,2024-04-02 13:57:00,1464.89,Vendor_118,Support,Supplies,Card,Emp_109,INV-2024-0002595,0,normal
TX-003058,2024-04-02 14:18:00,1884.97,Vendor_120,Marketing,Travel,ACH,Emp_054,INV-2024-0002589,0,normal
TX-003059,2024-04-02 14:23:00,1619.05,Vendor_025,Marketing,Operations,Card,Emp_053,INV-2024-0002603,0,normal
TX-003060,2024-04-02 14:27:00,2349.01,Vendor_002,HR,Operations,Wire,Emp_024,INV-2024-0002602,0,normal
TX-003061,2024-04-02 14:43:00,1699.79,Vendor_044,Operations,Supplies,Check,Emp_063,INV-2024-0002597,0,normal
TX-003062,2024-04-02 14:46:00,771.69,Vendor_058,Legal,Supplies,ACH,Emp_082,INV-2024-0002610,0,normal
TX-003063,2024-04-02 14:50:00,870.03,Vendor_082,Marketing,Consulting,ACH,Emp_057,INV-2024-0002587,0,normal
TX-003064,2024-04-02 14:53:00,2829.76,Vendor_034,Operations,Travel,Wire,Emp_075,INV-2024-0002593,0,normal
TX-003065,2024-04-02 15:11:00,2155.19,Vendor_104,Sales,Travel,Wire,Emp_104,INV-2024-0002578,0,normal
TX-003066,2024-04-02 15:11:00,2340.0,Vendor_093,Legal,Payroll,Card,Emp_088,INV-2024-0005385,1,split_payment
TX-003067,2024-04-02 15:15:00,1044.67,Vendor_038,Finance,Payroll,Wire,Emp_006,INV-2024-0002584,0,normal
TX-003068,2024-04-02 15:23:00,2047.19,Vendor_005,Legal,IT,Check,Emp_081,INV-2024-0002596,0,normal
TX-003069,2024-04-02 15:28:00,1529.95,Vendor_103,HR,Operations,Card,Emp_021,INV-2024-0002594,0,normal
TX-003070,2024-04-02 15:36:00,1044.11,Vendor_004,Support,IT,ACH,Emp_108,INV-2024-0002590,0,normal
TX-003071,2024-04-02 16:15:00,1477.61,Vendor_104,Sales,Travel,Wire,Emp_093,INV-2024-0002601,0,normal
TX-003072,2024-04-02 16:27:00,9770.0,Vendor_044,Operations,Supplies,Card,Emp_063,INV-2024-0005564,1,split_payment
TX-003073,2024-04-02 16:37:00,2314.28,Vendor_083,Marketing,Travel,Check,Emp_050,INV-2024-0005423,1,vendor_department_shift
TX-003074,2024-04-03 07:07:00,1375.86,Vendor_026,Legal,Travel,ACH,Emp_078,INV-2024-0002644,0,normal
TX-003075,2024-04-03 08:34:00,4544.13,Vendor_020,Marketing,Operations,Card,Emp_059,INV-2024-0005234,0,normal
TX-003076,2024-04-03 09:16:00,866.06,Vendor_063,Sales,Supplies,Check,Emp_095,INV-2024-0002614,0,normal
TX-003077,2024-04-03 09:19:00,1881.17,Vendor_104,Sales,Supplies,Check,Emp_094,INV-2024-0002613,0,normal
TX-003078,2024-04-03 09:37:00,2926.13,Vendor_113,Marketing,Consulting,Check,Emp_060,INV-2024-0002618,0,normal
TX-003079,2024-04-03 09:39:00,2914.39,Vendor_054,Operations,Consulting,ACH,Emp_067,INV-2024-0002621,0,normal
TX-003080,2024-04-03 09:52:00,3366.03,Vendor_075,HR,Supplies,Wire,Emp_021,INV-2024-0002641,0,normal
TX-003081,2024-04-03 10:05:00,4460.31,Vendor_092,Sales,Payroll,Wire,Emp_098,INV-2024-0002619,0,normal
TX-003082,2024-04-03 10:05:00,1247.67,Vendor_067,IT,Supplies,ACH,Emp_033,INV-2024-0002620,0,normal
TX-003083,2024-04-03 10:24:00,8708.84,Vendor_110,Legal,Travel,Wire,Emp_090,INV-2024-0002627,0,normal
TX-003084,2024-04-03 10:25:00,2592.57,Vendor_092,Sales,Payroll,Card,Emp_098,INV-2024-0002635,0,normal
TX-003085,2024-04-03 10:37:00,2182.29,Vendor_046,Finance,Travel,Card,Emp_015,INV-2024-0002631,0,normal
TX-003086,2024-04-03 11:16:00,2717.47,Vendor_046,Finance,Travel,ACH,Emp_014,INV-2024-0002636,0,normal
TX-003087,2024-04-03 11:43:00,3234.68,Vendor_008,Finance,Consulting,Check,Emp_004,INV-2024-0002638,0,normal
TX-003088,2024-04-03 11:49:00,6689.64,Vendor_105,Operations,Consulting,ACH,Emp_073,INV-2024-0002637,0,normal
TX-003089,2024-04-03 11:58:00,1517.3,Vendor_016,Finance,Supplies,Card,Emp_014,INV-2024-0002611,0,normal
TX-003090,2024-04-03 12:48:00,3865.79,Vendor_002,HR,Payroll,Check,Emp_018,INV-2024-0002643,0,normal
TX-003091,2024-04-03 13:06:00,1427.75,Vendor_070,Sales,Consulting,ACH,Emp_091,INV-2024-0002632,0,normal
TX-003092,2024-04-03 13:16:00,3900.29,Vendor_077,Support,Operations,Wire,Emp_118,INV-2024-0002623,0,normal
TX-003093,2024-04-03 13:19:00,2380.29,Vendor_057,Operations,Consulting,Check,Emp_070,INV-2024-0002624,0,normal
TX-003094,2024-04-03 13:20:00,3231.7,Vendor_075,HR,Consulting,Check,Emp_027,INV-2624-0002567,1,fuzzy_duplicate
TX-003095,2024-04-03 13:27:00,2662.22,Vendor_113,Operations,Consulting,Check,Emp_063,INV-2024-0002634,0,normal
TX-003096,2024-04-03 13:49:00,32039.23,Vendor_096,Marketing,Supplies,ACH,Emp_060,INV-2024-0005648,1,high_amount
TX-003097,2024-04-03 13:50:00,2706.91,Vendor_055,Operations,Supplies,Card,Emp_069,INV-2024-0002615,0,normal
TX-003098,2024-04-03 13:55:00,1655.0,Vendor_116,HR,IT,ACH,Emp_024,INV-2024-0002626,0,normal
TX-003099,2024-04-03 13:56:00,1411.71,Vendor_066,Legal,IT,Wire,Emp_084,INV-2024-0002639,0,normal
TX-003100,2024-04-03 14:06:00,4578.19,Vendor_112,Sales,Payroll,Wire,Emp_105,INV-2024-0002616,0,normal
TX-003101,2024-04-03 14:10:00,1811.94,Vendor_016,Marketing,IT,ACH,Emp_059,INV-2024-0002622,0,normal
TX-003102,2024-04-03 14:24:00,1377.34,Vendor_083,Operations,IT,Wire,Emp_071,INV-2024-0002612,0,normal
TX-003103,2024-04-03 14:28:00,5420.84,Vendor_092,Sales,Operations,Wire,Emp_103,INV-2024-0002642,0,normal
TX-003104,2024-04-03 14:39:00,5878.83,Vendor_114,IT,Consulting,Check,Emp_042,INV-2024-0002647,0,normal
TX-003105,2024-04-03 14:40:00,3543.85,Vendor_101,HR,IT,ACH,Emp_029,INV-2024-0002648,0,normal
TX-003106,2024-04-03 14:48:00,1422.41,Vendor_014,HR,Supplies,ACH,Emp_016,INV-2024-0002645,0,normal
TX-003107,2024-04-03 14:54:00,1394.21,Vendor_097,Legal,Operations,Wire,Emp_078,INV-2024-0002651,0,normal
TX-003108,2024-04-03 14:58:00,1677.08,Vendor_007,Finance,Payroll,ACH,Emp_008,INV-2024-0002629,0,normal
TX-003109,2024-04-03 15:24:00,2577.55,Vendor_045,Marketing,Supplies,ACH,Emp_055,INV-2024-0002650,0,normal
TX-003110,2024-04-03 15:26:00,2512.92,Vendor_008,Finance,IT,Wire,Emp_013,INV-2024-0002640,0,normal
TX-003111,2024-04-03 15:30:00,4901.68,Vendor_006,Sales,IT,ACH,Emp_094,INV-2024-0002617,0,normal
TX-003112,2024-04-03 15:33:00,6307.19,Vendor_114,IT,Consulting,Card,Emp_044,INV-2024-0002630,0,normal
TX-003113,2024-04-03 15:42:00,1482.85,Vendor_013,Marketing,IT,Card,Emp_059,INV-2024-0002625,0,normal
TX-003114,2024-04-03 15:51:00,1458.15,Vendor_050,Finance,Travel,Card,Emp_014,INV-2024-0002628,0,normal
TX-003115,2024-04-03 15:56:00,2910.14,Vendor_113,Operations,Consulting,Check,Emp_063,INV-2024-0005368,1,same_day_burst
TX-003116,2024-04-03 16:29:00,4272.83,Vendor_114,IT,IT,ACH,Emp_038,INV-2024-0002646,0,normal
TX-003117,2024-04-03 16:44:00,1600.79,Vendor_016,Marketing,Supplies,ACH,Emp_054,INV-2024-0002649,0,normal
TX-003118,2024-04-03 17:12:00,2084.08,Vendor_016,Marketing,IT,ACH,Emp_059,INV-2024-0005302,1,same_day_burst
TX-003119,2024-04-03 17:45:00,2528.81,Vendor_048,Support,Consulting,Card,Emp_110,INV-2024-0002633,0,normal
TX-003120,2024-04-03 18:24:00,2948.56,Vendor_008,Finance,IT,Wire,Emp_013,INV-2024-0005781,1,same_day_burst
TX-003121,2024-04-03 20:34:00,61065.1,Vendor_028,Marketing,Travel,Wire,Emp_046,INV-2024-0005722,1,high_amount
TX-003122,2024-04-04 08:56:00,13239.15,Vendor_028,Marketing,Consulting,Card,Emp_056,INV-2024-0002652,0,normal
TX-003123,2024-04-04 09:07:00,1651.06,Vendor_055,Operations,Supplies,Card,Emp_069,INV-2024-0005254,0,normal
TX-003124,2024-04-04 09:32:00,1915.57,Vendor_084,Marketing,Operations,ACH,Emp_055,INV-2024-0002655,0,normal
TX-003125,2024-04-04 09:35:00,984.3,Vendor_058,Legal,Supplies,ACH,Emp_088,INV-2024-0002592,1,duplicate_invoice
TX-003126,2024-04-04 09:43:00,3189.64,Vendor_114,Operations,Consulting,ACH,Emp_068,INV-2024-0002673,0,normal
TX-003127,2024-04-04 10:11:00,3801.65,Vendor_093,Legal,Payroll,ACH,Emp_081,INV-2024-0002680,0,normal
TX-003128,2024-04-04 10:27:00,6852.05,Vendor_086,Support,IT,Check,Emp_108,INV-2024-0002653,0,normal
TX-003129,2024-04-04 10:40:00,4661.76,Vendor_040,HR,Supplies,ACH,Emp_022,INV-2024-0002669,0,normal
TX-003130,2024-04-04 10:58:00,5955.5,Vendor_095,Legal,Consulting,Check,Emp_083,INV-2024-0005143,0,normal
TX-003131,2024-04-04 11:08:00,1081.95,Vendor_099,HR,Operations,Card,Emp_017,INV-2024-0002659,0,normal
TX-003132,2024-04-04 11:19:00,3297.34,Vendor_093,Legal,Payroll,ACH,Emp_080,INV-2024-0002667,0,normal
TX-003133,2024-04-04 11:41:00,2048.18,Vendor_104,Sales,Consulting,Wire,Emp_104,INV-2024-0002672,0,normal
TX-003134,2024-04-04 11:42:00,3650.0,Vendor_034,Sales,IT,Card,Emp_104,INV-2024-0002660,0,normal
TX-003135,2024-04-04 12:00:00,763.8,Vendor_068,Sales,Operations,Check,Emp_096,INV-2024-0002656,0,normal
TX-003136,2024-04-04 12:14:00,739.86,Vendor_082,Marketing,Consulting,Check,Emp_058,INV-2024-0002679,0,normal
TX-003137,2024-04-04 12:19:00,2657.78,Vendor_035,Legal,IT,Wire,Emp_076,INV-2024-0002654,0,normal
TX-003138,2024-04-04 12:21:00,6954.75,Vendor_086,Sales,IT,Card,Emp_091,INV-2024-0002683,0,normal
TX-003139,2024-04-04 12:28:00,3797.4,Vendor_119,Marketing,Travel,Check,Emp_060,INV-2024-0002682,0,normal
TX-003140,2024-04-04 12:40:00,2712.91,Vendor_098,Finance,Operations,ACH,Emp_007,INV-2024-0005193,0,normal
TX-003141,2024-04-04 12:56:00,2946.76,Vendor_035,Legal,Travel,ACH,Emp_082,INV-2024-0002674,0,normal
TX-003142,2024-04-04 13:22:00,1213.37,Vendor_064,IT,Supplies,Wire,Emp_038,INV-2024-0002665,0,normal
TX-003143,2024-04-04 13:55:00,1195.69,Vendor_063,Sales,Supplies,Check,Emp_094,INV-2024-0002661,0,normal
TX-003144,2024-04-04 14:03:00,1737.17,Vendor_024,Sales,Consulting,ACH,Emp_099,INV-2024-0002663,0,normal
TX-003145,2024-04-04 14:21:00,1006.01,Vendor_083,Operations,IT,Check,Emp_066,INV-2024-0002676,0,normal
TX-003146,2024-04-04 14:31:00,1620.75,Vendor_046,Finance,Travel,ACH,Emp_011,INV-2024-0002662,0,normal
TX-003147,2024-04-04 14:32:00,3287.9,Vendor_059,Sales,Consulting,ACH,Emp_097,INV-2024-0002668,0,normal
TX-003148,2024-04-04 14:39:00,1150.0,Vendor_067,IT,Supplies,Check,Emp_038,INV-2024-0002678,0,normal
TX-003149,2024-04-04 14:52:00,1254.12,Vendor_042,Legal,Travel,Card,Emp_078,INV-2024-0002658,0,normal
TX-003150,2024-04-04 15:13:00,5704.09,Vendor_060,IT,Payroll,ACH,Emp_041,INV-2024-0002657,0,normal
TX-003151,2024-04-04 15:18:00,1200.98,Vendor_025,Marketing,Operations,ACH,Emp_055,INV-2024-0002666,0,normal
TX-003152,2024-04-04 15:22:00,1254.34,Vendor_036,Support,Supplies,Wire,Emp_106,INV-2024-0002681,0,normal
TX-003153,2024-04-04 15:30:00,5260.73,Vendor_088,Sales,IT,Check,Emp_097,INV-2024-0002664,0,normal
TX-003154,2024-04-04 15:39:00,849.43,Vendor_068,Sales,Travel,ACH,Emp_094,INV-2024-0002677,0,normal
TX-003155,2024-04-04 15:46:00,4714.71,Vendor_092,Sales,Payroll,Wire,Emp_102,INV-2024-0002671,0,normal
TX-003156,2024-04-04 15:56:00,6016.31,Vendor_105,Operations,Consulting,Check,Emp_066,INV-2024-0002670,0,normal
TX-003157,2024-04-04 16:20:00,1875.93,Vendor_106,Legal,Consulting,Check,Emp_082,INV-2024-0002675,0,normal
TX-003158,2024-04-04 22:08:00,4723.36,Vendor_048,Legal,Travel,ACH,Emp_082,INV-2024-0005691,1,vendor_department_shift
TX-003159,2024-04-05 09:10:00,1642.55,Vendor_118,Support,IT,Card,Emp_109,INV-2024-0002695,0,normal
TX-003160,2024-04-05 09:16:00,11148.18,Vendor_104,Sales,Travel,ACH,Emp_104,INV-2024-0005546,1,high_amount
TX-003161,2024-04-05 09:26:00,1227.67,Vendor_083,Operations,IT,Wire,Emp_075,INV-2024-0002697,0,normal
TX-003162,2024-04-05 09:49:00,1197.79,Vendor_063,Sales,Supplies,Check,Emp_102,INV-2024-0002691,0,normal
TX-003163,2024-04-05 10:39:00,1282.39,Vendor_074,Operations,Consulting,Wire,Emp_068,INV-2024-0002706,0,normal
TX-003164,2024-04-05 11:13:00,1007.46,Vendor_032,HR,Travel,Check,Emp_027,INV-2024-0002689,0,normal
TX-003165,2024-04-05 11:27:00,1376.74,Vendor_066,Support,Travel,Wire,Emp_116,INV-2024-0002692,0,normal
TX-003166,2024-04-05 11:39:00,3924.15,Vendor_030,Legal,IT,Card,Emp_087,INV-2024-0002685,0,normal
TX-003167,2024-04-05 11:45:00,1094.57,Vendor_019,Sales,Supplies,ACH,Emp_091,INV-2024-0002701,0,normal
TX-003168,2024-04-05 12:17:00,1118.86,Vendor_099,HR,Supplies,ACH,Emp_026,INV-2024-0002705,0,normal
TX-003169,2024-04-05 12:30:00,1601.32,Vendor_120,IT,Travel,Wire,Emp_038,INV-2024-0002693,0,normal
TX-003170,2024-04-05 12:39:00,1664.89,Vendor_104,Sales,Payroll,Wire,Emp_104,INV-2024-0002699,0,normal
TX-003171,2024-04-05 12:40:00,3336.84,Vendor_034,Sales,IT,Card,Emp_098,INV-2024-0002698,0,normal
TX-003172,2024-04-05 12:42:00,6450.47,Vendor_049,Legal,Consulting,Check,Emp_085,INV-2024-0002687,0,normal
TX-003173,2024-04-05 12:54:00,1838.63,Vendor_023,Finance,Travel,Check,Emp_012,INV-2024-0002710,0,normal
TX-003174,2024-04-05 14:29:00,3263.29,Vendor_057,Operations,Consulting,Check,Emp_064,INV-2024-0002688,0,normal
TX-003175,2024-04-05 14:32:00,4058.32,Vendor_020,Marketing,Travel,Card,Emp_055,INV-2024-0002690,0,normal
TX-003176,2024-04-05 14:37:00,965.85,Vendor_038,Finance,Payroll,Check,Emp_007,INV-2024-0002702,0,normal
TX-003177,2024-04-05 14:38:00,4486.07,Vendor_022,IT,Payroll,Check,Emp_035,INV-2024-0002694,0,normal
TX-003178,2024-04-05 14:43:00,2390.0,Vendor_049,Legal,Consulting,Wire,Emp_085,INV-2024-0005540,1,split_payment
TX-003179,2024-04-05 14:45:00,1221.89,Vendor_014,HR,Consulting,Wire,Emp_028,INV-2024-0002700,0,normal
TX-003180,2024-04-05 14:46:00,930.55,Vendor_068,Sales,Travel,ACH,Emp_091,INV-2024-0002703,0,normal
TX-003181,2024-04-05 14:48:00,716.11,Vendor_068,Operations,Travel,ACH,Emp_072,INV-2024-0002704,0,normal
TX-003182,2024-04-05 14:55:00,2077.1,Vendor_025,IT,Operations,Card,Emp_038,INV-2024-0002684,0,normal
TX-003183,2024-04-05 15:14:00,3826.1,Vendor_002,HR,Travel,Check,Emp_021,INV-2024-0002686,0,normal
TX-003184,2024-04-05 15:21:00,621.77,Vendor_068,Operations,Travel,ACH,Emp_072,INV-2024-0005288,1,same_day_burst
TX-003185,2024-04-05 15:40:00,1345.66,Vendor_083,Operations,IT,Wire,Emp_071,INV-2024-0002707,0,normal
TX-003186,2024-04-05 15:41:00,2134.97,Vendor_025,Marketing,Operations,Card,Emp_047,INV-2024-0002708,0,normal
TX-003187,2024-04-05 16:04:00,2889.79,Vendor_098,Finance,IT,Wire,Emp_009,INV-2024-0002709,0,normal
TX-003188,2024-04-05 16:13:00,2350.0,Vendor_083,Operations,IT,Card,Emp_071,INV-2024-0005619,1,split_payment
TX-003189,2024-04-05 17:13:00,4433.96,Vendor_030,Legal,IT,Card,Emp_086,INV-2024-0002696,0,normal
TX-003190,2024-04-05 17:36:00,11031.79,Vendor_060,Sales,IT,ACH,Emp_097,INV-2024-0005634,1,vendor_department_shift
TX-003191,2024-04-05 23:48:00,883.56,Vendor_068,Operations,Travel,ACH,Emp_072,INV-2024-0005504,1,same_day_burst
TX-003192,2024-04-05 23:49:00,6657.07,Vendor_105,Operations,Consulting,ACH,Emp_070,INV-2024-0002637,1,duplicate_invoice
TX-003193,2024-04-06 09:15:00,2904.04,Vendor_047,Finance,Consulting,Check,Emp_014,INV-2024-0002716,0,normal
TX-003194,2024-04-06 10:04:00,2522.07,Vendor_055,Operations,Operations,Wire,Emp_075,INV-2024-0002719,0,normal
TX-003195,2024-04-06 10:08:00,2937.94,Vendor_035,Legal,Travel,ACH,Emp_089,INV-2024-0002718,0,normal
TX-003196,2024-04-06 10:29:00,1341.24,Vendor_094,Legal,Consulting,ACH,Emp_088,INV-2024-0002724,0,normal
TX-003197,2024-04-06 10:45:00,2398.25,Vendor_045,Sales,Supplies,Card,Emp_102,INV-2024-0002722,0,normal
TX-003198,2024-04-06 11:21:00,1669.84,Vendor_066,Legal,IT,ACH,Emp_080,INV-2024-0002711,0,normal
TX-003199,2024-04-06 11:27:00,12279.98,Vendor_085,Legal,IT,Check,Emp_079,INV-2024-0005529,1,high_amount
TX-003200,2024-04-06 12:00:00,1262.07,Vendor_083,Operations,IT,Wire,Emp_071,INV-2024-0002721,0,normal
TX-003201,2024-04-06 12:06:00,887.09,Vendor_004,Support,Payroll,Wire,Emp_116,INV-2024-0002715,0,normal
TX-003202,2024-04-06 13:56:00,1200.0,Vendor_094,Legal,IT,Card,Emp_076,INV-2024-0002714,0,normal
TX-003203,2024-04-06 14:21:00,7837.83,Vendor_096,Sales,Operations,Wire,Emp_094,INV-2024-0002723,0,normal
TX-003204,2024-04-06 14:51:00,8863.34,Vendor_088,Sales,IT,Wire,Emp_096,INV-2024-0002720,0,normal
TX-003205,2024-04-06 15:05:00,9724.46,Vendor_086,Sales,IT,Wire,Emp_099,INV-2024-0002712,0,normal
TX-003206,2024-04-06 15:17:00,1511.31,Vendor_083,Operations,IT,Wire,Emp_064,INV-2024-0002717,0,normal
TX-003207,2024-04-06 16:07:00,2900.0,Vendor_034,Operations,Travel,Check,Emp_063,INV-2024-0002713,0,normal
TX-003208,2024-04-06 16:12:00,1737.99,Vendor_097,Operations,Operations,Check,Emp_073,INV-2024-0002725,0,normal
TX-003209,2024-04-06 16:30:00,1258.66,Vendor_094,Legal,IT,Card,Emp_076,INV-2024-0005435,1,same_day_burst
TX-003210,2024-04-07 08:06:00,1312.91,Vendor_116,HR,Consulting,ACH,Emp_026,INV-2024-0005135,0,normal
TX-003211,2024-04-07 09:39:00,740.07,Vendor_082,Marketing,Operations,Check,Emp_053,INV-2024-0002734,0,normal
TX-003212,2024-04-07 10:29:00,1269.87,Vendor_070,Sales,Consulting,ACH,Emp_092,INV-2024-0002728,0,normal
TX-003213,2024-04-07 11:38:00,3088.98,Vendor_115,Operations,Travel,Card,Emp_063,INV-2024-0005203,0,normal
TX-003214,2024-04-07 12:09:00,2235.56,Vendor_046,Finance,Travel,ACH,Emp_015,INV-2024-0002735,0,normal
TX-003215,2024-04-07 12:24:00,1333.63,Vendor_083,Operations,IT,Wire,Emp_073,INV-2024-0002732,0,normal
TX-003216,2024-04-07 12:42:00,866.01,Vendor_082,Marketing,Consulting,ACH,Emp_051,INV-2024-0002731,0,normal
TX-003217,2024-04-07 13:30:00,1529.0,Vendor_044,Finance,Operations,Check,Emp_005,INV-2024-0002730,0,normal
TX-003218,2024-04-07 15:00:00,1002.82,Vendor_019,Marketing,Supplies,Wire,Emp_048,INV-2024-0002733,0,normal
TX-003219,2024-04-07 15:07:00,2035.76,Vendor_001,Finance,Consulting,Card,Emp_005,INV-2024-0002727,0,normal
TX-003220,2024-04-07 15:25:00,2492.6,Vendor_084,HR,Operations,ACH,Emp_021,INV-2024-0002726,0,normal
TX-003221,2024-04-07 16:25:00,1310.93,Vendor_074,Operations,Operations,Wire,Emp_070,INV-2024-0002736,0,normal
TX-003222,2024-04-07 17:48:00,2410.46,Vendor_101,HR,IT,Check,Emp_019,INV-2024-0002729,0,normal
TX-003223,2024-04-08 06:06:00,1321.9,Vendor_116,HR,Consulting,ACH,Emp_018,INV-5024-0005135,1,fuzzy_duplicate
TX-003224,2024-04-08 06:25:00,4611.53,Vendor_115,HR,Supplies,Check,Emp_021,INV-2024-0005723,1,vendor_department_shift
TX-003225,2024-04-08 07:21:00,3037.45,Vendor_073,Legal,IT,ACH,Emp_086,INV-2024-0002740,0,normal
TX-003226,2024-04-08 08:20:00,5370.06,Vendor_092,Sales,Payroll,Wire,Emp_094,INV-2024-0002743,0,normal
TX-003227,2024-04-08 08:44:00,3352.56,Vendor_117,HR,Payroll,Card,Emp_023,INV-2024-0002749,0,normal
TX-003228,2024-04-08 09:09:00,7206.08,Vendor_060,Finance,Travel,ACH,Emp_012,INV-2024-0002751,0,normal
TX-003229,2024-04-08 10:08:00,2253.35,Vendor_025,Marketing,Operations,Check,Emp_057,INV-2024-0002755,0,normal
TX-003230,2024-04-08 10:21:00,3037.38,Vendor_075,HR,Consulting,ACH,Emp_024,INV-2024-0002758,0,normal
TX-003231,2024-04-08 10:29:00,886.22,Vendor_009,Operations,Operations,Check,Emp_075,INV-2024-0002763,0,normal
TX-003232,2024-04-08 10:36:00,2198.15,Vendor_005,Legal,Supplies,Check,Emp_080,INV-2024-0002744,0,normal
TX-003233,2024-04-08 10:37:00,2733.47,Vendor_093,Legal,Supplies,ACH,Emp_081,INV-2024-0002762,0,normal
TX-003234,2024-04-08 10:39:00,1039.3,Vendor_038,Finance,Travel,Wire,Emp_015,INV-2024-0002764,0,normal
TX-003235,2024-04-08 11:07:00,1010.59,Vendor_083,Operations,Operations,Card,Emp_075,INV-2024-0002741,0,normal
TX-003236,2024-04-08 11:39:00,5440.62,Vendor_049,Sales,Payroll,Wire,Emp_096,INV-2024-0002750,0,normal
TX-003237,2024-04-08 11:42:00,3317.86,Vendor_024,Marketing,Consulting,Card,Emp_055,INV-2024-0002753,0,normal
TX-003238,2024-04-08 11:48:00,2380.0,Vendor_005,Legal,Supplies,Wire,Emp_080,INV-2024-0005348,1,split_payment
TX-003239,2024-04-08 11:59:00,1143.92,Vendor_064,Operations,Operations,Card,Emp_066,INV-2024-0002738,0,normal
TX-003240,2024-04-08 12:15:00,4878.81,Vendor_040,HR,Supplies,ACH,Emp_019,INV-2024-0002739,0,normal
TX-003241,2024-04-08 12:15:00,1263.35,Vendor_099,HR,Operations,Card,Emp_023,INV-2024-0002765,0,normal
TX-003242,2024-04-08 12:17:00,178.52,Vendor_109,Support,IT,Wire,Emp_106,INV-2024-0002754,0,normal
TX-003243,2024-04-08 12:24:00,2456.71,Vendor_039,IT,Payroll,Card,Emp_040,INV-2024-0002756,0,normal
TX-003244,2024-04-08 12:28:00,2793.01,Vendor_120,IT,IT,ACH,Emp_033,INV-2024-0002759,0,normal
TX-003245,2024-04-08 12:29:00,245.84,Vendor_109,Marketing,IT,ACH,Emp_052,INV-2024-0002737,0,normal
TX-003246,2024-04-08 12:33:00,1272.6,Vendor_023,Finance,Supplies,Wire,Emp_010,INV-2024-0002760,0,normal
TX-003247,2024-04-08 12:36:00,1680.08,Vendor_099,HR,Operations,Card,Emp_017,INV-2024-0002761,0,normal
TX-003248,2024-04-08 13:09:00,1219.12,Vendor_009,Operations,Operations,Check,Emp_069,INV-2024-0002766,0,normal
TX-003249,2024-04-08 14:07:00,1319.89,Vendor_056,Support,Travel,Card,Emp_110,INV-2024-0002757,0,normal
TX-003250,2024-04-08 14:15:00,6181.78,Vendor_092,Sales,Payroll,Wire,Emp_095,INV-2024-0002748,0,normal
TX-003251,2024-04-08 14:28:00,1930.88,Vendor_033,Support,Payroll,Check,Emp_119,INV-2024-0002747,0,normal
TX-003252,2024-04-08 14:37:00,1131.17,Vendor_009,Operations,Operations,Check,Emp_069,INV-2024-0005283,1,same_day_burst
TX-003253,2024-04-08 14:37:00,1336.95,Vendor_033,Support,Operations,Check,Emp_108,INV-2024-0002752,0,normal
TX-003254,2024-04-08 14:45:00,3768.16,Vendor_073,Marketing,IT,Card,Emp_052,INV-2024-0002746,0,normal
TX-003255,2024-04-08 15:07:00,2088.12,Vendor_076,Marketing,Supplies,Check,Emp_051,INV-2024-0002745,0,normal
TX-003256,2024-04-08 15:34:00,847.78,Vendor_068,Sales,Travel,ACH,Emp_097,INV-2024-0002767,0,normal
TX-003257,2024-04-08 16:55:00,2422.46,Vendor_015,HR,Consulting,Card,Emp_027,INV-2024-0002742,0,normal
TX-003258,2024-04-08 19:52:00,4550.1,Vendor_073,Marketing,IT,Card,Emp_052,INV-2024-0005381,1,same_day_burst
TX-003259,2024-04-08 21:42:00,3364.61,Vendor_024,Marketing,Consulting,Check,Emp_052,INV-2024-0002753,1,duplicate_invoice
TX-003260,2024-04-09 04:42:00,859.97,Vendor_082,Marketing,Consulting,Card,Emp_048,INV-2024-0002731,1,duplicate_invoice
TX-003261,2024-04-09 08:30:00,2325.06,Vendor_075,HR,Supplies,ACH,Emp_019,INV-2024-0002783,0,normal
TX-003262,2024-04-09 08:56:00,502.28,Vendor_074,Marketing,Operations,Wire,Emp_055,INV-2024-0002789,0,normal
TX-003263,2024-04-09 09:16:00,609.11,Vendor_019,Sales,Supplies,Wire,Emp_096,INV-2024-0002784,0,normal
TX-003264,2024-04-09 09:29:00,559.61,Vendor_072,Operations,Travel,Wire,Emp_062,INV-2024-0002781,0,normal
TX-003265,2024-04-09 09:52:00,5150.18,Vendor_049,IT,Consulting,ACH,Emp_045,INV-2024-0002778,0,normal
TX-003266,2024-04-09 09:56:00,2548.87,Vendor_113,IT,Consulting,Wire,Emp_044,INV-2024-0002771,0,normal
TX-003267,2024-04-09 10:17:00,4566.75,Vendor_040,HR,Supplies,ACH,Emp_022,INV-2024-0002793,0,normal
TX-003268,2024-04-09 10:19:00,1278.15,Vendor_038,Finance,Payroll,Check,Emp_001,INV-2024-0002791,0,normal
TX-003269,2024-04-09 10:38:00,947.91,Vendor_070,Sales,Consulting,ACH,Emp_105,INV-2024-0002794,0,normal
TX-003270,2024-04-09 11:24:00,4119.98,Vendor_113,Operations,Consulting,Card,Emp_068,INV-2024-0002786,0,normal
TX-003271,2024-04-09 11:36:00,2474.77,Vendor_120,IT,Payroll,ACH,Emp_040,INV-2024-0002792,0,normal
TX-003272,2024-04-09 12:13:00,706.67,Vendor_072,Operations,Payroll,Wire,Emp_066,INV-2024-0002780,0,normal
TX-003273,2024-04-09 12:33:00,7526.8,Vendor_071,Finance,Payroll,Check,Emp_013,INV-2024-0002770,0,normal
TX-003274,2024-04-09 12:34:00,1824.58,Vendor_039,IT,Consulting,Check,Emp_035,INV-2024-0002776,0,normal
TX-003275,2024-04-09 13:03:00,1288.82,Vendor_083,Operations,IT,Wire,Emp_070,INV-2024-0002787,0,normal
TX-003276,2024-04-09 13:15:00,5941.08,Vendor_095,Legal,Supplies,Check,Emp_090,INV-2024-0002788,0,normal
TX-003277,2024-04-09 13:21:00,1448.91,Vendor_068,Finance,Consulting,Card,Emp_013,INV-2024-0005680,1,vendor_department_shift
TX-003278,2024-04-09 13:48:00,1582.55,Vendor_041,Legal,Supplies,Wire,Emp_076,INV-2024-0002795,0,normal
TX-003279,2024-04-09 13:58:00,1284.47,Vendor_103,Finance,Operations,ACH,Emp_012,INV-2024-0002773,0,normal
TX-003280,2024-04-09 14:07:00,4380.83,Vendor_060,IT,Travel,ACH,Emp_035,INV-2024-0002779,0,normal
TX-003281,2024-04-09 14:17:00,6935.78,Vendor_112,Sales,Consulting,Card,Emp_097,INV-2024-0002785,0,normal
TX-003282,2024-04-09 14:41:00,2085.16,Vendor_066,Legal,Payroll,ACH,Emp_081,INV-2024-0002790,0,normal
TX-003283,2024-04-09 15:03:00,1606.07,Vendor_016,Legal,Operations,ACH,Emp_076,INV-2024-0002775,0,normal
TX-003284,2024-04-09 15:21:00,1138.65,Vendor_013,Marketing,Supplies,Wire,Emp_052,INV-2024-0002774,0,normal
TX-003285,2024-04-09 15:47:00,1290.77,Vendor_083,Operations,IT,Wire,Emp_061,INV-2024-0002782,0,normal
TX-003286,2024-04-09 16:42:00,241.3,Vendor_063,Sales,Supplies,Card,Emp_094,INV-2024-0002772,0,normal
TX-003287,2024-04-09 16:44:00,9820.0,Vendor_041,Legal,Supplies,ACH,Emp_076,INV-2024-0005796,1,split_payment
TX-003288,2024-04-09 16:55:00,7694.32,Vendor_088,Sales,IT,Wire,Emp_093,INV-2024-0002777,0,normal
TX-003289,2024-04-09 17:33:00,225.67,Vendor_109,Support,IT,Card,Emp_120,INV-2024-0002768,0,normal
TX-003290,2024-04-09 17:34:00,1077.92,Vendor_076,Support,Travel,Card,Emp_120,INV-2024-0002769,0,normal
TX-003291,2024-04-09 17:39:00,5257.67,Vendor_014,HR,Consulting,Check,Emp_028,INV-2024-0005517,1,high_amount
TX-003292,2024-04-09 18:03:00,1293.27,Vendor_083,Operations,IT,Wire,Emp_061,INV-2024-0005513,1,same_day_burst
TX-003293,2024-04-10 03:21:00,3060.71,Vendor_073,Legal,IT,ACH,Emp_081,INV-2024-0002710,1,fuzzy_duplicate
TX-003294,2024-04-10 04:09:00,1242.15,Vendor_009,Operations,Operations,Check,Emp_067,INV-2034-0002766,1,fuzzy_duplicate
TX-003295,2024-04-10 08:49:00,1833.71,Vendor_104,Sales,Supplies,Card,Emp_098,INV-2024-0002810,0,normal
TX-003296,2024-04-10 08:52:00,794.98,Vendor_068,Sales,Supplies,ACH,Emp_099,INV-2024-0002825,0,normal
TX-003297,2024-04-10 09:06:00,6382.92,Vendor_051,HR,Payroll,ACH,Emp_020,INV-2024-0002806,0,normal
TX-003298,2024-04-10 09:51:00,4541.09,Vendor_020,Marketing,Travel,Card,Emp_054,INV-2024-0002830,0,normal
TX-003299,2024-04-10 10:18:00,880.49,Vendor_063,Legal,Operations,Card,Emp_088,INV-2024-0002813,0,normal
TX-003300,2024-04-10 10:26:00,1190.74,Vendor_065,IT,Operations,Card,Emp_038,INV-2024-0002818,0,normal
TX-003301,2024-04-10 10:27:00,1812.88,Vendor_016,Finance,IT,ACH,Emp_011,INV-2024-0002796,0,normal
TX-003302,2024-04-10 10:43:00,1289.01,Vendor_091,Support,IT,Wire,Emp_114,INV-2024-0002798,0,normal
TX-003303,2024-04-10 11:19:00,2159.95,Vendor_054,Operations,IT,Check,Emp_070,INV-2024-0002804,0,normal
TX-003304,2024-04-10 11:26:00,8404.7,Vendor_031,IT,Operations,Card,Emp_045,INV-2024-0002797,0,normal
TX-003305,2024-04-10 12:15:00,2072.08,Vendor_023,Finance,Travel,Check,Emp_003,INV-2024-0002817,0,normal
TX-003306,2024-04-10 12:23:00,3442.08,Vendor_081,Marketing,Consulting,Card,Emp_055,INV-2024-0002805,0,normal
TX-003307,2024-04-10 12:36:00,1989.13,Vendor_046,Finance,Travel,ACH,Emp_007,INV-2024-0002828,0,normal
TX-003308,2024-04-10 12:39:00,1075.73,Vendor_058,Legal,Supplies,ACH,Emp_086,INV-2024-0002820,0,normal
TX-003309,2024-04-10 13:15:00,1021.12,Vendor_036,Support,Supplies,Card,Emp_120,INV-2024-0002822,0,normal
TX-003310,2024-04-10 13:27:00,2861.17,Vendor_073,Legal,Consulting,Check,Emp_089,INV-2024-0002819,0,normal
TX-003311,2024-04-10 13:32:00,2305.3,Vendor_057,Operations,Consulting,Wire,Emp_062,INV-2024-0002829,0,normal
TX-003312,2024-04-10 13:35:00,1332.34,Vendor_013,Sales,Supplies,Wire,Emp_103,INV-2024-0002815,0,normal
TX-003313,2024-04-10 13:52:00,1495.33,Vendor_066,Legal,Operations,Wire,Emp_084,INV-2024-0002803,0,normal
TX-003314,2024-04-10 14:10:00,2679.81,Vendor_045,Sales,Supplies,ACH,Emp_096,INV-2024-0002799,0,normal
TX-003315,2024-04-10 15:00:00,1348.91,Vendor_064,IT,Operations,Check,Emp_031,INV-2024-0002821,0,normal
TX-003316,2024-04-10 15:05:00,7692.88,Vendor_049,Legal,Consulting,ACH,Emp_076,INV-2024-0002800,0,normal
TX-003317,2024-04-10 15:05:00,1197.41,Vendor_019,Support,IT,ACH,Emp_113,INV-2024-0002823,0,normal
TX-003318,2024-04-10 15:07:00,953.44,Vendor_004,Finance,Operations,Card,Emp_015,INV-2024-0002811,0,normal
TX-003319,2024-04-10 15:23:00,3306.75,Vendor_075,HR,Consulting,Card,Emp_026,INV-2024-0002808,0,normal
TX-003320,2024-04-10 15:28:00,1007.4,Vendor_067,Sales,Payroll,Check,Emp_098,INV-2024-0002802,0,normal
TX-003321,2024-04-10 15:37:00,5881.06,Vendor_049,Sales,Consulting,Check,Emp_104,INV-2024-0002824,0,normal
TX-003322,2024-04-10 15:42:00,1572.01,Vendor_050,Finance,Travel,Wire,Emp_004,INV-2024-0002809,0,normal
TX-003323,2024-04-10 16:12:00,807.94,Vendor_074,Operations,Consulting,Wire,Emp_069,INV-2024-0002827,0,normal
TX-003324,2024-04-10 16:27:00,5894.84,Vendor_095,Legal,IT,Card,Emp_088,INV-2024-0002807,0,normal
TX-003325,2024-04-10 16:46:00,2366.33,Vendor_046,Finance,Travel,ACH,Emp_015,INV-2024-0002812,0,normal
TX-003326,2024-04-10 17:23:00,1510.7,Vendor_078,Finance,Payroll,Check,Emp_003,INV-2024-0002826,0,normal
TX-003327,2024-04-10 17:42:00,1673.85,Vendor_055,Operations,Supplies,Card,Emp_063,INV-2024-0002814,0,normal
TX-003328,2024-04-10 17:47:00,1731.99,Vendor_066,Legal,Travel,Card,Emp_076,INV-2024-0002816,0,normal
TX-003329,2024-04-10 17:58:00,922.61,Vendor_037,Legal,Supplies,Wire,Emp_078,INV-2024-0002801,0,normal
TX-003330,2024-04-11 07:07:00,7548.06,Vendor_092,Sales,IT,ACH,Emp_094,INV-2024-0005683,1,payment_method_switch
TX-003331,2024-04-11 07:38:00,1661.22,Vendor_016,Marketing,IT,Check,Emp_047,INV-2024-0002837,0,normal
TX-003332,2024-04-11 07:42:00,243.85,Vendor_063,Sales,Supplies,Wire,Emp_101,INV-2024-0092772,1,fuzzy_duplicate
TX-003333,2024-04-11 08:11:00,1050.29,Vendor_080,Legal,Consulting,Check,Emp_086,INV-2024-0002845,0,normal
TX-003334,2024-04-11 08:33:00,6785.38,Vendor_114,IT,IT,Card,Emp_039,INV-2024-0002858,0,normal
TX-003335,2024-04-11 08:45:00,1602.88,Vendor_054,Legal,Consulting,Check,Emp_086,INV-2024-0002831,0,normal
TX-003336,2024-04-11 09:14:00,4112.19,Vendor_039,IT,Consulting,ACH,Emp_044,INV-2024-0002832,0,normal
TX-003337,2024-04-11 09:25:00,2005.46,Vendor_053,Support,IT,Wire,Emp_112,INV-2024-0002857,0,normal
TX-003338,2024-04-11 09:50:00,2197.52,Vendor_117,HR,Consulting,ACH,Emp_020,INV-2024-0002841,0,normal
TX-003339,2024-04-11 09:56:00,3454.4,Vendor_089,Legal,Supplies,ACH,Emp_080,INV-2024-0002853,0,normal
TX-003340,2024-04-11 10:17:00,784.37,Vendor_037,Sales,Consulting,Wire,Emp_091,INV-2024-0002860,0,normal
TX-003341,2024-04-11 10:44:00,1611.19,Vendor_050,Finance,Travel,Card,Emp_006,INV-2024-0002859,0,normal
TX-003342,2024-04-11 10:45:00,3026.82,Vendor_081,Finance,Supplies,Wire,Emp_004,INV-2024-0002833,0,normal
TX-003343,2024-04-11 10:56:00,1173.35,Vendor_099,HR,Supplies,Wire,Emp_022,INV-2024-0002851,0,normal
TX-003344,2024-04-11 11:10:00,1182.79,Vendor_026,HR,IT,ACH,Emp_023,INV-2024-0002836,0,normal
TX-003345,2024-04-11 11:19:00,1105.27,Vendor_070,Sales,Consulting,Wire,Emp_097,INV-2024-0002835,0,normal
TX-003346,2024-04-11 11:23:00,2346.01,Vendor_101,HR,IT,ACH,Emp_027,INV-2024-0002855,0,normal
TX-003347,2024-04-11 11:24:00,879.38,Vendor_058,Legal,IT,Card,Emp_077,INV-2024-0002847,0,normal
TX-003348,2024-04-11 12:16:00,1592.51,Vendor_070,Sales,Consulting,ACH,Emp_092,INV-2024-0002852,0,normal
TX-003349,2024-04-11 12:25:00,1795.82,Vendor_033,Support,Travel,Card,Emp_110,INV-2024-0002850,0,normal
TX-003350,2024-04-11 12:42:00,1416.49,Vendor_007,Finance,Payroll,Card,Emp_002,INV-2024-0002856,0,normal
TX-003351,2024-04-11 12:48:00,3902.54,Vendor_117,HR,IT,Check,Emp_024,INV-2024-0002849,0,normal
TX-003352,2024-04-11 13:06:00,2229.35,Vendor_005,Legal,IT,ACH,Emp_081,INV-2024-0002846,0,normal
TX-003353,2024-04-11 13:07:00,2355.39,Vendor_073,Legal,IT,Check,Emp_077,INV-2024-0002838,0,normal
TX-003354,2024-04-11 13:21:00,1548.52,Vendor_070,Sales,Consulting,ACH,Emp_092,INV-2024-0005550,1,same_day_burst
TX-003355,2024-04-11 13:27:00,3259.55,Vendor_113,Operations,Consulting,ACH,Emp_070,INV-2024-0002842,0,normal
TX-003356,2024-04-11 13:31:00,3993.45,Vendor_117,HR,Consulting,ACH,Emp_029,INV-2024-0002848,0,normal
TX-003357,2024-04-11 13:52:00,3553.57,Vendor_049,Legal,Consulting,ACH,Emp_085,INV-2024-0005198,0,normal
TX-003358,2024-04-11 14:15:00,4771.25,Vendor_117,HR,IT,Check,Emp_024,INV-2024-0005633,1,same_day_burst
TX-003359,2024-04-11 14:34:00,1469.75,Vendor_094,Legal,IT,ACH,Emp_085,INV-2024-0002854,0,normal
TX-003360,2024-04-11 14:52:00,796.53,Vendor_068,Sales,Supplies,ACH,Emp_094,INV-2026-0002825,1,fuzzy_duplicate
TX-003361,2024-04-11 14:57:00,1001.23,Vendor_082,Marketing,Consulting,Check,Emp_059,INV-2024-0002839,0,normal
TX-003362,2024-04-11 15:06:00,3323.75,Vendor_018,Legal,IT,Check,Emp_088,INV-2024-0002843,0,normal
TX-003363,2024-04-11 15:15:00,1853.56,Vendor_078,Finance,Travel,Wire,Emp_001,INV-2024-0002840,0,normal
TX-003364,2024-04-11 16:10:00,1562.92,Vendor_048,Support,Consulting,ACH,Emp_112,INV-2024-0002834,0,normal
TX-003365,2024-04-11 16:34:00,3298.24,Vendor_059,Finance,Consulting,Check,Emp_001,INV-2024-0005167,0,normal
TX-003366,2024-04-11 16:54:00,466.02,Vendor_072,IT,Payroll,Wire,Emp_036,INV-2024-0002844,0,normal
TX-003367,2024-04-11 18:08:00,1118.39,Vendor_076,Support,Travel,Card,Emp_117,INV-2024-0002861,0,normal
TX-003368,2024-04-12 01:15:00,1868.38,Vendor_078,Finance,Travel,Card,Emp_013,INV-2024-0032850,1,fuzzy_duplicate
TX-003369,2024-04-12 07:28:00,2205.35,Vendor_055,IT,Supplies,ACH,Emp_033,INV-2024-0002878,0,normal
TX-003370,2024-04-12 08:10:00,1258.56,Vendor_004,Finance,IT,ACH,Emp_011,INV-2024-0005152,0,normal
TX-003371,2024-04-12 08:49:00,2037.5,Vendor_104,Sales,Consulting,Wire,Emp_093,INV-2024-0002872,0,normal
TX-003372,2024-04-12 09:01:00,5242.7,Vendor_119,Marketing,Travel,Check,Emp_047,INV-2024-0002891,0,normal
TX-003373,2024-04-12 09:13:00,9526.23,Vendor_110,IT,Travel,Wire,Emp_042,INV-2024-0002884,0,normal
TX-003374,2024-04-12 10:04:00,8548.56,Vendor_086,Sales,IT,Check,Emp_099,INV-2024-0002885,0,normal
TX-003375,2024-04-12 10:28:00,1562.58,Vendor_033,Support,Operations,Check,Emp_111,INV-2024-0002864,0,normal
TX-003376,2024-04-12 10:42:00,5434.94,Vendor_105,Legal,Operations,ACH,Emp_077,INV-2024-0002870,0,normal
TX-003377,2024-04-12 10:49:00,1064.28,Vendor_032,HR,Travel,Check,Emp_018,INV-2024-0002889,0,normal
TX-003378,2024-04-12 11:06:00,5330.81,Vendor_006,Sales,Travel,Card,Emp_096,INV-2024-0002863,0,normal
TX-003379,2024-04-12 11:09:00,3028.69,Vendor_073,IT,IT,Check,Emp_040,INV-2024-0002873,0,normal
TX-003380,2024-04-12 11:13:00,605.12,Vendor_058,Legal,Supplies,ACH,Emp_087,INV-2024-0002877,0,normal
TX-003381,2024-04-12 11:16:00,1630.92,Vendor_021,Finance,Consulting,Check,Emp_012,INV-2024-0002888,0,normal
TX-003382,2024-04-12 11:29:00,2838.4,Vendor_113,Operations,Consulting,Card,Emp_071,INV-2024-0002874,0,normal
TX-003383,2024-04-12 11:46:00,3235.2,Vendor_003,Finance,Payroll,Card,Emp_015,INV-2024-0002890,0,normal
TX-003384,2024-04-12 12:27:00,1295.44,Vendor_013,Finance,IT,Wire,Emp_002,INV-2024-0002887,0,normal
TX-003385,2024-04-12 12:42:00,2943.75,Vendor_115,Sales,Operations,ACH,Emp_098,INV-2024-0002876,0,normal
TX-003386,2024-04-12 12:53:00,1334.02,Vendor_094,Legal,Travel,Check,Emp_086,INV-2024-0002875,0,normal
TX-003387,2024-04-12 13:02:00,1393.2,Vendor_083,Operations,Supplies,ACH,Emp_063,INV-2024-0002871,0,normal
TX-003388,2024-04-12 13:10:00,891.45,Vendor_064,IT,Supplies,Wire,Emp_035,INV-2024-0002893,0,normal
TX-003389,2024-04-12 13:12:00,3870.28,Vendor_020,Marketing,Consulting,Wire,Emp_048,INV-2024-0002886,0,normal
TX-003390,2024-04-12 13:20:00,4187.37,Vendor_051,HR,Payroll,Card,Emp_025,INV-2024-0002881,0,normal
TX-003391,2024-04-12 13:28:00,1668.29,Vendor_024,Marketing,Supplies,Card,Emp_047,INV-2024-0002882,0,normal
TX-003392,2024-04-12 13:29:00,4260.28,Vendor_088,Sales,Consulting,Wire,Emp_104,INV-2024-0002880,0,normal
TX-003393,2024-04-12 13:48:00,3072.73,Vendor_017,Operations,Payroll,ACH,Emp_072,INV-2024-0002894,0,normal
TX-003394,2024-04-12 14:16:00,3010.41,Vendor_075,HR,Consulting,ACH,Emp_028,INV-2024-0002866,0,normal
TX-003395,2024-04-12 14:19:00,1111.91,Vendor_094,Legal,Consulting,Wire,Emp_087,INV-2024-0002892,0,normal
TX-003396,2024-04-12 14:24:00,4435.92,Vendor_051,HR,Payroll,Check,Emp_025,INV-2024-0002879,0,normal
TX-003397,2024-04-12 14:37:00,2041.76,Vendor_023,Finance,IT,Wire,Emp_003,INV-2024-0002868,0,normal
TX-003398,2024-04-12 14:50:00,638.0,Vendor_068,HR,Operations,ACH,Emp_020,INV-2024-0002865,0,normal
TX-003399,2024-04-12 14:56:00,1230.59,Vendor_007,Finance,Payroll,Wire,Emp_004,INV-2024-0002869,0,normal
TX-003400,2024-04-12 15:15:00,774.96,Vendor_082,Marketing,Consulting,Card,Emp_060,INV-2024-0002883,0,normal
TX-003401,2024-04-12 17:25:00,693.58,Vendor_082,Marketing,Consulting,Check,Emp_058,INV-2024-0002862,0,normal
TX-003402,2024-04-12 17:48:00,7572.33,Vendor_110,Legal,Travel,ACH,Emp_083,INV-2024-0002867,0,normal
TX-003403,2024-04-13 09:16:00,1578.35,Vendor_070,Sales,Consulting,Check,Emp_101,INV-2074-7002852,1,fuzzy_duplicate
TX-003404,2024-04-13 09:32:00,8270.59,Vendor_001,Finance,Consulting,ACH,Emp_005,INV-2024-0005472,1,high_amount
TX-003405,2024-04-13 09:40:00,2350.12,Vendor_084,Marketing,Travel,Wire,Emp_058,INV-2024-0002900,0,normal
TX-003406,2024-04-13 10:54:00,5809.15,Vendor_071,Finance,Travel,Card,Emp_014,INV-2024-0002902,0,normal
TX-003407,2024-04-13 11:46:00,276.25,Vendor_109,Support,IT,ACH,Emp_111,INV-2024-0002901,0,normal
TX-003408,2024-04-13 11:49:00,4946.72,Vendor_069,Legal,Travel,Wire,Emp_080,INV-2024-0005222,0,normal
TX-003409,2024-04-13 12:02:00,1815.1,Vendor_046,Finance,Consulting,Check,Emp_004,INV-2024-0002898,0,normal
TX-003410,2024-04-13 12:44:00,1284.88,Vendor_026,HR,Payroll,Card,Emp_017,INV-2024-0002897,0,normal
TX-003411,2024-04-13 13:38:00,9611.29,Vendor_060,IT,Consulting,ACH,Emp_044,INV-2024-0002903,0,normal
TX-003412,2024-04-13 13:54:00,3839.0,Vendor_055,Operations,Payroll,Check,Emp_075,INV-2024-0005627,1,payment_method_switch
TX-003413,2024-04-13 14:10:00,894.6,Vendor_082,Legal,Consulting,Check,Emp_083,INV-2024-0002899,0,normal
TX-003414,2024-04-13 14:13:00,3911.11,Vendor_119,Marketing,Travel,Card,Emp_058,INV-2024-0002896,0,normal
TX-003415,2024-04-13 17:36:00,1913.45,Vendor_021,Finance,Consulting,Check,Emp_004,INV-2024-0002895,0,normal
TX-003416,2024-04-14 06:28:00,2782.6,Vendor_026,Sales,Operations,Check,Emp_093,INV-2024-0005500,1,vendor_department_shift
TX-003417,2024-04-14 07:08:00,2595.95,Vendor_027,Sales,Operations,Card,Emp_103,INV-2024-0002913,0,normal
TX-003418,2024-04-14 07:57:00,1146.12,Vendor_056,Marketing,Travel,Card,Emp_060,INV-2024-0002917,0,normal
TX-003419,2024-04-14 09:14:00,1844.72,Vendor_021,Operations,Operations,ACH,Emp_070,INV-2024-0005454,1,vendor_department_shift
TX-003420,2024-04-14 09:22:00,1233.83,Vendor_014,HR,Consulting,Card,Emp_026,INV-2024-0002914,0,normal
TX-003421,2024-04-14 10:02:00,3419.58,Vendor_105,Operations,Operations,Check,Emp_072,INV-2024-0002906,0,normal
TX-003422,2024-04-14 10:02:00,6631.41,Vendor_107,Support,Consulting,Check,Emp_110,INV-2024-0002908,0,normal
TX-003423,2024-04-14 10:40:00,5412.82,Vendor_071,Finance,Payroll,Check,Emp_001,INV-2024-0002918,0,normal
TX-003424,2024-04-14 11:04:00,1030.84,Vendor_066,Legal,Operations,Wire,Emp_078,INV-2024-0002905,0,normal
TX-003425,2024-04-14 11:16:00,1007.48,Vendor_037,Legal,Supplies,Wire,Emp_087,INV-2024-0005174,0,normal
TX-003426,2024-04-14 11:49:00,5081.28,Vendor_069,Legal,Travel,Wire,Emp_090,INV-2024-0005222,1,duplicate_invoice
TX-003427,2024-04-14 11:49:00,2219.91,Vendor_091,Support,IT,Wire,Emp_117,INV-2024-0002911,0,normal
TX-003428,2024-04-14 11:57:00,2531.03,Vendor_104,Sales,Consulting,Wire,Emp_102,INV-2024-0002912,0,normal
TX-003429,2024-04-14 12:44:00,1058.87,Vendor_094,Legal,Consulting,Card,Emp_083,INV-2024-0002915,0,normal
TX-003430,2024-04-14 13:17:00,300.66,Vendor_019,Sales,IT,ACH,Emp_094,INV-2024-0002916,0,normal
TX-003431,2024-04-14 13:30:00,1471.23,Vendor_050,Finance,Travel,Card,Emp_011,INV-2024-0002904,0,normal
TX-003432,2024-04-14 13:51:00,3798.19,Vendor_025,Marketing,Operations,ACH,Emp_057,INV-2024-0002907,0,normal
TX-003433,2024-04-14 14:30:00,2814.45,Vendor_015,HR,Consulting,Wire,Emp_022,INV-2024-0002919,0,normal
TX-003434,2024-04-14 15:22:00,800.93,Vendor_102,Support,Travel,Card,Emp_106,INV-2024-0002920,0,normal
TX-003435,2024-04-14 16:17:00,1232.48,Vendor_094,HR,Payroll,Card,Emp_017,INV-2024-0002910,0,normal
TX-003436,2024-04-14 16:55:00,1150.0,Vendor_019,Sales,Travel,ACH,Emp_098,INV-2024-0002909,0,normal
TX-003437,2024-04-14 21:35:00,1183.07,Vendor_058,Marketing,Operations,ACH,Emp_048,INV-2024-0005400,1,vendor_department_shift
TX-003438,2024-04-15 07:28:00,737.0,Vendor_068,Sales,Travel,ACH,Emp_100,INV-2024-0002935,0,normal
TX-003439,2024-04-15 07:51:00,1800.0,Vendor_027,Marketing,Operations,ACH,Emp_052,INV-2024-0002930,0,normal
TX-003440,2024-04-15 08:22:00,2763.44,Vendor_113,Operations,Operations,ACH,Emp_064,INV-2024-0002932,0,normal
TX-003441,2024-04-15 08:30:00,1481.29,Vendor_007,Finance,Consulting,ACH,Emp_005,INV-2024-0002926,0,normal
TX-003442,2024-04-15 09:01:00,1970.43,Vendor_005,Legal,IT,ACH,Emp_084,INV-2024-0002937,0,normal
TX-003443,2024-04-15 09:26:00,2043.35,Vendor_041,Legal,Supplies,Card,Emp_085,INV-2024-0002934,0,normal
TX-003444,2024-04-15 09:32:00,900.8,Vendor_074,Operations,Operations,Wire,Emp_066,INV-2024-0002921,0,normal
TX-003445,2024-04-15 10:20:00,2950.0,Vendor_054,Operations,IT,Check,Emp_062,INV-2024-0002922,0,normal
TX-003446,2024-04-15 10:26:00,2961.58,Vendor_093,Legal,Supplies,ACH,Emp_082,INV-2024-0002923,0,normal
TX-003447,2024-04-15 10:28:00,2217.74,Vendor_108,Marketing,Travel,Wire,Emp_054,INV-2024-0002936,0,normal
TX-003448,2024-04-15 11:24:00,1668.68,Vendor_089,Legal,Supplies,ACH,Emp_085,INV-2024-0002940,0,normal
TX-003449,2024-04-15 11:59:00,7201.56,Vendor_069,Legal,Travel,ACH,Emp_076,INV-2024-0002938,0,normal
TX-003450,2024-04-15 12:04:00,2508.85,Vendor_048,HR,Consulting,Check,Emp_028,INV-2024-0002924,0,normal
TX-003451,2024-04-15 12:18:00,2549.83,Vendor_083,Operations,Travel,Card,Emp_071,INV-2024-0005617,1,payment_method_switch
TX-003452,2024-04-15 12:36:00,1250.0,Vendor_014,HR,Consulting,ACH,Emp_018,INV-2024-0002941,0,normal
TX-003453,2024-04-15 12:44:00,2000.77,Vendor_039,IT,Consulting,Check,Emp_031,INV-2024-0002929,0,normal
TX-003454,2024-04-15 12:44:00,1014.57,Vendor_082,Marketing,Consulting,Check,Emp_060,INV-2024-0005171,0,normal
TX-003455,2024-04-15 13:15:00,1469.3,Vendor_104,Sales,Payroll,Wire,Emp_094,INV-2024-0002942,0,normal
TX-003456,2024-04-15 13:22:00,1829.63,Vendor_104,Sales,Payroll,Wire,Emp_093,INV-2024-0002931,0,normal
TX-003457,2024-04-15 15:05:00,4065.42,Vendor_075,HR,Consulting,Check,Emp_023,INV-2024-0002928,0,normal
TX-003458,2024-04-15 15:07:00,1494.74,Vendor_104,Sales,Payroll,Wire,Emp_091,INV-2024-0002933,0,normal
TX-003459,2024-04-15 16:18:00,1980.74,Vendor_091,Finance,IT,Wire,Emp_007,INV-2024-0005148,0,normal
TX-003460,2024-04-15 16:21:00,845.33,Vendor_058,HR,Supplies,ACH,Emp_016,INV-2024-0002925,0,normal
TX-003461,2024-04-15 16:41:00,5387.16,Vendor_060,IT,Payroll,Wire,Emp_036,INV-2024-0002939,0,normal
TX-003462,2024-04-15 16:57:00,1549.95,Vendor_104,Sales,Payroll,Wire,Emp_091,INV-2024-0005508,1,same_day_burst
TX-003463,2024-04-15 17:25:00,255.59,Vendor_109,Support,IT,Card,Emp_112,INV-2024-0002943,0,normal
TX-003464,2024-04-15 17:58:00,1624.34,Vendor_036,Support,Supplies,Wire,Emp_109,INV-2024-0002927,0,normal
TX-003465,2024-04-16 07:27:00,3522.06,Vendor_117,HR,Consulting,Card,Emp_025,INV-2024-0002979,0,normal
TX-003466,2024-04-16 08:09:00,3432.5,Vendor_113,Operations,Consulting,Wire,Emp_072,INV-2024-0002956,0,normal
TX-003467,2024-04-16 08:49:00,4127.25,Vendor_062,Sales,Payroll,Check,Emp_094,INV-2024-0002955,0,normal
TX-003468,2024-04-16 09:04:00,3803.72,Vendor_062,Sales,Payroll,Check,Emp_093,INV-2024-0002972,0,normal
TX-003469,2024-04-16 09:09:00,2901.27,Vendor_117,HR,IT,ACH,Emp_019,INV-2024-0002952,0,normal
TX-003470,2024-04-16 10:03:00,2358.89,Vendor_119,Operations,Payroll,Check,Emp_073,INV-2024-0002975,0,normal
TX-003471,2024-04-16 10:29:00,6082.98,Vendor_088,Sales,Consulting,ACH,Emp_097,INV-2024-0002971,0,normal
TX-003472,2024-04-16 10:30:00,2180.85,Vendor_015,HR,IT,Card,Emp_018,INV-2024-0002959,0,normal
TX-003473,2024-04-16 10:51:00,5935.03,Vendor_095,Legal,Consulting,Check,Emp_080,INV-2024-0002973,0,normal
TX-003474,2024-04-16 11:09:00,2850.5,Vendor_120,IT,Payroll,Check,Emp_039,INV-2024-0002968,0,normal
TX-003475,2024-04-16 11:22:00,2346.65,Vendor_055,Operations,Supplies,Card,Emp_067,INV-2024-0002949,0,normal
TX-003476,2024-04-16 11:33:00,333.88,Vendor_109,Marketing,Payroll,Check,Emp_046,INV-2024-0002970,0,normal
TX-003477,2024-04-16 11:40:00,1133.03,Vendor_083,Operations,IT,Wire,Emp_070,INV-2024-0002967,0,normal
TX-003478,2024-04-16 11:56:00,2691.79,Vendor_005,Legal,IT,ACH,Emp_077,INV-2024-0002966,0,normal
TX-003479,2024-04-16 12:30:00,1085.51,Vendor_014,HR,Supplies,Card,Emp_024,INV-2024-0002965,0,normal
TX-003480,2024-04-16 12:32:00,722.56,Vendor_066,Legal,Travel,Check,Emp_084,INV-2024-0002963,0,normal
TX-003481,2024-04-16 12:38:00,3139.05,Vendor_085,Finance,Operations,ACH,Emp_004,INV-2024-0002945,0,normal
TX-003482,2024-04-16 12:46:00,1953.86,Vendor_004,Support,Payroll,Card,Emp_115,INV-2024-0002944,0,normal
TX-003483,2024-04-16 12:52:00,4731.81,Vendor_114,IT,IT,Check,Emp_040,INV-2024-0002974,0,normal
TX-003484,2024-04-16 12:55:00,2380.95,Vendor_108,Marketing,Travel,Wire,Emp_051,INV-2024-0002960,0,normal
TX-003485,2024-04-16 13:18:00,1317.22,Vendor_082,Marketing,Consulting,Check,Emp_056,INV-2024-0002948,0,normal
TX-003486,2024-04-16 13:21:00,817.52,Vendor_037,Legal,Consulting,Card,Emp_084,INV-2024-0002951,0,normal
TX-003487,2024-04-16 13:49:00,2000.0,Vendor_091,Support,IT,ACH,Emp_119,INV-2024-0002978,0,normal
TX-003488,2024-04-16 13:59:00,6798.61,Vendor_031,Operations,Operations,ACH,Emp_072,INV-2024-0002976,0,normal
TX-003489,2024-04-16 14:16:00,2876.68,Vendor_108,Marketing,Travel,ACH,Emp_050,INV-2024-0002954,0,normal
TX-003490,2024-04-16 14:21:00,1704.18,Vendor_080,Legal,Consulting,Check,Emp_080,INV-2024-0002962,0,normal
TX-003491,2024-04-16 14:50:00,2550.0,Vendor_039,IT,Consulting,Card,Emp_037,INV-2024-0002957,0,normal
TX-003492,2024-04-16 14:58:00,784.76,Vendor_044,Finance,Operations,Check,Emp_011,INV-2024-0002961,0,normal
TX-003493,2024-04-16 15:22:00,780.4,Vendor_012,Support,Operations,Card,Emp_114,INV-2024-0002969,0,normal
TX-003494,2024-04-16 15:47:00,3328.31,Vendor_119,Marketing,Travel,Check,Emp_054,INV-2024-0002947,0,normal
TX-003495,2024-04-16 16:15:00,25219.74,Vendor_049,IT,Consulting,Wire,Emp_045,INV-2024-0005709,1,high_amount
TX-003496,2024-04-16 16:26:00,925.6,Vendor_082,Marketing,Consulting,ACH,Emp_054,INV-2024-0002977,0,normal
TX-003497,2024-04-16 16:27:00,697.71,Vendor_032,Finance,Travel,ACH,Emp_014,INV-2024-0002958,0,normal
TX-003498,2024-04-16 16:41:00,3363.14,Vendor_035,Legal,IT,ACH,Emp_087,INV-2024-0005118,0,normal
TX-003499,2024-04-16 16:48:00,1203.32,Vendor_070,Legal,Consulting,ACH,Emp_080,INV-2024-0002946,0,normal
TX-003500,2024-04-16 17:01:00,4800.0,Vendor_039,IT,Consulting,Check,Emp_037,INV-2024-0005331,1,split_payment
TX-003501,2024-04-16 17:24:00,2864.88,Vendor_008,Finance,Consulting,Card,Emp_006,INV-2024-0002953,0,normal
TX-003502,2024-04-16 17:25:00,254.01,Vendor_109,Support,IT,Card,Emp_112,INV-2044-0002943,1,fuzzy_duplicate
TX-003503,2024-04-16 17:44:00,2620.9,Vendor_075,Marketing,Consulting,ACH,Emp_048,INV-2024-0002950,0,normal
TX-003504,2024-04-16 18:03:00,1390.34,Vendor_009,Operations,Operations,Check,Emp_073,INV-2024-0002964,0,normal
TX-003505,2024-04-16 22:20:00,1057.62,Vendor_082,Marketing,Consulting,ACH,Emp_054,INV-2024-0005644,1,same_day_burst
TX-003506,2024-04-16 22:52:00,4876.4,Vendor_113,Finance,Operations,Wire,Emp_014,INV-2024-0005756,1,vendor_department_shift
TX-003507,2024-04-17 07:40:00,805.28,Vendor_037,Legal,Consulting,Wire,Emp_078,INV-2024-0003010,0,normal
TX-003508,2024-04-17 07:49:00,1443.04,Vendor_021,IT,Travel,Check,Emp_043,INV-2024-0003007,0,normal
TX-003509,2024-04-17 07:50:00,738.05,Vendor_109,Marketing,IT,Wire,Emp_052,INV-2024-0005374,1,high_amount
TX-003510,2024-04-17 07:52:00,13713.55,Vendor_028,Marketing,Travel,Card,Emp_048,INV-2024-0003012,0,normal
TX-003511,2024-04-17 08:36:00,1238.02,Vendor_014,HR,Consulting,ACH,Emp_021,INV-2034-0002948,1,fuzzy_duplicate
TX-003512,2024-04-17 09:36:00,3561.0,Vendor_081,Finance,Supplies,Card,Emp_014,INV-2024-0003002,0,normal
TX-003513,2024-04-17 09:52:00,1355.55,Vendor_099,Support,Operations,Card,Emp_112,INV-2024-0002988,0,normal
TX-003514,2024-04-17 09:54:00,1444.08,Vendor_033,Support,Travel,Check,Emp_117,INV-2024-0003011,0,normal
TX-003515,2024-04-17 10:00:00,5928.86,Vendor_095,Sales,Consulting,Card,Emp_102,INV-2024-0002994,0,normal
TX-003516,2024-04-17 10:19:00,1210.58,Vendor_056,Marketing,IT,Card,Emp_050,INV-2024-0002982,0,normal
TX-003517,2024-04-17 10:35:00,647.52,Vendor_082,Marketing,Consulting,Check,Emp_048,INV-2024-0002990,0,normal
TX-003518,2024-04-17 11:10:00,3878.45,Vendor_054,Operations,Operations,Check,Emp_067,INV-2024-0003000,0,normal
TX-003519,2024-04-17 12:02:00,4337.32,Vendor_119,Marketing,Travel,ACH,Emp_049,INV-2024-0003004,0,normal
TX-003520,2024-04-17 12:09:00,2494.4,Vendor_035,Legal,IT,ACH,Emp_085,INV-2024-0002993,0,normal
TX-003521,2024-04-17 12:12:00,2553.16,Vendor_027,Legal,Operations,Check,Emp_087,INV-2024-0002980,0,normal
TX-003522,2024-04-17 12:12:00,632.71,Vendor_097,Legal,Operations,Card,Emp_086,INV-2024-0002996,0,normal
TX-003523,2024-04-17 12:34:00,955.6,Vendor_023,Finance,Supplies,Check,Emp_005,INV-2024-0002992,0,normal
TX-003524,2024-04-17 12:35:00,4532.61,Vendor_040,HR,Supplies,Wire,Emp_026,INV-2024-0002981,0,normal
TX-003525,2024-04-17 13:00:00,3502.06,Vendor_115,Sales,IT,Wire,Emp_103,INV-2024-0003008,0,normal
TX-003526,2024-04-17 13:08:00,2169.54,Vendor_046,Finance,Travel,Wire,Emp_011,INV-2024-0002999,0,normal
TX-003527,2024-04-17 13:28:00,2050.52,Vendor_041,Legal,Supplies,Wire,Emp_090,INV-2024-0002995,0,normal
TX-003528,2024-04-17 13:31:00,5048.82,Vendor_114,Operations,IT,Check,Emp_073,INV-2024-0002989,0,normal
TX-003529,2024-04-17 13:34:00,1001.48,Vendor_074,Operations,Consulting,Wire,Emp_072,INV-2024-0002985,0,normal
TX-003530,2024-04-17 13:36:00,2610.26,Vendor_052,HR,Travel,ACH,Emp_021,INV-2024-0005224,0,normal
TX-003531,2024-04-17 14:27:00,2801.37,Vendor_073,Legal,IT,Wire,Emp_082,INV-2024-0005146,0,normal
TX-003532,2024-04-17 14:29:00,2193.89,Vendor_104,Sales,Consulting,Wire,Emp_099,INV-2024-0003001,0,normal
TX-003533,2024-04-17 14:42:00,2116.64,Vendor_050,Finance,Supplies,ACH,Emp_011,INV-2024-0005401,1,payment_method_switch
TX-003534,2024-04-17 14:48:00,4790.02,Vendor_060,Finance,Consulting,Check,Emp_010,INV-2024-0002986,0,normal
TX-003535,2024-04-17 14:49:00,1025.97,Vendor_111,HR,Payroll,Wire,Emp_018,INV-2024-0003003,0,normal
TX-003536,2024-04-17 15:46:00,5910.2,Vendor_114,IT,Consulting,Check,Emp_032,INV-2024-0003006,0,normal
TX-003537,2024-04-17 15:47:00,4310.76,Vendor_006,Marketing,Payroll,Card,Emp_049,INV-2024-0002997,0,normal
TX-003538,2024-04-17 15:54:00,1798.39,Vendor_050,Finance,Travel,Card,Emp_004,INV-2024-0002991,0,normal
TX-003539,2024-04-17 16:10:00,821.21,Vendor_037,Legal,Consulting,Wire,Emp_086,INV-2024-0002983,0,normal
TX-003540,2024-04-17 16:17:00,7627.26,Vendor_036,Support,Supplies,Check,Emp_109,INV-2024-0005433,1,high_amount
TX-003541,2024-04-17 16:26:00,2104.47,Vendor_041,Legal,Supplies,ACH,Emp_083,INV-2024-0002934,1,duplicate_invoice
TX-003542,2024-04-17 16:44:00,278.82,Vendor_109,Support,IT,Card,Emp_119,INV-2024-0002984,0,normal
TX-003543,2024-04-17 17:20:00,1103.15,Vendor_074,Operations,Consulting,Wire,Emp_073,INV-2024-0003005,0,normal
TX-003544,2024-04-17 17:26:00,9960.0,Vendor_050,Finance,Travel,Check,Emp_004,INV-2024-0005295,1,split_payment
TX-003545,2024-04-17 17:59:00,11086.07,Vendor_086,Sales,IT,Check,Emp_095,INV-2024-0003009,0,normal
TX-003546,2024-04-17 18:18:00,6044.48,Vendor_112,Sales,Travel,Wire,Emp_094,INV-2024-0002998,0,normal
TX-003547,2024-04-17 18:39:00,820.15,Vendor_056,Marketing,Travel,Card,Emp_050,INV-2024-0002987,0,normal
TX-003548,2024-04-17 18:41:00,9780.0,Vendor_050,Finance,Travel,ACH,Emp_004,INV-2024-0005464,1,split_payment
TX-003549,2024-04-18 07:00:00,1017.56,Vendor_019,Sales,IT,ACH,Emp_094,INV-2024-0003019,0,normal
TX-003550,2024-04-18 07:15:00,770.03,Vendor_099,HR,Operations,Card,Emp_020,INV-2024-0003037,0,normal
TX-003551,2024-04-18 08:12:00,2534.94,Vendor_027,Legal,Operations,Check,Emp_078,INV-2024-0002980,1,duplicate_invoice
TX-003552,2024-04-18 08:26:00,5345.41,Vendor_006,Sales,Payroll,ACH,Emp_094,INV-2024-0003044,0,normal
TX-003553,2024-04-18 08:27:00,5742.32,Vendor_031,Operations,Consulting,ACH,Emp_067,INV-2024-0003039,0,normal
TX-003554,2024-04-18 08:47:00,11491.67,Vendor_073,Legal,IT,Wire,Emp_077,INV-2024-0005448,1,high_amount
TX-003555,2024-04-18 09:52:00,3491.61,Vendor_008,Finance,Supplies,Wire,Emp_010,INV-2024-0003026,0,normal
TX-003556,2024-04-18 09:54:00,837.94,Vendor_019,Sales,Supplies,ACH,Emp_102,INV-2024-0003042,0,normal
TX-003557,2024-04-18 09:55:00,4650.0,Vendor_051,HR,Payroll,Check,Emp_023,INV-2024-0003049,0,normal
TX-003558,2024-04-18 10:10:00,1187.43,Vendor_050,Finance,Travel,Wire,Emp_014,INV-2024-0003036,0,normal
TX-003559,2024-04-18 10:38:00,7499.78,Vendor_060,IT,Consulting,ACH,Emp_032,INV-2024-0003050,0,normal
TX-003560,2024-04-18 10:44:00,1465.53,Vendor_070,Sales,Consulting,ACH,Emp_093,INV-2024-0003043,0,normal
TX-003561,2024-04-18 11:13:00,5226.39,Vendor_051,HR,Payroll,Check,Emp_025,INV-2024-0003031,0,normal
TX-003562,2024-04-18 11:17:00,2008.12,Vendor_104,Finance,Consulting,Wire,Emp_013,INV-2024-0003034,0,normal
TX-003563,2024-04-18 11:50:00,933.84,Vendor_066,Legal,Travel,ACH,Emp_083,INV-2024-0003020,0,normal
TX-003564,2024-04-18 11:50:00,2819.45,Vendor_059,Sales,Supplies,Check,Emp_091,INV-2024-0003023,0,normal
TX-003565,2024-04-18 11:54:00,1082.72,Vendor_067,IT,Supplies,ACH,Emp_031,INV-2024-0003047,0,normal
TX-003566,2024-04-18 12:04:00,3155.21,Vendor_015,HR,Consulting,Card,Emp_028,INV-2024-0003027,0,normal
TX-003567,2024-04-18 12:08:00,8059.65,Vendor_110,Legal,Operations,Wire,Emp_085,INV-2024-0003024,0,normal
TX-003568,2024-04-18 12:35:00,1624.19,Vendor_048,Support,Consulting,Card,Emp_117,INV-2024-0003013,0,normal
TX-003569,2024-04-18 12:42:00,967.62,Vendor_067,IT,Payroll,ACH,Emp_038,INV-2024-0003018,0,normal
TX-003570,2024-04-18 12:55:00,681.22,Vendor_019,Sales,IT,ACH,Emp_093,INV-2024-0003052,0,normal
TX-003571,2024-04-18 12:56:00,480.75,Vendor_072,Finance,Travel,Wire,Emp_001,INV-2024-0003045,0,normal
TX-003572,2024-04-18 12:56:00,1566.71,Vendor_094,Legal,IT,Card,Emp_082,INV-2024-0003051,0,normal
TX-003573,2024-04-18 13:13:00,3919.09,Vendor_093,Legal,Payroll,Check,Emp_085,INV-2024-0003015,0,normal
TX-003574,2024-04-18 13:16:00,1277.58,Vendor_078,Finance,Operations,Wire,Emp_015,INV-2024-0003022,0,normal
TX-003575,2024-04-18 13:19:00,2155.02,Vendor_073,Legal,Consulting,Card,Emp_086,INV-2024-0005120,0,normal
TX-003576,2024-04-18 13:23:00,2133.09,Vendor_046,Sales,Travel,Check,Emp_100,INV-2024-0003032,0,normal
TX-003577,2024-04-18 13:32:00,891.16,Vendor_070,Sales,Consulting,Card,Emp_096,INV-2024-0003021,0,normal
TX-003578,2024-04-18 13:42:00,4842.67,Vendor_092,Sales,Payroll,Card,Emp_102,INV-2024-0003041,0,normal
TX-003579,2024-04-18 13:52:00,223.48,Vendor_109,Support,Payroll,Check,Emp_116,INV-2024-0003038,0,normal
TX-003580,2024-04-18 14:21:00,204.2,Vendor_109,Support,Payroll,Card,Emp_118,INV-2024-0003048,0,normal
TX-003581,2024-04-18 14:32:00,2949.33,Vendor_089,Legal,Supplies,Card,Emp_080,INV-2024-0003017,0,normal
TX-003582,2024-04-18 14:32:00,2053.46,Vendor_046,Finance,Travel,ACH,Emp_015,INV-2024-0003016,0,normal
TX-003583,2024-04-18 15:02:00,5078.02,Vendor_051,HR,Payroll,Check,Emp_025,INV-2024-0005489,1,same_day_burst
TX-003584,2024-04-18 15:10:00,1348.87,Vendor_019,Marketing,Supplies,Wire,Emp_058,INV-2024-0003040,0,normal
TX-003585,2024-04-18 15:14:00,3047.91,Vendor_098,Finance,IT,ACH,Emp_012,INV-2024-0003028,0,normal
TX-003586,2024-04-18 15:19:00,4354.51,Vendor_069,Legal,Travel,Wire,Emp_088,INV-2024-0003035,0,normal
TX-003587,2024-04-18 15:28:00,1216.59,Vendor_063,Sales,Operations,Check,Emp_096,INV-2024-0003033,0,normal
TX-003588,2024-04-18 15:30:00,3883.74,Vendor_003,Finance,Consulting,Card,Emp_006,INV-2024-0003029,0,normal
TX-003589,2024-04-18 15:33:00,2960.44,Vendor_003,Marketing,Operations,Card,Emp_060,INV-2024-0003046,0,normal
TX-003590,2024-04-18 15:37:00,5735.82,Vendor_057,Sales,Travel,Wire,Emp_091,INV-2024-0005536,1,vendor_department_shift
TX-003591,2024-04-18 16:33:00,9790.0,Vendor_003,Marketing,Operations,Check,Emp_060,INV-2024-0005580,1,split_payment
TX-003592,2024-04-18 17:41:00,3367.75,Vendor_054,Operations,Consulting,Check,Emp_072,INV-2024-0003030,0,normal
TX-003593,2024-04-18 17:54:00,9860.0,Vendor_003,Marketing,Operations,Check,Emp_060,INV-2024-0005609,1,split_payment
TX-003594,2024-04-18 17:57:00,2253.31,Vendor_078,Marketing,Operations,Wire,Emp_051,INV-2024-0003025,0,normal
TX-003595,2024-04-18 18:29:00,2895.76,Vendor_040,HR,Supplies,Wire,Emp_023,INV-2024-0003014,0,normal
TX-003596,2024-04-18 19:27:00,2761.94,Vendor_003,Marketing,Operations,Card,Emp_060,INV-2024-0005788,1,same_day_burst
TX-003597,2024-04-18 20:08:00,8146.48,Vendor_110,Legal,Operations,Card,Emp_083,INV-2024-0003024,1,duplicate_invoice
TX-003598,2024-04-19 07:04:00,1982.22,Vendor_111,HR,Payroll,Check,Emp_025,INV-2024-0003055,0,normal
TX-003599,2024-04-19 07:32:00,8892.8,Vendor_060,IT,Travel,ACH,Emp_036,INV-2024-0003089,0,normal
TX-003600,2024-04-19 08:36:00,5578.73,Vendor_060,IT,Travel,ACH,Emp_033,INV-2024-0003053,0,normal
TX-003601,2024-04-19 09:04:00,4368.0,Vendor_022,IT,Travel,Wire,Emp_039,INV-2024-0003061,0,normal
TX-003602,2024-04-19 09:49:00,3143.7,Vendor_085,Finance,Supplies,ACH,Emp_010,INV-2024-0003070,0,normal
TX-003603,2024-04-19 10:31:00,2086.94,Vendor_116,HR,IT,Check,Emp_027,INV-2024-0003067,0,normal
TX-003604,2024-04-19 10:46:00,3734.11,Vendor_105,Operations,Operations,Card,Emp_062,INV-2024-0003057,0,normal
TX-003605,2024-04-19 11:06:00,2157.6,Vendor_039,IT,Consulting,Card,Emp_034,INV-2024-0003080,0,normal
TX-003606,2024-04-19 11:25:00,1840.25,Vendor_079,Marketing,Payroll,ACH,Emp_048,INV-2024-0003091,0,normal
TX-003607,2024-04-19 11:44:00,6510.35,Vendor_051,Sales,Payroll,ACH,Emp_094,INV-2024-0003071,0,normal
TX-003608,2024-04-19 11:47:00,1995.27,Vendor_046,Legal,Travel,ACH,Emp_079,INV-2024-0003084,0,normal
TX-003609,2024-04-19 12:00:00,3223.55,Vendor_025,Marketing,Operations,Wire,Emp_059,INV-2024-0003082,0,normal
TX-003610,2024-04-19 12:08:00,1067.03,Vendor_019,Sales,IT,ACH,Emp_091,INV-2024-0003059,0,normal
TX-003611,2024-04-19 12:13:00,1008.6,Vendor_066,Legal,Operations,Wire,Emp_076,INV-2024-0003081,0,normal
TX-003612,2024-04-19 12:28:00,1246.44,Vendor_067,IT,Payroll,Card,Emp_035,INV-2024-0003066,0,normal
TX-003613,2024-04-19 12:56:00,3885.07,Vendor_081,Finance,Supplies,Card,Emp_003,INV-2024-0003085,0,normal
TX-003614,2024-04-19 13:07:00,5503.62,Vendor_114,IT,Consulting,Check,Emp_031,INV-2024-0003065,0,normal
TX-003615,2024-04-19 13:09:00,5591.39,Vendor_096,Marketing,Operations,Card,Emp_057,INV-2024-0003073,0,normal
TX-003616,2024-04-19 13:26:00,1018.69,Vendor_063,Sales,Supplies,Wire,Emp_105,INV-2024-0003078,0,normal
TX-003617,2024-04-19 13:37:00,2937.42,Vendor_059,Sales,Consulting,Check,Emp_097,INV-2024-0003062,0,normal
TX-003618,2024-04-19 13:37:00,1250.0,Vendor_091,Support,IT,Card,Emp_118,INV-2024-0003074,0,normal
TX-003619,2024-04-19 13:40:00,746.15,Vendor_036,Support,Supplies,Wire,Emp_117,INV-2024-0003090,0,normal
TX-003620,2024-04-19 14:06:00,3249.86,Vendor_015,HR,Consulting,Check,Emp_026,INV-2024-0003072,0,normal
TX-003621,2024-04-19 14:11:00,3805.55,Vendor_081,Finance,Supplies,Check,Emp_001,INV-2024-0003054,0,normal
TX-003622,2024-04-19 14:17:00,1812.46,Vendor_106,Legal,Consulting,Check,Emp_076,INV-2024-0003060,0,normal
TX-003623,2024-04-19 14:42:00,1961.36,Vendor_021,Finance,Supplies,Check,Emp_005,INV-2024-0003075,0,normal
TX-003624,2024-04-19 14:42:00,1222.47,Vendor_009,Operations,Operations,Card,Emp_072,INV-2024-0003086,0,normal
TX-003625,2024-04-19 14:53:00,1660.94,Vendor_118,Support,Supplies,Card,Emp_117,INV-2024-0003077,0,normal
TX-003626,2024-04-19 14:55:00,2407.33,Vendor_002,HR,Supplies,ACH,Emp_024,INV-2024-0003069,0,normal
TX-003627,2024-04-19 14:58:00,1416.55,Vendor_050,Finance,Travel,Card,Emp_007,INV-2024-0003087,0,normal
TX-003628,2024-04-19 14:59:00,1813.67,Vendor_026,HR,Payroll,ACH,Emp_021,INV-2024-0003058,0,normal
TX-003629,2024-04-19 15:08:00,6610.6,Vendor_092,Sales,Payroll,Wire,Emp_094,INV-2024-0003068,0,normal
TX-003630,2024-04-19 16:13:00,1530.01,Vendor_007,Finance,Payroll,Card,Emp_006,INV-2024-0003092,0,normal
TX-003631,2024-04-19 16:56:00,1453.83,Vendor_001,Finance,Payroll,Check,Emp_002,INV-2024-0003064,0,normal
TX-003632,2024-04-19 17:24:00,4714.67,Vendor_095,Legal,Consulting,ACH,Emp_080,INV-2024-0003056,0,normal
TX-003633,2024-04-19 17:25:00,2846.76,Vendor_039,IT,Supplies,Wire,Emp_034,INV-2024-0003063,0,normal
TX-003634,2024-04-19 17:33:00,2905.74,Vendor_051,Sales,Payroll,Check,Emp_105,INV-2024-0003076,0,normal
TX-003635,2024-04-19 17:47:00,2466.56,Vendor_117,HR,Payroll,ACH,Emp_016,INV-2024-0003083,0,normal
TX-003636,2024-04-19 17:48:00,5380.58,Vendor_114,IT,Consulting,Check,Emp_038,INV-2024-0003079,0,normal
TX-003637,2024-04-19 18:17:00,3387.49,Vendor_073,Legal,IT,Check,Emp_089,INV-2024-0003088,0,normal
TX-003638,2024-04-19 19:02:00,6662.55,Vendor_114,IT,Consulting,Check,Emp_038,INV-2024-0005282,1,same_day_burst
TX-003639,2024-04-19 22:22:00,4608.72,Vendor_114,IT,Consulting,Check,Emp_038,INV-2024-0005488,1,same_day_burst
TX-003640,2024-04-20 04:54:00,20448.45,Vendor_062,Sales,Payroll,Wire,Emp_094,INV-2024-0005388,1,high_amount
TX-003641,2024-04-20 07:30:00,3854.67,Vendor_003,Finance,Consulting,Card,Emp_014,INV-2024-0003029,1,duplicate_invoice
TX-003642,2024-04-20 08:25:00,4427.57,Vendor_107,Support,Consulting,Check,Emp_116,INV-2024-0003100,0,normal
TX-003643,2024-04-20 08:34:00,648.86,Vendor_044,Finance,Supplies,Check,Emp_006,INV-2024-0005267,0,normal
TX-003644,2024-04-20 08:42:00,3816.74,Vendor_073,Marketing,IT,Wire,Emp_052,INV-2024-0003094,0,normal
TX-003645,2024-04-20 10:13:00,1486.53,Vendor_027,Sales,Supplies,ACH,Emp_105,INV-2024-0003093,0,normal
TX-003646,2024-04-20 10:30:00,3218.3,Vendor_002,HR,Operations,Wire,Emp_027,INV-2024-0005270,0,normal
TX-003647,2024-04-20 10:35:00,1750.73,Vendor_097,Legal,Operations,Wire,Emp_078,INV-2024-0003097,0,normal
TX-003648,2024-04-20 10:45:00,975.96,Vendor_032,Support,Travel,ACH,Emp_111,INV-2024-0003096,0,normal
TX-003649,2024-04-20 10:58:00,2680.15,Vendor_073,Legal,IT,Card,Emp_077,INV-2024-0003102,0,normal
TX-003650,2024-04-20 11:44:00,1724.6,Vendor_023,Finance,Supplies,Check,Emp_014,INV-2024-0003095,0,normal
TX-003651,2024-04-20 12:05:00,2942.64,Vendor_061,Sales,Operations,ACH,Emp_096,INV-2024-0003104,0,normal
TX-003652,2024-04-20 12:11:00,3439.98,Vendor_081,Finance,Supplies,Check,Emp_007,INV-2024-0003101,0,normal
TX-003653,2024-04-20 12:14:00,4756.95,Vendor_112,Sales,Consulting,Wire,Emp_104,INV-2024-0003099,0,normal
TX-003654,2024-04-20 12:44:00,856.34,Vendor_044,Finance,Supplies,Card,Emp_004,INV-2024-0003105,0,normal
TX-003655,2024-04-20 12:47:00,2343.59,Vendor_108,Marketing,Travel,ACH,Emp_058,INV-2024-0003106,0,normal
TX-003656,2024-04-20 12:59:00,1457.93,Vendor_039,IT,Consulting,Wire,Emp_045,INV-2024-0005149,0,normal
TX-003657,2024-04-20 14:27:00,3762.99,Vendor_040,HR,Supplies,ACH,Emp_027,INV-2024-0003103,0,normal
TX-003658,2024-04-20 14:57:00,4396.93,Vendor_035,Legal,Travel,ACH,Emp_079,INV-2024-0003098,0,normal
TX-003659,2024-04-20 15:43:00,3076.35,Vendor_081,Sales,Supplies,Card,Emp_093,INV-2024-0003107,0,normal
TX-003660,2024-04-20 19:47:00,1997.18,Vendor_046,Legal,Travel,Check,Emp_084,INV-2024-0003084,1,duplicate_invoice
TX-003661,2024-04-20 22:54:00,3343.61,Vendor_073,Legal,IT,Card,Emp_077,INV-2024-0005480,1,same_day_burst
TX-003662,2024-04-21 07:03:00,2886.28,Vendor_091,Support,IT,ACH,Emp_108,INV-2024-0005175,0,normal
TX-003663,2024-04-21 08:26:00,8913.71,Vendor_119,Legal,Supplies,Wire,Emp_078,INV-2024-0005731,1,vendor_department_shift
TX-003664,2024-04-21 09:03:00,14867.15,Vendor_073,Legal,Consulting,ACH,Emp_086,INV-2024-0005591,1,high_amount
TX-003665,2024-04-21 09:54:00,2870.85,Vendor_003,Finance,Payroll,Card,Emp_004,INV-2024-0003117,0,normal
TX-003666,2024-04-21 10:03:00,2538.3,Vendor_034,Sales,Travel,Wire,Emp_103,INV-2024-0003113,0,normal
TX-003667,2024-04-21 10:05:00,2148.81,Vendor_091,Support,IT,Card,Emp_120,INV-2024-0003122,0,normal
TX-003668,2024-04-21 10:24:00,4698.32,Vendor_095,Legal,Consulting,Wire,Emp_081,INV-2024-0003056,1,duplicate_invoice
TX-003669,2024-04-21 10:27:00,2421.52,Vendor_045,Legal,Consulting,ACH,Emp_090,INV-2024-0003123,0,normal
TX-003670,2024-04-21 10:28:00,1261.93,Vendor_103,Finance,Operations,ACH,Emp_002,INV-2024-0003110,0,normal
TX-003671,2024-04-21 10:52:00,5043.5,Vendor_043,Marketing,Travel,Card,Emp_059,INV-2024-0003112,0,normal
TX-003672,2024-04-21 11:02:00,866.05,Vendor_068,Sales,Travel,Wire,Emp_096,INV-2024-0003111,0,normal
TX-003673,2024-04-21 11:34:00,1122.16,Vendor_083,Operations,IT,Wire,Emp_073,INV-2024-0003118,0,normal
TX-003674,2024-04-21 11:43:00,1797.14,Vendor_078,Finance,Payroll,Wire,Emp_001,INV-2024-0003120,0,normal
TX-003675,2024-04-21 11:59:00,3078.63,Vendor_054,Operations,IT,Check,Emp_074,INV-2024-0005199,0,normal
TX-003676,2024-04-21 12:45:00,7252.92,Vendor_043,Marketing,Travel,Check,Emp_049,INV-2024-0003124,0,normal
TX-003677,2024-04-21 12:55:00,1936.17,Vendor_008,Finance,Payroll,Card,Emp_013,INV-2024-0003108,0,normal
TX-003678,2024-04-21 13:13:00,5904.44,Vendor_095,Legal,Supplies,Card,Emp_082,INV-2024-0003115,0,normal
TX-003679,2024-04-21 13:27:00,1709.2,Vendor_078,Finance,Operations,Wire,Emp_012,INV-2024-0003109,0,normal
TX-003680,2024-04-21 13:29:00,718.54,Vendor_044,Finance,IT,Wire,Emp_014,INV-2024-0003114,0,normal
TX-003681,2024-04-21 15:55:00,704.16,Vendor_032,HR,Travel,Check,Emp_029,INV-2024-0003119,0,normal
TX-003682,2024-04-21 16:02:00,1037.75,Vendor_101,HR,IT,Wire,Emp_030,INV-2024-0003121,0,normal
TX-003683,2024-04-21 16:04:00,5590.8,Vendor_092,Sales,Payroll,Wire,Emp_095,INV-2024-0003116,0,normal
TX-003684,2024-04-21 17:14:00,4716.55,Vendor_112,Sales,Consulting,Card,Emp_103,INV-2024-0003099,1,duplicate_invoice
TX-003685,2024-04-22 02:04:00,5610.7,Vendor_092,Sales,Payroll,ACH,Emp_091,INV-2024-0003116,1,duplicate_invoice
TX-003686,2024-04-22 09:15:00,2402.65,Vendor_010,Support,Supplies,Wire,Emp_115,INV-2024-0003126,0,normal
TX-003687,2024-04-22 09:40:00,1366.19,Vendor_013,Marketing,Operations,Wire,Emp_056,INV-2024-0003129,0,normal
TX-003688,2024-04-22 10:12:00,7952.32,Vendor_112,Legal,Payroll,Card,Emp_086,INV-2024-0005316,1,vendor_department_shift
TX-003689,2024-04-22 10:23:00,4948.17,Vendor_031,Operations,Operations,Check,Emp_073,INV-2024-0003134,0,normal
TX-003690,2024-04-22 10:46:00,879.36,Vendor_009,Operations,Operations,Check,Emp_064,INV-2024-0003140,0,normal
TX-003691,2024-04-22 10:53:00,1328.21,Vendor_026,HR,Payroll,ACH,Emp_021,INV-2024-0003133,0,normal
TX-003692,2024-04-22 11:06:00,2901.78,Vendor_008,Finance,IT,Card,Emp_006,INV-2024-0003127,0,normal
TX-003693,2024-04-22 11:16:00,2733.66,Vendor_091,Support,IT,Wire,Emp_117,INV-2024-0003128,0,normal
TX-003694,2024-04-22 11:16:00,3522.55,Vendor_003,Finance,Operations,Card,Emp_012,INV-2024-0003146,0,normal
TX-003695,2024-04-22 11:19:00,2490.29,Vendor_048,Support,Payroll,Card,Emp_112,INV-2024-0003150,0,normal
TX-003696,2024-04-22 11:49:00,1183.83,Vendor_063,Sales,Operations,Wire,Emp_103,INV-2024-0003131,0,normal
TX-003697,2024-04-22 12:06:00,1123.23,Vendor_067,IT,Payroll,ACH,Emp_037,INV-2024-0003142,0,normal
TX-003698,2024-04-22 12:21:00,1694.38,Vendor_011,IT,Supplies,Check,Emp_040,INV-2024-0003141,0,normal
TX-003699,2024-04-22 12:22:00,3244.26,Vendor_035,Legal,Travel,Check,Emp_078,INV-2024-0005178,0,normal
TX-003700,2024-04-22 12:27:00,608.52,Vendor_082,Marketing,Consulting,Wire,Emp_054,INV-2024-0003144,0,normal
TX-003701,2024-04-22 12:45:00,219.35,Vendor_109,Support,Payroll,Wire,Emp_114,INV-2024-0003147,0,normal
TX-003702,2024-04-22 12:48:00,1995.47,Vendor_041,Legal,Supplies,Wire,Emp_087,INV-2024-0003143,0,normal
TX-003703,2024-04-22 13:00:00,1585.14,Vendor_078,Legal,Travel,Wire,Emp_082,INV-2024-0003135,0,normal
TX-003704,2024-04-22 13:16:00,1939.26,Vendor_007,Finance,Payroll,Card,Emp_010,INV-2024-0003149,0,normal
TX-003705,2024-04-22 13:31:00,4298.54,Vendor_025,Operations,Consulting,Card,Emp_073,INV-2024-0003125,0,normal
TX-003706,2024-04-22 13:39:00,9890.0,Vendor_003,Finance,Operations,Wire,Emp_012,INV-2024-0005321,1,split_payment
TX-003707,2024-04-22 14:28:00,446.94,Vendor_072,Finance,Payroll,Wire,Emp_012,INV-2024-0003136,0,normal
TX-003708,2024-04-22 14:36:00,4211.18,Vendor_002,Sales,Travel,Check,Emp_098,INV-2024-0003139,0,normal
TX-003709,2024-04-22 14:43:00,1432.21,Vendor_061,Sales,Travel,ACH,Emp_105,INV-2024-0003138,0,normal
TX-003710,2024-04-22 14:43:00,831.3,Vendor_082,Marketing,Consulting,Check,Emp_059,INV-2024-0003145,0,normal
TX-003711,2024-04-22 15:28:00,1603.75,Vendor_116,HR,IT,Check,Emp_024,INV-2024-0003137,0,normal
TX-003712,2024-04-22 16:12:00,784.31,Vendor_094,Legal,IT,Check,Emp_084,INV-2024-0003132,0,normal
TX-003713,2024-04-22 17:50:00,1574.27,Vendor_091,Finance,IT,Wire,Emp_004,INV-2024-0003148,0,normal
TX-003714,2024-04-22 18:17:00,1243.66,Vendor_094,Legal,Consulting,Check,Emp_081,INV-2024-0003130,0,normal
TX-003715,2024-04-23 07:13:00,2811.04,Vendor_005,Legal,IT,Check,Emp_088,INV-2024-0003161,0,normal
TX-003716,2024-04-23 08:02:00,2123.71,Vendor_024,Legal,Supplies,Wire,Emp_082,INV-2024-0003168,0,normal
TX-003717,2024-04-23 08:09:00,6207.19,Vendor_022,IT,IT,ACH,Emp_038,INV-2024-0003153,0,normal
TX-003718,2024-04-23 08:58:00,837.17,Vendor_037,Legal,Consulting,Wire,Emp_080,INV-2024-0003164,0,normal
TX-003719,2024-04-23 09:31:00,700.54,Vendor_012,Support,Operations,Card,Emp_120,INV-2024-0003172,0,normal
TX-003720,2024-04-23 10:01:00,1500.0,Vendor_007,Operations,Payroll,Check,Emp_068,INV-2024-0003171,0,normal
TX-003721,2024-04-23 10:14:00,1478.73,Vendor_001,Finance,Consulting,Check,Emp_009,INV-2024-0003170,0,normal
TX-003722,2024-04-23 10:20:00,4074.68,Vendor_049,Legal,Consulting,ACH,Emp_080,INV-2024-0003156,0,normal
TX-003723,2024-04-23 10:28:00,4700.3,Vendor_119,Marketing,Travel,Check,Emp_047,INV-2024-0003183,0,normal
TX-003724,2024-04-23 10:39:00,693.2,Vendor_074,Operations,Operations,Wire,Emp_065,INV-2024-0005136,0,normal
TX-003725,2024-04-23 10:45:00,1481.52,Vendor_083,Operations,IT,Wire,Emp_066,INV-2024-0003154,0,normal
TX-003726,2024-04-23 10:45:00,4150.02,Vendor_077,Support,Operations,Check,Emp_106,INV-2024-0003159,0,normal
TX-003727,2024-04-23 10:48:00,1935.91,Vendor_059,Sales,Consulting,Check,Emp_099,INV-2024-0003182,0,normal
TX-003728,2024-04-23 11:01:00,4857.69,Vendor_030,Legal,IT,ACH,Emp_083,INV-2024-0003173,0,normal
TX-003729,2024-04-23 11:11:00,1981.62,Vendor_041,Legal,Supplies,Card,Emp_089,INV-2024-0005192,0,normal
TX-003730,2024-04-23 11:15:00,1332.42,Vendor_067,IT,Supplies,Card,Emp_034,INV-2024-0003175,0,normal
TX-003731,2024-04-23 11:29:00,1102.05,Vendor_074,Operations,Operations,Check,Emp_071,INV-2024-0003177,0,normal
TX-003732,2024-04-23 12:09:00,2691.8,Vendor_034,Operations,IT,Card,Emp_072,INV-2024-0003180,0,normal
TX-003733,2024-04-23 12:29:00,1709.94,Vendor_099,HR,Operations,Card,Emp_021,INV-2024-0003184,0,normal
TX-003734,2024-04-23 12:45:00,1505.11,Vendor_039,IT,Consulting,Card,Emp_036,INV-2024-0003165,0,normal
TX-003735,2024-04-23 12:47:00,1460.83,Vendor_050,Finance,Travel,Card,Emp_012,INV-2024-0003166,0,normal
TX-003736,2024-04-23 12:57:00,1877.3,Vendor_113,Operations,Consulting,ACH,Emp_067,INV-2024-0003169,0,normal
TX-003737,2024-04-23 13:04:00,2838.47,Vendor_090,Support,Payroll,Wire,Emp_106,INV-2024-0003155,0,normal
TX-003738,2024-04-23 13:39:00,5634.04,Vendor_060,Sales,Consulting,ACH,Emp_099,INV-2024-0003158,0,normal
TX-003739,2024-04-23 13:42:00,2162.75,Vendor_104,Sales,Travel,Wire,Emp_094,INV-2024-0003152,0,normal
TX-003740,2024-04-23 13:52:00,2370.12,Vendor_033,Support,Travel,Check,Emp_109,INV-2024-0003181,0,normal
TX-003741,2024-04-23 14:16:00,1500.05,Vendor_118,Support,IT,Check,Emp_118,INV-2024-0003176,0,normal
TX-003742,2024-04-23 14:38:00,5788.81,Vendor_095,Legal,Supplies,Card,Emp_077,INV-2024-0003157,0,normal
TX-003743,2024-04-23 14:42:00,1438.72,Vendor_026,HR,Travel,ACH,Emp_020,INV-2024-0003163,0,normal
TX-003744,2024-04-23 14:47:00,1000.0,Vendor_056,Marketing,Travel,Check,Emp_058,INV-2024-0003178,0,normal
TX-003745,2024-04-23 15:13:00,1118.61,Vendor_004,Finance,Payroll,Card,Emp_008,INV-2024-0003162,0,normal
TX-003746,2024-04-23 15:27:00,2924.85,Vendor_025,Marketing,Consulting,ACH,Emp_052,INV-2024-0003174,0,normal
TX-003747,2024-04-23 15:43:00,882.76,Vendor_013,Marketing,Consulting,Wire,Emp_055,INV-2024-0003179,0,normal
TX-003748,2024-04-23 15:59:00,4880.0,Vendor_090,Support,Payroll,Card,Emp_106,INV-2024-0005394,1,split_payment
TX-003749,2024-04-23 16:36:00,2586.97,Vendor_045,Sales,Supplies,ACH,Emp_095,INV-2024-0003151,0,normal
TX-003750,2024-04-23 17:51:00,1195.27,Vendor_048,Support,Consulting,Check,Emp_111,INV-2024-0003160,0,normal
TX-003751,2024-04-23 18:19:00,2059.24,Vendor_104,Sales,Consulting,Wire,Emp_101,INV-2024-0003167,0,normal
TX-003752,2024-04-23 19:10:00,1688.78,Vendor_104,Sales,Consulting,Wire,Emp_101,INV-2024-0005656,1,same_day_burst
TX-003753,2024-04-24 08:42:00,3095.74,Vendor_101,HR,IT,ACH,Emp_022,INV-2024-0003192,0,normal
TX-003754,2024-04-24 09:16:00,5571.05,Vendor_022,IT,IT,Card,Emp_035,INV-2024-0003199,0,normal
TX-003755,2024-04-24 09:31:00,1219.2,Vendor_104,Sales,Payroll,Card,Emp_091,INV-2024-0005165,0,normal
TX-003756,2024-04-24 09:40:00,955.8,Vendor_070,Legal,IT,ACH,Emp_089,INV-2024-0003213,0,normal
TX-003757,2024-04-24 10:02:00,956.94,Vendor_080,Legal,Consulting,Check,Emp_079,INV-2024-0003197,0,normal
TX-003758,2024-04-24 10:16:00,1663.8,Vendor_016,Marketing,Supplies,Wire,Emp_052,INV-2024-0003200,0,normal
TX-003759,2024-04-24 10:18:00,1642.9,Vendor_050,Finance,Travel,Card,Emp_008,INV-2024-0003188,0,normal
TX-003760,2024-04-24 10:21:00,1763.66,Vendor_014,Support,Supplies,ACH,Emp_117,INV-2024-0003207,0,normal
TX-003761,2024-04-24 10:23:00,4968.02,Vendor_069,Support,Travel,Wire,Emp_112,INV-2024-0003201,0,normal
TX-003762,2024-04-24 10:38:00,782.38,Vendor_032,HR,Travel,ACH,Emp_027,INV-2024-0003189,0,normal
TX-003763,2024-04-24 10:59:00,817.31,Vendor_056,Marketing,Travel,Card,Emp_058,INV-2024-0003196,0,normal
TX-003764,2024-04-24 11:14:00,1508.11,Vendor_083,Legal,IT,Check,Emp_086,INV-2024-0003209,0,normal
TX-003765,2024-04-24 11:18:00,1037.0,Vendor_009,Operations,Operations,Check,Emp_062,INV-2024-0003194,0,normal
TX-003766,2024-04-24 11:27:00,2827.52,Vendor_098,Finance,IT,Card,Emp_012,INV-2024-0003190,0,normal
TX-003767,2024-04-24 11:38:00,5535.03,Vendor_031,Operations,Consulting,Wire,Emp_062,INV-2024-0003212,0,normal
TX-003768,2024-04-24 11:50:00,795.71,Vendor_012,Support,Operations,Card,Emp_107,INV-2024-0003206,0,normal
TX-003769,2024-04-24 11:52:00,3010.91,Vendor_093,Legal,Payroll,Card,Emp_088,INV-2024-0003202,0,normal
TX-003770,2024-04-24 12:09:00,4232.58,Vendor_030,Legal,IT,ACH,Emp_084,INV-2024-0003204,0,normal
TX-003771,2024-04-24 12:23:00,2370.0,Vendor_031,Operations,Consulting,Check,Emp_062,INV-2024-0005441,1,split_payment
TX-003772,2024-04-24 12:26:00,2424.12,Vendor_093,Legal,Supplies,Wire,Emp_081,INV-2024-0003185,0,normal
TX-003773,2024-04-24 12:35:00,2610.47,Vendor_093,Legal,Supplies,Card,Emp_086,INV-2024-0003198,0,normal
TX-003774,2024-04-24 12:36:00,6799.56,Vendor_096,Sales,Operations,Card,Emp_099,INV-2024-0003210,0,normal
TX-003775,2024-04-24 13:14:00,854.0,Vendor_082,Marketing,Consulting,Wire,Emp_052,INV-2024-0003193,0,normal
TX-003776,2024-04-24 13:28:00,5207.85,Vendor_051,Sales,Payroll,Card,Emp_091,INV-2024-0003211,0,normal
TX-003777,2024-04-24 14:24:00,1079.15,Vendor_082,Marketing,Supplies,Check,Emp_050,INV-2024-0003208,0,normal
TX-003778,2024-04-24 14:47:00,3137.77,Vendor_048,Support,Consulting,ACH,Emp_111,INV-2024-0003186,0,normal
TX-003779,2024-04-24 15:13:00,1540.32,Vendor_026,HR,Payroll,Wire,Emp_016,INV-2024-0003195,0,normal
TX-003780,2024-04-24 15:40:00,3064.83,Vendor_075,Legal,Supplies,Check,Emp_083,INV-2024-0003205,0,normal
TX-003781,2024-04-24 16:15:00,7683.73,Vendor_096,Finance,Operations,Card,Emp_001,INV-2024-0003191,0,normal
TX-003782,2024-04-24 16:23:00,2014.62,Vendor_041,Sales,Supplies,Card,Emp_094,INV-2024-0003187,0,normal
TX-003783,2024-04-24 16:45:00,2992.34,Vendor_005,Legal,Travel,Card,Emp_085,INV-2024-0003203,0,normal
TX-003784,2024-04-24 17:49:00,4900.0,Vendor_082,Marketing,Supplies,Card,Emp_050,INV-2024-0005304,1,split_payment
TX-003785,2024-04-24 18:22:00,2545.78,Vendor_074,Operations,Supplies,Card,Emp_073,INV-2024-0005569,1,payment_method_switch
TX-003786,2024-04-25 06:45:00,220.86,Vendor_109,Support,Payroll,Check,Emp_116,INV-2024-0003147,1,duplicate_invoice
TX-003787,2024-04-25 07:04:00,1650.0,Vendor_027,Sales,Operations,ACH,Emp_100,INV-2024-0003226,0,normal
TX-003788,2024-04-25 07:16:00,2801.43,Vendor_091,Support,IT,Wire,Emp_112,INV-2024-0003128,1,duplicate_invoice
TX-003789,2024-04-25 07:30:00,1626.29,Vendor_007,Finance,Consulting,ACH,Emp_010,INV-2024-0003218,0,normal
TX-003790,2024-04-25 08:16:00,4777.13,Vendor_092,Sales,Payroll,Wire,Emp_098,INV-2024-0003231,0,normal
TX-003791,2024-04-25 09:09:00,3357.03,Vendor_077,Support,Operations,Check,Emp_118,INV-2024-0003240,0,normal
TX-003792,2024-04-25 09:57:00,1535.36,Vendor_118,Support,Payroll,Card,Emp_114,INV-2024-0003217,0,normal
TX-003793,2024-04-25 10:20:00,5307.26,Vendor_051,HR,Payroll,Check,Emp_024,INV-2024-0003222,0,normal
TX-003794,2024-04-25 11:02:00,1007.22,Vendor_036,Support,Supplies,Check,Emp_116,INV-2024-0003223,0,normal
TX-003795,2024-04-25 11:04:00,4733.09,Vendor_107,Support,IT,Check,Emp_114,INV-2024-0003220,0,normal
TX-003796,2024-04-25 11:13:00,1823.49,Vendor_011,IT,Supplies,Wire,Emp_031,INV-2024-0003227,0,normal
TX-003797,2024-04-25 11:37:00,1427.87,Vendor_037,Legal,Operations,Check,Emp_080,INV-2024-0005445,1,payment_method_switch
TX-003798,2024-04-25 12:12:00,1113.67,Vendor_038,Finance,Travel,Card,Emp_004,INV-2024-0003229,0,normal
TX-003799,2024-04-25 12:15:00,3214.44,Vendor_075,HR,Consulting,ACH,Emp_019,INV-2024-0003233,0,normal
TX-003800,2024-04-25 12:18:00,2412.55,Vendor_093,Legal,Payroll,ACH,Emp_083,INV-2024-0003238,0,normal
TX-003801,2024-04-25 12:19:00,3531.79,Vendor_024,Marketing,Consulting,Wire,Emp_052,INV-2024-0003221,0,normal
TX-003802,2024-04-25 13:11:00,2271.75,Vendor_108,Marketing,Travel,Wire,Emp_055,INV-2024-0003228,0,normal
TX-003803,2024-04-25 13:33:00,2229.67,Vendor_046,Finance,Travel,ACH,Emp_007,INV-2024-0003214,0,normal
TX-003804,2024-04-25 14:40:00,2113.0,Vendor_078,Finance,Payroll,Check,Emp_006,INV-2024-0003237,0,normal
TX-003805,2024-04-25 14:54:00,3279.59,Vendor_030,Legal,IT,ACH,Emp_078,INV-2024-0003241,0,normal
TX-003806,2024-04-25 15:02:00,1385.67,Vendor_064,IT,Travel,Card,Emp_033,INV-2024-0003239,0,normal
TX-003807,2024-04-25 15:14:00,2486.93,Vendor_081,Finance,Consulting,Check,Emp_002,INV-2024-0003242,0,normal
TX-003808,2024-04-25 15:14:00,1311.39,Vendor_016,Marketing,Supplies,ACH,Emp_046,INV-2024-0003225,0,normal
TX-003809,2024-04-25 15:17:00,1400.0,Vendor_064,IT,Travel,Card,Emp_043,INV-2024-0003232,0,normal
TX-003810,2024-04-25 15:19:00,1797.11,Vendor_040,Sales,Supplies,ACH,Emp_104,INV-2024-0003219,0,normal
TX-003811,2024-04-25 15:24:00,1897.71,Vendor_104,Sales,Payroll,Wire,Emp_091,INV-2024-0003216,0,normal
TX-003812,2024-04-25 15:53:00,1250.63,Vendor_012,Support,Payroll,Check,Emp_107,INV-2024-0005698,1,payment_method_switch
TX-003813,2024-04-25 16:41:00,1231.2,Vendor_083,Operations,IT,Wire,Emp_061,INV-2024-0003236,0,normal
TX-003814,2024-04-25 16:48:00,5271.45,Vendor_031,Operations,Consulting,ACH,Emp_075,INV-2024-0003215,0,normal
TX-003815,2024-04-25 16:57:00,800.0,Vendor_068,Marketing,Travel,Wire,Emp_047,INV-2024-0003234,0,normal
TX-003816,2024-04-25 17:35:00,2372.71,Vendor_008,Finance,IT,Wire,Emp_001,INV-2024-0003224,0,normal
TX-003817,2024-04-25 17:55:00,2727.42,Vendor_089,Legal,Supplies,ACH,Emp_082,INV-2024-0003230,0,normal
TX-003818,2024-04-25 18:40:00,3737.08,Vendor_077,Support,Supplies,ACH,Emp_106,INV-2024-0003235,0,normal
TX-003819,2024-04-26 09:03:00,1144.17,Vendor_014,HR,Consulting,ACH,Emp_022,INV-2024-0003247,0,normal
TX-003820,2024-04-26 09:14:00,2956.57,Vendor_115,Operations,Travel,Wire,Emp_068,INV-2024-0003273,0,normal
TX-003821,2024-04-26 09:23:00,5099.18,Vendor_069,Support,Travel,Wire,Emp_120,INV-2024-0003201,1,duplicate_invoice
TX-003822,2024-04-26 09:31:00,1103.49,Vendor_019,Sales,IT,Wire,Emp_096,INV-2024-0003272,0,normal
TX-003823,2024-04-26 09:32:00,1090.14,Vendor_080,Legal,Consulting,Check,Emp_080,INV-2024-0003255,0,normal
TX-003824,2024-04-26 10:04:00,1264.52,Vendor_011,IT,Operations,Wire,Emp_036,INV-2024-0003248,0,normal
TX-003825,2024-04-26 10:11:00,1644.72,Vendor_016,Marketing,IT,ACH,Emp_048,INV-2024-0003264,0,normal
TX-003826,2024-04-26 10:11:00,5001.84,Vendor_069,Legal,Travel,Check,Emp_082,INV-2024-0003268,0,normal
TX-003827,2024-04-26 10:27:00,1994.69,Vendor_040,Legal,Supplies,Wire,Emp_084,INV-2024-0003254,0,normal
TX-003828,2024-04-26 10:30:00,1174.94,Vendor_078,Finance,Operations,Wire,Emp_005,INV-2024-0003249,0,normal
TX-003829,2024-04-26 10:31:00,4135.38,Vendor_030,Legal,IT,ACH,Emp_086,INV-2024-0003261,0,normal
TX-003830,2024-04-26 10:35:00,2870.74,Vendor_054,Operations,Operations,Check,Emp_073,INV-2024-0003278,0,normal
TX-003831,2024-04-26 11:09:00,7682.84,Vendor_096,Sales,Operations,Wire,Emp_102,INV-2024-0003251,0,normal
TX-003832,2024-04-26 11:12:00,2703.16,Vendor_008,Finance,Supplies,Card,Emp_015,INV-2024-0003258,0,normal
TX-003833,2024-04-26 11:55:00,1106.51,Vendor_026,HR,Travel,ACH,Emp_019,INV-2024-0003266,0,normal
TX-003834,2024-04-26 12:15:00,5346.93,Vendor_061,Operations,Payroll,ACH,Emp_067,INV-2024-0005300,1,vendor_department_shift
TX-003835,2024-04-26 12:27:00,5526.76,Vendor_060,IT,Consulting,Card,Emp_034,INV-2024-0003252,0,normal
TX-003836,2024-04-26 13:11:00,597.23,Vendor_037,Legal,Consulting,Check,Emp_080,INV-2024-0003263,0,normal
TX-003837,2024-04-26 13:11:00,2575.21,Vendor_091,Support,IT,Card,Emp_116,INV-2024-0003260,0,normal
TX-003838,2024-04-26 13:14:00,2453.46,Vendor_017,Operations,Payroll,ACH,Emp_065,INV-2024-0003257,0,normal
TX-003839,2024-04-26 13:16:00,6258.6,Vendor_043,Marketing,Travel,Check,Emp_058,INV-2024-0003276,0,normal
TX-003840,2024-04-26 13:18:00,2560.17,Vendor_003,Finance,Operations,Card,Emp_004,INV-2024-0003269,0,normal
TX-003841,2024-04-26 13:18:00,1144.22,Vendor_019,Sales,Travel,Wire,Emp_098,INV-2024-0003277,0,normal
TX-003842,2024-04-26 13:24:00,781.9,Vendor_058,Legal,Supplies,ACH,Emp_078,INV-2024-0003270,0,normal
TX-003843,2024-04-26 13:31:00,3525.21,Vendor_081,Legal,Consulting,Wire,Emp_079,INV-2024-0003262,0,normal
TX-003844,2024-04-26 13:50:00,758.63,Vendor_068,Marketing,Supplies,ACH,Emp_047,INV-2024-0003274,0,normal
TX-003845,2024-04-26 13:52:00,5935.31,Vendor_087,Marketing,Payroll,Card,Emp_058,INV-2024-0003259,0,normal
TX-003846,2024-04-26 14:10:00,2023.05,Vendor_010,Support,Operations,Wire,Emp_112,INV-2024-0003246,0,normal
TX-003847,2024-04-26 14:26:00,2136.8,Vendor_002,HR,Travel,Check,Emp_028,INV-2024-0003253,0,normal
TX-003848,2024-04-26 14:40:00,1181.07,Vendor_106,Legal,Consulting,ACH,Emp_088,INV-2024-0003279,0,normal
TX-003849,2024-04-26 15:02:00,1483.2,Vendor_016,Marketing,Supplies,ACH,Emp_052,INV-2024-0003271,0,normal
TX-003850,2024-04-26 15:04:00,8104.22,Vendor_060,IT,Travel,Card,Emp_034,INV-2024-0003267,0,normal
TX-003851,2024-04-26 15:20:00,2460.0,Vendor_087,Marketing,Payroll,Wire,Emp_058,INV-2024-0005778,1,split_payment
TX-003852,2024-04-26 15:29:00,2870.6,Vendor_084,Marketing,Travel,Check,Emp_055,INV-2024-0003256,0,normal
TX-003853,2024-04-26 15:43:00,2696.75,Vendor_101,HR,IT,ACH,Emp_023,INV-2024-0003243,0,normal
TX-003854,2024-04-26 15:47:00,4805.31,Vendor_060,Support,Payroll,Check,Emp_120,INV-2024-0003265,0,normal
TX-003855,2024-04-26 16:24:00,3387.4,Vendor_112,Sales,Travel,ACH,Emp_105,INV-2024-0003245,0,normal
TX-003856,2024-04-26 16:41:00,8729.73,Vendor_060,IT,Travel,Card,Emp_034,INV-2024-0005355,1,same_day_burst
TX-003857,2024-04-26 17:04:00,5271.1,Vendor_062,Sales,Consulting,ACH,Emp_097,INV-2024-0003244,0,normal
TX-003858,2024-04-26 17:55:00,2957.03,Vendor_075,HR,Consulting,ACH,Emp_030,INV-2024-0003250,0,normal
TX-003859,2024-04-26 17:55:00,761.84,Vendor_012,Support,Operations,ACH,Emp_109,INV-2024-0003275,0,normal
TX-003860,2024-04-26 18:53:00,2440.0,Vendor_062,Sales,Consulting,Card,Emp_097,INV-2024-0005777,1,split_payment
TX-003861,2024-04-27 07:13:00,2730.29,Vendor_048,Support,Consulting,Check,Emp_120,INV-2024-0003281,0,normal
TX-003862,2024-04-27 07:20:00,2971.16,Vendor_115,Operations,Operations,Card,Emp_068,INV-2024-0003288,0,normal
TX-003863,2024-04-27 07:35:00,4802.04,Vendor_031,Operations,Operations,Check,Emp_069,INV-2024-0003297,0,normal
TX-003864,2024-04-27 08:32:00,1352.31,Vendor_074,Operations,Consulting,Wire,Emp_070,INV-2024-0003287,0,normal
TX-003865,2024-04-27 09:06:00,10878.85,Vendor_027,Sales,Operations,Check,Emp_100,INV-2024-0005601,1,high_amount
TX-003866,2024-04-27 09:16:00,637.06,Vendor_058,Legal,Supplies,ACH,Emp_084,INV-2024-0003303,0,normal
TX-003867,2024-04-27 09:21:00,1436.88,Vendor_097,Legal,Operations,Wire,Emp_079,INV-2024-0003302,0,normal
TX-003868,2024-04-27 09:29:00,1750.98,Vendor_106,Legal,Consulting,Wire,Emp_081,INV-2024-0003296,0,normal
TX-003869,2024-04-27 10:12:00,1978.87,Vendor_120,IT,Travel,Card,Emp_045,INV-2024-0005110,0,normal
TX-003870,2024-04-27 10:29:00,411.0,Vendor_032,Operations,Travel,Check,Emp_072,INV-2024-0003289,0,normal
TX-003871,2024-04-27 10:37:00,4864.8,Vendor_060,IT,Payroll,ACH,Emp_033,INV-2024-0003284,0,normal
TX-003872,2024-04-27 10:46:00,1277.83,Vendor_083,Operations,IT,Check,Emp_069,INV-2024-0003286,0,normal
TX-003873,2024-04-27 10:56:00,1150.0,Vendor_025,Marketing,Operations,Card,Emp_057,INV-2024-0003301,0,normal
TX-003874,2024-04-27 11:27:00,3183.94,Vendor_003,Finance,IT,ACH,Emp_001,INV-2024-0003299,0,normal
TX-003875,2024-04-27 11:37:00,224.51,Vendor_109,Support,IT,Card,Emp_115,INV-2024-0003280,0,normal
TX-003876,2024-04-27 11:55:00,858.5,Vendor_004,Support,IT,Check,Emp_117,INV-2024-0003305,0,normal
TX-003877,2024-04-27 12:04:00,5313.16,Vendor_060,IT,Travel,Wire,Emp_043,INV-2024-0003285,0,normal
TX-003878,2024-04-27 12:40:00,2125.86,Vendor_078,Finance,Payroll,ACH,Emp_007,INV-2024-4003237,1,fuzzy_duplicate
TX-003879,2024-04-27 12:44:00,9023.04,Vendor_086,Sales,IT,Check,Emp_093,INV-2024-0003292,0,normal
TX-003880,2024-04-27 13:01:00,6143.31,Vendor_060,IT,Travel,ACH,Emp_045,INV-2024-0003294,0,normal
TX-003881,2024-04-27 13:04:00,461.99,Vendor_082,Marketing,Payroll,Check,Emp_049,INV-2024-0003306,0,normal
TX-003882,2024-04-27 13:21:00,6125.32,Vendor_043,Marketing,Travel,Check,Emp_050,INV-2024-0003282,0,normal
TX-003883,2024-04-27 13:46:00,3718.1,Vendor_024,Marketing,Supplies,Card,Emp_048,INV-2024-0003298,0,normal
TX-003884,2024-04-27 13:49:00,3007.96,Vendor_034,Operations,IT,ACH,Emp_073,INV-2024-0003283,0,normal
TX-003885,2024-04-27 14:02:00,1691.17,Vendor_036,Support,Supplies,Check,Emp_110,INV-2024-0003291,0,normal
TX-003886,2024-04-27 14:25:00,1405.07,Vendor_036,Support,Supplies,Wire,Emp_119,INV-2024-0003307,0,normal
TX-003887,2024-04-27 14:30:00,2966.98,Vendor_034,Sales,IT,Wire,Emp_100,INV-2024-0003290,0,normal
TX-003888,2024-04-27 15:04:00,343.33,Vendor_056,Marketing,Travel,Card,Emp_060,INV-2024-0003304,0,normal
TX-003889,2024-04-27 15:52:00,1734.29,Vendor_014,HR,Supplies,ACH,Emp_018,INV-2024-0003295,0,normal
TX-003890,2024-04-27 16:12:00,5178.69,Vendor_049,Legal,Consulting,ACH,Emp_082,INV-2024-0003293,0,normal
TX-003891,2024-04-27 16:50:00,1651.15,Vendor_050,Finance,Supplies,Wire,Emp_003,INV-2024-0003300,0,normal
TX-003892,2024-04-27 17:45:00,5631.0,Vendor_034,Operations,Operations,Check,Emp_072,INV-2024-0005739,1,payment_method_switch
TX-003893,2024-04-27 18:15:00,3203.32,Vendor_075,HR,Consulting,ACH,Emp_023,INV-2024-0003833,1,fuzzy_duplicate
TX-003894,2024-04-28 08:27:00,2006.01,Vendor_040,Legal,Supplies,Wire,Emp_084,INV-2024-0003254,1,duplicate_invoice
TX-003895,2024-04-28 09:29:00,2920.57,Vendor_084,Marketing,Travel,Check,Emp_057,INV-2024-0003256,1,duplicate_invoice
TX-003896,2024-04-28 10:09:00,1634.15,Vendor_118,Operations,IT,Wire,Emp_061,INV-2024-0003309,0,normal
TX-003897,2024-04-28 11:07:00,6623.54,Vendor_060,IT,Consulting,Card,Emp_042,INV-2024-0003311,0,normal
TX-003898,2024-04-28 12:16:00,2201.06,Vendor_039,Operations,Consulting,Wire,Emp_070,INV-2024-0003308,0,normal
TX-003899,2024-04-28 12:49:00,24676.12,Vendor_051,HR,Payroll,ACH,Emp_024,INV-2024-0005590,1,high_amount
TX-003900,2024-04-28 13:42:00,1634.47,Vendor_007,Finance,Consulting,ACH,Emp_001,INV-2024-0003310,0,normal
TX-003901,2024-04-28 14:07:00,2021.78,Vendor_101,HR,IT,ACH,Emp_016,INV-2024-0003313,0,normal
TX-003902,2024-04-28 15:17:00,4872.08,Vendor_062,Sales,Payroll,Wire,Emp_100,INV-2024-0003314,0,normal
TX-003903,2024-04-28 15:27:00,387.33,Vendor_072,Finance,Travel,Wire,Emp_011,INV-2024-0003316,0,normal
TX-003904,2024-04-28 15:36:00,3793.96,Vendor_059,Sales,Supplies,Check,Emp_105,INV-2024-0003315,0,normal
TX-003905,2024-04-28 17:49:00,2442.19,Vendor_085,Finance,Supplies,ACH,Emp_007,INV-2024-0003312,0,normal
TX-003906,2024-04-29 07:44:00,1413.31,Vendor_025,Marketing,Operations,Card,Emp_059,INV-2024-0003335,0,normal
TX-003907,2024-04-29 08:10:00,1493.57,Vendor_106,Legal,Consulting,ACH,Emp_083,INV-2024-0003323,0,normal
TX-003908,2024-04-29 08:48:00,2262.03,Vendor_117,HR,IT,Check,Emp_027,INV-2024-0003326,0,normal
TX-003909,2024-04-29 09:04:00,3313.43,Vendor_073,Legal,Consulting,Check,Emp_078,INV-2024-0003330,0,normal
TX-003910,2024-04-29 09:09:00,1609.11,Vendor_106,Legal,Consulting,Check,Emp_076,INV-2024-0003322,0,normal
TX-003911,2024-04-29 10:27:00,1645.49,Vendor_091,Support,IT,Wire,Emp_109,INV-2024-0003328,0,normal
TX-003912,2024-04-29 10:32:00,5225.68,Vendor_031,Operations,Operations,ACH,Emp_071,INV-2024-0003339,0,normal
TX-003913,2024-04-29 11:01:00,651.35,Vendor_097,Legal,Operations,Wire,Emp_086,INV-2024-0003333,0,normal
TX-003914,2024-04-29 11:23:00,853.02,Vendor_082,Marketing,Consulting,ACH,Emp_059,INV-2024-0003343,0,normal
TX-003915,2024-04-29 11:25:00,3799.23,Vendor_040,HR,Supplies,ACH,Emp_021,INV-2024-0003327,0,normal
TX-003916,2024-04-29 11:34:00,787.48,Vendor_068,Sales,Operations,Wire,Emp_105,INV-2024-0003336,0,normal
TX-003917,2024-04-29 11:37:00,1214.35,Vendor_064,IT,Operations,Card,Emp_036,INV-2024-0003340,0,normal
TX-003918,2024-04-29 11:58:00,2881.43,Vendor_052,HR,Operations,Card,Emp_020,INV-2024-0003325,0,normal
TX-003919,2024-04-29 12:07:00,3327.64,Vendor_098,IT,Operations,Card,Emp_034,INV-2024-0003344,0,normal
TX-003920,2024-04-29 12:54:00,1521.13,Vendor_025,Marketing,Operations,Card,Emp_049,INV-2024-0003338,0,normal
TX-003921,2024-04-29 12:55:00,1136.23,Vendor_009,Operations,Operations,Card,Emp_063,INV-2024-0003341,0,normal
TX-003922,2024-04-29 13:07:00,2036.58,Vendor_091,Finance,IT,Wire,Emp_012,INV-2024-0003324,0,normal
TX-003923,2024-04-29 13:18:00,2125.02,Vendor_021,Finance,Consulting,Card,Emp_014,INV-2024-0003318,0,normal
TX-003924,2024-04-29 13:22:00,1600.66,Vendor_029,IT,Travel,Card,Emp_031,INV-2024-0003321,0,normal
TX-003925,2024-04-29 13:29:00,3480.13,Vendor_117,HR,IT,ACH,Emp_016,INV-2024-0003331,0,normal
TX-003926,2024-04-29 13:36:00,8581.59,Vendor_118,Support,IT,Wire,Emp_118,INV-2024-0005525,1,high_amount
TX-003927,2024-04-29 13:44:00,1796.27,Vendor_076,Marketing,Travel,Card,Emp_047,INV-2024-0003329,0,normal
TX-003928,2024-04-29 13:56:00,1158.04,Vendor_019,Sales,Supplies,ACH,Emp_102,INV-2024-0003334,0,normal
TX-003929,2024-04-29 15:28:00,4500.74,Vendor_101,HR,IT,Wire,Emp_027,INV-2024-0003342,0,normal
TX-003930,2024-04-29 15:30:00,9256.63,Vendor_110,Support,Payroll,Card,Emp_106,INV-2024-0003317,0,normal
TX-003931,2024-04-29 16:02:00,6232.68,Vendor_095,IT,Consulting,Card,Emp_044,INV-2024-0003345,0,normal
TX-003932,2024-04-29 16:06:00,1259.59,Vendor_078,IT,Consulting,Wire,Emp_031,INV-2024-0003320,0,normal
TX-003933,2024-04-29 16:34:00,2137.47,Vendor_101,HR,IT,ACH,Emp_020,INV-2024-0003332,0,normal
TX-003934,2024-04-29 16:46:00,8809.81,Vendor_086,Sales,IT,ACH,Emp_096,INV-2024-0003337,0,normal
TX-003935,2024-04-29 17:33:00,1823.15,Vendor_101,HR,IT,ACH,Emp_020,INV-2024-0005808,1,same_day_burst
TX-003936,2024-04-29 18:19:00,697.03,Vendor_012,Support,Operations,Wire,Emp_108,INV-2024-0003319,0,normal
TX-003937,2024-04-29 18:24:00,1066.6,Vendor_109,Support,Payroll,Check,Emp_114,INV-2024-0005419,1,high_amount
TX-003938,2024-04-30 08:15:00,1556.41,Vendor_103,Finance,Supplies,Check,Emp_007,INV-2024-0003371,0,normal
TX-003939,2024-04-30 08:36:00,796.98,Vendor_102,Support,Travel,Card,Emp_110,INV-2024-0003370,0,normal
TX-003940,2024-04-30 09:15:00,1783.23,Vendor_091,Finance,IT,Wire,Emp_007,INV-2024-0003348,0,normal
TX-003941,2024-04-30 09:23:00,472.79,Vendor_074,Operations,Consulting,Wire,Emp_074,INV-2024-0003356,0,normal
TX-003942,2024-04-30 09:39:00,8286.19,Vendor_110,Legal,Travel,Wire,Emp_076,INV-2024-0003363,0,normal
TX-003943,2024-04-30 10:08:00,2316.72,Vendor_042,Finance,Travel,Check,Emp_001,INV-2024-0003375,0,normal
TX-003944,2024-04-30 10:35:00,3317.69,Vendor_073,Legal,IT,Check,Emp_090,INV-2024-0003359,0,normal
TX-003945,2024-04-30 10:44:00,13270.4,Vendor_086,Sales,Payroll,Check,Emp_093,INV-2024-0003361,0,normal
TX-003946,2024-04-30 10:50:00,1206.06,Vendor_070,Sales,Supplies,Wire,Emp_091,INV-2024-0003360,0,normal
TX-003947,2024-04-30 11:43:00,904.82,Vendor_009,Operations,Operations,Card,Emp_067,INV-2024-0003372,0,normal
TX-003948,2024-04-30 12:05:00,377.02,Vendor_019,Sales,Supplies,ACH,Emp_098,INV-2024-0003352,0,normal
TX-003949,2024-04-30 12:29:00,781.99,Vendor_078,Finance,Payroll,ACH,Emp_003,INV-2024-0003365,0,normal
TX-003950,2024-04-30 12:35:00,2405.7,Vendor_005,Legal,IT,Check,Emp_087,INV-2024-0003369,0,normal
TX-003951,2024-04-30 12:44:00,2240.06,Vendor_039,IT,Payroll,Wire,Emp_044,INV-2024-0003349,0,normal
TX-003952,2024-04-30 13:03:00,5814.41,Vendor_086,Sales,IT,ACH,Emp_103,INV-2024-0003358,0,normal
TX-003953,2024-04-30 13:43:00,6748.42,Vendor_086,Sales,IT,Wire,Emp_096,INV-2024-0005211,0,normal
TX-003954,2024-04-30 13:51:00,5296.59,Vendor_095,Legal,Consulting,Card,Emp_088,INV-2024-0003373,0,normal
TX-003955,2024-04-30 13:53:00,827.58,Vendor_068,Sales,Operations,ACH,Emp_097,INV-2024-0003347,0,normal
TX-003956,2024-04-30 14:01:00,7140.89,Vendor_096,Sales,Operations,Wire,Emp_098,INV-2024-0003346,0,normal
TX-003957,2024-04-30 14:02:00,958.8,Vendor_058,Legal,Travel,ACH,Emp_088,INV-2024-0003368,0,normal
TX-003958,2024-04-30 14:06:00,629.72,Vendor_082,Marketing,Consulting,Card,Emp_052,INV-2024-0003354,0,normal
TX-003959,2024-04-30 14:15:00,1732.68,Vendor_007,Finance,Consulting,Card,Emp_004,INV-2024-0003366,0,normal
TX-003960,2024-04-30 14:42:00,4669.77,Vendor_113,Operations,Consulting,Wire,Emp_068,INV-2024-0003367,0,normal
TX-003961,2024-04-30 14:43:00,4283.33,Vendor_114,IT,Consulting,Check,Emp_037,INV-2024-0003351,0,normal
TX-003962,2024-04-30 14:54:00,2986.42,Vendor_015,HR,Consulting,Card,Emp_026,INV-2024-0003355,0,normal
TX-003963,2024-04-30 15:13:00,4801.15,Vendor_112,Sales,Travel,ACH,Emp_099,INV-2024-0003357,0,normal
TX-003964,2024-04-30 15:36:00,1007.65,Vendor_038,Legal,Travel,Check,Emp_090,INV-2024-0003353,0,normal
TX-003965,2024-04-30 15:52:00,5937.46,Vendor_051,Legal,Payroll,Card,Emp_078,INV-2024-0003364,0,normal
TX-003966,2024-04-30 16:17:00,7941.59,Vendor_104,Sales,Travel,ACH,Emp_094,INV-2024-0005625,1,high_amount
TX-003967,2024-04-30 17:32:00,1783.44,Vendor_001,Finance,Payroll,ACH,Emp_003,INV-2024-0003374,0,normal
TX-003968,2024-04-30 17:42:00,761.13,Vendor_082,Marketing,Consulting,Check,Emp_053,INV-2024-0003350,0,normal
TX-003969,2024-04-30 17:43:00,630.41,Vendor_094,Legal,Consulting,ACH,Emp_079,INV-2024-0003362,0,normal
TX-003970,2024-04-30 18:11:00,635.37,Vendor_082,Marketing,Consulting,Check,Emp_053,INV-2024-0005458,1,same_day_burst
TX-003971,2024-05-01 03:44:00,2296.2,Vendor_039,IT,Payroll,Check,Emp_038,INV-2024-0003349,1,duplicate_invoice
TX-003972,2024-05-01 07:41:00,2299.66,Vendor_108,Marketing,Travel,Wire,Emp_058,INV-2024-0003386,0,normal
TX-003973,2024-05-01 08:44:00,1986.47,Vendor_005,Legal,Payroll,ACH,Emp_082,INV-2024-0003406,0,normal
TX-003974,2024-05-01 08:52:00,8340.18,Vendor_060,Finance,Travel,ACH,Emp_015,INV-2024-0003389,0,normal
TX-003975,2024-05-01 09:04:00,1012.71,Vendor_019,Sales,Travel,Check,Emp_094,INV-2024-0003387,0,normal
TX-003976,2024-05-01 09:24:00,609.4,Vendor_082,Marketing,Consulting,Check,Emp_051,INV-2024-0003376,0,normal
TX-003977,2024-05-01 10:19:00,1954.22,Vendor_079,Marketing,Payroll,Check,Emp_048,INV-2024-0003380,0,normal
TX-003978,2024-05-01 10:19:00,1486.45,Vendor_120,IT,Travel,Card,Emp_034,INV-2024-0003381,0,normal
TX-003979,2024-05-01 10:26:00,5414.2,Vendor_095,Legal,Consulting,ACH,Emp_076,INV-2024-0003404,0,normal
TX-003980,2024-05-01 10:32:00,3214.29,Vendor_077,HR,Consulting,ACH,Emp_030,INV-2024-0003405,0,normal
TX-003981,2024-05-01 10:39:00,3199.14,Vendor_075,HR,Consulting,Wire,Emp_030,INV-2024-0003390,0,normal
TX-003982,2024-05-01 10:49:00,4706.48,Vendor_087,Marketing,Payroll,Wire,Emp_052,INV-2024-0003378,0,normal
TX-003983,2024-05-01 11:10:00,2905.31,Vendor_015,Finance,Consulting,ACH,Emp_009,INV-2024-0003394,0,normal
TX-003984,2024-05-01 11:21:00,165.0,Vendor_109,Operations,Payroll,Card,Emp_062,INV-2024-0003391,0,normal
TX-003985,2024-05-01 11:26:00,2819.07,Vendor_075,HR,Consulting,ACH,Emp_028,INV-2024-0003377,0,normal
TX-003986,2024-05-01 11:29:00,2595.84,Vendor_055,IT,Supplies,Wire,Emp_043,INV-2024-0003407,0,normal
TX-003987,2024-05-01 11:36:00,5150.0,Vendor_095,Legal,Supplies,Card,Emp_087,INV-2024-0003398,0,normal
TX-003988,2024-05-01 11:49:00,963.63,Vendor_013,Finance,Operations,Card,Emp_015,INV-2024-0003400,0,normal
TX-003989,2024-05-01 12:03:00,3491.33,Vendor_062,Sales,Consulting,ACH,Emp_097,INV-2024-0003395,0,normal
TX-003990,2024-05-01 12:17:00,1600.69,Vendor_118,Support,Operations,ACH,Emp_120,INV-2024-0003401,0,normal
TX-003991,2024-05-01 12:21:00,5413.04,Vendor_100,Operations,Consulting,ACH,Emp_072,INV-2024-0003396,0,normal
TX-003992,2024-05-01 12:42:00,2900.66,Vendor_039,IT,Consulting,Wire,Emp_033,INV-2024-0003379,0,normal
TX-003993,2024-05-01 13:28:00,1138.91,Vendor_009,Operations,Operations,ACH,Emp_068,INV-2024-0003384,0,normal
TX-003994,2024-05-01 13:34:00,599.04,Vendor_032,HR,Travel,Check,Emp_021,INV-2024-0003408,0,normal
TX-003995,2024-05-01 13:44:00,1540.14,Vendor_007,Legal,Payroll,Wire,Emp_079,INV-2024-0003392,0,normal
TX-003996,2024-05-01 13:48:00,737.58,Vendor_032,Marketing,Travel,Check,Emp_053,INV-2024-0003402,0,normal
TX-003997,2024-05-01 14:07:00,4867.25,Vendor_024,Marketing,Supplies,Wire,Emp_046,INV-2024-0003382,0,normal
TX-003998,2024-05-01 14:09:00,4693.51,Vendor_095,Legal,Supplies,Card,Emp_087,INV-2024-0005635,1,same_day_burst
TX-003999,2024-05-01 14:17:00,797.11,Vendor_063,Sales,Supplies,Card,Emp_098,INV-2024-0003383,0,normal
TX-004000,2024-05-01 14:24:00,1106.0,Vendor_038,Finance,Payroll,Check,Emp_002,INV-2024-0003393,0,normal
TX-004001,2024-05-01 15:29:00,994.23,Vendor_094,Legal,Operations,Wire,Emp_086,INV-2024-0003397,0,normal
TX-004002,2024-05-01 15:56:00,2460.0,Vendor_013,Finance,Operations,Check,Emp_015,INV-2024-0005604,1,split_payment
TX-004003,2024-05-01 16:00:00,4436.75,Vendor_095,Legal,Supplies,Card,Emp_087,INV-2024-0005661,1,same_day_burst
TX-004004,2024-05-01 16:01:00,3523.61,Vendor_105,Operations,Operations,Check,Emp_062,INV-2024-0003403,0,normal
TX-004005,2024-05-01 16:07:00,3323.33,Vendor_024,Marketing,Supplies,Wire,Emp_058,INV-2024-0003388,0,normal
TX-004006,2024-05-01 16:19:00,2354.68,Vendor_039,IT,Payroll,Wire,Emp_031,INV-2024-0003385,0,normal
TX-004007,2024-05-01 17:13:00,771.18,Vendor_032,Marketing,Travel,Check,Emp_053,INV-2024-0005603,1,same_day_burst
TX-004008,2024-05-01 18:09:00,6926.95,Vendor_031,Operations,Travel,Card,Emp_071,INV-2024-0003399,0,normal
TX-004009,2024-05-02 07:49:00,1159.12,Vendor_063,Sales,Operations,Check,Emp_104,INV-2024-0003426,0,normal
TX-004010,2024-05-02 07:52:00,2822.2,Vendor_053,Support,IT,ACH,Emp_106,INV-2024-0003409,0,normal
TX-004011,2024-05-02 07:54:00,1365.68,Vendor_102,Support,Travel,Card,Emp_119,INV-2024-0003434,0,normal
TX-004012,2024-05-02 08:53:00,3837.28,Vendor_086,Sales,IT,Check,Emp_099,INV-2024-0003438,0,normal
TX-004013,2024-05-02 09:02:00,1229.96,Vendor_064,Operations,Travel,Card,Emp_063,INV-2024-0003436,0,normal
TX-004014,2024-05-02 09:12:00,3518.61,Vendor_073,Legal,Consulting,Check,Emp_082,INV-2024-0003422,0,normal
TX-004015,2024-05-02 09:40:00,3749.22,Vendor_077,Support,Consulting,Check,Emp_108,INV-2024-0003419,0,normal
TX-004016,2024-05-02 10:32:00,8579.9,Vendor_107,Support,Supplies,Check,Emp_113,INV-2024-0003412,0,normal
TX-004017,2024-05-02 10:39:00,1395.05,Vendor_083,Finance,IT,ACH,Emp_006,INV-2024-0003432,0,normal
TX-004018,2024-05-02 10:41:00,2387.61,Vendor_035,Legal,Travel,ACH,Emp_083,INV-2024-0003439,0,normal
TX-004019,2024-05-02 11:02:00,695.47,Vendor_074,Operations,Operations,Wire,Emp_062,INV-2024-0003423,0,normal
TX-004020,2024-05-02 11:09:00,3001.34,Vendor_098,Finance,Operations,ACH,Emp_006,INV-2024-0003417,0,normal
TX-004021,2024-05-02 11:09:00,2962.34,Vendor_091,Support,IT,Wire,Emp_118,INV-2024-0003418,0,normal
TX-004022,2024-05-02 11:14:00,2216.71,Vendor_059,Sales,Supplies,Check,Emp_093,INV-2024-0003420,0,normal
TX-004023,2024-05-02 12:17:00,5950.42,Vendor_086,Sales,IT,ACH,Emp_101,INV-2024-0003421,0,normal
TX-004024,2024-05-02 12:19:00,3500.0,Vendor_024,Marketing,Supplies,Check,Emp_047,INV-2024-0003441,0,normal
TX-004025,2024-05-02 12:30:00,2552.95,Vendor_005,Legal,Supplies,ACH,Emp_077,INV-2024-0003415,0,normal
TX-004026,2024-05-02 12:53:00,1722.96,Vendor_017,Operations,Payroll,Check,Emp_066,INV-2024-0003429,0,normal
TX-004027,2024-05-02 12:57:00,4544.58,Vendor_051,Sales,Payroll,Check,Emp_092,INV-2024-0003435,0,normal
TX-004028,2024-05-02 13:15:00,2334.12,Vendor_108,Marketing,Travel,Wire,Emp_049,INV-2024-0003416,0,normal
TX-004029,2024-05-02 13:16:00,1149.68,Vendor_064,HR,Supplies,ACH,Emp_017,INV-2024-0003428,0,normal
TX-004030,2024-05-02 13:19:00,5302.99,Vendor_006,Sales,Payroll,ACH,Emp_098,INV-2024-0003430,0,normal
TX-004031,2024-05-02 13:28:00,5635.54,Vendor_092,Sales,Payroll,Card,Emp_096,INV-2024-0003440,0,normal
TX-004032,2024-05-02 13:46:00,1034.17,Vendor_014,HR,Supplies,ACH,Emp_018,INV-2024-0003433,0,normal
TX-004033,2024-05-02 13:55:00,1718.14,Vendor_036,Support,Supplies,Card,Emp_113,INV-2024-0003411,0,normal
TX-004034,2024-05-02 13:55:00,3877.36,Vendor_117,HR,IT,ACH,Emp_028,INV-2024-0003414,0,normal
TX-004035,2024-05-02 14:12:00,2597.43,Vendor_054,Operations,Consulting,ACH,Emp_064,INV-2024-0003437,0,normal
TX-004036,2024-05-02 14:14:00,2430.34,Vendor_055,Finance,Operations,Wire,Emp_001,INV-2024-0003424,0,normal
TX-004037,2024-05-02 14:44:00,3649.7,Vendor_098,Finance,Operations,Card,Emp_011,INV-2024-0003427,0,normal
TX-004038,2024-05-02 15:42:00,601.82,Vendor_032,HR,Travel,ACH,Emp_017,INV-2024-0003410,0,normal
TX-004039,2024-05-02 15:50:00,1654.44,Vendor_050,Finance,Travel,ACH,Emp_014,INV-2024-0003442,0,normal
TX-004040,2024-05-02 15:56:00,3459.82,Vendor_069,Legal,Travel,Wire,Emp_081,INV-2024-0003425,0,normal
TX-004041,2024-05-02 16:11:00,4770.0,Vendor_006,Sales,Payroll,Check,Emp_098,INV-2024-0005784,1,split_payment
TX-004042,2024-05-02 16:14:00,873.79,Vendor_068,Sales,Supplies,ACH,Emp_098,INV-2024-0003431,0,normal
TX-004043,2024-05-02 17:12:00,1475.12,Vendor_066,Sales,Payroll,Card,Emp_098,INV-2024-0005382,1,vendor_department_shift
TX-004044,2024-05-02 17:16:00,1750.07,Vendor_007,Finance,Payroll,Card,Emp_012,INV-2024-0003413,0,normal
TX-004045,2024-05-03 02:30:00,5212.18,Vendor_113,Legal,Operations,ACH,Emp_081,INV-2024-0005692,1,vendor_department_shift
TX-004046,2024-05-03 08:21:00,3039.96,Vendor_005,Support,Consulting,ACH,Emp_106,INV-2024-0003462,0,normal
TX-004047,2024-05-03 08:25:00,6871.68,Vendor_071,Finance,Payroll,Check,Emp_014,INV-2024-0003473,0,normal
TX-004048,2024-05-03 08:47:00,2724.59,Vendor_054,Operations,Operations,Check,Emp_067,INV-2024-0003464,0,normal
TX-004049,2024-05-03 08:58:00,7356.93,Vendor_060,IT,Payroll,Wire,Emp_036,INV-2024-0003458,0,normal
TX-004050,2024-05-03 09:07:00,2654.61,Vendor_053,Support,IT,Wire,Emp_113,INV-2024-0003452,0,normal
TX-004051,2024-05-03 09:17:00,4870.7,Vendor_119,Marketing,Travel,Check,Emp_055,INV-2024-0003457,0,normal
TX-004052,2024-05-03 09:42:00,1151.82,Vendor_074,Operations,Consulting,Wire,Emp_067,INV-2024-0003465,0,normal
TX-004053,2024-05-03 09:46:00,2075.24,Vendor_046,Finance,Travel,ACH,Emp_005,INV-2024-0003481,0,normal
TX-004054,2024-05-03 10:05:00,1297.84,Vendor_044,Finance,Operations,Wire,Emp_006,INV-2024-0003443,0,normal
TX-004055,2024-05-03 10:06:00,231.22,Vendor_109,Support,IT,Card,Emp_118,INV-2024-0005181,0,normal
TX-004056,2024-05-03 10:15:00,856.76,Vendor_082,Marketing,Consulting,Check,Emp_054,INV-2024-0003463,0,normal
TX-004057,2024-05-03 10:17:00,2780.9,Vendor_054,Operations,Consulting,Wire,Emp_065,INV-2024-0003474,0,normal
TX-004058,2024-05-03 10:18:00,2682.2,Vendor_002,Support,Operations,Check,Emp_118,INV-2024-0003471,0,normal
TX-004059,2024-05-03 10:36:00,1549.11,Vendor_042,Legal,Operations,ACH,Emp_086,INV-2024-0003455,0,normal
TX-004060,2024-05-03 10:39:00,5255.42,Vendor_051,Sales,Payroll,ACH,Emp_094,INV-2024-0003475,0,normal
TX-004061,2024-05-03 10:39:00,2509.91,Vendor_105,Operations,Operations,ACH,Emp_075,INV-2024-0003444,0,normal
TX-004062,2024-05-03 10:58:00,2938.61,Vendor_092,Sales,Payroll,Wire,Emp_101,INV-2024-0003467,0,normal
TX-004063,2024-05-03 11:00:00,3026.65,Vendor_040,HR,Supplies,Wire,Emp_028,INV-2024-0003450,0,normal
TX-004064,2024-05-03 11:04:00,2463.43,Vendor_113,Operations,Consulting,ACH,Emp_066,INV-2024-0003476,0,normal
TX-004065,2024-05-03 11:06:00,2290.69,Vendor_093,Legal,Payroll,Check,Emp_083,INV-2024-0003447,0,normal
TX-004066,2024-05-03 11:16:00,6285.42,Vendor_095,Legal,Supplies,Check,Emp_085,INV-2024-0003445,0,normal
TX-004067,2024-05-03 11:32:00,2035.91,Vendor_091,Support,IT,ACH,Emp_113,INV-2024-0003459,0,normal
TX-004068,2024-05-03 11:43:00,710.27,Vendor_032,Support,Travel,ACH,Emp_113,INV-2024-0003469,0,normal
TX-004069,2024-05-03 11:47:00,768.7,Vendor_032,HR,Travel,ACH,Emp_023,INV-2024-0003449,0,normal
TX-004070,2024-05-03 11:56:00,5039.0,Vendor_069,Legal,Travel,Wire,Emp_076,INV-2024-0003456,0,normal
TX-004071,2024-05-03 11:59:00,1387.64,Vendor_056,Marketing,IT,ACH,Emp_049,INV-2024-0003483,0,normal
TX-004072,2024-05-03 12:25:00,4735.19,Vendor_051,HR,Payroll,Check,Emp_017,INV-2024-0003480,0,normal
TX-004073,2024-05-03 12:31:00,1708.46,Vendor_118,Support,Supplies,Card,Emp_118,INV-2024-0003453,0,normal
TX-004074,2024-05-03 12:47:00,2440.22,Vendor_005,Legal,Travel,Wire,Emp_079,INV-2024-0003460,0,normal
TX-004075,2024-05-03 12:51:00,1838.84,Vendor_026,HR,Travel,ACH,Emp_019,INV-2024-0003477,0,normal
TX-004076,2024-05-03 13:22:00,950.0,Vendor_064,IT,Supplies,Card,Emp_032,INV-2024-0003468,0,normal
TX-004077,2024-05-03 13:41:00,244.46,Vendor_109,Support,Payroll,Card,Emp_117,INV-2024-0003454,0,normal
TX-004078,2024-05-03 13:48:00,4824.13,Vendor_051,HR,Payroll,Check,Emp_024,INV-2024-0003470,0,normal
TX-004079,2024-05-03 14:26:00,3428.57,Vendor_008,Finance,Travel,Wire,Emp_013,INV-2024-0003482,0,normal
TX-004080,2024-05-03 14:47:00,5619.38,Vendor_049,Legal,Consulting,ACH,Emp_083,INV-2024-0003461,0,normal
TX-004081,2024-05-03 14:58:00,5615.41,Vendor_071,Finance,Travel,Wire,Emp_009,INV-2024-0003472,0,normal
TX-004082,2024-05-03 15:38:00,2861.42,Vendor_015,HR,Payroll,ACH,Emp_020,INV-2024-0003451,0,normal
TX-004083,2024-05-03 16:36:00,5992.35,Vendor_081,IT,IT,Check,Emp_036,INV-2024-0005491,1,vendor_department_shift
TX-004084,2024-05-03 16:36:00,6327.48,Vendor_043,Marketing,Travel,Check,Emp_052,INV-2024-0003446,0,normal
TX-004085,2024-05-03 16:47:00,2374.41,Vendor_076,Support,Consulting,ACH,Emp_116,INV-2024-0003478,0,normal
TX-004086,2024-05-03 17:00:00,1905.37,Vendor_053,Support,Consulting,Wire,Emp_120,INV-2024-0003479,0,normal
TX-004087,2024-05-03 17:34:00,3547.19,Vendor_006,Sales,Payroll,ACH,Emp_102,INV-2024-0003466,0,normal
TX-004088,2024-05-03 18:05:00,2330.46,Vendor_053,Support,Consulting,Wire,Emp_120,INV-2024-0005774,1,same_day_burst
TX-004089,2024-05-03 18:30:00,4250.19,Vendor_020,Marketing,Operations,Check,Emp_056,INV-2024-0003448,0,normal
TX-004090,2024-05-03 19:31:00,2370.0,Vendor_076,Support,Consulting,Wire,Emp_116,INV-2024-0005485,1,split_payment
TX-004091,2024-05-04 07:23:00,2200.0,Vendor_055,Operations,Supplies,Card,Emp_062,INV-2024-0005273,0,normal
TX-004092,2024-05-04 08:22:00,8455.95,Vendor_060,IT,IT,Check,Emp_033,INV-2024-0005395,1,payment_method_switch
TX-004093,2024-05-04 09:34:00,1593.06,Vendor_074,Operations,Operations,Card,Emp_071,INV-2024-0003488,0,normal
TX-004094,2024-05-04 10:31:00,1672.74,Vendor_104,Sales,Consulting,Card,Emp_101,INV-2024-0003490,0,normal
TX-004095,2024-05-04 11:00:00,2441.8,Vendor_032,Marketing,Travel,Wire,Emp_053,INV-2024-0005360,1,high_amount
TX-004096,2024-05-04 11:10:00,2251.23,Vendor_011,IT,Supplies,Wire,Emp_037,INV-2024-0003494,0,normal
TX-004097,2024-05-04 12:05:00,5799.74,Vendor_096,Sales,Operations,Wire,Emp_091,INV-2024-0003491,0,normal
TX-004098,2024-05-04 12:23:00,5548.51,Vendor_112,Sales,Consulting,ACH,Emp_093,INV-2024-0003485,0,normal
TX-004099,2024-05-04 12:43:00,1116.72,Vendor_066,Legal,IT,Wire,Emp_082,INV-2024-0003492,0,normal
TX-004100,2024-05-04 12:45:00,1901.58,Vendor_065,Operations,Operations,ACH,Emp_061,INV-2024-0003487,0,normal
TX-004101,2024-05-04 13:08:00,595.73,Vendor_102,Support,Travel,ACH,Emp_109,INV-2024-0003484,0,normal
TX-004102,2024-05-04 13:19:00,1446.87,Vendor_083,Operations,IT,Wire,Emp_063,INV-2024-0003486,0,normal
TX-004103,2024-05-04 13:52:00,3242.98,Vendor_117,HR,Consulting,Wire,Emp_026,INV-2024-0003489,0,normal
TX-004104,2024-05-04 14:07:00,34388.28,Vendor_049,Legal,Consulting,Wire,Emp_082,INV-2024-0005411,1,high_amount
TX-004105,2024-05-04 17:10:00,5140.26,Vendor_069,Legal,Travel,ACH,Emp_079,INV-2024-0003493,0,normal
TX-004106,2024-05-05 07:18:00,4547.07,Vendor_092,Sales,Payroll,Wire,Emp_101,INV-2024-0003503,0,normal
TX-004107,2024-05-05 08:25:00,2131.76,Vendor_041,Legal,Supplies,Wire,Emp_080,INV-2024-0003499,0,normal
TX-004108,2024-05-05 09:05:00,865.75,Vendor_058,Legal,Travel,ACH,Emp_089,INV-2024-0003508,0,normal
TX-004109,2024-05-05 09:21:00,3796.64,Vendor_081,Finance,Payroll,Wire,Emp_010,INV-2024-0003502,0,normal
TX-004110,2024-05-05 09:35:00,1382.65,Vendor_101,HR,IT,Check,Emp_023,INV-2024-0003500,0,normal
TX-004111,2024-05-05 09:36:00,4650.92,Vendor_040,HR,Supplies,Wire,Emp_020,INV-2024-0003509,0,normal
TX-004112,2024-05-05 09:51:00,3663.02,Vendor_113,Operations,Consulting,Check,Emp_065,INV-2024-0003498,0,normal
TX-004113,2024-05-05 10:12:00,2441.6,Vendor_003,Finance,Operations,Card,Emp_006,INV-2024-0003495,0,normal
TX-004114,2024-05-05 10:18:00,2747.97,Vendor_002,Support,Operations,Card,Emp_115,INV-2024-0003471,1,duplicate_invoice
TX-004115,2024-05-05 10:23:00,4860.0,Vendor_092,Sales,Payroll,Card,Emp_101,INV-2024-0005337,1,split_payment
TX-004116,2024-05-05 11:44:00,18241.89,Vendor_071,Finance,Travel,Card,Emp_009,INV-2024-0005459,1,high_amount
TX-004117,2024-05-05 11:52:00,3762.23,Vendor_006,Sales,IT,Wire,Emp_091,INV-2024-0005238,0,normal
TX-004118,2024-05-05 12:01:00,2762.83,Vendor_025,Marketing,Consulting,Card,Emp_047,INV-2024-0003506,0,normal
TX-004119,2024-05-05 12:14:00,2218.49,Vendor_092,Sales,Payroll,Wire,Emp_094,INV-2024-0003505,0,normal
TX-004120,2024-05-05 14:16:00,3245.46,Vendor_117,HR,IT,ACH,Emp_029,INV-2024-0003496,0,normal
TX-004121,2024-05-05 14:41:00,5873.06,Vendor_060,IT,Consulting,ACH,Emp_036,INV-2024-0003497,0,normal
TX-004122,2024-05-05 15:25:00,1425.12,Vendor_083,Operations,IT,Check,Emp_064,INV-2024-0003501,0,normal
TX-004123,2024-05-05 15:31:00,3134.51,Vendor_077,Support,Operations,Check,Emp_111,INV-2024-0003507,0,normal
TX-004124,2024-05-05 18:00:00,3484.34,Vendor_022,IT,IT,ACH,Emp_040,INV-2024-0003504,0,normal
TX-004125,2024-05-06 03:31:00,3145.68,Vendor_077,Support,Operations,Wire,Emp_117,INV-2024-0006507,1,fuzzy_duplicate
TX-004126,2024-05-06 07:02:00,2494.0,Vendor_054,Operations,Supplies,Check,Emp_069,INV-2024-0003544,0,normal
TX-004127,2024-05-06 07:25:00,3011.75,Vendor_115,Operations,Operations,Card,Emp_063,INV-2024-0003527,0,normal
TX-004128,2024-05-06 07:27:00,3377.16,Vendor_075,HR,Consulting,Card,Emp_030,INV-2024-0003531,0,normal
TX-004129,2024-05-06 08:57:00,1248.62,Vendor_074,Operations,Operations,Wire,Emp_069,INV-2024-0003514,0,normal
TX-004130,2024-05-06 09:00:00,1463.64,Vendor_036,Support,Supplies,Wire,Emp_118,INV-2024-0003520,0,normal
TX-004131,2024-05-06 09:17:00,3358.19,Vendor_030,Legal,IT,ACH,Emp_087,INV-2024-0003536,0,normal
TX-004132,2024-05-06 09:21:00,1819.1,Vendor_036,Marketing,Supplies,Wire,Emp_052,INV-2024-0003512,0,normal
TX-004133,2024-05-06 10:11:00,1950.86,Vendor_005,Finance,IT,ACH,Emp_004,INV-2024-0003545,0,normal
TX-004134,2024-05-06 10:14:00,1375.78,Vendor_064,IT,Travel,Card,Emp_034,INV-2024-0003517,0,normal
TX-004135,2024-05-06 10:33:00,1006.35,Vendor_032,Support,Travel,Check,Emp_109,INV-2024-0003516,0,normal
TX-004136,2024-05-06 10:53:00,286.8,Vendor_109,Support,IT,ACH,Emp_107,INV-2024-0003513,0,normal
TX-004137,2024-05-06 10:57:00,2137.66,Vendor_059,Marketing,Supplies,Check,Emp_050,INV-2024-0003510,0,normal
TX-004138,2024-05-06 11:05:00,1293.7,Vendor_066,Legal,Payroll,Wire,Emp_080,INV-2024-0003542,0,normal
TX-004139,2024-05-06 11:44:00,1720.81,Vendor_010,Support,Payroll,ACH,Emp_109,INV-2024-0003537,0,normal
TX-004140,2024-05-06 12:00:00,3389.24,Vendor_115,Legal,Operations,Wire,Emp_083,INV-2024-0003522,0,normal
TX-004141,2024-05-06 12:11:00,7115.54,Vendor_049,Legal,Consulting,ACH,Emp_090,INV-2024-0003524,0,normal
TX-004142,2024-05-06 12:18:00,1296.81,Vendor_026,HR,Travel,Wire,Emp_022,INV-2024-0003518,0,normal
TX-004143,2024-05-06 12:18:00,1488.13,Vendor_016,Legal,IT,ACH,Emp_080,INV-2024-0003535,0,normal
TX-004144,2024-05-06 12:24:00,5370.99,Vendor_071,Finance,Operations,Check,Emp_012,INV-2024-0005237,0,normal
TX-004145,2024-05-06 12:33:00,1387.65,Vendor_056,Marketing,Travel,Card,Emp_054,INV-2024-0003538,0,normal
TX-004146,2024-05-06 13:02:00,5007.95,Vendor_031,Operations,Operations,ACH,Emp_071,INV-2024-0003533,0,normal
TX-004147,2024-05-06 13:07:00,1804.72,Vendor_106,Legal,Consulting,ACH,Emp_078,INV-2024-0003543,0,normal
TX-004148,2024-05-06 13:21:00,2693.45,Vendor_034,Sales,Travel,Wire,Emp_103,INV-2024-0003519,0,normal
TX-004149,2024-05-06 13:26:00,1530.45,Vendor_016,Finance,Supplies,Check,Emp_006,INV-2024-0003529,0,normal
TX-004150,2024-05-06 13:34:00,4339.79,Vendor_077,HR,Payroll,Wire,Emp_024,INV-2024-0003534,0,normal
TX-004151,2024-05-06 13:39:00,6591.47,Vendor_096,Sales,Operations,Wire,Emp_094,INV-2024-0003523,0,normal
TX-004152,2024-05-06 13:46:00,1231.73,Vendor_080,Legal,Consulting,ACH,Emp_086,INV-2024-0003525,0,normal
TX-004153,2024-05-06 14:17:00,1587.32,Vendor_013,Marketing,Supplies,Wire,Emp_046,INV-2024-0003515,0,normal
TX-004154,2024-05-06 14:20:00,1978.43,Vendor_036,Marketing,Supplies,Wire,Emp_052,INV-2024-0005675,1,same_day_burst
TX-004155,2024-05-06 14:36:00,1584.1,Vendor_036,Support,Supplies,Card,Emp_115,INV-2024-0003546,0,normal
TX-004156,2024-05-06 14:55:00,2896.17,Vendor_101,HR,IT,ACH,Emp_030,INV-2024-0003511,0,normal
TX-004157,2024-05-06 14:55:00,975.91,Vendor_019,Sales,Consulting,Card,Emp_092,INV-2024-0003521,0,normal
TX-004158,2024-05-06 15:00:00,1699.71,Vendor_106,Legal,Consulting,Check,Emp_080,INV-2024-0003528,0,normal
TX-004159,2024-05-06 15:48:00,5659.27,Vendor_114,IT,Consulting,Check,Emp_031,INV-2024-0003530,0,normal
TX-004160,2024-05-06 15:57:00,1007.96,Vendor_097,Legal,Operations,Wire,Emp_081,INV-2024-0003540,0,normal
TX-004161,2024-05-06 16:03:00,8200.78,Vendor_096,Sales,Operations,Card,Emp_100,INV-2024-0003532,0,normal
TX-004162,2024-05-06 16:08:00,1612.94,Vendor_116,HR,IT,Wire,Emp_017,INV-2024-0003541,0,normal
TX-004163,2024-05-06 16:14:00,917.32,Vendor_103,Finance,Operations,ACH,Emp_008,INV-2024-0003539,0,normal
TX-004164,2024-05-06 17:06:00,4832.42,Vendor_105,Operations,Consulting,ACH,Emp_075,INV-2024-0003526,0,normal
TX-004165,2024-05-06 17:55:00,1631.21,Vendor_016,Finance,Supplies,Check,Emp_006,INV-2024-0005292,1,same_day_burst
TX-004166,2024-05-07 07:43:00,1182.03,Vendor_070,Sales,Consulting,Card,Emp_101,INV-2024-0003557,0,normal
TX-004167,2024-05-07 08:29:00,3084.33,Vendor_015,HR,Consulting,Wire,Emp_018,INV-2024-0003561,0,normal
TX-004168,2024-05-07 08:42:00,1207.07,Vendor_004,Support,Payroll,Card,Emp_109,INV-2024-0003595,0,normal
TX-004169,2024-05-07 08:52:00,3104.22,Vendor_048,Support,Consulting,Check,Emp_109,INV-2024-0003563,0,normal
TX-004170,2024-05-07 08:59:00,1353.79,Vendor_083,Operations,IT,Wire,Emp_062,INV-2024-0003567,0,normal
TX-004171,2024-05-07 09:03:00,1244.17,Vendor_019,Sales,IT,Card,Emp_101,INV-2024-0003588,0,normal
TX-004172,2024-05-07 09:04:00,3666.91,Vendor_075,HR,Consulting,ACH,Emp_020,INV-2024-0003560,0,normal
TX-004173,2024-05-07 09:15:00,3022.11,Vendor_113,Operations,Consulting,Card,Emp_075,INV-2024-0003592,0,normal
TX-004174,2024-05-07 09:41:00,1356.37,Vendor_097,Legal,Operations,Wire,Emp_079,INV-2024-0003559,0,normal
TX-004175,2024-05-07 10:19:00,2721.59,Vendor_042,Marketing,Operations,Check,Emp_058,INV-2024-0003552,0,normal
TX-004176,2024-05-07 10:36:00,1954.77,Vendor_024,Marketing,Travel,Wire,Emp_051,INV-2024-0003575,0,normal
TX-004177,2024-05-07 10:37:00,971.39,Vendor_012,Support,Operations,Card,Emp_112,INV-2024-0003582,0,normal
TX-004178,2024-05-07 10:39:00,2846.04,Vendor_025,Marketing,Consulting,Card,Emp_050,INV-2024-0003565,0,normal
TX-004179,2024-05-07 10:50:00,1223.21,Vendor_083,Operations,IT,Wire,Emp_064,INV-2024-0003549,0,normal
TX-004180,2024-05-07 10:51:00,2745.94,Vendor_005,Legal,IT,ACH,Emp_090,INV-2024-0003578,0,normal
TX-004181,2024-05-07 11:03:00,1352.07,Vendor_011,IT,Supplies,Card,Emp_042,INV-2024-0003570,0,normal
TX-004182,2024-05-07 11:08:00,7530.96,Vendor_086,Sales,IT,Card,Emp_101,INV-2024-0003587,0,normal
TX-004183,2024-05-07 11:12:00,3406.13,Vendor_113,Operations,Consulting,ACH,Emp_075,INV-2024-0003584,0,normal
TX-004184,2024-05-07 11:28:00,7255.69,Vendor_049,Legal,Consulting,ACH,Emp_086,INV-2024-0003568,0,normal
TX-004185,2024-05-07 11:40:00,7829.16,Vendor_060,IT,Payroll,ACH,Emp_032,INV-2024-0003576,0,normal
TX-004186,2024-05-07 12:05:00,955.33,Vendor_082,Marketing,Consulting,Check,Emp_060,INV-2024-0003562,0,normal
TX-004187,2024-05-07 12:13:00,899.98,Vendor_097,Legal,Operations,Wire,Emp_076,INV-2024-0003569,0,normal
TX-004188,2024-05-07 12:26:00,3120.75,Vendor_115,Sales,Operations,Wire,Emp_099,INV-2024-0003577,0,normal
TX-004189,2024-05-07 12:37:00,3710.43,Vendor_034,Sales,Payroll,ACH,Emp_100,INV-2024-0003583,0,normal
TX-004190,2024-05-07 12:49:00,1117.71,Vendor_023,Finance,Supplies,ACH,Emp_009,INV-2024-0003574,0,normal
TX-004191,2024-05-07 12:49:00,269.7,Vendor_109,Support,Payroll,Card,Emp_115,INV-2024-0003551,0,normal
TX-004192,2024-05-07 13:01:00,5268.21,Vendor_114,IT,IT,ACH,Emp_041,INV-2024-0003558,0,normal
TX-004193,2024-05-07 13:05:00,2896.06,Vendor_115,Operations,IT,Card,Emp_063,INV-2024-0003573,0,normal
TX-004194,2024-05-07 13:23:00,2851.4,Vendor_040,HR,Supplies,ACH,Emp_028,INV-2024-0003547,0,normal
TX-004195,2024-05-07 13:29:00,2052.82,Vendor_091,Support,IT,Check,Emp_120,INV-2024-0003586,0,normal
TX-004196,2024-05-07 13:31:00,1524.69,Vendor_007,Finance,Consulting,Wire,Emp_010,INV-2024-0003553,0,normal
TX-004197,2024-05-07 13:35:00,3739.56,Vendor_043,Marketing,Travel,Card,Emp_050,INV-2024-0003593,0,normal
TX-004198,2024-05-07 13:37:00,3138.87,Vendor_108,Marketing,Travel,Wire,Emp_049,INV-2024-0003590,0,normal
TX-004199,2024-05-07 13:46:00,7098.33,Vendor_095,Finance,Consulting,Card,Emp_011,INV-2024-0003572,0,normal
TX-004200,2024-05-07 13:54:00,2877.88,Vendor_059,Sales,Supplies,Check,Emp_104,INV-2024-0003548,0,normal
TX-004201,2024-05-07 13:55:00,2950.74,Vendor_024,Marketing,Consulting,Wire,Emp_056,INV-2024-0003550,0,normal
TX-004202,2024-05-07 14:12:00,3270.43,Vendor_073,Legal,Consulting,ACH,Emp_076,INV-2024-0003594,0,normal
TX-004203,2024-05-07 14:28:00,4880.0,Vendor_025,Marketing,Consulting,Wire,Emp_050,INV-2024-0005560,1,split_payment
TX-004204,2024-05-07 14:42:00,1515.0,Vendor_036,Support,Supplies,Wire,Emp_111,INV-2024-0003580,0,normal
TX-004205,2024-05-07 14:51:00,1926.28,Vendor_010,Support,Operations,Wire,Emp_113,INV-2024-0003571,0,normal
TX-004206,2024-05-07 14:54:00,4940.0,Vendor_040,HR,Supplies,Card,Emp_028,INV-2024-0005412,1,split_payment
TX-004207,2024-05-07 14:56:00,809.82,Vendor_019,Marketing,IT,ACH,Emp_052,INV-2024-0003579,0,normal
TX-004208,2024-05-07 14:59:00,1494.17,Vendor_009,Operations,Operations,ACH,Emp_069,INV-2024-0003591,0,normal
TX-004209,2024-05-07 15:15:00,3678.05,Vendor_073,Legal,Consulting,Check,Emp_085,INV-2024-0003589,0,normal
TX-004210,2024-05-07 15:25:00,2120.7,Vendor_084,Marketing,Travel,Card,Emp_051,INV-2024-0003566,0,normal
TX-004211,2024-05-07 15:25:00,2040.73,Vendor_011,IT,Supplies,ACH,Emp_034,INV-2024-0003564,0,normal
TX-004212,2024-05-07 15:57:00,2164.51,Vendor_084,Marketing,Supplies,Check,Emp_049,INV-2024-0003555,0,normal
TX-004213,2024-05-07 16:29:00,4356.67,Vendor_086,Sales,IT,Check,Emp_097,INV-2024-0003581,0,normal
TX-004214,2024-05-07 16:35:00,1163.71,Vendor_101,HR,IT,Check,Emp_024,INV-2024-0003554,0,normal
TX-004215,2024-05-07 17:19:00,1057.24,Vendor_038,Finance,Travel,Wire,Emp_002,INV-2024-0003585,0,normal
TX-004216,2024-05-07 17:51:00,4703.28,Vendor_069,Legal,Travel,Wire,Emp_082,INV-2024-0003556,0,normal
TX-004217,2024-05-08 08:15:00,5554.85,Vendor_051,IT,Payroll,Card,Emp_036,INV-2024-0003603,0,normal
TX-004218,2024-05-08 08:40:00,1240.9,Vendor_016,Marketing,IT,ACH,Emp_050,INV-2024-0003605,0,normal
TX-004219,2024-05-08 09:19:00,2296.07,Vendor_048,Support,Consulting,Card,Emp_119,INV-2024-0003608,0,normal
TX-004220,2024-05-08 09:38:00,4389.57,Vendor_077,HR,Operations,ACH,Emp_022,INV-2024-0003596,0,normal
TX-004221,2024-05-08 09:44:00,4908.63,Vendor_114,Marketing,Consulting,ACH,Emp_054,INV-2024-0003597,0,normal
TX-004222,2024-05-08 10:45:00,1111.18,Vendor_008,Finance,Supplies,Wire,Emp_009,INV-2024-0003614,0,normal
TX-004223,2024-05-08 10:46:00,1476.37,Vendor_042,Legal,Travel,Check,Emp_076,INV-2024-0003612,0,normal
TX-004224,2024-05-08 11:14:00,2709.93,Vendor_005,Legal,IT,Check,Emp_085,INV-2024-0003611,0,normal
TX-004225,2024-05-08 11:16:00,945.59,Vendor_037,Finance,Supplies,Wire,Emp_013,INV-2024-0003623,0,normal
TX-004226,2024-05-08 11:18:00,650.0,Vendor_082,Marketing,Consulting,Check,Emp_057,INV-2024-0003601,0,normal
TX-004227,2024-05-08 11:20:00,2728.56,Vendor_093,Legal,Payroll,ACH,Emp_076,INV-2024-0003598,0,normal
TX-004228,2024-05-08 11:24:00,3126.21,Vendor_075,Marketing,Consulting,Wire,Emp_050,INV-2024-0003602,0,normal
TX-004229,2024-05-08 11:50:00,1490.78,Vendor_070,Sales,Consulting,Check,Emp_098,INV-2024-0003620,0,normal
TX-004230,2024-05-08 12:11:00,1138.9,Vendor_009,Operations,Operations,Check,Emp_063,INV-2024-0003607,0,normal
TX-004231,2024-05-08 12:15:00,2950.79,Vendor_061,Sales,Operations,ACH,Emp_096,INV-2024-0003613,0,normal
TX-004232,2024-05-08 12:17:00,3525.76,Vendor_040,HR,Supplies,ACH,Emp_028,INV-2024-0003606,0,normal
TX-004233,2024-05-08 12:56:00,1876.6,Vendor_053,Support,Consulting,Wire,Emp_112,INV-2024-0003619,0,normal
TX-004234,2024-05-08 12:57:00,2490.06,Vendor_117,HR,Consulting,ACH,Emp_030,INV-2024-0003604,0,normal
TX-004235,2024-05-08 13:33:00,3781.97,Vendor_069,Legal,Travel,Wire,Emp_077,INV-2024-0003622,0,normal
TX-004236,2024-05-08 14:04:00,3051.91,Vendor_059,Sales,Supplies,Card,Emp_094,INV-2024-0003617,0,normal
TX-004237,2024-05-08 14:06:00,1936.15,Vendor_104,Sales,Travel,ACH,Emp_105,INV-2024-0003600,0,normal
TX-004238,2024-05-08 14:14:00,2867.4,Vendor_119,Operations,IT,Check,Emp_071,INV-2024-0003610,0,normal
TX-004239,2024-05-08 14:18:00,2029.53,Vendor_036,Support,Supplies,Wire,Emp_110,INV-2024-0003599,0,normal
TX-004240,2024-05-08 14:26:00,1057.48,Vendor_064,IT,Supplies,Wire,Emp_043,INV-2024-0003609,0,normal
TX-004241,2024-05-08 14:34:00,4891.92,Vendor_022,IT,Travel,Card,Emp_045,INV-2024-0003615,0,normal
TX-004242,2024-05-08 15:33:00,2390.0,Vendor_036,Support,Supplies,Check,Emp_110,INV-2024-0005639,1,split_payment
TX-004243,2024-05-08 16:02:00,3156.93,Vendor_034,Sales,Travel,ACH,Emp_100,INV-2024-0003616,0,normal
TX-004244,2024-05-08 16:32:00,3103.86,Vendor_008,Finance,Consulting,Card,Emp_006,INV-2024-0003621,0,normal
TX-004245,2024-05-08 17:39:00,8666.09,Vendor_031,Operations,Consulting,ACH,Emp_072,INV-2024-0003618,0,normal
TX-004246,2024-05-09 02:45:00,17928.98,Vendor_115,Operations,Operations,Check,Emp_063,INV-2024-0005344,1,high_amount
TX-004247,2024-05-09 07:27:00,7514.61,Vendor_096,Sales,Operations,Wire,Emp_095,INV-2024-0003641,0,normal
TX-004248,2024-05-09 08:19:00,2241.6,Vendor_059,Sales,Supplies,Check,Emp_092,INV-2024-0003640,0,normal
TX-004249,2024-05-09 08:47:00,237.59,Vendor_109,Support,IT,Card,Emp_108,INV-2024-0003639,0,normal
TX-004250,2024-05-09 09:14:00,196.45,Vendor_109,Support,IT,Card,Emp_106,INV-2024-0003650,0,normal
TX-004251,2024-05-09 09:19:00,520.67,Vendor_084,Marketing,Travel,Card,Emp_047,INV-2024-0003634,0,normal
TX-004252,2024-05-09 09:36:00,2129.24,Vendor_054,Operations,Consulting,ACH,Emp_074,INV-2024-0003627,0,normal
TX-004253,2024-05-09 10:41:00,1282.37,Vendor_036,Support,Consulting,Wire,Emp_118,INV-2024-0003654,0,normal
TX-004254,2024-05-09 11:15:00,1657.11,Vendor_033,Support,Payroll,Check,Emp_117,INV-2024-0003626,0,normal
TX-004255,2024-05-09 11:38:00,2327.28,Vendor_046,Finance,Travel,ACH,Emp_011,INV-2024-0003656,0,normal
TX-004256,2024-05-09 11:48:00,1944.2,Vendor_001,Finance,Consulting,ACH,Emp_014,INV-2024-0003653,0,normal
TX-004257,2024-05-09 12:01:00,3692.77,Vendor_077,Support,Operations,Card,Emp_117,INV-2024-0003649,0,normal
TX-004258,2024-05-09 12:05:00,2153.93,Vendor_116,HR,Consulting,Check,Emp_024,INV-2024-0003635,0,normal
TX-004259,2024-05-09 12:11:00,7528.66,Vendor_086,Sales,IT,ACH,Emp_100,INV-2024-0003642,0,normal
TX-004260,2024-05-09 12:17:00,7456.77,Vendor_112,Sales,Consulting,ACH,Emp_096,INV-2024-0003631,0,normal
TX-004261,2024-05-09 12:23:00,1993.56,Vendor_098,Finance,Operations,Card,Emp_012,INV-2024-0003632,0,normal
TX-004262,2024-05-09 12:47:00,2641.71,Vendor_055,IT,Supplies,ACH,Emp_043,INV-2024-0003647,0,normal
TX-004263,2024-05-09 13:03:00,1455.73,Vendor_074,Operations,Operations,Card,Emp_064,INV-2024-0003651,0,normal
TX-004264,2024-05-09 13:06:00,6076.0,Vendor_069,Sales,Travel,ACH,Emp_104,INV-2024-0003638,0,normal
TX-004265,2024-05-09 13:07:00,1129.07,Vendor_078,Finance,IT,Wire,Emp_015,INV-2024-0003630,0,normal
TX-004266,2024-05-09 13:19:00,1782.67,Vendor_011,IT,Operations,Wire,Emp_031,INV-2024-0003624,0,normal
TX-004267,2024-05-09 13:27:00,1739.81,Vendor_026,HR,Travel,ACH,Emp_024,INV-2024-0003628,0,normal
TX-004268,2024-05-09 13:47:00,1224.21,Vendor_064,Operations,Operations,Card,Emp_062,INV-2024-0003652,0,normal
TX-004269,2024-05-09 14:08:00,5622.83,Vendor_095,Legal,Supplies,Card,Emp_086,INV-2024-0003636,0,normal
TX-004270,2024-05-09 14:09:00,2421.75,Vendor_008,IT,IT,Check,Emp_041,INV-2024-0003625,0,normal
TX-004271,2024-05-09 14:11:00,611.58,Vendor_037,Legal,Payroll,Wire,Emp_078,INV-2024-0003643,0,normal
TX-004272,2024-05-09 14:28:00,2104.81,Vendor_039,IT,Payroll,Wire,Emp_045,INV-2024-0003655,0,normal
TX-004273,2024-05-09 15:07:00,1152.47,Vendor_109,Support,Payroll,Check,Emp_115,INV-2024-0005363,1,high_amount
TX-004274,2024-05-09 16:16:00,186.15,Vendor_109,Support,IT,Card,Emp_117,INV-2024-0003648,0,normal
TX-004275,2024-05-09 16:24:00,2515.24,Vendor_024,Marketing,Consulting,Check,Emp_052,INV-2024-0003646,0,normal
TX-004276,2024-05-09 16:50:00,2420.28,Vendor_048,HR,IT,Card,Emp_027,INV-2024-0003637,0,normal
TX-004277,2024-05-09 16:56:00,637.26,Vendor_074,Operations,Supplies,ACH,Emp_073,INV-2024-0003645,0,normal
TX-004278,2024-05-09 16:59:00,1035.62,Vendor_019,Sales,Travel,Wire,Emp_104,INV-2024-0003644,0,normal
TX-004279,2024-05-09 17:12:00,1660.06,Vendor_007,Sales,Payroll,ACH,Emp_103,INV-2024-0003633,0,normal
TX-004280,2024-05-09 17:51:00,3997.52,Vendor_057,Operations,Consulting,ACH,Emp_061,INV-2024-0003629,0,normal
TX-004281,2024-05-10 00:17:00,3594.98,Vendor_040,HR,Supplies,Card,Emp_018,INV-2024-0003606,1,duplicate_invoice
TX-004282,2024-05-10 03:17:00,3568.69,Vendor_040,HR,Supplies,ACH,Emp_024,INV-2024-0063606,1,fuzzy_duplicate
TX-004283,2024-05-10 04:15:00,5543.33,Vendor_051,IT,Payroll,Card,Emp_041,INV-2024-0003603,1,duplicate_invoice
TX-004284,2024-05-10 07:00:00,1283.77,Vendor_026,HR,Payroll,Wire,Emp_030,INV-2024-0003680,0,normal
TX-004285,2024-05-10 08:06:00,2757.24,Vendor_015,HR,Consulting,Wire,Emp_016,INV-2024-0003676,0,normal
TX-004286,2024-05-10 08:33:00,9084.66,Vendor_052,HR,Operations,Check,Emp_020,INV-2024-0005538,1,high_amount
TX-004287,2024-05-10 09:24:00,1653.52,Vendor_042,Legal,Consulting,ACH,Emp_084,INV-2024-0003659,0,normal
TX-004288,2024-05-10 09:52:00,1439.28,Vendor_099,HR,Operations,Check,Emp_024,INV-2024-0003678,0,normal
TX-004289,2024-05-10 10:18:00,446.97,Vendor_082,Marketing,Consulting,Card,Emp_048,INV-2024-0003672,0,normal
TX-004290,2024-05-10 10:28:00,738.89,Vendor_058,Legal,Consulting,Card,Emp_083,INV-2024-0003684,0,normal
TX-004291,2024-05-10 10:38:00,1033.45,Vendor_056,Marketing,Travel,ACH,Emp_054,INV-2024-0003683,0,normal
TX-004292,2024-05-10 10:40:00,2922.86,Vendor_039,IT,Consulting,Card,Emp_038,INV-2024-0003681,0,normal
TX-004293,2024-05-10 10:57:00,2232.8,Vendor_074,Sales,Payroll,Card,Emp_097,INV-2024-0005478,1,vendor_department_shift
TX-004294,2024-05-10 11:31:00,1253.95,Vendor_013,Marketing,IT,Wire,Emp_050,INV-2024-0003687,0,normal
TX-004295,2024-05-10 11:31:00,4609.52,Vendor_119,Marketing,Travel,Check,Emp_060,INV-2024-0003665,0,normal
TX-004296,2024-05-10 12:08:00,4267.92,Vendor_020,Marketing,Operations,Wire,Emp_046,INV-2024-0003669,0,normal
TX-004297,2024-05-10 12:09:00,1782.17,Vendor_101,HR,Travel,ACH,Emp_021,INV-2024-0003658,0,normal
TX-004298,2024-05-10 12:27:00,1858.81,Vendor_063,Sales,Operations,Check,Emp_091,INV-2024-0003686,0,normal
TX-004299,2024-05-10 12:50:00,11461.17,Vendor_028,Marketing,Supplies,Card,Emp_051,INV-2024-0003679,0,normal
TX-004300,2024-05-10 13:06:00,2950.31,Vendor_081,Finance,Operations,Card,Emp_003,INV-2024-0003671,0,normal
TX-004301,2024-05-10 13:07:00,7496.02,Vendor_086,Support,IT,Card,Emp_115,INV-2024-0003677,0,normal
TX-004302,2024-05-10 13:10:00,1917.66,Vendor_008,Finance,Supplies,Check,Emp_009,INV-2024-0003688,0,normal
TX-004303,2024-05-10 13:26:00,2037.56,Vendor_047,IT,Consulting,Check,Emp_042,INV-2024-0003670,0,normal
TX-004304,2024-05-10 13:31:00,2665.38,Vendor_053,Support,IT,Card,Emp_106,INV-2024-0003685,0,normal
TX-004305,2024-05-10 13:36:00,1622.97,Vendor_106,Legal,Consulting,ACH,Emp_082,INV-2024-0005227,0,normal
TX-004306,2024-05-10 13:43:00,3588.4,Vendor_081,Finance,Consulting,Card,Emp_014,INV-2024-0003657,0,normal
TX-004307,2024-05-10 13:56:00,1410.65,Vendor_097,Operations,Operations,Wire,Emp_071,INV-2024-0005130,0,normal
TX-004308,2024-05-10 13:59:00,1784.54,Vendor_113,Operations,Consulting,ACH,Emp_061,INV-2024-0005194,0,normal
TX-004309,2024-05-10 14:08:00,2619.57,Vendor_120,IT,Payroll,ACH,Emp_038,INV-2024-0003675,0,normal
TX-004310,2024-05-10 14:15:00,892.77,Vendor_082,Marketing,Consulting,Wire,Emp_059,INV-2024-0003662,0,normal
TX-004311,2024-05-10 14:42:00,1508.16,Vendor_116,HR,Operations,Card,Emp_022,INV-2024-0003666,0,normal
TX-004312,2024-05-10 14:49:00,796.82,Vendor_058,Legal,Supplies,ACH,Emp_086,INV-2024-0003664,0,normal
TX-004313,2024-05-10 15:04:00,6081.49,Vendor_051,HR,Payroll,Check,Emp_029,INV-2024-0003673,0,normal
TX-004314,2024-05-10 15:28:00,4757.44,Vendor_030,Legal,IT,ACH,Emp_077,INV-2024-0003682,0,normal
TX-004315,2024-05-10 15:49:00,1425.78,Vendor_094,HR,Consulting,Card,Emp_022,INV-2024-0003667,0,normal
TX-004316,2024-05-10 15:57:00,2813.22,Vendor_039,HR,Consulting,Wire,Emp_018,INV-2024-0003689,0,normal
TX-004317,2024-05-10 16:16:00,3276.59,Vendor_075,HR,Consulting,Card,Emp_017,INV-2024-0003660,0,normal
TX-004318,2024-05-10 16:25:00,2962.01,Vendor_018,Legal,Consulting,Check,Emp_079,INV-2024-0003674,0,normal
TX-004319,2024-05-10 16:36:00,18727.01,Vendor_069,Legal,Travel,Check,Emp_079,INV-2024-0005523,1,high_amount
TX-004320,2024-05-10 16:37:00,533.78,Vendor_044,Finance,Travel,Card,Emp_004,INV-2024-0003668,0,normal
TX-004321,2024-05-10 16:57:00,8518.07,Vendor_020,Sales,Supplies,Check,Emp_105,INV-2024-0005672,1,vendor_department_shift
TX-004322,2024-05-10 17:55:00,2798.07,Vendor_075,HR,Operations,Wire,Emp_023,INV-2024-0003661,0,normal
TX-004323,2024-05-10 17:55:00,1472.2,Vendor_099,HR,Operations,ACH,Emp_021,INV-2024-0003663,0,normal
TX-004324,2024-05-10 18:20:00,2707.83,Vendor_100,Finance,Consulting,Check,Emp_007,INV-2024-0005112,0,normal
TX-004325,2024-05-11 08:35:00,1875.67,Vendor_118,Support,Supplies,Card,Emp_113,INV-2024-0003691,0,normal
TX-004326,2024-05-11 10:38:00,876.81,Vendor_102,Support,Travel,ACH,Emp_116,INV-2024-0003693,0,normal
TX-004327,2024-05-11 10:52:00,2047.69,Vendor_042,Legal,Payroll,Card,Emp_080,INV-2024-0003694,0,normal
TX-004328,2024-05-11 12:32:00,4215.75,Vendor_105,Operations,Operations,ACH,Emp_064,INV-2024-0003695,0,normal
TX-004329,2024-05-11 12:49:00,2942.38,Vendor_069,Legal,Travel,Card,Emp_077,INV-2024-0003699,0,normal
TX-004330,2024-05-11 13:08:00,6916.36,Vendor_088,Sales,Supplies,Card,Emp_102,INV-2024-0003700,0,normal
TX-004331,2024-05-11 13:10:00,9865.24,Vendor_086,Sales,IT,Card,Emp_095,INV-2024-0003698,0,normal
TX-004332,2024-05-11 13:16:00,1093.08,Vendor_058,Legal,Supplies,ACH,Emp_081,INV-2024-0003690,0,normal
TX-004333,2024-05-11 13:54:00,3306.32,Vendor_069,Legal,Travel,Wire,Emp_087,INV-2024-0003696,0,normal
TX-004334,2024-05-11 14:10:00,1904.17,Vendor_008,Finance,Supplies,ACH,Emp_005,INV-2024-0003688,1,duplicate_invoice
TX-004335,2024-05-11 14:32:00,2939.17,Vendor_042,Legal,Travel,Check,Emp_090,INV-2024-0005208,0,normal
TX-004336,2024-05-11 14:52:00,2572.01,Vendor_025,Marketing,Operations,ACH,Emp_049,INV-2024-0003702,0,normal
TX-004337,2024-05-11 15:14:00,5193.39,Vendor_051,HR,Payroll,Check,Emp_027,INV-2024-0003692,0,normal
TX-004338,2024-05-11 15:52:00,3763.21,Vendor_002,HR,Operations,Wire,Emp_022,INV-2024-0003697,0,normal
TX-004339,2024-05-11 16:09:00,27642.3,Vendor_071,Finance,Travel,Card,Emp_009,INV-2024-0005319,1,high_amount
TX-004340,2024-05-11 16:15:00,2206.78,Vendor_093,Legal,Payroll,ACH,Emp_089,INV-2024-0003703,0,normal
TX-004341,2024-05-11 16:52:00,1274.17,Vendor_016,Finance,IT,Check,Emp_009,INV-2024-0003701,0,normal
TX-004342,2024-05-12 05:55:00,1507.09,Vendor_099,HR,Operations,Wire,Emp_023,INV-2024-0003663,1,duplicate_invoice
TX-004343,2024-05-12 07:58:00,2201.75,Vendor_001,Finance,IT,Card,Emp_002,INV-2024-0003719,0,normal
TX-004344,2024-05-12 08:19:00,11281.76,Vendor_112,Legal,IT,Check,Emp_076,INV-2024-0005579,1,vendor_department_shift
TX-004345,2024-05-12 09:01:00,1010.33,Vendor_082,Marketing,Consulting,Check,Emp_052,INV-2024-0003716,0,normal
TX-004346,2024-05-12 09:54:00,1523.44,Vendor_016,Marketing,Supplies,Card,Emp_047,INV-2024-0003717,0,normal
TX-004347,2024-05-12 11:39:00,1591.32,Vendor_016,Marketing,Supplies,ACH,Emp_049,INV-2024-0003707,0,normal
TX-004348,2024-05-12 11:46:00,1311.71,Vendor_067,IT,Payroll,ACH,Emp_034,INV-2024-0003712,0,normal
TX-004349,2024-05-12 12:22:00,757.38,Vendor_070,Sales,Consulting,ACH,Emp_091,INV-2024-0003709,0,normal
TX-004350,2024-05-12 12:22:00,659.7,Vendor_019,Sales,Travel,ACH,Emp_095,INV-2024-0003714,0,normal
TX-004351,2024-05-12 12:55:00,1501.52,Vendor_016,Legal,Supplies,Check,Emp_081,INV-2024-0003711,0,normal
TX-004352,2024-05-12 13:26:00,1291.5,Vendor_019,Sales,Travel,Wire,Emp_103,INV-2024-0003720,0,normal
TX-004353,2024-05-12 13:29:00,5758.56,Vendor_069,Finance,Travel,Check,Emp_004,INV-2024-0003713,0,normal
TX-004354,2024-05-12 13:30:00,3586.54,Vendor_115,Operations,Supplies,ACH,Emp_065,INV-2024-0003705,0,normal
TX-004355,2024-05-12 14:34:00,5191.51,Vendor_112,Marketing,Consulting,ACH,Emp_055,INV-2024-0003704,0,normal
TX-004356,2024-05-12 14:58:00,2610.3,Vendor_045,Sales,Supplies,ACH,Emp_105,INV-2024-0003718,0,normal
TX-004357,2024-05-12 15:18:00,440.89,Vendor_082,Marketing,Consulting,ACH,Emp_046,INV-2024-0003672,1,duplicate_invoice
TX-004358,2024-05-12 16:17:00,2790.96,Vendor_011,IT,Payroll,Wire,Emp_036,INV-2024-0003710,0,normal
TX-004359,2024-05-12 16:45:00,5501.14,Vendor_051,HR,Payroll,Wire,Emp_023,INV-2024-0003708,0,normal
TX-004360,2024-05-12 16:51:00,7155.29,Vendor_096,Sales,Operations,ACH,Emp_094,INV-2024-0003706,0,normal
TX-004361,2024-05-12 18:39:00,5166.56,Vendor_088,Sales,Consulting,Wire,Emp_104,INV-2024-0003715,0,normal
TX-004362,2024-05-12 19:49:00,2912.72,Vendor_069,Legal,Travel,Check,Emp_076,INV-2024-0003699,1,duplicate_invoice
TX-004363,2024-05-12 20:24:00,1654.21,Vendor_016,Marketing,Supplies,ACH,Emp_049,INV-2024-0005406,1,same_day_burst
TX-004364,2024-05-13 08:26:00,5265.91,Vendor_062,Sales,Travel,Check,Emp_103,INV-2024-0003737,0,normal
TX-004365,2024-05-13 08:42:00,2237.44,Vendor_120,IT,Payroll,ACH,Emp_040,INV-2024-0003725,0,normal
TX-004366,2024-05-13 08:43:00,3801.45,Vendor_020,Marketing,Consulting,ACH,Emp_059,INV-2024-0003734,0,normal
TX-004367,2024-05-13 09:18:00,5182.06,Vendor_060,IT,Consulting,ACH,Emp_041,INV-2024-0005209,0,normal
TX-004368,2024-05-13 09:36:00,4418.94,Vendor_112,Sales,Travel,Wire,Emp_104,INV-2024-0005125,0,normal
TX-004369,2024-05-13 09:57:00,2004.48,Vendor_053,Support,Consulting,ACH,Emp_120,INV-2024-0003759,0,normal
TX-004370,2024-05-13 09:57:00,2684.42,Vendor_091,Support,IT,Card,Emp_112,INV-2024-0003728,0,normal
TX-004371,2024-05-13 10:01:00,5071.97,Vendor_088,Sales,Consulting,Wire,Emp_098,INV-2024-0003721,0,normal
TX-004372,2024-05-13 10:12:00,1627.7,Vendor_004,Support,Payroll,Card,Emp_115,INV-2024-0003730,0,normal
TX-004373,2024-05-13 10:22:00,3552.47,Vendor_081,Legal,Travel,Wire,Emp_084,INV-2024-0003743,0,normal
TX-004374,2024-05-13 10:31:00,2898.43,Vendor_041,Operations,Supplies,Card,Emp_071,INV-2024-0003754,0,normal
TX-004375,2024-05-13 10:33:00,2101.19,Vendor_048,Support,Consulting,Check,Emp_106,INV-2024-0003746,0,normal
TX-004376,2024-05-13 10:42:00,1343.63,Vendor_013,Marketing,IT,Wire,Emp_052,INV-2024-0003733,0,normal
TX-004377,2024-05-13 11:27:00,7532.15,Vendor_031,Operations,Consulting,Wire,Emp_063,INV-2024-0003756,0,normal
TX-004378,2024-05-13 11:32:00,1965.24,Vendor_005,Legal,IT,Card,Emp_083,INV-2024-0003739,0,normal
TX-004379,2024-05-13 11:49:00,1700.55,Vendor_011,Marketing,Operations,Check,Emp_059,INV-2024-0003727,0,normal
TX-004380,2024-05-13 11:50:00,764.88,Vendor_058,Legal,Supplies,Check,Emp_090,INV-2024-0003758,0,normal
TX-004381,2024-05-13 11:53:00,1940.21,Vendor_046,Finance,Travel,Card,Emp_014,INV-2024-0003722,0,normal
TX-004382,2024-05-13 11:56:00,2240.9,Vendor_073,Legal,Consulting,Check,Emp_082,INV-2024-0003753,0,normal
TX-004383,2024-05-13 11:57:00,987.35,Vendor_103,Finance,Operations,Check,Emp_010,INV-2024-0003747,0,normal
TX-004384,2024-05-13 11:59:00,3504.91,Vendor_054,Operations,Consulting,Check,Emp_063,INV-2024-0003741,0,normal
TX-004385,2024-05-13 12:02:00,1343.24,Vendor_065,Operations,Operations,Check,Emp_074,INV-2024-0003757,0,normal
TX-004386,2024-05-13 12:11:00,1645.46,Vendor_007,Finance,Consulting,ACH,Emp_004,INV-2024-0003726,0,normal
TX-004387,2024-05-13 12:16:00,4719.89,Vendor_059,Sales,Supplies,Card,Emp_091,INV-2024-0003745,0,normal
TX-004388,2024-05-13 12:37:00,4672.05,Vendor_069,Legal,Travel,Wire,Emp_089,INV-2024-0003752,0,normal
TX-004389,2024-05-13 12:45:00,4134.36,Vendor_051,HR,Payroll,Check,Emp_019,INV-2024-0003731,0,normal
TX-004390,2024-05-13 12:45:00,5318.38,Vendor_092,Sales,Payroll,Check,Emp_103,INV-2024-0003755,0,normal
TX-004391,2024-05-13 13:02:00,605.4,Vendor_072,Finance,Travel,Wire,Emp_015,INV-2024-0003723,0,normal
TX-004392,2024-05-13 13:13:00,1746.69,Vendor_055,Operations,Travel,Wire,Emp_061,INV-2024-0003735,0,normal
TX-004393,2024-05-13 13:25:00,4421.23,Vendor_020,Marketing,Travel,Wire,Emp_057,INV-2024-0003740,0,normal
TX-004394,2024-05-13 13:46:00,285.66,Vendor_109,Support,IT,ACH,Emp_112,INV-2024-0003761,0,normal
TX-004395,2024-05-13 13:57:00,3402.64,Vendor_075,HR,Consulting,ACH,Emp_016,INV-2024-0003760,0,normal
TX-004396,2024-05-13 13:57:00,5205.01,Vendor_020,Support,Travel,ACH,Emp_116,INV-2024-0003750,0,normal
TX-004397,2024-05-13 14:05:00,573.43,Vendor_072,Sales,Payroll,ACH,Emp_103,INV-2024-0003751,0,normal
TX-004398,2024-05-13 14:14:00,1197.11,Vendor_058,Legal,Operations,ACH,Emp_077,INV-2024-0003742,0,normal
TX-004399,2024-05-13 14:15:00,4336.07,Vendor_054,Marketing,IT,Wire,Emp_058,INV-2024-0003749,0,normal
TX-004400,2024-05-13 14:32:00,1401.1,Vendor_103,Finance,Operations,ACH,Emp_003,INV-2024-0003738,0,normal
TX-004401,2024-05-13 15:00:00,3640.6,Vendor_057,Operations,Consulting,ACH,Emp_061,INV-2024-0003744,0,normal
TX-004402,2024-05-13 15:08:00,1320.88,Vendor_106,Legal,Consulting,Check,Emp_085,INV-2024-0003724,0,normal
TX-004403,2024-05-13 15:24:00,568.04,Vendor_032,HR,Travel,ACH,Emp_026,INV-2024-0003736,0,normal
TX-004404,2024-05-13 16:30:00,3166.81,Vendor_048,Support,Consulting,ACH,Emp_116,INV-2024-0003732,0,normal
TX-004405,2024-05-13 16:41:00,3501.19,Vendor_034,Sales,IT,Wire,Emp_091,INV-2024-0003729,0,normal
TX-004406,2024-05-13 17:51:00,1467.52,Vendor_007,Finance,Consulting,Check,Emp_014,INV-2024-0003748,0,normal
TX-004407,2024-05-13 20:41:00,3705.71,Vendor_037,Legal,Payroll,ACH,Emp_078,INV-2024-0005809,1,high_amount
TX-004408,2024-05-13 20:42:00,1255.96,Vendor_007,Finance,Consulting,Check,Emp_014,INV-2024-0005456,1,same_day_burst
TX-004409,2024-05-13 22:25:00,3770.23,Vendor_054,Marketing,IT,Wire,Emp_058,INV-2024-0005771,1,same_day_burst
TX-004410,2024-05-14 08:53:00,1140.42,Vendor_078,Finance,Payroll,Wire,Emp_011,INV-2024-0003779,0,normal
TX-004411,2024-05-14 09:24:00,850.36,Vendor_019,Sales,Supplies,ACH,Emp_100,INV-2024-0003764,0,normal
TX-004412,2024-05-14 10:08:00,803.94,Vendor_042,Legal,Operations,Check,Emp_084,INV-2024-0003791,0,normal
TX-004413,2024-05-14 10:43:00,1423.36,Vendor_024,Support,Payroll,Wire,Emp_107,INV-2024-0003772,0,normal
TX-004414,2024-05-14 10:47:00,2302.65,Vendor_046,Finance,Travel,Card,Emp_008,INV-2024-0005153,0,normal
TX-004415,2024-05-14 10:56:00,11269.21,Vendor_086,Sales,IT,ACH,Emp_093,INV-2024-0003789,0,normal
TX-004416,2024-05-14 10:57:00,1507.11,Vendor_014,HR,Consulting,Wire,Emp_027,INV-2024-0003775,0,normal
TX-004417,2024-05-14 11:05:00,2961.34,Vendor_115,Operations,IT,Wire,Emp_075,INV-2024-0003783,0,normal
TX-004418,2024-05-14 11:42:00,968.5,Vendor_014,HR,Consulting,ACH,Emp_029,INV-2024-0003773,0,normal
TX-004419,2024-05-14 12:09:00,819.32,Vendor_102,Support,Consulting,Card,Emp_109,INV-2024-0003776,0,normal
TX-004420,2024-05-14 12:27:00,6147.54,Vendor_069,Legal,Travel,Card,Emp_090,INV-2024-0003784,0,normal
TX-004421,2024-05-14 12:39:00,2721.4,Vendor_021,Finance,Consulting,Check,Emp_001,INV-2024-0003763,0,normal
TX-004422,2024-05-14 12:44:00,999.54,Vendor_014,HR,Travel,Card,Emp_024,INV-2024-0003766,0,normal
TX-004423,2024-05-14 12:48:00,1567.56,Vendor_065,Operations,Operations,Card,Emp_075,INV-2024-0003765,0,normal
TX-004424,2024-05-14 12:58:00,877.44,Vendor_019,Sales,Travel,ACH,Emp_097,INV-2024-0003780,0,normal
TX-004425,2024-05-14 13:06:00,1500.16,Vendor_079,Marketing,Payroll,Wire,Emp_055,INV-2024-0003778,0,normal
TX-004426,2024-05-14 13:08:00,788.71,Vendor_042,Legal,Operations,Check,Emp_082,INV-2024-0003791,1,duplicate_invoice
TX-004427,2024-05-14 13:16:00,7428.09,Vendor_060,IT,Consulting,ACH,Emp_038,INV-2024-0003787,0,normal
TX-004428,2024-05-14 13:43:00,1537.46,Vendor_104,Sales,IT,Card,Emp_103,INV-2024-0003770,0,normal
TX-004429,2024-05-14 13:47:00,3316.28,Vendor_035,Legal,Travel,Card,Emp_077,INV-2024-0003767,0,normal
TX-004430,2024-05-14 13:54:00,1953.52,Vendor_055,Operations,Supplies,Card,Emp_071,INV-2024-0003788,0,normal
TX-004431,2024-05-14 14:05:00,2777.22,Vendor_085,Finance,Supplies,ACH,Emp_012,INV-2024-0003774,0,normal
TX-004432,2024-05-14 14:21:00,1245.22,Vendor_078,Finance,Payroll,Wire,Emp_003,INV-2024-0003785,0,normal
TX-004433,2024-05-14 14:25:00,176.78,Vendor_109,Support,Payroll,Card,Emp_120,INV-2024-0003790,0,normal
TX-004434,2024-05-14 14:28:00,1312.8,Vendor_070,Sales,Consulting,Check,Emp_095,INV-2024-0003762,0,normal
TX-004435,2024-05-14 14:37:00,1513.16,Vendor_019,Sales,Travel,ACH,Emp_097,INV-2024-0003786,0,normal
TX-004436,2024-05-14 15:50:00,5142.16,Vendor_060,Finance,Payroll,Card,Emp_013,INV-2024-0003782,0,normal
TX-004437,2024-05-14 15:57:00,1000.0,Vendor_037,Legal,Consulting,Card,Emp_088,INV-2024-0003792,0,normal
TX-004438,2024-05-14 16:10:00,906.33,Vendor_014,HR,Consulting,ACH,Emp_029,INV-2024-0005428,1,same_day_burst
TX-004439,2024-05-14 16:26:00,312.21,Vendor_072,Finance,Payroll,Wire,Emp_010,INV-2024-0003781,0,normal
TX-004440,2024-05-14 17:02:00,2206.43,Vendor_008,Finance,Supplies,Card,Emp_008,INV-2024-0003777,0,normal
TX-004441,2024-05-14 17:08:00,2289.75,Vendor_093,Legal,Supplies,ACH,Emp_088,INV-2024-0003768,0,normal
TX-004442,2024-05-14 17:18:00,8358.21,Vendor_118,Support,Supplies,Wire,Emp_118,INV-2024-0005351,1,high_amount
TX-004443,2024-05-14 18:30:00,1250.24,Vendor_063,Sales,Operations,Card,Emp_104,INV-2024-0003769,0,normal
TX-004444,2024-05-14 18:38:00,809.5,Vendor_068,Sales,Supplies,ACH,Emp_095,INV-2024-0003771,0,normal
TX-004445,2024-05-14 21:11:00,1659.86,Vendor_007,Finance,Consulting,Check,Emp_009,INV-7624-0003726,1,fuzzy_duplicate
TX-004446,2024-05-15 07:39:00,664.56,Vendor_032,HR,Travel,Check,Emp_029,INV-2024-0003797,0,normal
TX-004447,2024-05-15 08:16:00,4327.3,Vendor_022,IT,Payroll,Wire,Emp_032,INV-2024-0003806,0,normal
TX-004448,2024-05-15 09:03:00,3336.77,Vendor_059,Marketing,Supplies,Wire,Emp_050,INV-2024-0003824,0,normal
TX-004449,2024-05-15 09:23:00,869.6,Vendor_038,Finance,Payroll,ACH,Emp_013,INV-2024-0003803,0,normal
TX-004450,2024-05-15 09:39:00,2091.67,Vendor_116,HR,IT,Check,Emp_023,INV-2024-0003814,0,normal
TX-004451,2024-05-15 09:43:00,3943.63,Vendor_100,Finance,Consulting,Check,Emp_010,INV-2024-0003802,0,normal
TX-004452,2024-05-15 10:37:00,2973.21,Vendor_073,Legal,Consulting,Check,Emp_077,INV-2024-0003823,0,normal
TX-004453,2024-05-15 10:52:00,5062.38,Vendor_002,HR,Travel,Wire,Emp_026,INV-2024-0003793,0,normal
TX-004454,2024-05-15 11:00:00,2343.12,Vendor_093,Legal,Payroll,ACH,Emp_088,INV-2024-0003800,0,normal
TX-004455,2024-05-15 11:03:00,1775.35,Vendor_055,Operations,Supplies,Wire,Emp_062,INV-2024-0003815,0,normal
TX-004456,2024-05-15 11:13:00,3441.33,Vendor_073,Legal,Consulting,Card,Emp_077,INV-2024-0003808,0,normal
TX-004457,2024-05-15 11:41:00,932.91,Vendor_074,IT,Consulting,Wire,Emp_037,INV-2024-0003812,0,normal
TX-004458,2024-05-15 11:53:00,965.76,Vendor_070,Sales,Travel,ACH,Emp_091,INV-2024-0003825,0,normal
TX-004459,2024-05-15 11:57:00,6165.31,Vendor_086,Sales,Payroll,ACH,Emp_094,INV-2024-0003809,0,normal
TX-004460,2024-05-15 12:12:00,3349.47,Vendor_008,Operations,Consulting,Card,Emp_073,INV-2024-0003810,0,normal
TX-004461,2024-05-15 12:15:00,1124.68,Vendor_038,Finance,Payroll,ACH,Emp_004,INV-2024-0003794,0,normal
TX-004462,2024-05-15 12:28:00,2221.51,Vendor_004,Support,IT,Card,Emp_115,INV-2024-0003804,0,normal
TX-004463,2024-05-15 12:52:00,2802.1,Vendor_073,Legal,Consulting,Wire,Emp_087,INV-2024-0005195,0,normal
TX-004464,2024-05-15 12:53:00,1742.01,Vendor_070,Sales,Consulting,ACH,Emp_094,INV-2024-0003822,0,normal
TX-004465,2024-05-15 13:06:00,1951.31,Vendor_055,Operations,Supplies,Card,Emp_071,INV-2024-0003799,0,normal
TX-004466,2024-05-15 13:16:00,7050.0,Vendor_096,Sales,Operations,Card,Emp_103,INV-2024-0003820,0,normal
TX-004467,2024-05-15 13:20:00,3383.08,Vendor_114,IT,IT,Check,Emp_038,INV-2024-0003805,0,normal
TX-004468,2024-05-15 13:28:00,2698.73,Vendor_005,Legal,IT,Wire,Emp_087,INV-2024-0003801,0,normal
TX-004469,2024-05-15 13:31:00,2347.43,Vendor_090,Support,Supplies,ACH,Emp_114,INV-2024-0003821,0,normal
TX-004470,2024-05-15 14:32:00,3217.57,Vendor_073,Legal,Consulting,Card,Emp_077,INV-2024-0005346,1,same_day_burst
TX-004471,2024-05-15 14:48:00,681.95,Vendor_068,Marketing,Supplies,Card,Emp_049,INV-2024-0003818,0,normal
TX-004472,2024-05-15 14:50:00,3441.57,Vendor_073,Legal,Consulting,Card,Emp_077,INV-2024-0005766,1,same_day_burst
TX-004473,2024-05-15 14:54:00,1002.51,Vendor_037,Support,Consulting,Wire,Emp_115,INV-2024-0003796,0,normal
TX-004474,2024-05-15 15:00:00,1276.7,Vendor_029,HR,Travel,Check,Emp_026,INV-2024-0003813,0,normal
TX-004475,2024-05-15 15:07:00,846.76,Vendor_019,Sales,IT,ACH,Emp_095,INV-2024-0003817,0,normal
TX-004476,2024-05-15 15:14:00,829.11,Vendor_074,Operations,Consulting,ACH,Emp_069,INV-2024-0003798,0,normal
TX-004477,2024-05-15 15:31:00,1182.58,Vendor_037,Legal,Supplies,Card,Emp_079,INV-2024-0003795,0,normal
TX-004478,2024-05-15 16:02:00,3216.73,Vendor_018,Legal,IT,Check,Emp_087,INV-2024-0003811,0,normal
TX-004479,2024-05-15 16:04:00,3409.05,Vendor_073,Legal,Consulting,Wire,Emp_087,INV-2024-0005786,1,same_day_burst
TX-004480,2024-05-15 16:13:00,1725.17,Vendor_040,HR,Supplies,Wire,Emp_017,INV-2024-0003807,0,normal
TX-004481,2024-05-15 16:16:00,4850.75,Vendor_059,Sales,Supplies,ACH,Emp_096,INV-2024-0003745,1,duplicate_invoice
TX-004482,2024-05-15 16:40:00,2282.33,Vendor_117,HR,IT,ACH,Emp_018,INV-2024-0003819,0,normal
TX-004483,2024-05-15 16:42:00,3570.98,Vendor_039,IT,Consulting,Card,Emp_040,INV-2024-0005216,0,normal
TX-004484,2024-05-15 16:43:00,1709.88,Vendor_021,IT,Consulting,Card,Emp_033,INV-2024-0003816,0,normal
TX-004485,2024-05-15 18:28:00,1133.64,Vendor_037,Legal,Supplies,Card,Emp_079,INV-2024-0005313,1,same_day_burst
TX-004486,2024-05-16 07:43:00,879.58,Vendor_064,IT,Travel,Card,Emp_038,INV-2024-0003858,0,normal
TX-004487,2024-05-16 08:10:00,1291.22,Vendor_066,Legal,IT,ACH,Emp_077,INV-2024-0003837,0,normal
TX-004488,2024-05-16 08:16:00,9674.96,Vendor_084,Marketing,Travel,Wire,Emp_047,INV-2024-0005334,1,high_amount
TX-004489,2024-05-16 08:48:00,1757.55,Vendor_046,Marketing,Travel,Card,Emp_048,INV-2024-0003850,0,normal
TX-004490,2024-05-16 08:49:00,1678.99,Vendor_108,Marketing,Travel,Wire,Emp_056,INV-2024-0003838,0,normal
TX-004491,2024-05-16 09:02:00,1057.91,Vendor_063,Operations,Supplies,Wire,Emp_071,INV-2024-0003849,0,normal
TX-004492,2024-05-16 09:19:00,2256.31,Vendor_053,Support,IT,ACH,Emp_115,INV-2024-0003848,0,normal
TX-004493,2024-05-16 10:00:00,2501.73,Vendor_005,Legal,Supplies,Check,Emp_078,INV-2024-0003834,0,normal
TX-004494,2024-05-16 10:04:00,7026.03,Vendor_105,Operations,Consulting,ACH,Emp_070,INV-2024-0003847,0,normal
TX-004495,2024-05-16 10:19:00,2605.85,Vendor_047,Finance,Consulting,Check,Emp_008,INV-2024-0003846,0,normal
TX-004496,2024-05-16 10:48:00,302.01,Vendor_109,Support,Payroll,ACH,Emp_113,INV-2024-0005114,0,normal
TX-004497,2024-05-16 11:01:00,3487.34,Vendor_075,HR,Consulting,ACH,Emp_026,INV-2024-0003831,0,normal
TX-004498,2024-05-16 11:06:00,2117.99,Vendor_078,Finance,Travel,Check,Emp_014,INV-2024-0003841,0,normal
TX-004499,2024-05-16 11:21:00,1088.56,Vendor_007,Finance,Payroll,Card,Emp_006,INV-2024-0003830,0,normal
TX-004500,2024-05-16 11:46:00,959.0,Vendor_083,Operations,IT,Wire,Emp_063,INV-2024-0003844,0,normal
TX-004501,2024-05-16 11:52:00,4258.44,Vendor_073,Legal,IT,Check,Emp_086,INV-2024-0003828,0,normal
TX-004502,2024-05-16 11:54:00,879.12,Vendor_014,HR,Consulting,ACH,Emp_027,INV-2024-0003856,0,normal
TX-004503,2024-05-16 11:57:00,2804.18,Vendor_081,Finance,Consulting,Card,Emp_008,INV-2024-0003836,0,normal
TX-004504,2024-05-16 11:59:00,1361.68,Vendor_056,Marketing,Payroll,Card,Emp_046,INV-2024-0003852,0,normal
TX-004505,2024-05-16 12:05:00,1326.95,Vendor_009,Operations,Operations,ACH,Emp_070,INV-2024-0003845,0,normal
TX-004506,2024-05-16 12:16:00,4267.56,Vendor_105,Operations,Operations,Check,Emp_064,INV-2024-0003829,0,normal
TX-004507,2024-05-16 12:26:00,3934.44,Vendor_113,Operations,Consulting,Card,Emp_062,INV-2024-0003855,0,normal
TX-004508,2024-05-16 12:30:00,2807.49,Vendor_053,Support,IT,Card,Emp_116,INV-2024-0003826,0,normal
TX-004509,2024-05-16 12:37:00,1366.94,Vendor_056,Marketing,Travel,Card,Emp_048,INV-2024-0003860,0,normal
TX-004510,2024-05-16 13:02:00,3606.52,Vendor_024,Marketing,Supplies,Wire,Emp_051,INV-2024-0003853,0,normal
TX-004511,2024-05-16 13:26:00,1300.0,Vendor_065,Operations,Operations,Card,Emp_064,INV-2024-0003835,0,normal
TX-004512,2024-05-16 14:00:00,3286.96,Vendor_059,Sales,IT,Check,Emp_095,INV-2024-0003843,0,normal
TX-004513,2024-05-16 14:07:00,1159.07,Vendor_014,HR,Consulting,ACH,Emp_018,INV-2024-0003854,0,normal
TX-004514,2024-05-16 14:14:00,969.64,Vendor_009,Operations,Operations,Card,Emp_067,INV-2024-0003840,0,normal
TX-004515,2024-05-16 14:18:00,812.76,Vendor_074,Operations,Operations,Wire,Emp_064,INV-2024-0003827,0,normal
TX-004516,2024-05-16 14:41:00,5145.97,Vendor_096,Sales,Operations,Check,Emp_095,INV-2024-0003839,0,normal
TX-004517,2024-05-16 14:43:00,1169.12,Vendor_013,Marketing,IT,Wire,Emp_055,INV-2024-0003859,0,normal
TX-004518,2024-05-16 14:49:00,2511.88,Vendor_015,HR,Consulting,Wire,Emp_028,INV-2024-0003832,0,normal
TX-004519,2024-05-16 15:02:00,4395.02,Vendor_088,Sales,Supplies,ACH,Emp_104,INV-2024-0003857,0,normal
TX-004520,2024-05-16 15:38:00,5343.29,Vendor_088,Sales,IT,Wire,Emp_097,INV-2024-0003833,0,normal
TX-004521,2024-05-16 15:56:00,1181.86,Vendor_103,Finance,Operations,ACH,Emp_015,INV-2024-0005223,0,normal
TX-004522,2024-05-16 16:35:00,2374.54,Vendor_112,Sales,Travel,Check,Emp_095,INV-2024-0003851,0,normal
TX-004523,2024-05-16 18:08:00,4963.73,Vendor_034,Marketing,Supplies,ACH,Emp_056,INV-2024-0005708,1,vendor_department_shift
TX-004524,2024-05-16 18:52:00,2393.17,Vendor_098,Finance,Operations,Wire,Emp_012,INV-2024-0003842,0,normal
TX-004525,2024-05-17 03:38:00,5447.6,Vendor_088,Sales,IT,Wire,Emp_096,INV-2024-0003833,1,duplicate_invoice
TX-004526,2024-05-17 06:46:00,941.09,Vendor_083,Operations,IT,Wire,Emp_072,INV-2024-0003844,1,duplicate_invoice
TX-004527,2024-05-17 07:04:00,2773.75,Vendor_065,HR,IT,Wire,Emp_026,INV-2024-0005733,1,vendor_department_shift
TX-004528,2024-05-17 08:15:00,1413.51,Vendor_050,Finance,Travel,ACH,Emp_001,INV-2024-0003864,0,normal
TX-004529,2024-05-17 08:46:00,5075.82,Vendor_030,Legal,IT,Card,Emp_077,INV-2024-0003878,0,normal
TX-004530,2024-05-17 08:48:00,673.77,Vendor_014,HR,Consulting,Card,Emp_026,INV-2024-0003870,0,normal
TX-004531,2024-05-17 08:58:00,1902.14,Vendor_047,Finance,IT,Card,Emp_006,INV-2024-0003889,0,normal
TX-004532,2024-05-17 09:13:00,3277.64,Vendor_060,IT,Travel,ACH,Emp_033,INV-2024-0003885,0,normal
TX-004533,2024-05-17 09:19:00,3045.81,Vendor_024,Marketing,Consulting,Wire,Emp_060,INV-2024-0003891,0,normal
TX-004534,2024-05-17 09:22:00,5041.43,Vendor_069,Legal,Payroll,Wire,Emp_077,INV-2024-0003884,0,normal
TX-004535,2024-05-17 09:36:00,1717.29,Vendor_118,Support,IT,Card,Emp_108,INV-2024-0003888,0,normal
TX-004536,2024-05-17 10:38:00,1654.3,Vendor_041,Legal,Supplies,Card,Emp_076,INV-2024-0005111,0,normal
TX-004537,2024-05-17 10:40:00,1811.27,Vendor_046,Finance,Travel,Card,Emp_015,INV-2024-0003893,0,normal
TX-004538,2024-05-17 10:59:00,2713.19,Vendor_047,Finance,Consulting,Card,Emp_014,INV-2024-0003871,0,normal
TX-004539,2024-05-17 11:06:00,2284.73,Vendor_078,Finance,Operations,Wire,Emp_015,INV-2024-0003887,0,normal
TX-004540,2024-05-17 11:12:00,1300.0,Vendor_033,Support,Payroll,Check,Emp_112,INV-2024-0003869,0,normal
TX-004541,2024-05-17 11:18:00,2933.19,Vendor_002,Support,Travel,ACH,Emp_107,INV-2024-0003892,0,normal
TX-004542,2024-05-17 11:44:00,2482.88,Vendor_120,IT,Payroll,ACH,Emp_041,INV-2024-0003882,0,normal
TX-004543,2024-05-17 11:54:00,5739.45,Vendor_088,Support,Supplies,Wire,Emp_116,INV-2024-0003874,0,normal
TX-004544,2024-05-17 12:03:00,2313.56,Vendor_034,Sales,IT,Wire,Emp_099,INV-2024-0003865,0,normal
TX-004545,2024-05-17 12:08:00,1042.89,Vendor_067,IT,Supplies,Check,Emp_043,INV-2024-0003877,0,normal
TX-004546,2024-05-17 13:12:00,3456.86,Vendor_010,Sales,Supplies,Wire,Emp_105,INV-2024-0005290,1,vendor_department_shift
TX-004547,2024-05-17 13:34:00,2348.94,Vendor_033,Support,Travel,Check,Emp_117,INV-2024-0003879,0,normal
TX-004548,2024-05-17 13:51:00,5698.63,Vendor_051,HR,Payroll,Check,Emp_027,INV-2024-0003861,0,normal
TX-004549,2024-05-17 14:10:00,1743.38,Vendor_019,Sales,Travel,Check,Emp_091,INV-2024-0003883,0,normal
TX-004550,2024-05-17 14:20:00,1007.13,Vendor_032,Support,Travel,Check,Emp_106,INV-2024-0003872,0,normal
TX-004551,2024-05-17 14:36:00,1049.29,Vendor_097,Legal,Operations,Card,Emp_084,INV-2024-0003866,0,normal
TX-004552,2024-05-17 14:45:00,4282.14,Vendor_101,Operations,IT,Check,Emp_067,INV-2024-0003867,0,normal
TX-004553,2024-05-17 14:55:00,1000.0,Vendor_063,Sales,Supplies,Check,Emp_100,INV-2024-0003894,0,normal
TX-004554,2024-05-17 15:00:00,1653.9,Vendor_076,Marketing,Supplies,Card,Emp_048,INV-2024-0003862,0,normal
TX-004555,2024-05-17 15:10:00,658.27,Vendor_037,Support,Travel,Wire,Emp_107,INV-2024-0003880,0,normal
TX-004556,2024-05-17 15:21:00,1489.97,Vendor_116,HR,IT,Wire,Emp_028,INV-2024-0003863,0,normal
TX-004557,2024-05-17 15:22:00,1551.72,Vendor_097,Legal,Operations,Wire,Emp_085,INV-2024-0003890,0,normal
TX-004558,2024-05-17 15:54:00,2710.81,Vendor_017,Operations,Payroll,ACH,Emp_070,INV-2024-0003876,0,normal
TX-004559,2024-05-17 15:58:00,1070.73,Vendor_070,Sales,Consulting,Card,Emp_093,INV-2024-0003868,0,normal
TX-004560,2024-05-17 16:19:00,2454.18,Vendor_055,Operations,Supplies,Card,Emp_071,INV-2024-0003873,0,normal
TX-004561,2024-05-17 17:12:00,1250.86,Vendor_070,Legal,Operations,ACH,Emp_082,INV-2024-0003895,0,normal
TX-004562,2024-05-17 17:20:00,2830.42,Vendor_093,Legal,Payroll,ACH,Emp_090,INV-2024-0003881,0,normal
TX-004563,2024-05-17 17:56:00,1573.88,Vendor_007,Finance,Consulting,ACH,Emp_001,INV-2024-0003886,0,normal
TX-004564,2024-05-17 18:37:00,5521.81,Vendor_095,Legal,Supplies,Card,Emp_085,INV-2024-0003875,0,normal
TX-004565,2024-05-17 18:56:00,13390.1,Vendor_051,Support,IT,Check,Emp_108,INV-2024-0005350,1,vendor_department_shift
TX-004566,2024-05-17 20:19:00,1634.87,Vendor_097,Legal,Operations,Wire,Emp_085,INV-2024-0005559,1,same_day_burst
TX-004567,2024-05-17 21:40:00,1820.13,Vendor_046,Finance,Travel,Wire,Emp_009,INV-2024-0003893,1,duplicate_invoice
TX-004568,2024-05-17 23:18:00,805.27,Vendor_074,Operations,Operations,Wire,Emp_069,INV-2054-0003827,1,fuzzy_duplicate
TX-004569,2024-05-18 09:58:00,1794.57,Vendor_085,Finance,Operations,ACH,Emp_008,INV-2024-0003909,0,normal
TX-004570,2024-05-18 10:00:00,2222.18,Vendor_030,Legal,IT,Check,Emp_080,INV-2024-0003899,0,normal
TX-004571,2024-05-18 10:21:00,1408.04,Vendor_106,Legal,Consulting,Wire,Emp_082,INV-2024-0003906,0,normal
TX-004572,2024-05-18 10:27:00,7003.34,Vendor_011,IT,Operations,Card,Emp_031,INV-2024-0005375,1,high_amount
TX-004573,2024-05-18 10:35:00,1867.85,Vendor_021,Finance,Consulting,Check,Emp_009,INV-2024-0003896,0,normal
TX-004574,2024-05-18 11:24:00,1642.09,Vendor_016,Finance,Supplies,Wire,Emp_002,INV-2024-0003905,0,normal
TX-004575,2024-05-18 11:29:00,2388.76,Vendor_045,Sales,Consulting,Card,Emp_097,INV-2024-0003902,0,normal
TX-004576,2024-05-18 11:43:00,966.3,Vendor_038,Finance,Travel,Check,Emp_001,INV-2024-0003910,0,normal
TX-004577,2024-05-18 12:01:00,810.17,Vendor_037,Support,Payroll,Card,Emp_108,INV-2024-0005242,0,normal
TX-004578,2024-05-18 12:39:00,843.27,Vendor_019,Sales,Supplies,ACH,Emp_103,INV-2024-0003901,0,normal
TX-004579,2024-05-18 12:43:00,2916.55,Vendor_090,Support,Payroll,ACH,Emp_111,INV-2024-0003904,0,normal
TX-004580,2024-05-18 14:26:00,255.26,Vendor_109,HR,IT,Card,Emp_027,INV-2024-0003898,0,normal
TX-004581,2024-05-18 15:46:00,6357.44,Vendor_069,Sales,Travel,Wire,Emp_094,INV-2024-0003903,0,normal
TX-004582,2024-05-18 15:53:00,1754.24,Vendor_021,IT,Consulting,Check,Emp_043,INV-2024-0003907,0,normal
TX-004583,2024-05-18 16:30:00,4761.16,Vendor_092,Operations,Payroll,ACH,Emp_075,INV-2024-0003908,0,normal
TX-004584,2024-05-18 16:42:00,3004.86,Vendor_025,Marketing,Consulting,ACH,Emp_056,INV-2024-0003897,0,normal
TX-004585,2024-05-18 17:07:00,1383.73,Vendor_066,Legal,Operations,Wire,Emp_086,INV-2024-0003900,0,normal
TX-004586,2024-05-18 18:05:00,1916.42,Vendor_021,IT,Consulting,Check,Emp_043,INV-2024-0005457,1,same_day_burst
TX-004587,2024-05-18 19:12:00,10462.69,Vendor_098,Finance,Operations,Check,Emp_012,INV-2024-0005383,1,high_amount
TX-004588,2024-05-19 07:01:00,2611.99,Vendor_045,Sales,Consulting,Card,Emp_101,INV-2024-0003922,0,normal
TX-004589,2024-05-19 07:17:00,803.95,Vendor_103,Finance,Operations,ACH,Emp_007,INV-2024-0003926,0,normal
TX-004590,2024-05-19 08:19:00,1017.38,Vendor_064,IT,Travel,Card,Emp_038,INV-2024-0003925,0,normal
TX-004591,2024-05-19 09:12:00,1363.43,Vendor_083,Operations,IT,ACH,Emp_072,INV-2024-0003913,0,normal
TX-004592,2024-05-19 09:15:00,1315.22,Vendor_080,Sales,Consulting,Check,Emp_094,INV-2024-0003919,0,normal
TX-004593,2024-05-19 09:48:00,5513.48,Vendor_078,Finance,Payroll,Card,Emp_011,INV-2024-0005799,1,high_amount
TX-004594,2024-05-19 09:54:00,1895.32,Vendor_104,Sales,Consulting,Wire,Emp_103,INV-2024-0003921,0,normal
TX-004595,2024-05-19 10:05:00,1136.88,Vendor_071,Finance,Operations,Check,Emp_005,INV-2024-0003912,0,normal
TX-004596,2024-05-19 10:11:00,7418.11,Vendor_096,Marketing,Operations,ACH,Emp_048,INV-2024-0003920,0,normal
TX-004597,2024-05-19 10:38:00,1301.57,Vendor_036,Support,Supplies,Wire,Emp_106,INV-2024-0003929,0,normal
TX-004598,2024-05-19 11:27:00,2376.15,Vendor_008,Finance,Consulting,Wire,Emp_013,INV-2024-0003917,0,normal
TX-004599,2024-05-19 11:34:00,4375.53,Vendor_002,HR,Supplies,Wire,Emp_021,INV-2024-0003916,0,normal
TX-004600,2024-05-19 12:23:00,1622.99,Vendor_076,Support,Supplies,Card,Emp_117,INV-2024-0003918,0,normal
TX-004601,2024-05-19 12:38:00,2842.58,Vendor_119,Operations,Travel,Card,Emp_066,INV-2024-0003930,0,normal
TX-004602,2024-05-19 13:07:00,957.91,Vendor_009,Operations,Operations,Check,Emp_063,INV-2024-0003928,0,normal
TX-004603,2024-05-19 14:19:00,2726.1,Vendor_073,Legal,Consulting,Check,Emp_082,INV-2024-0003927,0,normal
TX-004604,2024-05-19 15:00:00,2595.02,Vendor_089,Legal,Supplies,ACH,Emp_083,INV-2024-0003924,0,normal
TX-004605,2024-05-19 15:51:00,1300.85,Vendor_019,Sales,IT,ACH,Emp_104,INV-2024-0003914,0,normal
TX-004606,2024-05-19 16:31:00,214.72,Vendor_109,Support,Payroll,Card,Emp_110,INV-2024-0003915,0,normal
TX-004607,2024-05-19 16:56:00,640.12,Vendor_082,Marketing,Consulting,Check,Emp_055,INV-2024-0003911,0,normal
TX-004608,2024-05-19 17:30:00,1510.6,Vendor_070,Legal,Consulting,Check,Emp_079,INV-2024-0003923,0,normal
TX-004609,2024-05-19 18:28:00,5695.93,Vendor_025,Support,Payroll,Check,Emp_107,INV-2024-0005757,1,vendor_department_shift
TX-004610,2024-05-19 20:07:00,1390.08,Vendor_066,Legal,Operations,Wire,Emp_081,INV-2024-0003900,1,duplicate_invoice
TX-004611,2024-05-20 08:03:00,2568.47,Vendor_091,Support,IT,Wire,Emp_113,INV-2024-0003938,0,normal
TX-004612,2024-05-20 08:06:00,6538.24,Vendor_119,Marketing,Travel,ACH,Emp_051,INV-2024-0003945,0,normal
TX-004613,2024-05-20 08:20:00,2200.3,Vendor_004,Support,Supplies,ACH,Emp_119,INV-2024-0003943,0,normal
TX-004614,2024-05-20 09:06:00,1057.46,Vendor_038,Finance,Operations,Check,Emp_007,INV-2024-0003947,0,normal
TX-004615,2024-05-20 09:11:00,1107.52,Vendor_063,Sales,Operations,Check,Emp_094,INV-2024-0003960,0,normal
TX-004616,2024-05-20 09:12:00,3482.33,Vendor_115,Operations,Operations,Card,Emp_062,INV-2024-0003946,0,normal
TX-004617,2024-05-20 09:24:00,2811.94,Vendor_040,Sales,Supplies,ACH,Emp_105,INV-2024-0003948,0,normal
TX-004618,2024-05-20 10:15:00,409.82,Vendor_072,IT,Payroll,Wire,Emp_042,INV-2024-0003961,0,normal
TX-004619,2024-05-20 10:16:00,6196.72,Vendor_071,Finance,Travel,Check,Emp_012,INV-2024-0005126,0,normal
TX-004620,2024-05-20 10:16:00,2282.41,Vendor_078,Finance,Travel,Wire,Emp_005,INV-2024-0003944,0,normal
TX-004621,2024-05-20 10:50:00,1352.21,Vendor_007,Finance,Consulting,ACH,Emp_011,INV-2024-0003962,0,normal
TX-004622,2024-05-20 11:01:00,6541.53,Vendor_043,Marketing,Travel,Wire,Emp_060,INV-2024-0003942,0,normal
TX-004623,2024-05-20 11:32:00,2292.64,Vendor_015,HR,Consulting,Card,Emp_028,INV-2024-0003935,0,normal
TX-004624,2024-05-20 11:56:00,2516.75,Vendor_003,Finance,Operations,Card,Emp_007,INV-2024-0003949,0,normal
TX-004625,2024-05-20 12:02:00,2670.54,Vendor_073,Legal,Consulting,Card,Emp_079,INV-2024-0003954,0,normal
TX-004626,2024-05-20 12:09:00,4254.41,Vendor_031,Support,Operations,Card,Emp_115,INV-2024-0003956,0,normal
TX-004627,2024-05-20 12:23:00,2171.69,Vendor_033,Support,Travel,Card,Emp_112,INV-2024-0003936,0,normal
TX-004628,2024-05-20 12:30:00,3077.38,Vendor_081,HR,Consulting,Wire,Emp_024,INV-2024-0003952,0,normal
TX-004629,2024-05-20 12:45:00,2127.75,Vendor_104,Sales,Travel,Wire,Emp_091,INV-2024-0003933,0,normal
TX-004630,2024-05-20 12:51:00,4135.22,Vendor_069,Legal,Travel,Wire,Emp_084,INV-2024-0003941,0,normal
TX-004631,2024-05-20 13:29:00,4245.94,Vendor_035,Sales,IT,ACH,Emp_092,INV-2024-0003957,0,normal
TX-004632,2024-05-20 13:37:00,3467.79,Vendor_115,Operations,IT,Card,Emp_067,INV-2024-0003932,0,normal
TX-004633,2024-05-20 13:47:00,1356.44,Vendor_014,HR,Supplies,ACH,Emp_020,INV-2024-0003964,0,normal
TX-004634,2024-05-20 13:53:00,1550.0,Vendor_079,Marketing,Payroll,ACH,Emp_049,INV-2024-0003955,0,normal
TX-004635,2024-05-20 14:10:00,5444.92,Vendor_031,Finance,Consulting,Check,Emp_003,INV-2024-0003963,0,normal
TX-004636,2024-05-20 14:27:00,8289.01,Vendor_096,Sales,Operations,Wire,Emp_099,INV-2024-0003934,0,normal
TX-004637,2024-05-20 14:53:00,6871.41,Vendor_088,Sales,Supplies,Card,Emp_093,INV-2024-0003937,0,normal
TX-004638,2024-05-20 14:55:00,1293.5,Vendor_004,Support,IT,ACH,Emp_119,INV-2024-0003950,0,normal
TX-004639,2024-05-20 15:01:00,8314.79,Vendor_096,Sales,Operations,Card,Emp_101,INV-2024-0003939,0,normal
TX-004640,2024-05-20 15:14:00,3429.26,Vendor_015,HR,Consulting,Wire,Emp_019,INV-2024-0003958,0,normal
TX-004641,2024-05-20 15:23:00,4780.04,Vendor_048,Operations,Payroll,Check,Emp_062,INV-2024-0005567,1,vendor_department_shift
TX-004642,2024-05-20 15:52:00,1344.09,Vendor_064,IT,Supplies,Card,Emp_040,INV-2024-0003931,0,normal
TX-004643,2024-05-20 15:54:00,3317.36,Vendor_113,Operations,Consulting,Check,Emp_069,INV-2024-0003965,0,normal
TX-004644,2024-05-20 15:57:00,1912.76,Vendor_046,Finance,Travel,Card,Emp_002,INV-2024-0003951,0,normal
TX-004645,2024-05-20 16:31:00,1444.78,Vendor_097,Legal,Operations,Card,Emp_078,INV-2024-0003959,0,normal
TX-004646,2024-05-20 16:46:00,1755.99,Vendor_036,Marketing,Supplies,Wire,Emp_057,INV-2024-0003953,0,normal
TX-004647,2024-05-20 17:16:00,2500.0,Vendor_117,HR,IT,ACH,Emp_024,INV-2024-0003940,0,normal
TX-004648,2024-05-20 17:35:00,11653.78,Vendor_053,Support,IT,ACH,Emp_106,INV-2024-0005769,1,high_amount
TX-004649,2024-05-20 18:30:00,3151.43,Vendor_081,HR,Consulting,Wire,Emp_025,INV-2024-0003952,1,duplicate_invoice
TX-004650,2024-05-20 19:13:00,5058.11,Vendor_031,Finance,Consulting,Check,Emp_003,INV-2024-0005721,1,same_day_burst
TX-004651,2024-05-20 20:34:00,3649.04,Vendor_015,HR,Consulting,Wire,Emp_019,INV-2024-0005486,1,same_day_burst
TX-004652,2024-05-21 07:42:00,5701.74,Vendor_031,Operations,Operations,Card,Emp_075,INV-2024-0003979,0,normal
TX-004653,2024-05-21 07:54:00,673.11,Vendor_072,IT,Travel,Wire,Emp_044,INV-2024-0003987,0,normal
TX-004654,2024-05-21 08:39:00,1400.32,Vendor_116,HR,IT,Check,Emp_022,INV-2024-0003984,0,normal
TX-004655,2024-05-21 08:56:00,3963.9,Vendor_040,HR,Supplies,ACH,Emp_021,INV-2024-0003986,0,normal
TX-004656,2024-05-21 10:21:00,1260.13,Vendor_056,Marketing,Travel,Check,Emp_052,INV-2024-0003970,0,normal
TX-004657,2024-05-21 10:50:00,809.18,Vendor_009,Operations,Operations,Check,Emp_075,INV-2024-0003966,0,normal
TX-004658,2024-05-21 10:53:00,10118.06,Vendor_096,Sales,Consulting,ACH,Emp_095,INV-2024-0005631,1,payment_method_switch
TX-004659,2024-05-21 11:09:00,573.68,Vendor_070,Sales,Consulting,ACH,Emp_094,INV-2024-0003971,0,normal
TX-004660,2024-05-21 11:13:00,3121.5,Vendor_025,Finance,Operations,Check,Emp_001,INV-2024-0003976,0,normal
TX-004661,2024-05-21 11:19:00,2744.6,Vendor_073,Legal,Consulting,Check,Emp_083,INV-2020-0103927,1,fuzzy_duplicate
TX-004662,2024-05-21 11:21:00,1731.32,Vendor_001,Finance,Consulting,Check,Emp_005,INV-2024-0003982,0,normal
TX-004663,2024-05-21 11:48:00,3372.04,Vendor_115,Operations,IT,ACH,Emp_075,INV-2024-0003977,0,normal
TX-004664,2024-05-21 12:01:00,3262.23,Vendor_054,Operations,Operations,Wire,Emp_072,INV-2024-0003967,0,normal
TX-004665,2024-05-21 12:06:00,1071.98,Vendor_038,Finance,Operations,Wire,Emp_014,INV-2024-0006647,1,fuzzy_duplicate
TX-004666,2024-05-21 12:29:00,1479.16,Vendor_014,HR,Supplies,Check,Emp_029,INV-2024-0003969,0,normal
TX-004667,2024-05-21 12:34:00,2230.3,Vendor_034,Operations,IT,ACH,Emp_073,INV-2024-0003991,0,normal
TX-004668,2024-05-21 13:40:00,2100.96,Vendor_041,Legal,Supplies,Card,Emp_088,INV-2024-0003978,0,normal
TX-004669,2024-05-21 13:44:00,1152.99,Vendor_065,Operations,Operations,Card,Emp_066,INV-2024-0005116,0,normal
TX-004670,2024-05-21 13:51:00,2814.77,Vendor_015,HR,Consulting,ACH,Emp_021,INV-2024-0003988,0,normal
TX-004671,2024-05-21 13:53:00,2643.22,Vendor_042,Legal,Consulting,Wire,Emp_085,INV-2024-0003983,0,normal
TX-004672,2024-05-21 14:02:00,2433.14,Vendor_042,Legal,Consulting,Check,Emp_077,INV-2024-0003968,0,normal
TX-004673,2024-05-21 14:02:00,2448.64,Vendor_101,HR,IT,Check,Emp_026,INV-2024-0003974,0,normal
TX-004674,2024-05-21 14:11:00,1851.7,Vendor_027,Sales,Operations,ACH,Emp_105,INV-2024-0003975,0,normal
TX-004675,2024-05-21 14:16:00,2744.15,Vendor_052,HR,Operations,ACH,Emp_017,INV-2024-0003990,0,normal
TX-004676,2024-05-21 14:22:00,1473.25,Vendor_055,Operations,Supplies,ACH,Emp_074,INV-2024-0003980,0,normal
TX-004677,2024-05-21 15:09:00,7672.07,Vendor_096,Marketing,Operations,Wire,Emp_047,INV-2024-0003972,0,normal
TX-004678,2024-05-21 15:20:00,2661.47,Vendor_015,Support,Consulting,Wire,Emp_111,INV-2024-0003981,0,normal
TX-004679,2024-05-21 15:45:00,1017.85,Vendor_032,HR,Travel,Check,Emp_024,INV-2024-0003992,0,normal
TX-004680,2024-05-21 16:03:00,1223.25,Vendor_014,HR,Consulting,Card,Emp_016,INV-2024-0003973,0,normal
TX-004681,2024-05-21 16:19:00,1982.31,Vendor_093,Legal,Supplies,ACH,Emp_086,INV-2024-0003985,0,normal
TX-004682,2024-05-21 17:38:00,2915.31,Vendor_119,Operations,Travel,Card,Emp_062,INV-2024-0003930,1,duplicate_invoice
TX-004683,2024-05-21 17:53:00,1512.73,Vendor_023,Finance,Operations,Check,Emp_005,INV-2024-0003989,0,normal
TX-004684,2024-05-21 18:45:00,3948.99,Vendor_069,Legal,Travel,ACH,Emp_079,INV-2024-0003993,0,normal
TX-004685,2024-05-21 23:34:00,2664.61,Vendor_042,Legal,Consulting,Check,Emp_077,INV-2024-0005645,1,same_day_burst
TX-004686,2024-05-22 08:17:00,1312.68,Vendor_074,Operations,Consulting,ACH,Emp_062,INV-2024-0004001,0,normal
TX-004687,2024-05-22 08:41:00,6038.47,Vendor_095,Legal,Supplies,ACH,Emp_084,INV-2024-0004007,0,normal
TX-004688,2024-05-22 10:20:00,550.52,Vendor_082,Marketing,Consulting,Card,Emp_055,INV-2024-0004010,0,normal
TX-004689,2024-05-22 10:27:00,1354.44,Vendor_056,Marketing,Travel,Card,Emp_049,INV-2024-0005233,0,normal
TX-004690,2024-05-22 10:29:00,2779.3,Vendor_048,Support,Consulting,Check,Emp_111,INV-2024-0004022,0,normal
TX-004691,2024-05-22 10:35:00,627.34,Vendor_032,HR,Travel,Check,Emp_028,INV-2024-0004008,0,normal
TX-004692,2024-05-22 10:44:00,856.22,Vendor_032,HR,Travel,Check,Emp_026,INV-2024-0004016,0,normal
TX-004693,2024-05-22 10:51:00,45248.11,Vendor_086,Sales,IT,Card,Emp_093,INV-2024-0005632,1,high_amount
TX-004694,2024-05-22 10:53:00,2667.05,Vendor_042,Legal,Consulting,ACH,Emp_080,INV-2024-0303913,1,fuzzy_duplicate
TX-004695,2024-05-22 10:54:00,241.88,Vendor_109,Marketing,Payroll,ACH,Emp_054,INV-2024-0004011,0,normal
TX-004696,2024-05-22 11:13:00,3453.26,Vendor_081,Finance,Supplies,Wire,Emp_009,INV-2024-0003994,0,normal
TX-004697,2024-05-22 11:27:00,3796.84,Vendor_039,IT,Consulting,Card,Emp_034,INV-2024-0004005,0,normal
TX-004698,2024-05-22 11:40:00,1048.97,Vendor_094,Legal,Consulting,Card,Emp_085,INV-2024-0004012,0,normal
TX-004699,2024-05-22 11:48:00,1863.91,Vendor_116,HR,IT,Card,Emp_021,INV-2024-0003997,0,normal
TX-004700,2024-05-22 11:49:00,1138.36,Vendor_021,Finance,Consulting,Check,Emp_007,INV-2024-0004009,0,normal
TX-004701,2024-05-22 11:58:00,1375.97,Vendor_116,Sales,Consulting,Card,Emp_097,INV-2024-0004015,0,normal
TX-004702,2024-05-22 12:11:00,2222.26,Vendor_061,Finance,Travel,ACH,Emp_015,INV-2024-0004003,0,normal
TX-004703,2024-05-22 12:36:00,3290.89,Vendor_075,HR,Consulting,ACH,Emp_025,INV-2024-0004004,0,normal
TX-004704,2024-05-22 12:40:00,2412.66,Vendor_081,Finance,Travel,ACH,Emp_008,INV-2024-0004018,0,normal
TX-004705,2024-05-22 13:06:00,2240.48,Vendor_023,Finance,Supplies,Check,Emp_007,INV-2024-0003999,0,normal
TX-004706,2024-05-22 13:10:00,2545.98,Vendor_015,HR,Consulting,Wire,Emp_029,INV-2024-0004000,0,normal
TX-004707,2024-05-22 13:23:00,2249.05,Vendor_055,Operations,Supplies,Card,Emp_064,INV-2024-0004013,0,normal
TX-004708,2024-05-22 13:26:00,887.03,Vendor_025,Marketing,Consulting,ACH,Emp_056,INV-2024-0004021,0,normal
TX-004709,2024-05-22 14:04:00,1388.44,Vendor_014,HR,Supplies,Wire,Emp_022,INV-2024-0005184,0,normal
TX-004710,2024-05-22 14:27:00,9485.79,Vendor_116,HR,IT,Wire,Emp_023,INV-2024-0005475,1,high_amount
TX-004711,2024-05-22 14:29:00,4048.79,Vendor_062,Operations,Consulting,Check,Emp_068,INV-2024-0003995,0,normal
TX-004712,2024-05-22 14:33:00,1681.33,Vendor_023,Finance,Travel,Check,Emp_001,INV-2024-0005276,0,normal
TX-004713,2024-05-22 14:34:00,372.33,Vendor_072,IT,Travel,Wire,Emp_045,INV-2024-0003996,0,normal
TX-004714,2024-05-22 14:43:00,7654.64,Vendor_086,Sales,IT,ACH,Emp_097,INV-2024-0004006,0,normal
TX-004715,2024-05-22 14:45:00,1959.31,Vendor_008,Finance,Consulting,Card,Emp_007,INV-2024-0004014,0,normal
TX-004716,2024-05-22 15:19:00,1288.44,Vendor_066,Legal,Operations,Check,Emp_080,INV-2024-0005159,0,normal
TX-004717,2024-05-22 15:28:00,1333.37,Vendor_014,HR,Consulting,Card,Emp_021,INV-2024-0004019,0,normal
TX-004718,2024-05-22 15:37:00,9780.0,Vendor_032,HR,Travel,Wire,Emp_028,INV-2024-0005729,1,split_payment
TX-004719,2024-05-22 15:49:00,1222.09,Vendor_091,Support,IT,Wire,Emp_120,INV-2024-0005197,0,normal
TX-004720,2024-05-22 16:17:00,1236.24,Vendor_076,Support,Travel,Check,Emp_106,INV-2024-0004017,0,normal
TX-004721,2024-05-22 16:59:00,1081.71,Vendor_056,Marketing,Travel,Card,Emp_052,INV-2024-0003998,0,normal
TX-004722,2024-05-22 17:05:00,2135.2,Vendor_047,Finance,Consulting,Check,Emp_006,INV-2024-0004020,0,normal
TX-004723,2024-05-22 17:52:00,1046.6,Vendor_009,Operations,Operations,Check,Emp_070,INV-2024-0004002,0,normal
TX-004724,2024-05-22 19:37:00,3242.58,Vendor_032,HR,Travel,Wire,Emp_026,INV-2024-0005724,1,high_amount
TX-004725,2024-05-23 07:21:00,6929.39,Vendor_095,Legal,Supplies,Card,Emp_079,INV-2024-0004052,0,normal
TX-004726,2024-05-23 07:38:00,1013.98,Vendor_070,Sales,Consulting,ACH,Emp_093,INV-2024-0004039,0,normal
TX-004727,2024-05-23 08:52:00,2566.63,Vendor_034,Sales,IT,ACH,Emp_103,INV-2024-0004043,0,normal
TX-004728,2024-05-23 09:19:00,1096.86,Vendor_063,Sales,Supplies,Wire,Emp_104,INV-2024-0004048,0,normal
TX-004729,2024-05-23 09:50:00,1408.72,Vendor_016,Legal,Payroll,Wire,Emp_077,INV-2024-0004027,0,normal
TX-004730,2024-05-23 10:05:00,3159.11,Vendor_073,Legal,IT,Check,Emp_089,INV-2024-0004045,0,normal
TX-004731,2024-05-23 10:06:00,2508.6,Vendor_117,HR,IT,Card,Emp_017,INV-2024-0004054,0,normal
TX-004732,2024-05-23 10:07:00,2489.0,Vendor_027,Operations,Operations,ACH,Emp_069,INV-2024-0004049,0,normal
TX-004733,2024-05-23 10:18:00,1128.43,Vendor_099,HR,Operations,Card,Emp_030,INV-2024-0004044,0,normal
TX-004734,2024-05-23 10:53:00,750.0,Vendor_044,Finance,Operations,Wire,Emp_005,INV-2024-0004024,0,normal
TX-004735,2024-05-23 10:57:00,728.42,Vendor_032,HR,Supplies,Check,Emp_026,INV-2024-0004031,0,normal
TX-004736,2024-05-23 11:55:00,2915.97,Vendor_045,Sales,Consulting,Card,Emp_099,INV-2024-0004037,0,normal
TX-004737,2024-05-23 11:57:00,1707.0,Vendor_076,Support,Supplies,Card,Emp_117,INV-2024-0004040,0,normal
TX-004738,2024-05-23 12:05:00,1190.03,Vendor_047,Finance,Consulting,Check,Emp_006,INV-2024-0004050,0,normal
TX-004739,2024-05-23 12:17:00,810.62,Vendor_033,Support,Operations,ACH,Emp_119,INV-2024-0004032,0,normal
TX-004740,2024-05-23 12:54:00,13061.83,Vendor_028,Marketing,Travel,ACH,Emp_059,INV-2024-0004041,0,normal
TX-004741,2024-05-23 13:26:00,6580.87,Vendor_092,Sales,Payroll,Wire,Emp_104,INV-2024-0004028,0,normal
TX-004742,2024-05-23 13:30:00,2201.42,Vendor_093,Legal,Payroll,Wire,Emp_078,INV-2024-0004055,0,normal
TX-004743,2024-05-23 13:35:00,6883.66,Vendor_088,Sales,Travel,Wire,Emp_094,INV-2024-0004023,0,normal
TX-004744,2024-05-23 13:40:00,1993.68,Vendor_021,Sales,Consulting,ACH,Emp_093,INV-2024-0004036,0,normal
TX-004745,2024-05-23 13:57:00,143.7,Vendor_109,Support,Payroll,Card,Emp_112,INV-2024-0004042,0,normal
TX-004746,2024-05-23 14:00:00,1101.58,Vendor_063,Legal,Supplies,Check,Emp_089,INV-2024-0004035,0,normal
TX-004747,2024-05-23 14:01:00,3635.59,Vendor_120,IT,Travel,Card,Emp_040,INV-2024-0004038,0,normal
TX-004748,2024-05-23 14:02:00,965.58,Vendor_074,Operations,Consulting,Wire,Emp_061,INV-2024-0004029,0,normal
TX-004749,2024-05-23 14:30:00,2053.68,Vendor_046,Finance,Travel,ACH,Emp_014,INV-2024-0004046,0,normal
TX-004750,2024-05-23 14:30:00,1979.94,Vendor_106,Legal,Consulting,Wire,Emp_079,INV-2024-0004033,0,normal
TX-004751,2024-05-23 14:33:00,771.05,Vendor_058,Legal,Supplies,Card,Emp_089,INV-2024-0004034,0,normal
TX-004752,2024-05-23 14:40:00,4218.75,Vendor_049,Legal,Consulting,ACH,Emp_076,INV-2024-0004053,0,normal
TX-004753,2024-05-23 14:42:00,1138.99,Vendor_067,IT,Payroll,ACH,Emp_044,INV-2024-0004025,0,normal
TX-004754,2024-05-23 15:20:00,5888.35,Vendor_077,Support,Consulting,Check,Emp_110,INV-2024-0004047,0,normal
TX-004755,2024-05-23 15:21:00,6648.42,Vendor_095,Legal,Supplies,Card,Emp_080,INV-2024-0004051,0,normal
TX-004756,2024-05-23 15:30:00,2253.99,Vendor_017,Operations,Payroll,Wire,Emp_066,INV-2024-0004026,0,normal
TX-004757,2024-05-23 16:57:00,3085.99,Vendor_081,HR,Travel,Card,Emp_017,INV-2024-0004030,0,normal
TX-004758,2024-05-23 18:42:00,2310.0,Vendor_081,HR,Travel,Check,Emp_017,INV-2024-0005325,1,split_payment
TX-004759,2024-05-23 18:56:00,9770.0,Vendor_095,Legal,Supplies,ACH,Emp_080,INV-2024-0005309,1,split_payment
TX-004760,2024-05-23 19:00:00,1095.59,Vendor_063,Legal,Supplies,Check,Emp_089,INV-2024-0005607,1,same_day_burst
TX-004761,2024-05-23 19:19:00,6750.64,Vendor_056,Marketing,Travel,Wire,Emp_049,INV-2024-0005596,1,high_amount
TX-004762,2024-05-24 07:16:00,5964.58,Vendor_060,IT,Payroll,Check,Emp_042,INV-2024-0004081,0,normal
TX-004763,2024-05-24 08:04:00,4207.49,Vendor_119,Marketing,Travel,Check,Emp_054,INV-2024-0004079,0,normal
TX-004764,2024-05-24 08:38:00,3497.01,Vendor_002,HR,Supplies,Check,Emp_016,INV-2024-0004057,0,normal
TX-004765,2024-05-24 09:12:00,4911.94,Vendor_105,Operations,Consulting,ACH,Emp_064,INV-2024-0004075,0,normal
TX-004766,2024-05-24 09:21:00,714.52,Vendor_082,Marketing,Consulting,Check,Emp_060,INV-2024-0004062,0,normal
TX-004767,2024-05-24 09:26:00,2150.82,Vendor_078,Finance,Travel,Wire,Emp_013,INV-2024-0004060,0,normal
TX-004768,2024-05-24 09:48:00,2709.46,Vendor_093,Legal,Operations,ACH,Emp_084,INV-2024-0004069,0,normal
TX-004769,2024-05-24 10:17:00,6580.58,Vendor_060,Operations,Consulting,Check,Emp_071,INV-2024-0004071,0,normal
TX-004770,2024-05-24 10:43:00,2539.74,Vendor_091,Sales,IT,Card,Emp_100,INV-2024-0004068,0,normal
TX-004771,2024-05-24 10:46:00,2863.92,Vendor_073,Legal,Consulting,Check,Emp_087,INV-2024-0004072,0,normal
TX-004772,2024-05-24 10:50:00,1505.66,Vendor_076,Support,Travel,Check,Emp_107,INV-2024-0004070,0,normal
TX-004773,2024-05-24 10:53:00,4315.54,Vendor_037,Support,Consulting,Check,Emp_115,INV-2024-0005281,1,high_amount
TX-004774,2024-05-24 11:18:00,1149.79,Vendor_064,IT,Payroll,Wire,Emp_037,INV-2024-0004063,0,normal
TX-004775,2024-05-24 11:19:00,1543.2,Vendor_098,Sales,Operations,Card,Emp_099,INV-2024-0004077,0,normal
TX-004776,2024-05-24 11:24:00,3229.57,Vendor_020,Marketing,Operations,Wire,Emp_060,INV-2024-0004080,0,normal
TX-004777,2024-05-24 11:56:00,759.02,Vendor_068,Marketing,Operations,Wire,Emp_058,INV-2024-0004056,0,normal
TX-004778,2024-05-24 12:18:00,732.7,Vendor_068,Sales,Travel,Card,Emp_094,INV-2024-0004066,0,normal
TX-004779,2024-05-24 12:21:00,5556.45,Vendor_095,Legal,Supplies,Wire,Emp_077,INV-2024-0004058,0,normal
TX-004780,2024-05-24 12:22:00,3692.1,Vendor_035,Legal,IT,Check,Emp_082,INV-2024-0004074,0,normal
TX-004781,2024-05-24 13:07:00,1893.51,Vendor_007,Legal,Consulting,Check,Emp_085,INV-2024-0004082,0,normal
TX-004782,2024-05-24 13:09:00,4890.0,Vendor_002,HR,Supplies,ACH,Emp_016,INV-2024-0005602,1,split_payment
TX-004783,2024-05-24 14:08:00,4530.5,Vendor_030,Legal,IT,ACH,Emp_082,INV-2024-0004059,0,normal
TX-004784,2024-05-24 14:19:00,924.74,Vendor_074,Operations,Travel,Wire,Emp_067,INV-2024-0004073,0,normal
TX-004785,2024-05-24 14:21:00,892.35,Vendor_067,IT,Supplies,Card,Emp_031,INV-2024-0004061,0,normal
TX-004786,2024-05-24 14:54:00,850.03,Vendor_044,Legal,Supplies,ACH,Emp_076,INV-2024-0004064,0,normal
TX-004787,2024-05-24 15:05:00,3325.6,Vendor_025,Marketing,Operations,Card,Emp_053,INV-2024-0004078,0,normal
TX-004788,2024-05-24 15:05:00,2440.24,Vendor_008,Finance,Consulting,Wire,Emp_009,INV-2024-0004067,0,normal
TX-004789,2024-05-24 16:21:00,7030.16,Vendor_006,Sales,Travel,Check,Emp_094,INV-2024-0004065,0,normal
TX-004790,2024-05-24 16:39:00,4880.0,Vendor_025,Marketing,Operations,Check,Emp_053,INV-2024-0005404,1,split_payment
TX-004791,2024-05-24 17:26:00,2118.39,Vendor_078,Finance,Travel,Wire,Emp_014,INV-2024-0004060,1,duplicate_invoice
TX-004792,2024-05-24 17:36:00,4567.92,Vendor_087,Marketing,Payroll,Card,Emp_054,INV-2024-0004076,0,normal
TX-004793,2024-05-24 19:57:00,1738.5,Vendor_076,Support,Supplies,ACH,Emp_120,INV-2024-7004040,1,fuzzy_duplicate
TX-004794,2024-05-24 23:05:00,2413.6,Vendor_008,Finance,Consulting,ACH,Emp_012,INV-2024-0004067,1,duplicate_invoice
TX-004795,2024-05-25 09:20:00,689.53,Vendor_085,Finance,Operations,Card,Emp_009,INV-2024-0004093,0,normal
TX-004796,2024-05-25 09:34:00,4141.28,Vendor_119,Marketing,Travel,Card,Emp_059,INV-2024-0004089,0,normal
TX-004797,2024-05-25 09:59:00,1908.12,Vendor_036,Support,Supplies,Wire,Emp_112,INV-2024-0004091,0,normal
TX-004798,2024-05-25 10:42:00,3520.66,Vendor_003,Legal,Payroll,Card,Emp_089,INV-2024-0004094,0,normal
TX-004799,2024-05-25 10:58:00,2517.12,Vendor_034,Sales,Travel,Wire,Emp_095,INV-2024-0004090,0,normal
TX-004800,2024-05-25 11:17:00,1083.55,Vendor_106,Legal,Consulting,Check,Emp_078,INV-2024-0004095,0,normal
TX-004801,2024-05-25 11:34:00,6772.65,Vendor_092,Sales,Payroll,Wire,Emp_095,INV-2024-0005180,0,normal
TX-004802,2024-05-25 12:57:00,1546.29,Vendor_056,Marketing,Travel,Card,Emp_046,INV-2024-0004084,0,normal
TX-004803,2024-05-25 12:57:00,3820.14,Vendor_119,Marketing,Travel,Card,Emp_051,INV-2024-0004085,0,normal
TX-004804,2024-05-25 13:59:00,2578.35,Vendor_040,HR,Supplies,Wire,Emp_018,INV-2024-0004087,0,normal
TX-004805,2024-05-25 14:17:00,1036.14,Vendor_019,Sales,Operations,Card,Emp_093,INV-2024-0004083,0,normal
TX-004806,2024-05-25 14:27:00,1064.73,Vendor_027,Sales,Operations,Check,Emp_094,INV-2024-0004092,0,normal
TX-004807,2024-05-25 15:22:00,1853.58,Vendor_039,IT,Consulting,Check,Emp_038,INV-2024-0004096,0,normal
TX-004808,2024-05-25 15:26:00,2148.57,Vendor_078,Finance,Travel,ACH,Emp_001,INV-2524-0004060,1,fuzzy_duplicate
TX-004809,2024-05-25 16:04:00,5558.01,Vendor_088,Sales,IT,Wire,Emp_091,INV-2024-0004086,0,normal
TX-004810,2024-05-25 16:25:00,4085.39,Vendor_030,Legal,IT,ACH,Emp_089,INV-2024-0004088,0,normal
TX-004811,2024-05-26 01:46:00,7020.89,Vendor_018,Operations,Supplies,Check,Emp_071,INV-2024-0005578,1,vendor_department_shift
TX-004812,2024-05-26 08:14:00,645.96,Vendor_070,Sales,Consulting,ACH,Emp_099,INV-2024-0004101,0,normal
TX-004813,2024-05-26 08:38:00,4365.54,Vendor_018,Legal,Travel,Check,Emp_085,INV-2024-0004107,0,normal
TX-004814,2024-05-26 09:22:00,1129.85,Vendor_097,Legal,Operations,Card,Emp_080,INV-2024-0004100,0,normal
TX-004815,2024-05-26 10:02:00,1274.26,Vendor_064,IT,Payroll,Wire,Emp_033,INV-2024-0004098,0,normal
TX-004816,2024-05-26 10:17:00,947.54,Vendor_032,HR,Travel,ACH,Emp_023,INV-2024-0004113,0,normal
TX-004817,2024-05-26 10:18:00,10830.7,Vendor_046,Finance,Travel,Wire,Emp_015,INV-2024-0005589,1,high_amount
TX-004818,2024-05-26 10:21:00,3000.0,Vendor_075,HR,Consulting,ACH,Emp_021,INV-2024-0005137,0,normal
TX-004819,2024-05-26 11:16:00,2362.96,Vendor_108,Marketing,Travel,ACH,Emp_048,INV-2024-0004119,0,normal
TX-004820,2024-05-26 11:38:00,1048.16,Vendor_014,HR,Consulting,ACH,Emp_020,INV-2024-0004110,0,normal
TX-004821,2024-05-26 11:41:00,3581.67,Vendor_035,Legal,IT,ACH,Emp_083,INV-2024-0004114,0,normal
TX-004822,2024-05-26 11:44:00,1153.96,Vendor_091,Support,IT,Card,Emp_116,INV-2024-0004097,0,normal
TX-004823,2024-05-26 12:06:00,1214.29,Vendor_056,Marketing,Consulting,Card,Emp_055,INV-2024-0004117,0,normal
TX-004824,2024-05-26 12:12:00,1564.01,Vendor_025,Marketing,Consulting,Wire,Emp_050,INV-2024-0004099,0,normal
TX-004825,2024-05-26 12:53:00,6375.99,Vendor_107,HR,Supplies,ACH,Emp_022,INV-2024-0004102,0,normal
TX-004826,2024-05-26 12:56:00,1938.58,Vendor_041,Legal,Supplies,Wire,Emp_080,INV-2024-0004109,0,normal
TX-004827,2024-05-26 13:10:00,2268.18,Vendor_006,Sales,IT,Card,Emp_102,INV-2024-0004116,0,normal
TX-004828,2024-05-26 14:42:00,1187.95,Vendor_094,Legal,Consulting,ACH,Emp_090,INV-2024-0004112,0,normal
TX-004829,2024-05-26 15:29:00,3573.78,Vendor_114,IT,Consulting,Card,Emp_043,INV-2024-0004115,0,normal
TX-004830,2024-05-26 15:36:00,2301.9,Vendor_005,Legal,Travel,Wire,Emp_080,INV-2024-0004118,0,normal
TX-004831,2024-05-26 15:50:00,2156.69,Vendor_076,Support,Supplies,Wire,Emp_115,INV-2024-0004106,0,normal
TX-004832,2024-05-26 15:58:00,3830.29,Vendor_025,Finance,Consulting,ACH,Emp_005,INV-2024-0004104,0,normal
TX-004833,2024-05-26 16:00:00,3869.95,Vendor_062,Sales,Payroll,Check,Emp_098,INV-2024-0004111,0,normal
TX-004834,2024-05-26 16:09:00,840.39,Vendor_032,HR,Travel,Check,Emp_027,INV-2024-0004108,0,normal
TX-004835,2024-05-26 16:33:00,1048.22,Vendor_101,HR,IT,Check,Emp_022,INV-2024-0004103,0,normal
TX-004836,2024-05-26 17:07:00,1662.65,Vendor_042,Legal,Operations,ACH,Emp_076,INV-2024-0004105,0,normal
TX-004837,2024-05-26 17:27:00,1077.47,Vendor_027,Sales,Operations,Card,Emp_102,INV-2024-0004092,1,duplicate_invoice
TX-004838,2024-05-26 18:13:00,5573.34,Vendor_042,Legal,Supplies,ACH,Emp_077,INV-2024-0005530,1,payment_method_switch
TX-004839,2024-05-27 07:23:00,761.98,Vendor_012,Finance,Operations,ACH,Emp_007,INV-2024-0004155,0,normal
TX-004840,2024-05-27 08:03:00,2142.62,Vendor_110,Marketing,Travel,Wire,Emp_047,INV-2024-0004141,0,normal
TX-004841,2024-05-27 08:13:00,6350.79,Vendor_049,Legal,Consulting,ACH,Emp_078,INV-2024-0004153,0,normal
TX-004842,2024-05-27 08:22:00,1014.93,Vendor_058,Legal,Supplies,ACH,Emp_076,INV-2024-0004126,0,normal
TX-004843,2024-05-27 08:39:00,2415.41,Vendor_093,Legal,IT,ACH,Emp_080,INV-2024-0004124,0,normal
TX-004844,2024-05-27 08:49:00,1938.78,Vendor_023,Finance,Supplies,ACH,Emp_013,INV-2024-0004131,0,normal
TX-004845,2024-05-27 09:02:00,568.07,Vendor_094,HR,Consulting,Card,Emp_020,INV-2024-0005186,0,normal
TX-004846,2024-05-27 09:38:00,1170.57,Vendor_033,Support,Payroll,Check,Emp_106,INV-2024-0004137,0,normal
TX-004847,2024-05-27 09:49:00,4007.32,Vendor_018,Legal,IT,Check,Emp_084,INV-2024-0004144,0,normal
TX-004848,2024-05-27 10:10:00,2392.38,Vendor_034,Sales,IT,Wire,Emp_098,INV-2024-0004143,0,normal
TX-004849,2024-05-27 10:18:00,7957.87,Vendor_088,Sales,Supplies,Card,Emp_097,INV-2024-0004127,0,normal
TX-004850,2024-05-27 10:58:00,1651.54,Vendor_039,IT,Consulting,Card,Emp_031,INV-2024-0004133,0,normal
TX-004851,2024-05-27 11:20:00,7227.12,Vendor_049,Legal,Supplies,Card,Emp_082,INV-2024-0004130,0,normal
TX-004852,2024-05-27 11:33:00,4470.22,Vendor_087,Marketing,Payroll,ACH,Emp_059,INV-2024-0004157,0,normal
TX-004853,2024-05-27 11:33:00,2787.93,Vendor_089,Legal,Supplies,Card,Emp_082,INV-2024-0004121,0,normal
TX-004854,2024-05-27 11:51:00,633.06,Vendor_080,Legal,Consulting,ACH,Emp_076,INV-2024-0004156,0,normal
TX-004855,2024-05-27 11:58:00,867.87,Vendor_064,IT,Operations,Card,Emp_042,INV-2024-0004148,0,normal
TX-004856,2024-05-27 12:12:00,4876.71,Vendor_020,Marketing,Consulting,Card,Emp_052,INV-2024-0004146,0,normal
TX-004857,2024-05-27 12:14:00,4213.68,Vendor_051,Operations,Payroll,Card,Emp_064,INV-2024-0004128,0,normal
TX-004858,2024-05-27 12:28:00,1325.41,Vendor_016,Marketing,IT,ACH,Emp_047,INV-2024-0004123,0,normal
TX-004859,2024-05-27 12:31:00,2347.68,Vendor_073,Legal,Consulting,Check,Emp_076,INV-2024-0004129,0,normal
TX-004860,2024-05-27 12:38:00,7320.11,Vendor_051,HR,Payroll,Check,Emp_025,INV-2024-0004136,0,normal
TX-004861,2024-05-27 12:55:00,5342.54,Vendor_114,Finance,IT,Check,Emp_001,INV-2024-0004122,0,normal
TX-004862,2024-05-27 13:00:00,3187.33,Vendor_081,Legal,Supplies,Wire,Emp_085,INV-2024-0004145,0,normal
TX-004863,2024-05-27 13:11:00,3609.94,Vendor_077,Marketing,Consulting,Check,Emp_050,INV-2024-0004134,0,normal
TX-004864,2024-05-27 13:33:00,2714.6,Vendor_057,Operations,Consulting,ACH,Emp_063,INV-2024-0004125,0,normal
TX-004865,2024-05-27 13:39:00,2920.63,Vendor_093,Legal,Payroll,ACH,Emp_084,INV-2024-0004154,0,normal
TX-004866,2024-05-27 13:41:00,1907.02,Vendor_093,Legal,Payroll,Check,Emp_087,INV-2024-0004138,0,normal
TX-004867,2024-05-27 13:49:00,2823.8,Vendor_084,Finance,Operations,ACH,Emp_006,INV-2024-0005272,0,normal
TX-004868,2024-05-27 13:58:00,3296.91,Vendor_075,Marketing,Consulting,ACH,Emp_046,INV-2024-0004142,0,normal
TX-004869,2024-05-27 14:09:00,3517.21,Vendor_057,Operations,Consulting,Check,Emp_063,INV-2024-0004147,0,normal
TX-004870,2024-05-27 14:12:00,2108.56,Vendor_046,Finance,Travel,Card,Emp_008,INV-2024-0004159,0,normal
TX-004871,2024-05-27 14:40:00,3346.37,Vendor_100,Finance,Consulting,Card,Emp_009,INV-2024-0004139,0,normal
TX-004872,2024-05-27 14:41:00,2446.18,Vendor_001,Finance,Payroll,Card,Emp_011,INV-2024-0004158,0,normal
TX-004873,2024-05-27 14:41:00,1385.77,Vendor_065,Operations,Operations,Wire,Emp_061,INV-2024-0005241,0,normal
TX-004874,2024-05-27 14:43:00,3121.54,Vendor_093,Legal,Supplies,Wire,Emp_082,INV-2024-0004135,0,normal
TX-004875,2024-05-27 14:45:00,1469.9,Vendor_083,Operations,IT,Wire,Emp_069,INV-2024-0004120,0,normal
TX-004876,2024-05-27 14:46:00,1254.14,Vendor_103,Finance,Operations,Check,Emp_003,INV-2024-0004132,0,normal
TX-004877,2024-05-27 14:55:00,9960.0,Vendor_089,Legal,Supplies,Wire,Emp_082,INV-2024-0005782,1,split_payment
TX-004878,2024-05-27 15:01:00,3395.63,Vendor_093,Legal,Payroll,ACH,Emp_084,INV-2024-0005379,1,same_day_burst
TX-004879,2024-05-27 15:09:00,8587.46,Vendor_086,Sales,IT,Check,Emp_093,INV-2024-0005124,0,normal
TX-004880,2024-05-27 15:16:00,9780.0,Vendor_018,Legal,IT,Card,Emp_084,INV-2024-0005403,1,split_payment
TX-004881,2024-05-27 15:24:00,2871.15,Vendor_108,Marketing,Travel,Wire,Emp_049,INV-2024-0004149,0,normal
TX-004882,2024-05-27 16:18:00,4170.66,Vendor_040,HR,Supplies,Check,Emp_018,INV-2024-0004150,0,normal
TX-004883,2024-05-27 16:26:00,3030.35,Vendor_057,Operations,Consulting,Check,Emp_063,INV-2024-0005548,1,same_day_burst
TX-004884,2024-05-27 16:55:00,1555.42,Vendor_118,Support,Supplies,ACH,Emp_117,INV-2024-0004152,0,normal
TX-004885,2024-05-27 17:37:00,5020.29,Vendor_092,Sales,Payroll,Check,Emp_098,INV-2024-0004140,0,normal
TX-004886,2024-05-27 17:59:00,1129.39,Vendor_063,Sales,Operations,Check,Emp_099,INV-2024-0004151,0,normal
TX-004887,2024-05-27 18:58:00,1646.73,Vendor_039,IT,Consulting,Card,Emp_040,INV-2024-0004133,1,duplicate_invoice
TX-004888,2024-05-28 03:38:00,4172.76,Vendor_078,Finance,Supplies,Card,Emp_013,INV-2024-0005432,1,payment_method_switch
TX-004889,2024-05-28 06:33:00,3071.38,Vendor_082,Marketing,Consulting,ACH,Emp_060,INV-2024-0005429,1,high_amount
TX-004890,2024-05-28 07:24:00,1036.18,Vendor_019,Sales,IT,ACH,Emp_102,INV-2024-0004187,0,normal
TX-004891,2024-05-28 09:20:00,1454.94,Vendor_066,Legal,IT,ACH,Emp_082,INV-2024-0004185,0,normal
TX-004892,2024-05-28 09:35:00,1472.51,Vendor_026,HR,Payroll,ACH,Emp_024,INV-2024-0004192,0,normal
TX-004893,2024-05-28 10:30:00,2455.23,Vendor_025,Marketing,Operations,Card,Emp_053,INV-2024-0004181,0,normal
TX-004894,2024-05-28 10:42:00,6298.33,Vendor_060,IT,Travel,Card,Emp_042,INV-2024-0004182,0,normal
TX-004895,2024-05-28 11:06:00,7249.3,Vendor_086,Sales,IT,Card,Emp_096,INV-2024-0004179,0,normal
TX-004896,2024-05-28 11:07:00,1131.75,Vendor_004,Finance,IT,Card,Emp_015,INV-2024-0004164,0,normal
TX-004897,2024-05-28 11:24:00,6307.4,Vendor_086,Support,IT,Check,Emp_109,INV-2024-0004176,0,normal
TX-004898,2024-05-28 11:44:00,1972.69,Vendor_054,Legal,Consulting,Check,Emp_085,INV-2024-0004191,0,normal
TX-004899,2024-05-28 11:45:00,1234.37,Vendor_099,HR,Operations,Wire,Emp_027,INV-2024-0004167,0,normal
TX-004900,2024-05-28 11:59:00,5992.63,Vendor_092,Sales,Payroll,Wire,Emp_091,INV-2024-0004175,0,normal
TX-004901,2024-05-28 12:08:00,5819.23,Vendor_060,IT,Travel,ACH,Emp_036,INV-2024-0004174,0,normal
TX-004902,2024-05-28 12:20:00,6525.13,Vendor_060,IT,Payroll,Card,Emp_040,INV-2024-0004163,0,normal
TX-004903,2024-05-28 12:55:00,5004.95,Vendor_092,Operations,Payroll,Check,Emp_071,INV-2024-0004188,0,normal
TX-004904,2024-05-28 13:05:00,686.47,Vendor_082,Legal,Consulting,Check,Emp_083,INV-2024-0004180,0,normal
TX-004905,2024-05-28 13:06:00,1129.63,Vendor_083,Operations,IT,ACH,Emp_062,INV-2024-0004184,0,normal
TX-004906,2024-05-28 13:21:00,1066.46,Vendor_056,Support,Travel,Card,Emp_119,INV-2024-0004166,0,normal
TX-004907,2024-05-28 13:27:00,1116.68,Vendor_004,Support,IT,Card,Emp_106,INV-2024-0004169,0,normal
TX-004908,2024-05-28 13:30:00,2324.43,Vendor_084,Marketing,Travel,ACH,Emp_057,INV-2024-0004162,0,normal
TX-004909,2024-05-28 13:30:00,774.54,Vendor_064,IT,Supplies,Wire,Emp_031,INV-2024-0004171,0,normal
TX-004910,2024-05-28 13:33:00,5683.13,Vendor_031,Support,Consulting,Card,Emp_115,INV-2024-0004183,0,normal
TX-004911,2024-05-28 13:50:00,2661.69,Vendor_017,Operations,Payroll,ACH,Emp_061,INV-2024-0004165,0,normal
TX-004912,2024-05-28 13:57:00,5194.25,Vendor_088,Sales,Consulting,Card,Emp_091,INV-2024-0004160,0,normal
TX-004913,2024-05-28 13:58:00,4826.33,Vendor_095,Legal,Supplies,Card,Emp_084,INV-2024-0004193,0,normal
TX-004914,2024-05-28 13:59:00,1113.16,Vendor_074,Finance,Consulting,Check,Emp_008,INV-2024-0004172,0,normal
TX-004915,2024-05-28 14:53:00,3479.4,Vendor_077,HR,Operations,Check,Emp_018,INV-2024-0004173,0,normal
TX-004916,2024-05-28 15:14:00,3615.33,Vendor_113,Operations,Consulting,Card,Emp_070,INV-2024-0004186,0,normal
TX-004917,2024-05-28 15:32:00,1710.42,Vendor_104,Sales,IT,Card,Emp_101,INV-2024-0004170,0,normal
TX-004918,2024-05-28 16:08:00,5654.57,Vendor_040,HR,Supplies,Check,Emp_022,INV-2024-0004189,0,normal
TX-004919,2024-05-28 16:50:00,972.3,Vendor_082,Marketing,Consulting,Wire,Emp_059,INV-2024-0004190,0,normal
TX-004920,2024-05-28 16:54:00,1055.83,Vendor_074,Support,Consulting,Wire,Emp_108,INV-2024-0004161,0,normal
TX-004921,2024-05-28 17:25:00,5161.74,Vendor_031,Operations,Operations,ACH,Emp_065,INV-2024-0004177,0,normal
TX-004922,2024-05-28 17:33:00,1703.44,Vendor_093,Legal,Supplies,Wire,Emp_078,INV-2024-0004168,0,normal
TX-004923,2024-05-28 17:58:00,1652.51,Vendor_039,IT,Consulting,Card,Emp_031,INV-2024-0004133,1,duplicate_invoice
TX-004924,2024-05-28 18:00:00,1022.54,Vendor_037,Legal,Consulting,Wire,Emp_086,INV-2024-0004178,0,normal
TX-004925,2024-05-28 20:41:00,1920.69,Vendor_093,Legal,Payroll,Check,Emp_077,INV-2024-0004138,1,duplicate_invoice
TX-004926,2024-05-29 07:36:00,1627.07,Vendor_007,Finance,Consulting,ACH,Emp_013,INV-2024-0004211,0,normal
TX-004927,2024-05-29 08:40:00,2687.58,Vendor_060,IT,Consulting,Card,Emp_031,INV-2024-0004208,0,normal
TX-004928,2024-05-29 09:22:00,1353.72,Vendor_023,Finance,Supplies,Wire,Emp_005,INV-2024-0004227,0,normal
TX-004929,2024-05-29 09:33:00,1280.51,Vendor_083,Operations,IT,ACH,Emp_073,INV-2024-0004229,0,normal
TX-004930,2024-05-29 10:23:00,2808.99,Vendor_053,Support,IT,Wire,Emp_106,INV-2024-0004210,0,normal
TX-004931,2024-05-29 10:49:00,1200.15,Vendor_083,Operations,IT,Wire,Emp_073,INV-2024-0004226,0,normal
TX-004932,2024-05-29 11:05:00,1206.86,Vendor_099,HR,Operations,Card,Emp_022,INV-2024-0004231,0,normal
TX-004933,2024-05-29 11:07:00,1549.3,Vendor_078,Finance,Operations,Card,Emp_010,INV-2024-0004198,0,normal
TX-004934,2024-05-29 11:51:00,1206.99,Vendor_044,Finance,Supplies,Check,Emp_010,INV-2024-0004214,0,normal
TX-004935,2024-05-29 11:56:00,4084.37,Vendor_101,HR,IT,Card,Emp_026,INV-2024-0004207,0,normal
TX-004936,2024-05-29 12:39:00,624.39,Vendor_013,Marketing,Consulting,Wire,Emp_049,INV-2024-0004220,0,normal
TX-004937,2024-05-29 12:49:00,809.04,Vendor_074,IT,Consulting,Wire,Emp_045,INV-2024-0004212,0,normal
TX-004938,2024-05-29 12:55:00,2384.96,Vendor_090,Support,Consulting,Wire,Emp_118,INV-2024-0004218,0,normal
TX-004939,2024-05-29 12:58:00,1362.85,Vendor_004,Support,IT,ACH,Emp_107,INV-2024-0004202,0,normal
TX-004940,2024-05-29 13:23:00,2450.0,Vendor_093,Legal,Supplies,Wire,Emp_080,INV-2024-0004219,0,normal
TX-004941,2024-05-29 13:31:00,3196.73,Vendor_042,Finance,Travel,Check,Emp_001,INV-2024-0004217,0,normal
TX-004942,2024-05-29 13:34:00,4624.83,Vendor_088,Sales,Supplies,ACH,Emp_095,INV-2024-0004222,0,normal
TX-004943,2024-05-29 13:34:00,3039.02,Vendor_075,Marketing,IT,ACH,Emp_052,INV-2024-0004199,0,normal
TX-004944,2024-05-29 13:35:00,864.36,Vendor_009,Operations,Operations,Check,Emp_071,INV-2024-0004216,0,normal
TX-004945,2024-05-29 13:52:00,1973.04,Vendor_001,Finance,Payroll,ACH,Emp_013,INV-2024-0004228,0,normal
TX-004946,2024-05-29 13:55:00,10270.96,Vendor_028,Marketing,Travel,ACH,Emp_051,INV-2024-0005147,0,normal
TX-004947,2024-05-29 13:55:00,7544.5,Vendor_096,Sales,Operations,ACH,Emp_096,INV-2024-0004225,0,normal
TX-004948,2024-05-29 14:25:00,1138.12,Vendor_056,Marketing,Travel,Wire,Emp_056,INV-2024-0005280,0,normal
TX-004949,2024-05-29 14:28:00,853.16,Vendor_037,Legal,Payroll,ACH,Emp_087,INV-2024-0004221,0,normal
TX-004950,2024-05-29 14:38:00,1301.27,Vendor_026,HR,Travel,ACH,Emp_017,INV-2024-0004213,0,normal
TX-004951,2024-05-29 14:46:00,4215.89,Vendor_115,Operations,IT,Wire,Emp_071,INV-2024-0004206,0,normal
TX-004952,2024-05-29 14:49:00,1559.27,Vendor_016,Finance,Supplies,ACH,Emp_014,INV-2024-0004224,0,normal
TX-004953,2024-05-29 14:56:00,4770.24,Vendor_105,Operations,Operations,ACH,Emp_066,INV-2024-0004194,0,normal
TX-004954,2024-05-29 15:08:00,3962.25,Vendor_030,Legal,IT,ACH,Emp_085,INV-2024-0004215,0,normal
TX-004955,2024-05-29 15:17:00,2468.52,Vendor_062,Sales,Payroll,Check,Emp_100,INV-2024-0004201,0,normal
TX-004956,2024-05-29 15:19:00,2630.46,Vendor_015,HR,Consulting,Wire,Emp_028,INV-2024-0004196,0,normal
TX-004957,2024-05-29 15:34:00,871.94,Vendor_012,Support,Operations,ACH,Emp_108,INV-2024-0004223,0,normal
TX-004958,2024-05-29 15:54:00,1804.57,Vendor_008,Finance,Consulting,Card,Emp_006,INV-2024-0004197,0,normal
TX-004959,2024-05-29 15:55:00,2319.42,Vendor_042,Legal,Consulting,Check,Emp_078,INV-2024-0004195,0,normal
TX-004960,2024-05-29 15:56:00,4450.49,Vendor_119,Marketing,Travel,ACH,Emp_051,INV-2024-0004209,0,normal
TX-004961,2024-05-29 16:07:00,1261.41,Vendor_056,Marketing,Travel,ACH,Emp_057,INV-2024-0004200,0,normal
TX-004962,2024-05-29 16:26:00,899.57,Vendor_094,Legal,IT,Card,Emp_082,INV-2024-0004203,0,normal
TX-004963,2024-05-29 16:36:00,1649.62,Vendor_016,Marketing,Supplies,Card,Emp_058,INV-2024-0004230,0,normal
TX-004964,2024-05-29 17:03:00,3243.37,Vendor_101,HR,Travel,Card,Emp_028,INV-2024-0004204,0,normal
TX-004965,2024-05-29 17:10:00,2091.7,Vendor_046,Legal,Travel,ACH,Emp_081,INV-2024-0004205,0,normal
TX-004966,2024-05-29 23:52:00,1989.1,Vendor_016,Marketing,Supplies,Card,Emp_058,INV-2024-0005606,1,same_day_burst
TX-004967,2024-05-30 06:43:00,2154.08,Vendor_032,Finance,IT,ACH,Emp_007,INV-2024-0005361,1,vendor_department_shift
TX-004968,2024-05-30 07:45:00,3671.08,Vendor_101,HR,IT,Check,Emp_027,INV-2024-0004241,0,normal
TX-004969,2024-05-30 08:14:00,1602.74,Vendor_003,Finance,Consulting,Card,Emp_010,INV-2024-0004254,0,normal
TX-004970,2024-05-30 08:53:00,2181.05,Vendor_106,Legal,Consulting,Check,Emp_089,INV-2024-0004243,0,normal
TX-004971,2024-05-30 09:15:00,1332.13,Vendor_118,Support,IT,Card,Emp_119,INV-2024-0004238,0,normal
TX-004972,2024-05-30 09:34:00,1814.47,Vendor_039,IT,Consulting,Wire,Emp_031,INV-2024-0004234,0,normal
TX-004973,2024-05-30 10:07:00,1012.63,Vendor_094,Legal,Consulting,ACH,Emp_083,INV-2024-0004232,0,normal
TX-004974,2024-05-30 11:05:00,1700.0,Vendor_001,Finance,Payroll,ACH,Emp_004,INV-2024-0004247,0,normal
TX-004975,2024-05-30 11:21:00,2264.59,Vendor_091,Sales,Payroll,Wire,Emp_096,INV-2024-0004244,0,normal
TX-004976,2024-05-30 11:28:00,9927.77,Vendor_086,Support,IT,ACH,Emp_109,INV-2024-0004245,0,normal
TX-004977,2024-05-30 12:05:00,2143.77,Vendor_001,Finance,Consulting,Check,Emp_009,INV-2024-0004236,0,normal
TX-004978,2024-05-30 12:13:00,1583.96,Vendor_070,Sales,Consulting,ACH,Emp_102,INV-2024-0004249,0,normal
TX-004979,2024-05-30 12:54:00,2884.23,Vendor_113,Marketing,Consulting,Check,Emp_055,INV-2024-0004250,0,normal
TX-004980,2024-05-30 12:58:00,2725.48,Vendor_015,HR,Consulting,Wire,Emp_028,INV-2024-0004252,0,normal
TX-004981,2024-05-30 13:21:00,1764.54,Vendor_104,Sales,Payroll,Wire,Emp_097,INV-2024-0004246,0,normal
TX-004982,2024-05-30 13:49:00,4919.54,Vendor_006,Sales,Travel,ACH,Emp_091,INV-2024-0004233,0,normal
TX-004983,2024-05-30 13:57:00,3449.31,Vendor_098,Finance,IT,Card,Emp_001,INV-2024-0004248,0,normal
TX-004984,2024-05-30 14:36:00,2483.49,Vendor_005,Legal,Consulting,Check,Emp_088,INV-2024-0004242,0,normal
TX-004985,2024-05-30 14:57:00,1625.12,Vendor_116,HR,Consulting,Check,Emp_026,INV-2024-0004239,0,normal
TX-004986,2024-05-30 15:47:00,1580.21,Vendor_007,Finance,Payroll,Card,Emp_007,INV-2024-0004251,0,normal
TX-004987,2024-05-30 16:02:00,2884.3,Vendor_113,Operations,Consulting,Wire,Emp_061,INV-2024-0004235,0,normal
TX-004988,2024-05-30 16:38:00,1475.79,Vendor_021,Finance,Consulting,ACH,Emp_015,INV-2024-0004253,0,normal
TX-004989,2024-05-30 16:48:00,1446.05,Vendor_103,Finance,Operations,Wire,Emp_015,INV-2024-0004237,0,normal
TX-004990,2024-05-30 17:18:00,909.43,Vendor_038,Finance,IT,ACH,Emp_009,INV-2024-0004240,0,normal
TX-004991,2024-05-30 18:52:00,9870.0,Vendor_113,Operations,Consulting,ACH,Emp_061,INV-2024-0005759,1,split_payment
TX-004992,2024-05-30 22:36:00,1656.89,Vendor_016,Marketing,Supplies,Card,Emp_050,INV-2824-0004230,1,fuzzy_duplicate
TX-004993,2024-05-31 04:48:00,6804.51,Vendor_064,IT,Payroll,ACH,Emp_033,INV-2024-0005807,1,high_amount
TX-004994,2024-05-31 07:37:00,810.24,Vendor_066,Operations,IT,Wire,Emp_068,INV-2024-0004283,0,normal
TX-004995,2024-05-31 08:08:00,4562.65,Vendor_051,Operations,Payroll,Check,Emp_069,INV-2024-0004275,0,normal
TX-004996,2024-05-31 08:13:00,1666.95,Vendor_099,Marketing,Operations,ACH,Emp_053,INV-2024-0004266,0,normal
TX-004997,2024-05-31 09:32:00,1270.79,Vendor_083,Operations,IT,Wire,Emp_069,INV-2024-0004264,0,normal
TX-004998,2024-05-31 10:04:00,1627.98,Vendor_111,HR,Consulting,Card,Emp_030,INV-2024-0004260,0,normal
TX-004999,2024-05-31 10:15:00,3544.52,Vendor_092,Sales,Payroll,Check,Emp_105,INV-2024-0004261,0,normal
TX-005000,2024-05-31 10:34:00,5562.65,Vendor_088,Sales,IT,ACH,Emp_094,INV-2024-0004280,0,normal
TX-005001,2024-05-31 10:44:00,3278.99,Vendor_025,Marketing,Consulting,Card,Emp_053,INV-2024-0004286,0,normal
TX-005002,2024-05-31 10:51:00,894.64,Vendor_082,Marketing,Consulting,Wire,Emp_058,INV-2024-0004285,0,normal
TX-005003,2024-05-31 11:06:00,1550.24,Vendor_118,Operations,Payroll,Card,Emp_071,INV-2024-0004276,0,normal
TX-005004,2024-05-31 11:09:00,1307.46,Vendor_063,Sales,Supplies,Wire,Emp_100,INV-2024-0004262,0,normal
TX-005005,2024-05-31 11:17:00,2039.13,Vendor_048,Support,Consulting,ACH,Emp_117,INV-2024-0004274,0,normal
TX-005006,2024-05-31 11:39:00,1950.19,Vendor_078,Finance,Travel,Wire,Emp_012,INV-2024-0004265,0,normal
TX-005007,2024-05-31 11:58:00,1856.54,Vendor_034,Sales,Operations,Wire,Emp_104,INV-2024-0004281,0,normal
TX-005008,2024-05-31 12:00:00,1920.17,Vendor_029,HR,Travel,Card,Emp_023,INV-2024-0005279,0,normal
TX-005009,2024-05-31 12:10:00,987.49,Vendor_074,Operations,Operations,Wire,Emp_067,INV-2024-0004258,0,normal
TX-005010,2024-05-31 12:20:00,3062.33,Vendor_003,Finance,Consulting,Card,Emp_014,INV-2024-0004279,0,normal
TX-005011,2024-05-31 12:59:00,5497.04,Vendor_114,IT,Consulting,Card,Emp_036,INV-2024-0004271,0,normal
TX-005012,2024-05-31 13:50:00,1932.79,Vendor_046,Sales,Travel,Card,Emp_104,INV-2024-0004256,0,normal
TX-005013,2024-05-31 13:56:00,609.33,Vendor_116,HR,IT,Wire,Emp_029,INV-2024-0004263,0,normal
TX-005014,2024-05-31 14:09:00,2414.1,Vendor_104,Sales,Travel,Card,Emp_096,INV-2024-0004257,0,normal
TX-005015,2024-05-31 14:21:00,3446.86,Vendor_075,HR,Consulting,Card,Emp_016,INV-2024-0004269,0,normal
TX-005016,2024-05-31 14:39:00,284.99,Vendor_109,Support,Payroll,ACH,Emp_120,INV-2024-0004270,0,normal
TX-005017,2024-05-31 15:08:00,3256.36,Vendor_035,Legal,Travel,Card,Emp_083,INV-2024-0004272,0,normal
TX-005018,2024-05-31 15:29:00,1923.6,Vendor_046,Finance,Travel,Wire,Emp_014,INV-2024-0004267,0,normal
TX-005019,2024-05-31 15:45:00,1771.48,Vendor_117,Finance,Payroll,Card,Emp_003,INV-2024-0004268,0,normal
TX-005020,2024-05-31 15:49:00,4531.63,Vendor_069,Legal,IT,Wire,Emp_082,INV-2024-0004255,0,normal
TX-005021,2024-05-31 16:36:00,3346.47,Vendor_075,HR,Consulting,ACH,Emp_030,INV-2024-0004278,0,normal
TX-005022,2024-05-31 16:59:00,5402.94,Vendor_071,Finance,Payroll,Wire,Emp_012,INV-2024-0004273,0,normal
TX-005023,2024-05-31 17:31:00,1245.38,Vendor_034,Sales,IT,Wire,Emp_102,INV-2024-0004277,0,normal
TX-005024,2024-05-31 17:47:00,7500.0,Vendor_049,Legal,Consulting,ACH,Emp_090,INV-2024-0004282,0,normal
TX-005025,2024-05-31 18:06:00,6153.72,Vendor_060,Support,Payroll,ACH,Emp_114,INV-2024-0004259,0,normal
TX-005026,2024-05-31 18:23:00,2997.19,Vendor_005,Finance,IT,ACH,Emp_009,INV-2024-0004284,0,normal
TX-005027,2024-05-31 23:38:00,24673.73,Vendor_105,Operations,Operations,Card,Emp_066,INV-2024-0005751,1,high_amount
TX-005028,2024-06-01 05:20:00,3084.74,Vendor_003,Finance,Consulting,Wire,Emp_009,INV-2024-0204279,1,fuzzy_duplicate
TX-005029,2024-06-01 08:58:00,3534.17,Vendor_119,Marketing,Travel,Check,Emp_049,INV-2024-0004288,0,normal
TX-005030,2024-06-01 09:26:00,259.05,Vendor_109,Support,IT,Wire,Emp_106,INV-2024-0004294,0,normal
TX-005031,2024-06-01 10:04:00,1264.91,Vendor_056,Marketing,Travel,Card,Emp_049,INV-2024-0004287,0,normal
TX-005032,2024-06-01 10:09:00,3001.01,Vendor_115,Operations,Operations,Wire,Emp_065,INV-2024-0004291,0,normal
TX-005033,2024-06-01 10:10:00,3233.95,Vendor_113,Operations,Consulting,Card,Emp_069,INV-2024-0004297,0,normal
TX-005034,2024-06-01 11:23:00,2712.9,Vendor_073,Legal,Consulting,Wire,Emp_080,INV-2024-0004295,0,normal
TX-005035,2024-06-01 11:47:00,1145.47,Vendor_083,Operations,IT,Wire,Emp_061,INV-2024-0004293,0,normal
TX-005036,2024-06-01 12:09:00,5573.55,Vendor_006,Sales,Travel,Card,Emp_099,INV-2024-0004296,0,normal
TX-005037,2024-06-01 13:25:00,23031.52,Vendor_095,Legal,Supplies,ACH,Emp_077,INV-2024-0005664,1,high_amount
TX-005038,2024-06-01 14:25:00,5136.39,Vendor_051,HR,Payroll,Card,Emp_026,INV-2024-0004292,0,normal
TX-005039,2024-06-01 15:34:00,3787.42,Vendor_117,HR,IT,ACH,Emp_028,INV-2024-0004289,0,normal
TX-005040,2024-06-01 16:58:00,7309.46,Vendor_049,Legal,Consulting,ACH,Emp_078,INV-2024-0004290,0,normal
TX-005041,2024-06-01 18:51:00,4444.97,Vendor_094,Legal,Consulting,Check,Emp_083,INV-2024-0005746,1,high_amount
TX-005042,2024-06-01 23:06:00,1579.64,Vendor_118,Operations,Payroll,ACH,Emp_070,INV-2024-0001266,1,fuzzy_duplicate
TX-005043,2024-06-02 05:17:00,2634.53,Vendor_033,Support,Supplies,Wire,Emp_106,INV-2024-0005387,1,payment_method_switch
TX-005044,2024-06-02 07:07:00,663.97,Vendor_068,Marketing,Operations,ACH,Emp_051,INV-2024-0004303,0,normal
TX-005045,2024-06-02 07:09:00,1600.4,Vendor_048,Support,Consulting,Card,Emp_117,INV-2024-0004298,0,normal
TX-005046,2024-06-02 08:18:00,2010.52,Vendor_104,Sales,Payroll,Wire,Emp_102,INV-2024-0004311,0,normal
TX-005047,2024-06-02 09:17:00,9524.96,Vendor_086,Sales,IT,ACH,Emp_098,INV-2024-0004305,0,normal
TX-005048,2024-06-02 10:35:00,639.06,Vendor_080,Legal,Consulting,Check,Emp_083,INV-2024-0004310,0,normal
TX-005049,2024-06-02 10:41:00,1324.94,Vendor_042,Legal,Consulting,Check,Emp_089,INV-2024-0004301,0,normal
TX-005050,2024-06-02 10:44:00,2377.16,Vendor_100,IT,Consulting,Check,Emp_032,INV-2024-0004304,0,normal
TX-005051,2024-06-02 11:21:00,1385.79,Vendor_116,HR,Consulting,ACH,Emp_025,INV-2024-0004307,0,normal
TX-005052,2024-06-02 11:42:00,1295.35,Vendor_067,IT,Payroll,ACH,Emp_032,INV-2024-0004302,0,normal
TX-005053,2024-06-02 13:57:00,2902.3,Vendor_115,Operations,Operations,Check,Emp_063,INV-2024-0004300,0,normal
TX-005054,2024-06-02 14:22:00,10534.82,Vendor_033,Support,Operations,Wire,Emp_119,INV-2024-0005699,1,high_amount
TX-005055,2024-06-02 14:56:00,1369.34,Vendor_056,Marketing,Travel,Check,Emp_060,INV-2024-0004308,0,normal
TX-005056,2024-06-02 15:00:00,2332.37,Vendor_053,Support,IT,Card,Emp_110,INV-2024-0004299,0,normal
TX-005057,2024-06-02 15:15:00,6818.92,Vendor_106,Legal,Consulting,Card,Emp_089,INV-2024-0005650,1,high_amount
TX-005058,2024-06-02 15:40:00,2440.0,Vendor_115,Operations,Operations,ACH,Emp_063,INV-2024-0005541,1,split_payment
TX-005059,2024-06-02 15:44:00,1254.21,Vendor_099,HR,Operations,Card,Emp_017,INV-2024-0004309,0,normal
TX-005060,2024-06-02 17:54:00,1744.85,Vendor_007,Finance,Supplies,Card,Emp_014,INV-2024-0004306,0,normal
TX-005061,2024-06-02 18:24:00,4770.0,Vendor_007,Finance,Supplies,Check,Emp_014,INV-2024-0005742,1,split_payment
TX-005062,2024-06-03 07:36:00,1147.78,Vendor_067,Support,Payroll,ACH,Emp_120,INV-2024-0004328,0,normal
TX-005063,2024-06-03 07:41:00,1751.73,Vendor_001,Finance,IT,Check,Emp_011,INV-2024-0004344,0,normal
TX-005064,2024-06-03 09:03:00,1419.24,Vendor_101,Finance,IT,Check,Emp_008,INV-2024-0004312,0,normal
TX-005065,2024-06-03 09:07:00,1238.67,Vendor_004,Support,Payroll,Card,Emp_113,INV-2024-0004346,0,normal
TX-005066,2024-06-03 09:09:00,942.88,Vendor_013,Marketing,Supplies,Card,Emp_047,INV-2024-0004314,0,normal
TX-005067,2024-06-03 09:22:00,853.88,Vendor_068,IT,Supplies,Wire,Emp_036,INV-2024-0004340,0,normal
TX-005068,2024-06-03 09:41:00,6664.51,Vendor_016,Marketing,IT,Check,Emp_047,INV-2024-0005775,1,high_amount
TX-005069,2024-06-03 09:45:00,2259.49,Vendor_048,HR,Consulting,ACH,Emp_030,INV-2024-0004337,0,normal
TX-005070,2024-06-03 09:51:00,993.38,Vendor_064,IT,Supplies,Check,Emp_036,INV-2024-0004326,0,normal
TX-005071,2024-06-03 10:20:00,1288.6,Vendor_067,IT,Operations,ACH,Emp_037,INV-2024-0004335,0,normal
TX-005072,2024-06-03 10:28:00,974.64,Vendor_066,Legal,Payroll,Card,Emp_085,INV-2024-0004313,0,normal
TX-005073,2024-06-03 10:44:00,1340.84,Vendor_111,HR,Payroll,Wire,Emp_025,INV-2024-0004334,0,normal
TX-005074,2024-06-03 11:00:00,2515.03,Vendor_093,Legal,Supplies,Card,Emp_087,INV-2024-0004329,0,normal
TX-005075,2024-06-03 11:07:00,1587.59,Vendor_007,Finance,Consulting,Wire,Emp_011,INV-2024-0004336,0,normal
TX-005076,2024-06-03 11:41:00,1837.89,Vendor_104,Sales,Travel,Wire,Emp_097,INV-2024-0004324,0,normal
TX-005077,2024-06-03 11:46:00,234.67,Vendor_109,Support,Payroll,Check,Emp_107,INV-2024-0004339,0,normal
TX-005078,2024-06-03 12:21:00,1999.44,Vendor_041,Legal,Supplies,Card,Emp_084,INV-2024-0004320,0,normal
TX-005079,2024-06-03 12:43:00,5150.91,Vendor_112,Sales,Travel,ACH,Emp_095,INV-2024-0004330,0,normal
TX-005080,2024-06-03 12:45:00,812.85,Vendor_037,Legal,Supplies,Card,Emp_090,INV-2024-0004325,0,normal
TX-005081,2024-06-03 12:57:00,8096.31,Vendor_049,Legal,Consulting,Check,Emp_082,INV-2024-0004341,0,normal
TX-005082,2024-06-03 13:21:00,2902.17,Vendor_085,Finance,Supplies,Wire,Emp_004,INV-2024-0004316,0,normal
TX-005083,2024-06-03 13:26:00,1550.0,Vendor_056,Marketing,Travel,Wire,Emp_047,INV-2024-0004319,0,normal
TX-005084,2024-06-03 13:32:00,5236.1,Vendor_114,IT,Consulting,Wire,Emp_041,INV-2024-0004343,0,normal
TX-005085,2024-06-03 13:42:00,2408.03,Vendor_073,Legal,Consulting,Check,Emp_080,INV-2024-0004315,0,normal
TX-005086,2024-06-03 14:14:00,3402.8,Vendor_100,Finance,Consulting,Check,Emp_008,INV-2024-0004338,0,normal
TX-005087,2024-06-03 14:22:00,7751.03,Vendor_006,Sales,Travel,ACH,Emp_101,INV-2024-0004327,0,normal
TX-005088,2024-06-03 14:40:00,2201.47,Vendor_004,Support,Payroll,ACH,Emp_111,INV-2024-0004332,0,normal
TX-005089,2024-06-03 14:50:00,3240.1,Vendor_115,Operations,Travel,Wire,Emp_072,INV-2024-0004323,0,normal
TX-005090,2024-06-03 15:18:00,14318.67,Vendor_108,Marketing,Travel,Check,Emp_049,INV-2024-0005663,1,high_amount
TX-005091,2024-06-03 15:32:00,1687.95,Vendor_106,Legal,Consulting,Check,Emp_089,INV-2024-0004321,0,normal
TX-005092,2024-06-03 15:49:00,1527.34,Vendor_036,Support,Supplies,ACH,Emp_107,INV-2024-0004331,0,normal
TX-005093,2024-06-03 15:58:00,910.24,Vendor_026,HR,Payroll,Wire,Emp_024,INV-2024-0004318,0,normal
TX-005094,2024-06-03 16:00:00,6241.04,Vendor_060,IT,Consulting,Check,Emp_041,INV-2024-0004317,0,normal
TX-005095,2024-06-03 16:19:00,1445.03,Vendor_091,Support,IT,Card,Emp_115,INV-2024-0004342,0,normal
TX-005096,2024-06-03 16:45:00,2504.43,Vendor_035,Legal,Travel,ACH,Emp_078,INV-2024-0004345,0,normal
TX-005097,2024-06-03 17:05:00,742.38,Vendor_102,Support,Consulting,Card,Emp_107,INV-2024-0004333,0,normal
TX-005098,2024-06-03 17:28:00,23226.78,Vendor_049,Legal,Consulting,Wire,Emp_078,INV-2024-0005710,1,high_amount
TX-005099,2024-06-03 17:36:00,3840.96,Vendor_024,Marketing,Operations,Check,Emp_052,INV-2024-0004322,0,normal
TX-005100,2024-06-04 08:41:00,868.71,Vendor_056,Support,Supplies,Check,Emp_106,INV-2024-0004375,0,normal
TX-005101,2024-06-04 08:58:00,847.45,Vendor_074,IT,Consulting,ACH,Emp_038,INV-2024-0004371,0,normal
TX-005102,2024-06-04 09:06:00,4282.18,Vendor_022,IT,Operations,Card,Emp_035,INV-2024-0004384,0,normal
TX-005103,2024-06-04 09:11:00,6930.99,Vendor_096,Sales,Operations,Wire,Emp_097,INV-2024-0004361,0,normal
TX-005104,2024-06-04 09:17:00,1379.65,Vendor_016,Marketing,IT,Card,Emp_050,INV-2024-0004368,0,normal
TX-005105,2024-06-04 09:24:00,1683.14,Vendor_093,Legal,Supplies,Check,Emp_085,INV-2024-0004347,0,normal
TX-005106,2024-06-04 09:43:00,974.5,Vendor_070,HR,Consulting,ACH,Emp_025,INV-2024-0004385,0,normal
TX-005107,2024-06-04 09:52:00,1436.99,Vendor_026,HR,Travel,ACH,Emp_021,INV-2024-0004353,0,normal
TX-005108,2024-06-04 09:52:00,2918.51,Vendor_113,Operations,Consulting,Check,Emp_069,INV-2024-0004373,0,normal
TX-005109,2024-06-04 09:59:00,1167.45,Vendor_019,Sales,Supplies,ACH,Emp_101,INV-2024-0004352,0,normal
TX-005110,2024-06-04 09:59:00,1500.97,Vendor_004,Support,Payroll,Wire,Emp_119,INV-2024-0004380,0,normal
TX-005111,2024-06-04 10:20:00,2224.94,Vendor_089,Legal,Supplies,ACH,Emp_089,INV-2024-0004349,0,normal
TX-005112,2024-06-04 10:34:00,2687.67,Vendor_057,Operations,Payroll,Check,Emp_075,INV-2024-0004355,0,normal
TX-005113,2024-06-04 10:39:00,3384.91,Vendor_073,Legal,Consulting,ACH,Emp_078,INV-2024-0004369,0,normal
TX-005114,2024-06-04 10:53:00,1927.88,Vendor_017,Operations,Payroll,Wire,Emp_070,INV-2024-0004348,0,normal
TX-005115,2024-06-04 10:57:00,2030.49,Vendor_039,IT,Payroll,ACH,Emp_039,INV-2024-0004381,0,normal
TX-005116,2024-06-04 11:14:00,1094.37,Vendor_056,Marketing,Travel,Check,Emp_060,INV-2024-0004358,0,normal
TX-005117,2024-06-04 11:40:00,1828.77,Vendor_033,Support,Travel,ACH,Emp_120,INV-2024-0004364,0,normal
TX-005118,2024-06-04 12:07:00,3081.48,Vendor_025,Marketing,Consulting,Card,Emp_058,INV-2024-0004389,0,normal
TX-005119,2024-06-04 12:18:00,1674.2,Vendor_053,Support,IT,ACH,Emp_106,INV-2024-0004370,0,normal
TX-005120,2024-06-04 12:24:00,2442.73,Vendor_042,Legal,Travel,Check,Emp_083,INV-2024-0004367,0,normal
TX-005121,2024-06-04 12:29:00,12554.96,Vendor_005,Legal,Travel,Card,Emp_080,INV-2024-0005463,1,high_amount
TX-005122,2024-06-04 12:33:00,1632.9,Vendor_076,Support,Travel,Card,Emp_117,INV-2024-0004356,0,normal
TX-005123,2024-06-04 12:37:00,3776.95,Vendor_006,Sales,Travel,ACH,Emp_092,INV-2024-0004357,0,normal
TX-005124,2024-06-04 12:43:00,1867.73,Vendor_099,HR,Operations,Card,Emp_025,INV-2024-0004374,0,normal
TX-005125,2024-06-04 12:50:00,1211.15,Vendor_067,IT,Payroll,ACH,Emp_034,INV-2024-0004378,0,normal
TX-005126,2024-06-04 13:16:00,6056.41,Vendor_114,IT,Consulting,Check,Emp_034,INV-2024-0004372,0,normal
TX-005127,2024-06-04 13:25:00,1751.61,Vendor_054,Operations,IT,Card,Emp_075,INV-2024-0004379,0,normal
TX-005128,2024-06-04 13:31:00,316.36,Vendor_109,Support,Payroll,ACH,Emp_111,INV-2024-0004351,0,normal
TX-005129,2024-06-04 13:33:00,2471.2,Vendor_005,Legal,IT,Check,Emp_087,INV-2024-0004362,0,normal
TX-005130,2024-06-04 13:35:00,1674.89,Vendor_097,Legal,Operations,Wire,Emp_079,INV-2024-0004376,0,normal
TX-005131,2024-06-04 13:53:00,184.78,Vendor_109,Support,IT,ACH,Emp_108,INV-2024-0004366,0,normal
TX-005132,2024-06-04 14:01:00,1137.74,Vendor_056,Support,Travel,Wire,Emp_119,INV-2024-0004363,0,normal
TX-005133,2024-06-04 14:03:00,4916.32,Vendor_022,IT,Travel,Wire,Emp_040,INV-2024-0004388,0,normal
TX-005134,2024-06-04 14:25:00,972.93,Vendor_106,HR,Consulting,Wire,Emp_027,INV-2024-0004360,0,normal
TX-005135,2024-06-04 14:27:00,6914.77,Vendor_060,IT,Travel,Check,Emp_036,INV-2024-0004382,0,normal
TX-005136,2024-06-04 14:40:00,768.52,Vendor_063,Sales,Operations,Check,Emp_105,INV-2024-0004377,0,normal
TX-005137,2024-06-04 15:04:00,1458.2,Vendor_016,Marketing,IT,ACH,Emp_057,INV-2024-0004354,0,normal
TX-005138,2024-06-04 15:17:00,1198.76,Vendor_026,HR,Payroll,ACH,Emp_017,INV-2024-0004365,0,normal
TX-005139,2024-06-04 15:18:00,905.8,Vendor_094,Legal,IT,ACH,Emp_085,INV-2024-0004383,0,normal
TX-005140,2024-06-04 16:06:00,5632.41,Vendor_095,Legal,Consulting,Check,Emp_079,INV-2024-0004387,0,normal
TX-005141,2024-06-04 16:21:00,3917.07,Vendor_077,Marketing,Operations,Check,Emp_047,INV-2024-0004350,0,normal
TX-005142,2024-06-04 16:21:00,2960.91,Vendor_075,HR,Consulting,Card,Emp_016,INV-2024-0004359,0,normal
TX-005143,2024-06-04 16:26:00,4384.53,Vendor_080,Legal,Consulting,Card,Emp_083,INV-2024-0005469,1,high_amount
TX-005144,2024-06-04 16:34:00,3905.09,Vendor_119,Marketing,Travel,Check,Emp_051,INV-2024-0004386,0,normal
TX-005145,2024-06-04 17:47:00,3516.07,Vendor_119,Marketing,Travel,Check,Emp_059,INV-2024-0005156,0,normal
TX-005146,2024-06-05 04:41:00,1347.76,Vendor_042,Legal,Consulting,Wire,Emp_076,INV-2024-0004301,1,duplicate_invoice
TX-005147,2024-06-05 06:57:00,2051.95,Vendor_039,IT,Payroll,Check,Emp_034,INV-2024-0004381,1,duplicate_invoice
TX-005148,2024-06-05 07:40:00,7752.46,Vendor_060,IT,Travel,ACH,Emp_042,INV-2024-0004395,0,normal
TX-005149,2024-06-05 07:49:00,1520.03,Vendor_036,Support,Supplies,Check,Emp_113,INV-2024-1004331,1,fuzzy_duplicate
TX-005150,2024-06-05 08:29:00,5090.59,Vendor_006,Sales,Payroll,ACH,Emp_097,INV-2024-0005235,0,normal
TX-005151,2024-06-05 09:12:00,3292.78,Vendor_035,Legal,IT,Check,Emp_088,INV-2024-0004393,0,normal
TX-005152,2024-06-05 09:41:00,126.33,Vendor_024,Marketing,Consulting,Wire,Emp_052,INV-2024-0004412,0,normal
TX-005153,2024-06-05 10:01:00,728.8,Vendor_058,Legal,Supplies,Wire,Emp_077,INV-2024-0004418,0,normal
TX-005154,2024-06-05 10:07:00,1139.19,Vendor_070,Sales,Consulting,Check,Emp_092,INV-2024-0004398,0,normal
TX-005155,2024-06-05 10:07:00,4198.91,Vendor_035,Legal,Travel,Wire,Emp_079,INV-2024-0004404,0,normal
TX-005156,2024-06-05 10:53:00,6247.89,Vendor_096,Finance,Operations,Wire,Emp_002,INV-2024-0004403,0,normal
TX-005157,2024-06-05 10:57:00,1958.71,Vendor_055,Operations,Supplies,Card,Emp_070,INV-2024-0004421,0,normal
TX-005158,2024-06-05 10:59:00,713.47,Vendor_044,Finance,IT,Check,Emp_004,INV-2024-0004408,0,normal
TX-005159,2024-06-05 11:13:00,2386.53,Vendor_117,HR,Payroll,Card,Emp_028,INV-2024-0004423,0,normal
TX-005160,2024-06-05 11:13:00,3975.79,Vendor_091,Sales,Consulting,ACH,Emp_096,INV-2024-0005671,1,payment_method_switch
TX-005161,2024-06-05 11:19:00,2671.13,Vendor_008,Finance,Consulting,Card,Emp_003,INV-2024-0004415,0,normal
TX-005162,2024-06-05 11:31:00,1261.79,Vendor_036,Legal,Supplies,ACH,Emp_087,INV-2024-0004394,0,normal
TX-005163,2024-06-05 11:47:00,6591.16,Vendor_095,Legal,Payroll,ACH,Emp_083,INV-2024-0004409,0,normal
TX-005164,2024-06-05 11:49:00,1685.74,Vendor_007,Finance,Payroll,ACH,Emp_001,INV-2024-0004407,0,normal
TX-005165,2024-06-05 11:51:00,5432.88,Vendor_051,HR,Payroll,Check,Emp_025,INV-2024-0004410,0,normal
TX-005166,2024-06-05 11:53:00,1069.78,Vendor_009,Operations,Operations,Check,Emp_067,INV-2024-0004399,0,normal
TX-005167,2024-06-05 12:22:00,3067.46,Vendor_093,Legal,Supplies,ACH,Emp_087,INV-2024-0004405,0,normal
TX-005168,2024-06-05 12:32:00,848.17,Vendor_032,HR,Travel,ACH,Emp_019,INV-2024-0004401,0,normal
TX-005169,2024-06-05 12:46:00,3929.42,Vendor_024,Marketing,Supplies,Card,Emp_054,INV-2024-0004390,0,normal
TX-005170,2024-06-05 12:51:00,1132.39,Vendor_094,Operations,Operations,Card,Emp_075,INV-2024-0004422,0,normal
TX-005171,2024-06-05 12:57:00,3933.71,Vendor_062,Sales,Travel,Wire,Emp_099,INV-2024-0004402,0,normal
TX-005172,2024-06-05 13:30:00,1024.06,Vendor_064,IT,Supplies,Card,Emp_035,INV-2024-0004411,0,normal
TX-005173,2024-06-05 13:43:00,1217.47,Vendor_083,Operations,Consulting,Wire,Emp_072,INV-2024-0004425,0,normal
TX-005174,2024-06-05 13:56:00,3061.81,Vendor_025,Marketing,Consulting,Card,Emp_049,INV-2024-0004400,0,normal
TX-005175,2024-06-05 14:01:00,2680.34,Vendor_113,Legal,Consulting,Card,Emp_076,INV-2024-0004413,0,normal
TX-005176,2024-06-05 14:01:00,1889.52,Vendor_041,Finance,Supplies,Card,Emp_006,INV-2024-0004391,0,normal
TX-005177,2024-06-05 14:07:00,2812.77,Vendor_055,IT,Supplies,ACH,Emp_035,INV-2024-0004392,0,normal
TX-005178,2024-06-05 14:09:00,4064.26,Vendor_087,Marketing,Payroll,Card,Emp_060,INV-2024-0004406,0,normal
TX-005179,2024-06-05 14:41:00,8771.58,Vendor_060,IT,Operations,ACH,Emp_034,INV-2024-0004414,0,normal
TX-005180,2024-06-05 14:43:00,2550.63,Vendor_042,Legal,Consulting,Check,Emp_089,INV-2024-0004397,0,normal
TX-005181,2024-06-05 14:59:00,1491.57,Vendor_099,HR,Operations,Card,Emp_029,INV-2024-0004396,0,normal
TX-005182,2024-06-05 15:03:00,1835.96,Vendor_033,Support,Operations,Check,Emp_117,INV-2024-0004419,0,normal
TX-005183,2024-06-05 15:04:00,3931.76,Vendor_093,Legal,Supplies,Check,Emp_084,INV-2024-0004424,0,normal
TX-005184,2024-06-05 15:18:00,1128.02,Vendor_097,Legal,Operations,Wire,Emp_090,INV-2024-0004420,0,normal
TX-005185,2024-06-05 15:47:00,991.0,Vendor_063,Sales,Supplies,Check,Emp_099,INV-2024-0004417,0,normal
TX-005186,2024-06-05 17:07:00,9800.0,Vendor_060,IT,Travel,Check,Emp_042,INV-2024-0005673,1,split_payment
TX-005187,2024-06-05 18:14:00,1158.07,Vendor_083,Operations,IT,Wire,Emp_071,INV-2024-0005217,0,normal
TX-005188,2024-06-05 18:55:00,3130.66,Vendor_018,Legal,Travel,Wire,Emp_078,INV-2024-0004416,0,normal
TX-005189,2024-06-06 02:09:00,8505.99,Vendor_101,IT,Operations,Card,Emp_039,INV-2024-0005707,1,vendor_department_shift
TX-005190,2024-06-06 02:29:00,5055.5,Vendor_006,Sales,Payroll,Card,Emp_102,INV-2024-0005235,1,duplicate_invoice
TX-005191,2024-06-06 07:37:00,2260.32,Vendor_042,Legal,Consulting,Check,Emp_087,INV-2024-0004454,0,normal
TX-005192,2024-06-06 08:56:00,594.68,Vendor_058,Legal,Supplies,ACH,Emp_084,INV-2024-0004450,0,normal
TX-005193,2024-06-06 09:10:00,5193.81,Vendor_069,Legal,Travel,ACH,Emp_081,INV-2024-0004455,0,normal
TX-005194,2024-06-06 09:38:00,6724.09,Vendor_096,Sales,Operations,Wire,Emp_104,INV-2024-0004439,0,normal
TX-005195,2024-06-06 10:07:00,13050.0,Vendor_086,Support,IT,ACH,Emp_110,INV-2024-0004448,0,normal
TX-005196,2024-06-06 10:13:00,1567.15,Vendor_044,Operations,Supplies,Check,Emp_062,INV-2024-0004436,0,normal
TX-005197,2024-06-06 10:18:00,1571.46,Vendor_104,Sales,Payroll,ACH,Emp_097,INV-2024-0004456,0,normal
TX-005198,2024-06-06 10:28:00,800.0,Vendor_102,Finance,Consulting,ACH,Emp_013,INV-2024-0004446,0,normal
TX-005199,2024-06-06 10:32:00,2187.95,Vendor_055,Operations,Supplies,Wire,Emp_063,INV-2024-0004429,0,normal
TX-005200,2024-06-06 11:03:00,1727.23,Vendor_054,Operations,Consulting,Wire,Emp_069,INV-2024-0004433,0,normal
TX-005201,2024-06-06 11:24:00,1387.16,Vendor_033,Support,Travel,Check,Emp_114,INV-2024-0004447,0,normal
TX-005202,2024-06-06 11:25:00,2656.09,Vendor_055,Operations,Supplies,Wire,Emp_075,INV-2024-0004440,0,normal
TX-005203,2024-06-06 11:40:00,1275.53,Vendor_013,Marketing,Operations,Wire,Emp_056,INV-2024-0004434,0,normal
TX-005204,2024-06-06 11:43:00,822.0,Vendor_042,Legal,Operations,Card,Emp_080,INV-2024-0004428,0,normal
TX-005205,2024-06-06 12:19:00,2924.35,Vendor_008,Finance,Supplies,Wire,Emp_004,INV-2024-0004441,0,normal
TX-005206,2024-06-06 12:24:00,3498.6,Vendor_059,Finance,Supplies,Check,Emp_001,INV-2024-0004432,0,normal
TX-005207,2024-06-06 12:50:00,2690.5,Vendor_034,Sales,Travel,Card,Emp_103,INV-2024-0004431,0,normal
TX-005208,2024-06-06 12:51:00,1045.03,Vendor_083,Operations,IT,ACH,Emp_068,INV-2024-0004453,0,normal
TX-005209,2024-06-06 13:07:00,2969.55,Vendor_113,Operations,Consulting,Card,Emp_067,INV-2024-0004451,0,normal
TX-005210,2024-06-06 13:15:00,1256.1,Vendor_067,Support,Supplies,Card,Emp_111,INV-2024-0004445,0,normal
TX-005211,2024-06-06 13:27:00,1636.67,Vendor_021,Finance,Consulting,Card,Emp_008,INV-2024-0004443,0,normal
TX-005212,2024-06-06 13:40:00,2091.25,Vendor_091,Finance,IT,Card,Emp_012,INV-2024-0004426,0,normal
TX-005213,2024-06-06 14:29:00,1710.05,Vendor_041,Legal,Supplies,Card,Emp_076,INV-2024-0004435,0,normal
TX-005214,2024-06-06 14:49:00,2264.39,Vendor_054,Operations,Operations,Check,Emp_063,INV-2024-0004449,0,normal
TX-005215,2024-06-06 15:31:00,411.72,Vendor_032,HR,Travel,Check,Emp_029,INV-2024-0004438,0,normal
TX-005216,2024-06-06 15:38:00,4052.22,Vendor_006,Sales,IT,ACH,Emp_104,INV-2024-0004442,0,normal
TX-005217,2024-06-06 15:42:00,565.63,Vendor_032,HR,Travel,Card,Emp_023,INV-2024-0004427,0,normal
TX-005218,2024-06-06 15:58:00,3287.37,Vendor_044,Finance,IT,ACH,Emp_004,INV-2024-0005552,1,high_amount
TX-005219,2024-06-06 16:10:00,6299.59,Vendor_107,Support,Consulting,Check,Emp_106,INV-2024-0004444,0,normal
TX-005220,2024-06-06 16:15:00,9263.27,Vendor_086,Sales,IT,ACH,Emp_095,INV-2024-0004430,0,normal
TX-005221,2024-06-06 16:24:00,1931.26,Vendor_039,IT,Consulting,Card,Emp_036,INV-2024-0004452,0,normal
TX-005222,2024-06-06 16:30:00,5094.91,Vendor_107,Support,Supplies,Check,Emp_113,INV-2024-0004437,0,normal
TX-005223,2024-06-06 20:14:00,10963.51,Vendor_086,Sales,IT,ACH,Emp_095,INV-2024-0005505,1,same_day_burst
TX-005224,2024-06-06 21:53:00,181.08,Vendor_109,Support,IT,ACH,Emp_116,INV-2024-0004366,1,duplicate_invoice
TX-005225,2024-06-07 08:24:00,2194.86,Vendor_025,Marketing,Consulting,ACH,Emp_051,INV-2024-0004461,0,normal
TX-005226,2024-06-07 09:04:00,1033.98,Vendor_082,Marketing,Consulting,Check,Emp_050,INV-2024-0004473,0,normal
TX-005227,2024-06-07 09:13:00,2517.46,Vendor_024,Marketing,Consulting,Wire,Emp_056,INV-2024-0004469,0,normal
TX-005228,2024-06-07 10:35:00,1137.88,Vendor_066,Legal,Operations,ACH,Emp_078,INV-2024-0004477,0,normal
TX-005229,2024-06-07 10:40:00,6913.96,Vendor_095,IT,Consulting,Card,Emp_045,INV-2024-0004480,0,normal
TX-005230,2024-06-07 10:42:00,2606.47,Vendor_117,HR,Payroll,Card,Emp_030,INV-2024-0004465,0,normal
TX-005231,2024-06-07 10:46:00,831.26,Vendor_044,Marketing,Operations,Wire,Emp_056,INV-2024-0004459,0,normal
TX-005232,2024-06-07 10:52:00,1668.3,Vendor_104,IT,Payroll,Wire,Emp_032,INV-2024-0004475,0,normal
TX-005233,2024-06-07 11:04:00,1355.63,Vendor_083,Operations,IT,Wire,Emp_063,INV-2024-0004471,0,normal
TX-005234,2024-06-07 11:08:00,659.63,Vendor_019,Sales,IT,Check,Emp_099,INV-2024-0004470,0,normal
TX-005235,2024-06-07 11:09:00,6398.6,Vendor_043,Support,Travel,Check,Emp_111,INV-2024-0004463,0,normal
TX-005236,2024-06-07 11:33:00,1990.45,Vendor_120,IT,IT,Wire,Emp_032,INV-2024-0004460,0,normal
TX-005237,2024-06-07 12:20:00,3189.2,Vendor_081,Finance,Consulting,Check,Emp_015,INV-2024-0004466,0,normal
TX-005238,2024-06-07 12:46:00,3187.86,Vendor_003,Finance,Payroll,ACH,Emp_014,INV-2024-0004464,0,normal
TX-005239,2024-06-07 13:18:00,507.33,Vendor_032,HR,Travel,Check,Emp_019,INV-2024-0004484,0,normal
TX-005240,2024-06-07 13:19:00,5876.13,Vendor_114,IT,Consulting,ACH,Emp_035,INV-2024-0004485,0,normal
TX-005241,2024-06-07 13:37:00,3463.08,Vendor_117,HR,Consulting,Card,Emp_027,INV-2024-0004472,0,normal
TX-005242,2024-06-07 13:39:00,2944.33,Vendor_081,Finance,Supplies,Wire,Emp_003,INV-2024-0004481,0,normal
TX-005243,2024-06-07 13:44:00,4686.19,Vendor_088,Sales,IT,Wire,Emp_095,INV-2024-0004462,0,normal
TX-005244,2024-06-07 14:01:00,6699.04,Vendor_088,Sales,IT,Wire,Emp_096,INV-2024-0004486,0,normal
TX-005245,2024-06-07 14:13:00,5328.06,Vendor_105,Operations,Consulting,ACH,Emp_062,INV-2024-0004483,0,normal
TX-005246,2024-06-07 14:15:00,6633.7,Vendor_096,Sales,Operations,Wire,Emp_093,INV-2024-0004468,0,normal
TX-005247,2024-06-07 14:54:00,975.45,Vendor_094,Legal,Consulting,Wire,Emp_085,INV-2024-0004482,0,normal
TX-005248,2024-06-07 15:44:00,718.48,Vendor_074,Operations,Operations,Wire,Emp_073,INV-2024-0004458,0,normal
TX-005249,2024-06-07 15:45:00,867.7,Vendor_116,HR,Operations,Wire,Emp_017,INV-2024-0004478,0,normal
TX-005250,2024-06-07 16:10:00,656.51,Vendor_004,Support,Payroll,Wire,Emp_115,INV-2024-0004467,0,normal
TX-005251,2024-06-07 17:12:00,2751.22,Vendor_043,Marketing,Travel,ACH,Emp_059,INV-2024-0004474,0,normal
TX-005252,2024-06-07 18:06:00,1051.65,Vendor_074,IT,Consulting,Wire,Emp_037,INV-2024-0004479,0,normal
TX-005253,2024-06-07 18:19:00,2250.0,Vendor_093,Legal,Payroll,ACH,Emp_085,INV-2024-0004457,0,normal
TX-005254,2024-06-07 18:50:00,3519.22,Vendor_115,Operations,IT,Card,Emp_067,INV-2024-0004476,0,normal
TX-005255,2024-06-07 20:46:00,2591.21,Vendor_043,Marketing,Travel,ACH,Emp_059,INV-2024-0005311,1,same_day_burst
TX-005256,2024-06-08 07:31:00,4200.0,Vendor_105,Operations,Operations,Wire,Emp_073,INV-2024-0004491,0,normal
TX-005257,2024-06-08 08:22:00,6098.87,Vendor_071,Finance,Travel,Check,Emp_006,INV-2024-0004498,0,normal
TX-005258,2024-06-08 09:06:00,1487.81,Vendor_091,Support,IT,Wire,Emp_116,INV-2024-0004505,0,normal
TX-005259,2024-06-08 10:25:00,2020.88,Vendor_041,Legal,Supplies,Card,Emp_076,INV-2024-0004501,0,normal
TX-005260,2024-06-08 10:42:00,1877.18,Vendor_085,IT,Supplies,ACH,Emp_032,INV-2024-0004502,0,normal
TX-005261,2024-06-08 11:02:00,7706.61,Vendor_071,Finance,Operations,Check,Emp_010,INV-2024-0004499,0,normal
TX-005262,2024-06-08 11:20:00,2859.9,Vendor_093,Legal,Payroll,ACH,Emp_086,INV-2024-0004493,0,normal
TX-005263,2024-06-08 11:36:00,7293.49,Vendor_107,Support,IT,Check,Emp_120,INV-2024-0004504,0,normal
TX-005264,2024-06-08 11:51:00,838.86,Vendor_063,Sales,Operations,Check,Emp_105,INV-2024-0004494,0,normal
TX-005265,2024-06-08 12:13:00,4017.89,Vendor_054,Sales,Payroll,Card,Emp_098,INV-2024-0005581,1,vendor_department_shift
TX-005266,2024-06-08 12:31:00,980.03,Vendor_038,Finance,Consulting,Card,Emp_002,INV-2024-0004500,0,normal
TX-005267,2024-06-08 12:35:00,1649.08,Vendor_033,Support,Operations,Check,Emp_110,INV-2024-0004490,0,normal
TX-005268,2024-06-08 12:40:00,4635.56,Vendor_092,Marketing,Payroll,Wire,Emp_056,INV-2024-0004487,0,normal
TX-005269,2024-06-08 13:16:00,1233.95,Vendor_026,HR,Travel,Card,Emp_029,INV-2024-0004492,0,normal
TX-005270,2024-06-08 13:49:00,5021.88,Vendor_119,Marketing,Travel,Card,Emp_048,INV-2024-0004507,0,normal
TX-005271,2024-06-08 14:03:00,548.83,Vendor_070,Sales,Consulting,ACH,Emp_094,INV-2024-0004489,0,normal
TX-005272,2024-06-08 15:03:00,4427.6,Vendor_105,Operations,Consulting,Check,Emp_066,INV-2024-0004496,0,normal
TX-005273,2024-06-08 15:46:00,3545.35,Vendor_002,HR,Payroll,Check,Emp_028,INV-2024-0004506,0,normal
TX-005274,2024-06-08 15:59:00,6663.37,Vendor_092,Sales,Payroll,Wire,Emp_104,INV-2024-0004503,0,normal
TX-005275,2024-06-08 16:05:00,6783.26,Vendor_060,IT,Consulting,ACH,Emp_034,INV-2024-0004497,0,normal
TX-005276,2024-06-08 17:13:00,41779.47,Vendor_028,Marketing,Travel,Wire,Emp_051,INV-2024-0005795,1,high_amount
TX-005277,2024-06-08 17:14:00,1260.52,Vendor_042,Legal,Operations,Check,Emp_088,INV-2024-0004488,0,normal
TX-005278,2024-06-08 18:01:00,716.52,Vendor_009,Operations,Operations,Card,Emp_069,INV-2024-0004495,0,normal
TX-005279,2024-06-08 19:41:00,11810.29,Vendor_048,Support,Consulting,Wire,Emp_117,INV-2024-0005369,1,high_amount
TX-005280,2024-06-08 20:36:00,6709.49,Vendor_013,Marketing,Operations,Check,Emp_056,INV-2024-0005353,1,high_amount
TX-005281,2024-06-09 07:39:00,3294.46,Vendor_075,HR,Consulting,ACH,Emp_028,INV-2024-0004519,0,normal
TX-005282,2024-06-09 08:29:00,3918.91,Vendor_024,Marketing,Operations,Card,Emp_060,INV-2024-0004516,0,normal
TX-005283,2024-06-09 10:18:00,1595.65,Vendor_118,Support,IT,Wire,Emp_117,INV-2024-0004511,0,normal
TX-005284,2024-06-09 10:30:00,667.25,Vendor_070,Sales,Consulting,Check,Emp_100,INV-2024-0004521,0,normal
TX-005285,2024-06-09 10:55:00,1349.1,Vendor_070,Sales,Consulting,Wire,Emp_100,INV-2024-0004522,0,normal
TX-005286,2024-06-09 11:17:00,4204.85,Vendor_114,IT,IT,ACH,Emp_042,INV-2024-0004517,0,normal
TX-005287,2024-06-09 11:30:00,5840.45,Vendor_043,Marketing,Operations,Wire,Emp_046,INV-2024-0004510,0,normal
TX-005288,2024-06-09 11:38:00,5897.2,Vendor_043,Marketing,Travel,ACH,Emp_048,INV-2024-0005246,0,normal
TX-005289,2024-06-09 12:10:00,3776.98,Vendor_073,Legal,IT,Card,Emp_082,INV-2024-0004523,0,normal
TX-005290,2024-06-09 12:15:00,2950.75,Vendor_015,HR,Consulting,Wire,Emp_018,INV-2024-0004515,0,normal
TX-005291,2024-06-09 12:16:00,1051.28,Vendor_070,Sales,Consulting,ACH,Emp_093,INV-2024-0004508,0,normal
TX-005292,2024-06-09 12:33:00,7290.29,Vendor_049,Legal,Consulting,ACH,Emp_090,INV-2024-0004520,0,normal
TX-005293,2024-06-09 13:34:00,3196.39,Vendor_100,Finance,Consulting,ACH,Emp_013,INV-2024-0004524,0,normal
TX-005294,2024-06-09 14:34:00,1348.84,Vendor_070,Sales,Consulting,Wire,Emp_100,INV-2024-0005515,1,same_day_burst
TX-005295,2024-06-09 14:45:00,2481.36,Vendor_061,Finance,Travel,ACH,Emp_011,INV-2024-0004513,0,normal
TX-005296,2024-06-09 14:54:00,5927.18,Vendor_060,IT,Consulting,ACH,Emp_036,INV-2024-0004518,0,normal
TX-005297,2024-06-09 15:11:00,5967.29,Vendor_069,Legal,Travel,Wire,Emp_078,INV-2024-0004509,0,normal
TX-005298,2024-06-09 16:47:00,1815.3,Vendor_004,Support,Payroll,Check,Emp_116,INV-2024-0004512,0,normal
TX-005299,2024-06-09 18:14:00,4117.14,Vendor_119,Marketing,Travel,Check,Emp_051,INV-2024-0004514,0,normal
TX-005300,2024-06-09 18:25:00,4860.0,Vendor_004,Support,Payroll,Wire,Emp_116,INV-2024-0005686,1,split_payment
TX-005301,2024-06-09 20:45:00,2526.25,Vendor_061,Finance,Travel,Card,Emp_014,INV-2024-7504513,1,fuzzy_duplicate
TX-005302,2024-06-09 20:53:00,6948.18,Vendor_043,Marketing,Travel,ACH,Emp_048,INV-2024-0005534,1,same_day_burst
TX-005303,2024-06-10 07:52:00,1806.96,Vendor_076,Legal,Travel,ACH,Emp_076,INV-2024-0004527,0,normal
TX-005304,2024-06-10 08:48:00,841.28,Vendor_032,HR,Travel,ACH,Emp_022,INV-2024-0004529,0,normal
TX-005305,2024-06-10 08:56:00,2484.6,Vendor_033,Support,Payroll,Check,Emp_113,INV-2024-0004532,0,normal
TX-005306,2024-06-10 10:18:00,7266.02,Vendor_060,IT,Travel,Card,Emp_036,INV-2024-0004542,0,normal
TX-005307,2024-06-10 10:42:00,7887.66,Vendor_096,Sales,Operations,Wire,Emp_094,INV-2024-0004550,0,normal
TX-005308,2024-06-10 11:24:00,5913.14,Vendor_092,Sales,Payroll,Check,Emp_100,INV-2024-0004540,0,normal
TX-005309,2024-06-10 11:29:00,5204.08,Vendor_022,IT,IT,ACH,Emp_040,INV-2024-0004534,0,normal
TX-005310,2024-06-10 11:35:00,4817.94,Vendor_020,Marketing,Travel,ACH,Emp_047,INV-2024-0004531,0,normal
TX-005311,2024-06-10 12:08:00,1115.8,Vendor_067,IT,Supplies,Wire,Emp_031,INV-2024-0004537,0,normal
TX-005312,2024-06-10 12:08:00,4653.98,Vendor_092,Sales,Payroll,Card,Emp_098,INV-2024-0004539,0,normal
TX-005313,2024-06-10 12:43:00,1770.31,Vendor_118,Support,Supplies,ACH,Emp_110,INV-2024-0004548,0,normal
TX-005314,2024-06-10 12:52:00,2423.97,Vendor_108,Marketing,Travel,Wire,Emp_059,INV-2024-0004535,0,normal
TX-005315,2024-06-10 12:53:00,1312.0,Vendor_013,Marketing,Operations,ACH,Emp_058,INV-2024-0004543,0,normal
TX-005316,2024-06-10 13:19:00,1734.04,Vendor_054,Operations,IT,Card,Emp_065,INV-2024-0004545,0,normal
TX-005317,2024-06-10 13:27:00,2094.61,Vendor_033,Operations,Payroll,Check,Emp_071,INV-2024-0004528,0,normal
TX-005318,2024-06-10 13:36:00,6943.12,Vendor_096,Sales,Operations,ACH,Emp_103,INV-2024-0004551,0,normal
TX-005319,2024-06-10 14:04:00,5443.49,Vendor_096,Marketing,Operations,Wire,Emp_053,INV-2024-0004546,0,normal
TX-005320,2024-06-10 14:26:00,822.29,Vendor_032,HR,Travel,ACH,Emp_024,INV-2024-0004549,0,normal
TX-005321,2024-06-10 14:27:00,1290.44,Vendor_019,Sales,IT,Wire,Emp_105,INV-2024-0004526,0,normal
TX-005322,2024-06-10 14:46:00,1136.65,Vendor_004,Support,IT,Card,Emp_106,INV-2024-0004547,0,normal
TX-005323,2024-06-10 14:54:00,2332.07,Vendor_104,Finance,Payroll,Card,Emp_010,INV-2024-0004525,0,normal
TX-005324,2024-06-10 15:03:00,2475.54,Vendor_089,Legal,Supplies,ACH,Emp_080,INV-2024-0004538,0,normal
TX-005325,2024-06-10 15:14:00,2174.39,Vendor_008,Finance,Supplies,Card,Emp_003,INV-2024-0005220,0,normal
TX-005326,2024-06-10 15:34:00,2470.0,Vendor_013,Marketing,Operations,Card,Emp_058,INV-2024-0005720,1,split_payment
TX-005327,2024-06-10 15:44:00,749.49,Vendor_012,Support,Travel,Card,Emp_113,INV-2024-0004541,0,normal
TX-005328,2024-06-10 15:52:00,4530.17,Vendor_051,HR,Payroll,Wire,Emp_028,INV-2024-0004530,0,normal
TX-005329,2024-06-10 16:10:00,1341.09,Vendor_097,Legal,Operations,Wire,Emp_085,INV-2024-0004536,0,normal
TX-005330,2024-06-10 16:54:00,792.76,Vendor_102,Support,Travel,Wire,Emp_116,INV-2024-0004533,0,normal
TX-005331,2024-06-10 17:33:00,1049.97,Vendor_074,Marketing,IT,Check,Emp_046,INV-2024-0004544,0,normal
TX-005332,2024-06-10 18:22:00,6605.35,Vendor_096,Marketing,Operations,Wire,Emp_053,INV-2024-0005679,1,same_day_burst
TX-005333,2024-06-10 21:53:00,5624.39,Vendor_096,Marketing,Operations,Wire,Emp_053,INV-2024-0005415,1,same_day_burst
TX-005334,2024-06-11 07:27:00,1402.72,Vendor_082,IT,IT,Card,Emp_044,INV-2024-0005410,1,vendor_department_shift
TX-005335,2024-06-11 07:54:00,3842.2,Vendor_048,Support,Consulting,Card,Emp_114,INV-2024-0004575,0,normal
TX-005336,2024-06-11 08:27:00,6798.79,Vendor_088,Sales,Supplies,Wire,Emp_105,INV-2024-0004564,0,normal
TX-005337,2024-06-11 08:59:00,1347.13,Vendor_048,HR,Consulting,ACH,Emp_023,INV-2024-0004558,0,normal
TX-005338,2024-06-11 09:00:00,8367.36,Vendor_060,IT,Travel,ACH,Emp_041,INV-2024-0004557,0,normal
TX-005339,2024-06-11 09:18:00,974.75,Vendor_011,Support,Supplies,Wire,Emp_116,INV-2024-0004571,0,normal
TX-005340,2024-06-11 09:26:00,127.98,Vendor_032,IT,Travel,Check,Emp_044,INV-2024-0004568,0,normal
TX-005341,2024-06-11 09:33:00,1534.6,Vendor_118,Support,Supplies,ACH,Emp_111,INV-2024-0004573,0,normal
TX-005342,2024-06-11 09:52:00,2600.18,Vendor_034,Sales,Travel,Wire,Emp_101,INV-2024-0004553,0,normal
TX-005343,2024-06-11 10:03:00,8575.5,Vendor_096,Sales,Operations,Wire,Emp_101,INV-2024-0004565,0,normal
TX-005344,2024-06-11 10:41:00,6771.03,Vendor_049,Operations,Consulting,Check,Emp_069,INV-2024-0004563,0,normal
TX-005345,2024-06-11 11:01:00,674.53,Vendor_012,Support,Operations,Wire,Emp_115,INV-2024-0004559,0,normal
TX-005346,2024-06-11 11:01:00,5487.79,Vendor_031,Operations,Operations,Wire,Emp_063,INV-2024-0004570,0,normal
TX-005347,2024-06-11 11:57:00,4275.15,Vendor_069,Legal,Travel,Wire,Emp_086,INV-2024-0004577,0,normal
TX-005348,2024-06-11 12:44:00,1106.3,Vendor_083,Operations,IT,ACH,Emp_075,INV-2024-0004572,0,normal
TX-005349,2024-06-11 12:57:00,3401.98,Vendor_113,Operations,Consulting,ACH,Emp_068,INV-2024-0004560,0,normal
TX-005350,2024-06-11 13:10:00,2128.78,Vendor_106,Legal,Consulting,Check,Emp_080,INV-2024-0004555,0,normal
TX-005351,2024-06-11 13:11:00,4299.43,Vendor_113,Operations,Consulting,Wire,Emp_075,INV-2024-0004567,0,normal
TX-005352,2024-06-11 13:34:00,3942.47,Vendor_030,Legal,IT,ACH,Emp_080,INV-2024-0004554,0,normal
TX-005353,2024-06-11 13:59:00,1661.83,Vendor_116,HR,Consulting,Wire,Emp_027,INV-2024-0004561,0,normal
TX-005354,2024-06-11 14:01:00,1156.93,Vendor_017,Operations,Payroll,ACH,Emp_069,INV-2024-0004576,0,normal
TX-005355,2024-06-11 14:09:00,15238.92,Vendor_095,Legal,Travel,Wire,Emp_083,INV-2024-0005655,1,payment_method_switch
TX-005356,2024-06-11 14:31:00,2515.26,Vendor_073,Marketing,Consulting,Check,Emp_052,INV-2024-0004579,0,normal
TX-005357,2024-06-11 15:33:00,2930.23,Vendor_073,IT,IT,Check,Emp_041,INV-2024-0004552,0,normal
TX-005358,2024-06-11 15:45:00,3119.33,Vendor_015,HR,Consulting,Wire,Emp_020,INV-2024-0004574,0,normal
TX-005359,2024-06-11 16:12:00,4770.0,Vendor_017,Operations,Payroll,Wire,Emp_069,INV-2024-0005347,1,split_payment
TX-005360,2024-06-11 16:39:00,5858.63,Vendor_060,IT,Payroll,Wire,Emp_035,INV-2024-0004566,0,normal
TX-005361,2024-06-11 16:51:00,4927.88,Vendor_060,IT,Consulting,ACH,Emp_037,INV-2024-0004578,0,normal
TX-005362,2024-06-11 17:09:00,2959.79,Vendor_073,Marketing,IT,Check,Emp_060,INV-2024-0004569,0,normal
TX-005363,2024-06-11 17:37:00,9196.97,Vendor_096,Sales,Operations,Wire,Emp_091,INV-2024-0004556,0,normal
TX-005364,2024-06-11 17:58:00,3432.51,Vendor_073,Legal,Consulting,ACH,Emp_079,INV-2024-0004562,0,normal
TX-005365,2024-06-12 08:01:00,1495.2,Vendor_007,Finance,Consulting,ACH,Emp_012,INV-2024-0004607,0,normal
TX-005366,2024-06-12 09:11:00,799.71,Vendor_048,HR,Consulting,Card,Emp_019,INV-2024-0004581,0,normal
TX-005367,2024-06-12 09:21:00,3775.88,Vendor_077,Support,Payroll,Card,Emp_108,INV-2024-0004593,0,normal
TX-005368,2024-06-12 09:28:00,3219.21,Vendor_071,Finance,Operations,ACH,Emp_007,INV-2024-0004600,0,normal
TX-005369,2024-06-12 10:42:00,4609.55,Vendor_092,Sales,Payroll,Check,Emp_100,INV-2024-0004597,0,normal
TX-005370,2024-06-12 10:43:00,538.93,Vendor_032,HR,Travel,Check,Emp_030,INV-2024-0004608,0,normal
TX-005371,2024-06-12 11:04:00,37618.65,Vendor_049,Legal,Consulting,Card,Emp_082,INV-2024-0005365,1,high_amount
TX-005372,2024-06-12 11:19:00,1104.5,Vendor_025,Marketing,Consulting,Card,Emp_048,INV-2024-0004599,0,normal
TX-005373,2024-06-12 11:34:00,2973.89,Vendor_054,Operations,Consulting,Check,Emp_075,INV-2024-0004596,0,normal
TX-005374,2024-06-12 11:54:00,5082.44,Vendor_062,Sales,Payroll,Check,Emp_101,INV-2024-0004602,0,normal
TX-005375,2024-06-12 12:46:00,2792.51,Vendor_054,Marketing,IT,Check,Emp_054,INV-2024-0004603,0,normal
TX-005376,2024-06-12 12:51:00,5194.44,Vendor_069,Legal,Payroll,Wire,Emp_080,INV-2024-0004580,0,normal
TX-005377,2024-06-12 12:51:00,1747.99,Vendor_046,Finance,Travel,ACH,Emp_001,INV-2024-0005260,0,normal
TX-005378,2024-06-12 12:56:00,498.55,Vendor_032,HR,Travel,ACH,Emp_017,INV-2024-0004582,0,normal
TX-005379,2024-06-12 13:21:00,226.74,Vendor_109,Support,IT,Card,Emp_112,INV-2024-0004585,0,normal
TX-005380,2024-06-12 13:34:00,1448.47,Vendor_118,Support,Payroll,Card,Emp_106,INV-2024-0004590,0,normal
TX-005381,2024-06-12 13:39:00,1424.39,Vendor_014,HR,Consulting,ACH,Emp_022,INV-2024-0004584,0,normal
TX-005382,2024-06-12 13:42:00,1570.91,Vendor_027,Sales,Operations,ACH,Emp_102,INV-2024-0004609,0,normal
TX-005383,2024-06-12 13:48:00,6146.68,Vendor_096,Sales,Operations,Wire,Emp_102,INV-2024-0004586,0,normal
TX-005384,2024-06-12 13:54:00,2330.0,Vendor_048,HR,Consulting,ACH,Emp_019,INV-2024-0005340,1,split_payment
TX-005385,2024-06-12 14:14:00,7719.8,Vendor_096,Sales,Operations,Wire,Emp_099,INV-2024-0004606,0,normal
TX-005386,2024-06-12 14:26:00,3980.01,Vendor_113,Marketing,Consulting,Wire,Emp_048,INV-2024-0004587,0,normal
TX-005387,2024-06-12 14:40:00,2538.46,Vendor_091,Support,IT,Check,Emp_107,INV-2024-0004588,0,normal
TX-005388,2024-06-12 15:09:00,3599.77,Vendor_101,HR,IT,Check,Emp_023,INV-2024-0004591,0,normal
TX-005389,2024-06-12 15:43:00,4850.0,Vendor_046,Finance,Travel,Check,Emp_001,INV-2024-0005467,1,split_payment
TX-005390,2024-06-12 16:13:00,4770.0,Vendor_092,Sales,Payroll,Card,Emp_100,INV-2024-0005494,1,split_payment
TX-005391,2024-06-12 16:39:00,2971.99,Vendor_008,Finance,Consulting,ACH,Emp_007,INV-2024-0004604,0,normal
TX-005392,2024-06-12 16:44:00,3753.03,Vendor_077,Support,Operations,Check,Emp_119,INV-2024-0004595,0,normal
TX-005393,2024-06-12 16:59:00,3664.6,Vendor_081,Finance,Supplies,Wire,Emp_008,INV-2024-0004594,0,normal
TX-005394,2024-06-12 17:23:00,1037.91,Vendor_078,Finance,Travel,Wire,Emp_013,INV-2024-0004601,0,normal
TX-005395,2024-06-12 17:26:00,1118.95,Vendor_064,Operations,Travel,Card,Emp_064,INV-2024-0004592,0,normal
TX-005396,2024-06-12 17:44:00,4975.99,Vendor_022,IT,Travel,Wire,Emp_033,INV-2024-0004589,0,normal
TX-005397,2024-06-12 18:04:00,5087.02,Vendor_112,Marketing,Consulting,Wire,Emp_058,INV-2024-0004583,0,normal
TX-005398,2024-06-12 18:36:00,1566.97,Vendor_063,Sales,Supplies,Check,Emp_098,INV-2024-0004605,0,normal
TX-005399,2024-06-12 18:44:00,1596.49,Vendor_066,Legal,Operations,Wire,Emp_090,INV-2024-0004598,0,normal
TX-005400,2024-06-12 19:32:00,9930.0,Vendor_078,Finance,Travel,Card,Emp_013,INV-2024-0005714,1,split_payment
TX-005401,2024-06-12 21:51:00,606.04,Vendor_032,HR,Travel,ACH,Emp_017,INV-2024-0005317,1,same_day_burst
TX-005402,2024-06-12 23:18:00,529.22,Vendor_032,HR,Travel,ACH,Emp_017,INV-2024-0005430,1,same_day_burst
TX-005403,2024-06-13 08:10:00,3119.12,Vendor_073,Legal,IT,ACH,Emp_090,INV-2024-0004633,0,normal
TX-005404,2024-06-13 08:45:00,3801.23,Vendor_041,IT,Operations,Check,Emp_043,INV-2024-0005755,1,vendor_department_shift
TX-005405,2024-06-13 09:03:00,1266.88,Vendor_056,Marketing,Travel,Check,Emp_050,INV-2024-0004616,0,normal
TX-005406,2024-06-13 09:04:00,2494.69,Vendor_120,IT,Travel,ACH,Emp_033,INV-2024-0004630,0,normal
TX-005407,2024-06-13 09:13:00,4417.39,Vendor_040,HR,Supplies,Wire,Emp_027,INV-2024-0004617,0,normal
TX-005408,2024-06-13 09:35:00,1670.75,Vendor_108,Marketing,Travel,Wire,Emp_058,INV-2024-0004619,0,normal
TX-005409,2024-06-13 09:38:00,1229.47,Vendor_091,Support,IT,Wire,Emp_118,INV-2024-0004618,0,normal
TX-005410,2024-06-13 09:44:00,2911.26,Vendor_025,Marketing,Operations,Card,Emp_046,INV-2024-0004642,0,normal
TX-005411,2024-06-13 10:10:00,384.11,Vendor_072,IT,Payroll,Wire,Emp_032,INV-2024-0004612,0,normal
TX-005412,2024-06-13 10:11:00,4736.23,Vendor_020,Marketing,Operations,Card,Emp_056,INV-2024-0004634,0,normal
TX-005413,2024-06-13 10:23:00,4137.29,Vendor_020,Marketing,Travel,Check,Emp_046,INV-2024-0004645,0,normal
TX-005414,2024-06-13 10:28:00,850.09,Vendor_012,Support,Operations,ACH,Emp_107,INV-2024-0004622,0,normal
TX-005415,2024-06-13 10:31:00,2846.64,Vendor_108,Marketing,Travel,ACH,Emp_050,INV-2024-0004610,0,normal
TX-005416,2024-06-13 10:31:00,4143.14,Vendor_115,Operations,Operations,Card,Emp_071,INV-2024-0004636,0,normal
TX-005417,2024-06-13 11:26:00,1958.04,Vendor_036,Support,Supplies,Wire,Emp_119,INV-2024-0004644,0,normal
TX-005418,2024-06-13 11:33:00,5222.31,Vendor_069,Legal,Travel,Wire,Emp_085,INV-2024-0005134,0,normal
TX-005419,2024-06-13 11:37:00,2800.0,Vendor_117,Operations,IT,ACH,Emp_070,INV-2024-0004620,0,normal
TX-005420,2024-06-13 11:49:00,3931.12,Vendor_073,Legal,IT,Check,Emp_090,INV-2024-0004639,0,normal
TX-005421,2024-06-13 11:54:00,5552.79,Vendor_105,Operations,Operations,ACH,Emp_071,INV-2024-0004614,0,normal
TX-005422,2024-06-13 12:10:00,4240.63,Vendor_060,IT,Consulting,ACH,Emp_044,INV-2024-0004615,0,normal
TX-005423,2024-06-13 12:20:00,3989.29,Vendor_092,Sales,Payroll,Wire,Emp_105,INV-2024-0004640,0,normal
TX-005424,2024-06-13 12:37:00,1930.94,Vendor_026,HR,Payroll,Wire,Emp_019,INV-2024-0004625,0,normal
TX-005425,2024-06-13 12:47:00,2707.01,Vendor_051,HR,Payroll,Wire,Emp_017,INV-2024-0004628,0,normal
TX-005426,2024-06-13 12:53:00,2176.06,Vendor_021,Finance,Consulting,Check,Emp_009,INV-2024-0004635,0,normal
TX-005427,2024-06-13 12:58:00,1262.0,Vendor_103,Finance,Operations,ACH,Emp_013,INV-2024-0004638,0,normal
TX-005428,2024-06-13 13:40:00,900.23,Vendor_058,Legal,Supplies,ACH,Emp_082,INV-2024-0004637,0,normal
TX-005429,2024-06-13 13:46:00,1056.45,Vendor_070,Sales,Consulting,ACH,Emp_103,INV-2024-0004647,0,normal
TX-005430,2024-06-13 13:55:00,178.97,Vendor_109,Support,Payroll,Card,Emp_120,INV-2024-0004623,0,normal
TX-005431,2024-06-13 14:20:00,2925.01,Vendor_008,Finance,Supplies,Card,Emp_001,INV-2024-0004624,0,normal
TX-005432,2024-06-13 14:28:00,5953.62,Vendor_092,Sales,Payroll,Check,Emp_101,INV-2024-0004613,0,normal
TX-005433,2024-06-13 14:52:00,228.25,Vendor_109,Support,IT,Card,Emp_114,INV-2024-0004643,0,normal
TX-005434,2024-06-13 14:53:00,1341.57,Vendor_016,Marketing,Supplies,ACH,Emp_052,INV-2024-0004629,0,normal
TX-005435,2024-06-13 14:53:00,792.98,Vendor_068,Sales,Operations,ACH,Emp_102,INV-2024-0004627,0,normal
TX-005436,2024-06-13 15:02:00,2753.65,Vendor_098,Finance,Operations,ACH,Emp_003,INV-2024-0004611,0,normal
TX-005437,2024-06-13 15:25:00,1400.0,Vendor_078,Finance,Operations,Wire,Emp_005,INV-2024-0004626,0,normal
TX-005438,2024-06-13 15:31:00,2738.55,Vendor_085,Finance,Operations,Check,Emp_004,INV-2024-0004632,0,normal
TX-005439,2024-06-13 15:48:00,2323.2,Vendor_117,HR,IT,Wire,Emp_017,INV-2024-0004621,0,normal
TX-005440,2024-06-13 15:54:00,13055.76,Vendor_060,IT,IT,Wire,Emp_041,INV-2024-0005312,1,payment_method_switch
TX-005441,2024-06-13 15:58:00,3352.53,Vendor_060,IT,Payroll,ACH,Emp_042,INV-2024-0004631,0,normal
TX-005442,2024-06-13 16:27:00,6078.86,Vendor_060,IT,Operations,Card,Emp_035,INV-2024-0004646,0,normal
TX-005443,2024-06-13 17:03:00,1291.77,Vendor_056,Marketing,Travel,ACH,Emp_054,INV-2024-0004616,1,duplicate_invoice
TX-005444,2024-06-13 17:16:00,1454.54,Vendor_063,Sales,IT,Card,Emp_094,INV-2024-0004641,0,normal
TX-005445,2024-06-13 18:53:00,2764.52,Vendor_108,Marketing,Travel,ACH,Emp_050,INV-2024-0005465,1,same_day_burst
TX-005446,2024-06-13 21:54:00,6138.74,Vendor_092,Sales,Payroll,Check,Emp_101,INV-2024-0005287,1,same_day_burst
TX-005447,2024-06-14 03:26:00,2004.98,Vendor_036,Support,Supplies,Wire,Emp_115,INV-2024-0004644,1,duplicate_invoice
TX-005448,2024-06-14 09:10:00,1690.55,Vendor_106,Legal,Consulting,Check,Emp_088,INV-2024-0004649,0,normal
TX-005449,2024-06-14 10:43:00,890.17,Vendor_021,Finance,Travel,Check,Emp_004,INV-2024-0004671,0,normal
TX-005450,2024-06-14 10:46:00,1985.4,Vendor_046,Finance,Travel,ACH,Emp_015,INV-2024-0004663,0,normal
TX-005451,2024-06-14 10:55:00,1608.74,Vendor_118,Support,Travel,ACH,Emp_120,INV-2024-0004672,0,normal
TX-005452,2024-06-14 11:04:00,1391.74,Vendor_036,Marketing,Supplies,ACH,Emp_049,INV-2024-0004669,0,normal
TX-005453,2024-06-14 11:04:00,2513.95,Vendor_055,Operations,Supplies,Card,Emp_066,INV-2024-0004660,0,normal
TX-005454,2024-06-14 11:18:00,3911.85,Vendor_113,Operations,Consulting,Card,Emp_064,INV-2024-0004664,0,normal
TX-005455,2024-06-14 11:32:00,25.0,Vendor_019,Sales,Travel,Wire,Emp_099,INV-2024-0004661,0,normal
TX-005456,2024-06-14 12:05:00,2948.06,Vendor_015,HR,Consulting,Wire,Emp_022,INV-2024-0004652,0,normal
TX-005457,2024-06-14 12:31:00,1212.23,Vendor_016,Operations,Consulting,Wire,Emp_072,INV-2024-0004653,0,normal
TX-005458,2024-06-14 12:55:00,4227.32,Vendor_051,HR,Payroll,Check,Emp_022,INV-2024-0004651,0,normal
TX-005459,2024-06-14 12:55:00,1807.99,Vendor_033,Support,Payroll,Check,Emp_111,INV-2024-0004667,0,normal
TX-005460,2024-06-14 13:07:00,1327.13,Vendor_050,Finance,Travel,Card,Emp_007,INV-2024-0004659,0,normal
TX-005461,2024-06-14 13:09:00,2340.54,Vendor_055,Operations,Supplies,Card,Emp_071,INV-2024-0004670,0,normal
TX-005462,2024-06-14 13:15:00,2361.51,Vendor_015,HR,Consulting,Wire,Emp_025,INV-2024-0004650,0,normal
TX-005463,2024-06-14 13:17:00,5950.78,Vendor_051,HR,Payroll,Wire,Emp_018,INV-2024-0004654,0,normal
TX-005464,2024-06-14 13:44:00,3949.14,Vendor_018,Legal,IT,Card,Emp_082,INV-2024-0004648,0,normal
TX-005465,2024-06-14 14:06:00,4502.69,Vendor_022,IT,Travel,Check,Emp_036,INV-2024-0004658,0,normal
TX-005466,2024-06-14 14:36:00,4356.44,Vendor_060,IT,Payroll,Wire,Emp_045,INV-2024-0004668,0,normal
TX-005467,2024-06-14 14:39:00,1337.27,Vendor_021,Finance,Consulting,ACH,Emp_007,INV-2024-0004665,0,normal
TX-005468,2024-06-14 14:52:00,4800.0,Vendor_055,Operations,Supplies,ACH,Emp_066,INV-2024-0005437,1,split_payment
TX-005469,2024-06-14 15:02:00,980.84,Vendor_032,HR,Travel,Check,Emp_026,INV-2024-0004655,0,normal
TX-005470,2024-06-14 15:57:00,1758.29,Vendor_104,Sales,Consulting,ACH,Emp_091,INV-2024-0004656,0,normal
TX-005471,2024-06-14 17:10:00,2121.14,Vendor_091,Support,IT,ACH,Emp_107,INV-2024-0004662,0,normal
TX-005472,2024-06-14 17:26:00,2582.32,Vendor_093,IT,Operations,Wire,Emp_035,INV-2024-0005643,1,vendor_department_shift
TX-005473,2024-06-14 17:36:00,3259.83,Vendor_034,Sales,IT,Wire,Emp_101,INV-2024-0004666,0,normal
TX-005474,2024-06-14 18:32:00,3112.97,Vendor_025,Marketing,Operations,Card,Emp_055,INV-2024-0004673,0,normal
TX-005475,2024-06-14 18:52:00,1864.08,Vendor_007,Finance,Payroll,Card,Emp_007,INV-2024-0004657,0,normal
TX-005476,2024-06-15 03:59:00,3657.95,Vendor_081,Finance,Supplies,Wire,Emp_011,INV-2024-0004594,1,duplicate_invoice
TX-005477,2024-06-15 08:15:00,682.44,Vendor_032,Operations,Travel,Card,Emp_073,INV-2024-0004679,0,normal
TX-005478,2024-06-15 09:10:00,4301.04,Vendor_060,IT,Consulting,Wire,Emp_033,INV-2074-2004615,1,fuzzy_duplicate
TX-005479,2024-06-15 10:08:00,3496.72,Vendor_073,Legal,IT,Wire,Emp_086,INV-2024-0004688,0,normal
TX-005480,2024-06-15 10:37:00,1097.01,Vendor_064,Marketing,Travel,Wire,Emp_051,INV-2024-0004678,0,normal
TX-005481,2024-06-15 10:42:00,1577.45,Vendor_007,Finance,Payroll,ACH,Emp_011,INV-2024-0004680,0,normal
TX-005482,2024-06-15 10:57:00,2866.84,Vendor_061,Sales,Travel,ACH,Emp_104,INV-2024-0004687,0,normal
TX-005483,2024-06-15 11:07:00,2829.11,Vendor_015,HR,Consulting,Wire,Emp_024,INV-2024-0004681,0,normal
TX-005484,2024-06-15 11:22:00,1235.91,Vendor_063,Operations,Supplies,ACH,Emp_075,INV-2024-0004677,0,normal
TX-005485,2024-06-15 11:38:00,10061.04,Vendor_110,Legal,Travel,Wire,Emp_078,INV-2024-0004684,0,normal
TX-005486,2024-06-15 12:10:00,8143.22,Vendor_071,Finance,Operations,Check,Emp_002,INV-2024-0004683,0,normal
TX-005487,2024-06-15 12:10:00,1311.6,Vendor_074,Operations,Operations,Wire,Emp_067,INV-2024-0004675,0,normal
TX-005488,2024-06-15 12:51:00,1714.46,Vendor_041,Legal,Supplies,Wire,Emp_084,INV-2024-0004686,0,normal
TX-005489,2024-06-15 13:52:00,1584.94,Vendor_068,Sales,Consulting,Card,Emp_102,INV-2024-0005640,1,payment_method_switch
TX-005490,2024-06-15 14:56:00,2412.13,Vendor_045,Sales,Consulting,ACH,Emp_098,INV-2024-0004674,0,normal
TX-005491,2024-06-15 15:06:00,4539.32,Vendor_022,IT,Travel,Check,Emp_040,INV-2024-0004658,1,duplicate_invoice
TX-005492,2024-06-15 15:28:00,4192.78,Vendor_051,HR,Payroll,Check,Emp_023,INV-2024-0004676,0,normal
TX-005493,2024-06-15 15:44:00,4333.6,Vendor_119,Marketing,Travel,ACH,Emp_047,INV-2024-0004690,0,normal
TX-005494,2024-06-15 15:45:00,1171.86,Vendor_083,Operations,IT,Wire,Emp_064,INV-2024-0004685,0,normal
TX-005495,2024-06-15 16:21:00,3513.44,Vendor_081,Finance,Supplies,Wire,Emp_006,INV-2024-0004689,0,normal
TX-005496,2024-06-15 17:51:00,2332.63,Vendor_053,Support,IT,Wire,Emp_120,INV-2024-0004691,0,normal
TX-005497,2024-06-15 17:54:00,3283.04,Vendor_039,IT,Consulting,Wire,Emp_039,INV-2024-0004682,0,normal
TX-005498,2024-06-16 08:28:00,3312.42,Vendor_047,Finance,Consulting,Card,Emp_004,INV-2024-0004695,0,normal
TX-005499,2024-06-16 08:35:00,2939.89,Vendor_073,Legal,Consulting,Check,Emp_080,INV-2024-0004698,0,normal
TX-005500,2024-06-16 10:19:00,2114.09,Vendor_046,Finance,Operations,Wire,Emp_002,INV-2024-0004700,0,normal
TX-005501,2024-06-16 10:39:00,2009.71,Vendor_079,Marketing,Payroll,ACH,Emp_056,INV-2024-0004699,0,normal
TX-005502,2024-06-16 10:49:00,593.39,Vendor_074,IT,Operations,Wire,Emp_042,INV-2024-0004701,0,normal
TX-005503,2024-06-16 11:09:00,4685.95,Vendor_112,Sales,Consulting,ACH,Emp_099,INV-2024-0004697,0,normal
TX-005504,2024-06-16 11:27:00,1450.0,Vendor_016,Marketing,Supplies,ACH,Emp_047,INV-2024-0004694,0,normal
TX-005505,2024-06-16 11:50:00,684.58,Vendor_102,Support,Consulting,Card,Emp_113,INV-2024-0004707,0,normal
TX-005506,2024-06-16 12:32:00,3268.33,Vendor_075,HR,Consulting,ACH,Emp_027,INV-2024-0004703,0,normal
TX-005507,2024-06-16 12:32:00,3670.26,Vendor_119,Marketing,Travel,ACH,Emp_051,INV-2024-0004702,0,normal
TX-005508,2024-06-16 12:42:00,2419.4,Vendor_055,Operations,Supplies,Card,Emp_073,INV-2024-0004706,0,normal
TX-005509,2024-06-16 12:47:00,3858.36,Vendor_035,Legal,IT,Wire,Emp_083,INV-2024-0004705,0,normal
TX-005510,2024-06-16 13:00:00,2653.29,Vendor_053,Support,IT,Wire,Emp_119,INV-2024-0004692,0,normal
TX-005511,2024-06-16 14:12:00,2566.14,Vendor_077,Support,Consulting,Check,Emp_106,INV-2024-0004696,0,normal
TX-005512,2024-06-16 14:33:00,3517.76,Vendor_101,HR,IT,ACH,Emp_018,INV-2024-0004704,0,normal
TX-005513,2024-06-16 14:45:00,1386.09,Vendor_103,Finance,Operations,Check,Emp_004,INV-2024-0004709,0,normal
TX-005514,2024-06-16 15:12:00,734.41,Vendor_036,Support,Supplies,Wire,Emp_114,INV-2024-0004710,0,normal
TX-005515,2024-06-16 15:42:00,3361.29,Vendor_025,Marketing,Consulting,Card,Emp_047,INV-2024-0004708,0,normal
TX-005516,2024-06-16 16:36:00,3844.92,Vendor_073,Legal,Consulting,Card,Emp_083,INV-2024-0004693,0,normal
TX-005517,2024-06-16 20:07:00,3752.31,Vendor_073,Legal,Consulting,Card,Emp_083,INV-2024-0005666,1,same_day_burst
TX-005518,2024-06-17 02:49:00,599.56,Vendor_074,IT,Operations,Wire,Emp_038,INV-2024-0044701,1,fuzzy_duplicate
TX-005519,2024-06-17 07:43:00,2052.52,Vendor_097,Legal,Operations,Wire,Emp_076,INV-2024-0004744,0,normal
TX-005520,2024-06-17 08:06:00,4956.98,Vendor_051,HR,Payroll,Check,Emp_028,INV-2024-0004713,0,normal
TX-005521,2024-06-17 08:16:00,23159.33,Vendor_095,IT,Consulting,Wire,Emp_045,INV-2024-0005308,1,high_amount
TX-005522,2024-06-17 09:02:00,1431.41,Vendor_078,Finance,Operations,Wire,Emp_002,INV-2024-0004734,0,normal
TX-005523,2024-06-17 09:46:00,4742.23,Vendor_113,Operations,Consulting,Check,Emp_071,INV-2024-0004721,0,normal
TX-005524,2024-06-17 10:31:00,1225.82,Vendor_016,Operations,Consulting,Check,Emp_062,INV-2024-0004653,1,duplicate_invoice
TX-005525,2024-06-17 10:39:00,3856.97,Vendor_018,Legal,Travel,Check,Emp_084,INV-2024-0004730,0,normal
TX-005526,2024-06-17 10:50:00,1036.87,Vendor_083,Operations,IT,ACH,Emp_072,INV-2024-0004711,0,normal
TX-005527,2024-06-17 11:58:00,5790.25,Vendor_114,IT,Consulting,Check,Emp_031,INV-2024-0004736,0,normal
TX-005528,2024-06-17 12:06:00,2025.34,Vendor_052,HR,Operations,Check,Emp_027,INV-2024-0004720,0,normal
TX-005529,2024-06-17 12:14:00,2432.51,Vendor_005,Legal,Travel,ACH,Emp_078,INV-2024-0005247,0,normal
TX-005530,2024-06-17 12:15:00,4318.25,Vendor_024,Marketing,Consulting,Card,Emp_052,INV-2024-0004727,0,normal
TX-005531,2024-06-17 12:39:00,8501.73,Vendor_096,Marketing,Operations,ACH,Emp_047,INV-2024-0004729,0,normal
TX-005532,2024-06-17 12:41:00,5654.6,Vendor_092,Sales,Payroll,Wire,Emp_093,INV-2024-0004723,0,normal
TX-005533,2024-06-17 12:42:00,2036.91,Vendor_090,Support,Supplies,Wire,Emp_106,INV-2024-0004715,0,normal
TX-005534,2024-06-17 12:44:00,1565.59,Vendor_091,Support,IT,Wire,Emp_107,INV-2024-0004732,0,normal
TX-005535,2024-06-17 12:48:00,1942.54,Vendor_104,Sales,Travel,Wire,Emp_091,INV-2024-0004742,0,normal
TX-005536,2024-06-17 13:03:00,3200.0,Vendor_042,Legal,Travel,Check,Emp_079,INV-2024-0004712,0,normal
TX-005537,2024-06-17 13:10:00,3405.28,Vendor_054,Operations,IT,ACH,Emp_073,INV-2024-0004714,0,normal
TX-005538,2024-06-17 13:37:00,898.01,Vendor_036,Support,Supplies,Wire,Emp_118,INV-2024-0004731,0,normal
TX-005539,2024-06-17 13:46:00,5491.94,Vendor_006,Sales,Travel,Check,Emp_104,INV-2024-0004728,0,normal
TX-005540,2024-06-17 13:47:00,7318.85,Vendor_086,Sales,IT,ACH,Emp_093,INV-2024-0004726,0,normal
TX-005541,2024-06-17 13:47:00,4011.83,Vendor_117,HR,Payroll,Wire,Emp_018,INV-2024-0004725,0,normal
TX-005542,2024-06-17 13:50:00,1985.7,Vendor_027,Support,Operations,ACH,Emp_117,INV-2024-0004716,0,normal
TX-005543,2024-06-17 13:57:00,3648.94,Vendor_024,Marketing,Supplies,Wire,Emp_059,INV-2024-0004737,0,normal
TX-005544,2024-06-17 14:31:00,1377.99,Vendor_016,Finance,IT,ACH,Emp_011,INV-2024-0004719,0,normal
TX-005545,2024-06-17 14:35:00,1617.31,Vendor_050,Finance,Travel,Card,Emp_007,INV-2024-0004739,0,normal
TX-005546,2024-06-17 14:39:00,1122.78,Vendor_014,HR,Supplies,ACH,Emp_026,INV-2024-0004735,0,normal
TX-005547,2024-06-17 15:03:00,1290.21,Vendor_013,Marketing,Supplies,Wire,Emp_051,INV-2024-0004740,0,normal
TX-005548,2024-06-17 15:12:00,1631.03,Vendor_024,Marketing,Supplies,Card,Emp_052,INV-2024-0004717,0,normal
TX-005549,2024-06-17 15:16:00,5932.24,Vendor_031,Operations,Consulting,ACH,Emp_068,INV-2024-0004741,0,normal
TX-005550,2024-06-17 15:26:00,3564.75,Vendor_101,HR,IT,Check,Emp_022,INV-2024-0004738,0,normal
TX-005551,2024-06-17 16:25:00,1843.63,Vendor_118,Support,Supplies,Check,Emp_119,INV-2024-0004722,0,normal
TX-005552,2024-06-17 16:53:00,1624.57,Vendor_076,Support,Supplies,Card,Emp_115,INV-2024-0004718,0,normal
TX-005553,2024-06-17 16:58:00,5891.71,Vendor_060,IT,Travel,Card,Emp_043,INV-2024-0004733,0,normal
TX-005554,2024-06-17 17:23:00,885.17,Vendor_038,Finance,IT,Check,Emp_005,INV-2024-0004724,0,normal
TX-005555,2024-06-17 17:48:00,1254.27,Vendor_099,HR,Operations,Check,Emp_029,INV-2024-0004743,0,normal
TX-005556,2024-06-17 21:42:00,1617.28,Vendor_007,Finance,Payroll,ACH,Emp_015,INV-2024-0004680,1,duplicate_invoice
TX-005557,2024-06-17 23:19:00,6755.95,Vendor_022,Operations,Supplies,Card,Emp_069,INV-2024-0005583,1,vendor_department_shift
TX-005558,2024-06-17 23:41:00,1451.84,Vendor_024,Marketing,Supplies,Card,Emp_052,INV-2024-0005555,1,same_day_burst
TX-005559,2024-06-18 05:21:00,6723.14,Vendor_061,IT,Consulting,Card,Emp_034,INV-2024-0005735,1,vendor_department_shift
TX-005560,2024-06-18 07:24:00,1536.62,Vendor_093,Legal,Payroll,Check,Emp_083,INV-2024-0004752,0,normal
TX-005561,2024-06-18 08:05:00,7489.35,Vendor_026,HR,Payroll,Check,Emp_019,INV-2024-0005447,1,high_amount
TX-005562,2024-06-18 08:11:00,1994.83,Vendor_027,Sales,Operations,ACH,Emp_098,INV-2024-0004767,0,normal
TX-005563,2024-06-18 08:18:00,854.16,Vendor_032,HR,Travel,Wire,Emp_024,INV-2024-0004759,0,normal
TX-005564,2024-06-18 09:15:00,2197.32,Vendor_059,Sales,Supplies,Check,Emp_098,INV-2024-0004762,0,normal
TX-005565,2024-06-18 09:49:00,1654.68,Vendor_056,Support,Travel,Card,Emp_113,INV-2024-0004769,0,normal
TX-005566,2024-06-18 10:34:00,5391.4,Vendor_069,Support,Travel,Wire,Emp_115,INV-2024-0004750,0,normal
TX-005567,2024-06-18 11:25:00,2955.37,Vendor_117,HR,IT,ACH,Emp_017,INV-2024-0004772,0,normal
TX-005568,2024-06-18 11:46:00,10241.1,Vendor_110,Legal,Travel,Wire,Emp_076,INV-2024-0004746,0,normal
TX-005569,2024-06-18 12:15:00,842.09,Vendor_038,Finance,Payroll,Check,Emp_003,INV-2024-0004758,0,normal
TX-005570,2024-06-18 12:20:00,1779.01,Vendor_001,Finance,Payroll,Card,Emp_013,INV-2024-0004761,0,normal
TX-005571,2024-06-18 12:22:00,2960.48,Vendor_053,Support,IT,Check,Emp_109,INV-2024-0004774,0,normal
TX-005572,2024-06-18 12:30:00,1489.43,Vendor_033,Support,Travel,Check,Emp_114,INV-2024-0004768,0,normal
TX-005573,2024-06-18 13:07:00,2047.4,Vendor_078,Finance,Operations,Card,Emp_006,INV-2024-0004745,0,normal
TX-005574,2024-06-18 13:15:00,871.24,Vendor_036,Support,Supplies,Wire,Emp_112,INV-2024-0004771,0,normal
TX-005575,2024-06-18 13:21:00,2589.19,Vendor_105,Operations,Consulting,Check,Emp_064,INV-2024-0004756,0,normal
TX-005576,2024-06-18 13:33:00,1482.19,Vendor_078,Finance,Payroll,Check,Emp_013,INV-2024-0004773,0,normal
TX-005577,2024-06-18 13:40:00,1067.84,Vendor_038,Finance,Travel,Check,Emp_001,INV-2024-0004760,0,normal
TX-005578,2024-06-18 13:46:00,1564.05,Vendor_066,Legal,Operations,Check,Emp_085,INV-2024-0004765,0,normal
TX-005579,2024-06-18 13:50:00,3503.12,Vendor_100,Finance,Consulting,ACH,Emp_014,INV-2024-0004754,0,normal
TX-005580,2024-06-18 14:41:00,2827.61,Vendor_117,HR,Consulting,ACH,Emp_026,INV-2024-0004770,0,normal
TX-005581,2024-06-18 14:42:00,1301.03,Vendor_066,Legal,Operations,ACH,Emp_089,INV-2024-0004751,0,normal
TX-005582,2024-06-18 15:01:00,1022.21,Vendor_067,Finance,Supplies,Check,Emp_003,INV-2024-0004757,0,normal
TX-005583,2024-06-18 15:19:00,2093.67,Vendor_039,IT,Payroll,Wire,Emp_037,INV-2024-0004748,0,normal
TX-005584,2024-06-18 15:31:00,1779.49,Vendor_026,HR,Travel,Card,Emp_018,INV-2024-0005141,0,normal
TX-005585,2024-06-18 15:51:00,3350.0,Vendor_092,Legal,Payroll,Wire,Emp_089,INV-2024-0004747,0,normal
TX-005586,2024-06-18 15:52:00,2919.73,Vendor_052,HR,Travel,ACH,Emp_019,INV-2024-0004749,0,normal
TX-005587,2024-06-18 15:59:00,2082.02,Vendor_046,Sales,Travel,Wire,Emp_105,INV-2024-0004766,0,normal
TX-005588,2024-06-18 16:02:00,1787.12,Vendor_078,Finance,Payroll,Check,Emp_013,INV-2024-0005314,1,same_day_burst
TX-005589,2024-06-18 16:09:00,4085.18,Vendor_018,Support,IT,Wire,Emp_109,INV-2024-0004764,0,normal
TX-005590,2024-06-18 16:20:00,7530.1,Vendor_086,Sales,Travel,ACH,Emp_095,INV-2024-0004763,0,normal
TX-005591,2024-06-18 16:53:00,1563.8,Vendor_099,HR,Operations,Card,Emp_028,INV-2024-0004755,0,normal
TX-005592,2024-06-18 17:19:00,1281.21,Vendor_056,Support,Travel,Card,Emp_113,INV-2024-0004753,0,normal
TX-005593,2024-06-18 17:50:00,1781.99,Vendor_078,Finance,Payroll,Check,Emp_013,INV-2024-0005326,1,same_day_burst
TX-005594,2024-06-19 08:31:00,8802.59,Vendor_060,IT,Supplies,ACH,Emp_033,INV-2024-0004787,0,normal
TX-005595,2024-06-19 08:39:00,2545.4,Vendor_034,Sales,IT,Wire,Emp_104,INV-2024-0004795,0,normal
TX-005596,2024-06-19 09:09:00,773.16,Vendor_058,Legal,Supplies,ACH,Emp_077,INV-2024-0004794,0,normal
TX-005597,2024-06-19 09:30:00,4458.8,Vendor_031,Sales,Consulting,Wire,Emp_104,INV-2024-0004777,0,normal
TX-005598,2024-06-19 09:42:00,2150.0,Vendor_025,Marketing,Operations,ACH,Emp_055,INV-2024-0004807,0,normal
TX-005599,2024-06-19 10:06:00,3944.75,Vendor_092,Sales,Payroll,Wire,Emp_091,INV-2024-0004793,0,normal
TX-005600,2024-06-19 10:18:00,1703.26,Vendor_104,Sales,Consulting,Wire,Emp_096,INV-2024-0004781,0,normal
TX-005601,2024-06-19 10:19:00,4708.69,Vendor_030,Legal,IT,ACH,Emp_076,INV-2024-0004784,0,normal
TX-005602,2024-06-19 10:36:00,2248.79,Vendor_054,Operations,IT,Check,Emp_071,INV-2024-0004799,0,normal
TX-005603,2024-06-19 10:40:00,1431.63,Vendor_019,Marketing,Travel,Wire,Emp_050,INV-2024-0004808,0,normal
TX-005604,2024-06-19 11:00:00,781.01,Vendor_079,Marketing,Payroll,Check,Emp_048,INV-2024-0005263,0,normal
TX-005605,2024-06-19 11:17:00,1344.7,Vendor_103,Finance,Operations,ACH,Emp_006,INV-2024-0004790,0,normal
TX-005606,2024-06-19 11:44:00,1157.96,Vendor_038,Finance,Payroll,Card,Emp_006,INV-2024-0004797,0,normal
TX-005607,2024-06-19 11:54:00,1741.23,Vendor_026,HR,Payroll,ACH,Emp_020,INV-2024-0004778,0,normal
TX-005608,2024-06-19 11:58:00,1848.64,Vendor_033,Support,Travel,Check,Emp_116,INV-2024-0004800,0,normal
TX-005609,2024-06-19 12:00:00,6261.25,Vendor_107,Support,Supplies,Check,Emp_119,INV-2024-0004806,0,normal
TX-005610,2024-06-19 12:16:00,750.0,Vendor_032,HR,Travel,Card,Emp_021,INV-2024-0004776,0,normal
TX-005611,2024-06-19 12:18:00,4317.95,Vendor_071,Finance,Payroll,Check,Emp_011,INV-2024-0004798,0,normal
TX-005612,2024-06-19 12:20:00,4943.09,Vendor_069,Legal,Travel,Wire,Emp_082,INV-2024-0004783,0,normal
TX-005613,2024-06-19 12:27:00,1071.74,Vendor_064,IT,Travel,Wire,Emp_036,INV-2024-0004785,0,normal
TX-005614,2024-06-19 13:01:00,1998.59,Vendor_086,Support,IT,ACH,Emp_115,INV-2024-0004792,0,normal
TX-005615,2024-06-19 13:20:00,1448.86,Vendor_004,Support,Payroll,ACH,Emp_119,INV-2024-0004801,0,normal
TX-005616,2024-06-19 13:22:00,147.42,Vendor_109,Support,IT,ACH,Emp_120,INV-2024-0004804,0,normal
TX-005617,2024-06-19 13:32:00,6407.74,Vendor_043,Support,Travel,Check,Emp_115,INV-2024-0004789,0,normal
TX-005618,2024-06-19 13:34:00,2146.99,Vendor_042,Legal,Consulting,Check,Emp_082,INV-2024-0004782,0,normal
TX-005619,2024-06-19 13:40:00,6159.58,Vendor_060,IT,Travel,ACH,Emp_039,INV-2024-0004791,0,normal
TX-005620,2024-06-19 13:53:00,1654.19,Vendor_041,Legal,Supplies,Card,Emp_085,INV-2024-0004796,0,normal
TX-005621,2024-06-19 14:00:00,1481.7,Vendor_010,Support,Operations,Card,Emp_112,INV-2024-0004809,0,normal
TX-005622,2024-06-19 14:14:00,2700.48,Vendor_040,Sales,Supplies,ACH,Emp_091,INV-2024-0004780,0,normal
TX-005623,2024-06-19 14:52:00,4840.0,Vendor_086,Support,IT,Wire,Emp_115,INV-2024-0005719,1,split_payment
TX-005624,2024-06-19 15:05:00,5256.06,Vendor_108,Operations,Supplies,Wire,Emp_061,INV-2024-0005436,1,vendor_department_shift
TX-005625,2024-06-19 15:19:00,2844.56,Vendor_108,Marketing,Travel,Wire,Emp_052,INV-2024-0004805,0,normal
TX-005626,2024-06-19 15:30:00,950.0,Vendor_032,HR,Travel,Check,Emp_017,INV-2024-0004802,0,normal
TX-005627,2024-06-19 15:34:00,2075.88,Vendor_117,HR,Payroll,Wire,Emp_029,INV-2024-0004803,0,normal
TX-005628,2024-06-19 16:15:00,1513.42,Vendor_019,Legal,Consulting,Card,Emp_080,INV-2024-0005471,1,vendor_department_shift
TX-005629,2024-06-19 16:22:00,1174.84,Vendor_063,Sales,Supplies,ACH,Emp_092,INV-2024-0004775,0,normal
TX-005630,2024-06-19 16:29:00,2645.24,Vendor_042,Legal,Consulting,ACH,Emp_081,INV-2024-0004779,0,normal
TX-005631,2024-06-19 17:34:00,6683.53,Vendor_060,IT,Travel,Wire,Emp_038,INV-2024-0004786,0,normal
TX-005632,2024-06-19 17:48:00,2740.96,Vendor_061,Sales,Travel,Card,Emp_097,INV-2024-0004788,0,normal
TX-005633,2024-06-19 20:27:00,23118.82,Vendor_092,Legal,Payroll,Card,Emp_089,INV-2024-0005718,1,high_amount
TX-005634,2024-06-20 06:10:00,19595.03,Vendor_110,Legal,Operations,Check,Emp_078,INV-2024-0005354,1,payment_method_switch
TX-005635,2024-06-20 08:12:00,1961.76,Vendor_059,Sales,Consulting,ACH,Emp_094,INV-2024-0004828,0,normal
TX-005636,2024-06-20 08:33:00,11459.51,Vendor_110,Marketing,Travel,Wire,Emp_047,INV-2024-0004816,0,normal
TX-005637,2024-06-20 08:51:00,4384.48,Vendor_018,Legal,Travel,Wire,Emp_083,INV-2024-0004847,0,normal
TX-005638,2024-06-20 09:00:00,3122.84,Vendor_061,Sales,Payroll,ACH,Emp_100,INV-2024-0004842,0,normal
TX-005639,2024-06-20 09:04:00,2896.88,Vendor_008,Finance,Consulting,Card,Emp_003,INV-2024-0004818,0,normal
TX-005640,2024-06-20 09:07:00,2494.24,Vendor_005,Legal,IT,ACH,Emp_076,INV-2024-0004821,0,normal
TX-005641,2024-06-20 09:24:00,4761.18,Vendor_095,Legal,Supplies,Card,Emp_085,INV-2024-0004810,0,normal
TX-005642,2024-06-20 09:25:00,1830.29,Vendor_023,Finance,Travel,Check,Emp_005,INV-2024-0004815,0,normal
TX-005643,2024-06-20 10:04:00,1112.17,Vendor_083,Operations,IT,Wire,Emp_065,INV-2024-0004825,0,normal
TX-005644,2024-06-20 10:13:00,1479.42,Vendor_111,HR,Payroll,Wire,Emp_016,INV-2024-0004844,0,normal
TX-005645,2024-06-20 11:06:00,1108.72,Vendor_064,IT,Supplies,Wire,Emp_041,INV-2024-0004835,0,normal
TX-005646,2024-06-20 11:14:00,2178.31,Vendor_097,Legal,Operations,Card,Emp_086,INV-2024-0004839,0,normal
TX-005647,2024-06-20 11:20:00,3336.05,Vendor_025,Marketing,Consulting,Card,Emp_060,INV-2024-0004836,0,normal
TX-005648,2024-06-20 11:33:00,922.62,Vendor_037,Legal,Supplies,Card,Emp_087,INV-2024-0004843,0,normal
TX-005649,2024-06-20 11:41:00,4991.81,Vendor_095,Legal,Payroll,Card,Emp_090,INV-2024-0004814,0,normal
TX-005650,2024-06-20 11:46:00,3463.02,Vendor_115,Support,Travel,Wire,Emp_119,INV-2024-0004841,0,normal
TX-005651,2024-06-20 12:05:00,2694.06,Vendor_059,Sales,Consulting,Check,Emp_104,INV-2024-0004813,0,normal
TX-005652,2024-06-20 12:25:00,2854.29,Vendor_115,Operations,Operations,Wire,Emp_068,INV-2024-0004824,0,normal
TX-005653,2024-06-20 12:27:00,5840.88,Vendor_031,Support,Operations,ACH,Emp_107,INV-2024-0004812,0,normal
TX-005654,2024-06-20 12:40:00,345.67,Vendor_109,Support,IT,Card,Emp_106,INV-2024-0004827,0,normal
TX-005655,2024-06-20 12:55:00,3337.19,Vendor_117,HR,Consulting,ACH,Emp_020,INV-2024-0004819,0,normal
TX-005656,2024-06-20 12:59:00,4830.0,Vendor_023,Finance,Travel,ACH,Emp_005,INV-2024-0005554,1,split_payment
TX-005657,2024-06-20 13:07:00,6023.03,Vendor_026,HR,Payroll,Card,Emp_020,INV-2024-0005646,1,high_amount
TX-005658,2024-06-20 13:07:00,932.72,Vendor_063,Sales,Operations,ACH,Emp_104,INV-2024-0004829,0,normal
TX-005659,2024-06-20 13:22:00,1068.48,Vendor_004,Support,Payroll,Card,Emp_106,INV-2024-0004831,0,normal
TX-005660,2024-06-20 13:29:00,1928.38,Vendor_039,IT,Payroll,Wire,Emp_042,INV-2024-0004832,0,normal
TX-005661,2024-06-20 13:52:00,2473.9,Vendor_108,Marketing,Travel,ACH,Emp_046,INV-2024-0004838,0,normal
TX-005662,2024-06-20 13:55:00,1015.7,Vendor_082,Marketing,Consulting,Wire,Emp_050,INV-2024-0004823,0,normal
TX-005663,2024-06-20 14:16:00,2659.87,Vendor_005,Legal,Travel,Check,Emp_076,INV-2024-0004840,0,normal
TX-005664,2024-06-20 14:30:00,1854.72,Vendor_025,Finance,Consulting,ACH,Emp_010,INV-2024-0004845,0,normal
TX-005665,2024-06-20 14:34:00,2876.89,Vendor_081,Legal,Supplies,Check,Emp_083,INV-2024-0004830,0,normal
TX-005666,2024-06-20 14:36:00,1929.42,Vendor_055,IT,Supplies,Wire,Emp_032,INV-2024-0004822,0,normal
TX-005667,2024-06-20 14:56:00,2222.97,Vendor_027,Sales,Operations,ACH,Emp_101,INV-2024-0004817,0,normal
TX-005668,2024-06-20 15:15:00,2092.9,Vendor_008,Finance,Consulting,Card,Emp_002,INV-2024-0004811,0,normal
TX-005669,2024-06-20 15:49:00,912.46,Vendor_082,Marketing,Consulting,ACH,Emp_055,INV-2024-0004826,0,normal
TX-005670,2024-06-20 15:53:00,617.04,Vendor_044,Finance,Supplies,Wire,Emp_007,INV-2024-0004846,0,normal
TX-005671,2024-06-20 16:21:00,1600.99,Vendor_063,Sales,Supplies,Check,Emp_091,INV-2024-0004837,0,normal
TX-005672,2024-06-20 16:43:00,2619.65,Vendor_042,Finance,Operations,Check,Emp_004,INV-2024-0004834,0,normal
TX-005673,2024-06-20 16:49:00,1696.91,Vendor_046,Sales,Travel,ACH,Emp_098,INV-2024-0004820,0,normal
TX-005674,2024-06-20 17:48:00,1145.06,Vendor_083,IT,IT,Wire,Emp_036,INV-2024-0004833,0,normal
TX-005675,2024-06-20 17:49:00,1659.24,Vendor_025,Finance,Consulting,ACH,Emp_010,INV-2024-0005565,1,same_day_burst
TX-005676,2024-06-21 08:09:00,990.68,Vendor_056,Marketing,Travel,Card,Emp_052,INV-2024-0004859,0,normal
TX-005677,2024-06-21 08:40:00,3473.6,Vendor_081,Finance,Travel,Wire,Emp_011,INV-2024-0004864,0,normal
TX-005678,2024-06-21 08:43:00,8804.75,Vendor_071,Finance,Payroll,Card,Emp_001,INV-2024-0004851,0,normal
TX-005679,2024-06-21 09:02:00,864.44,Vendor_068,Sales,Travel,ACH,Emp_092,INV-2024-0005229,0,normal
TX-005680,2024-06-21 09:11:00,3300.73,Vendor_018,Legal,Travel,Wire,Emp_089,INV-2024-0004860,0,normal
TX-005681,2024-06-21 09:15:00,4803.95,Vendor_112,HR,Supplies,ACH,Emp_028,INV-2024-0004850,0,normal
TX-005682,2024-06-21 10:01:00,415.53,Vendor_072,HR,Payroll,Card,Emp_020,INV-2024-0004872,0,normal
TX-005683,2024-06-21 11:33:00,2205.29,Vendor_005,Legal,Travel,ACH,Emp_084,INV-2024-0004865,0,normal
TX-005684,2024-06-21 11:36:00,1736.85,Vendor_026,HR,Payroll,ACH,Emp_026,INV-2024-0004855,0,normal
TX-005685,2024-06-21 12:15:00,890.07,Vendor_080,Legal,Consulting,ACH,Emp_089,INV-2024-0004854,0,normal
TX-005686,2024-06-21 12:22:00,668.35,Vendor_058,Legal,Supplies,ACH,Emp_080,INV-2024-0005262,0,normal
TX-005687,2024-06-21 12:23:00,2146.0,Vendor_104,Finance,Consulting,Wire,Emp_005,INV-2024-0004870,0,normal
TX-005688,2024-06-21 12:31:00,855.24,Vendor_009,Operations,Operations,ACH,Emp_069,INV-2024-0004873,0,normal
TX-005689,2024-06-21 12:40:00,1843.92,Vendor_025,Marketing,Consulting,Card,Emp_055,INV-2024-0004869,0,normal
TX-005690,2024-06-21 13:15:00,2714.05,Vendor_003,Support,Payroll,ACH,Emp_118,INV-2024-0004867,0,normal
TX-005691,2024-06-21 13:31:00,1746.77,Vendor_026,HR,Travel,Check,Emp_025,INV-2024-0005141,1,duplicate_invoice
TX-005692,2024-06-21 13:36:00,4188.22,Vendor_115,Operations,IT,Check,Emp_066,INV-2024-0004858,0,normal
TX-005693,2024-06-21 13:37:00,896.78,Vendor_019,Sales,IT,ACH,Emp_094,INV-2024-0004868,0,normal
TX-005694,2024-06-21 13:44:00,1872.74,Vendor_011,IT,Operations,ACH,Emp_035,INV-2024-0004861,0,normal
TX-005695,2024-06-21 13:57:00,5001.5,Vendor_060,IT,Consulting,ACH,Emp_031,INV-2024-0004871,0,normal
TX-005696,2024-06-21 13:59:00,2319.28,Vendor_120,IT,IT,ACH,Emp_036,INV-2024-0004866,0,normal
TX-005697,2024-06-21 14:03:00,2558.31,Vendor_052,HR,Travel,ACH,Emp_021,INV-2024-0004848,0,normal
TX-005698,2024-06-21 14:10:00,2278.25,Vendor_005,Legal,Travel,Check,Emp_089,INV-2024-0004849,0,normal
TX-005699,2024-06-21 15:56:00,1207.52,Vendor_033,Support,Operations,ACH,Emp_116,INV-2024-0004852,0,normal
TX-005700,2024-06-21 16:05:00,2544.29,Vendor_054,Operations,Operations,Check,Emp_061,INV-2024-0004853,0,normal
TX-005701,2024-06-21 16:36:00,1068.16,Vendor_083,Operations,IT,Check,Emp_066,INV-2024-0004863,0,normal
TX-005702,2024-06-21 16:45:00,1880.51,Vendor_046,Finance,Travel,ACH,Emp_004,INV-2024-0004862,0,normal
TX-005703,2024-06-21 16:57:00,3288.24,Vendor_035,Legal,Travel,Wire,Emp_077,INV-2024-0004857,0,normal
TX-005704,2024-06-21 18:03:00,1201.89,Vendor_038,Finance,Travel,Wire,Emp_011,INV-2024-0004856,0,normal
TX-005705,2024-06-21 20:22:00,1202.92,Vendor_102,Marketing,IT,Wire,Emp_057,INV-2024-0005806,1,vendor_department_shift
TX-005706,2024-06-21 21:44:00,1136.02,Vendor_038,Finance,Payroll,ACH,Emp_011,INV-2024-0004797,1,duplicate_invoice
TX-005707,2024-06-22 04:30:00,4504.76,Vendor_031,Sales,Consulting,Wire,Emp_096,INV-2024-0004777,1,duplicate_invoice
TX-005708,2024-06-22 09:16:00,1367.89,Vendor_083,Operations,IT,ACH,Emp_069,INV-2024-0004890,0,normal
TX-005709,2024-06-22 09:21:00,1944.45,Vendor_059,Sales,Supplies,Check,Emp_096,INV-2024-0004885,0,normal
TX-005710,2024-06-22 10:01:00,1606.13,Vendor_118,Support,IT,Card,Emp_116,INV-2024-0004888,0,normal
TX-005711,2024-06-22 10:55:00,3219.8,Vendor_025,Marketing,Operations,Card,Emp_053,INV-2024-0004876,0,normal
TX-005712,2024-06-22 11:10:00,2070.62,Vendor_007,Finance,Consulting,ACH,Emp_009,INV-2024-0004880,0,normal
TX-005713,2024-06-22 11:17:00,1189.92,Vendor_074,Operations,Operations,Wire,Emp_063,INV-2024-0004879,0,normal
TX-005714,2024-06-22 12:09:00,767.62,Vendor_019,Sales,Travel,Wire,Emp_093,INV-2024-0004882,0,normal
TX-005715,2024-06-22 12:17:00,1134.25,Vendor_019,Sales,IT,ACH,Emp_093,INV-2024-0004883,0,normal
TX-005716,2024-06-22 12:19:00,1550.0,Vendor_036,Support,Supplies,Card,Emp_109,INV-2024-0004875,0,normal
TX-005717,2024-06-22 12:47:00,3813.69,Vendor_054,Operations,IT,ACH,Emp_063,INV-2024-0004887,0,normal
TX-005718,2024-06-22 12:48:00,2130.45,Vendor_005,Legal,IT,Check,Emp_079,INV-2024-0004891,0,normal
TX-005719,2024-06-22 13:33:00,1256.69,Vendor_004,Support,Payroll,Card,Emp_117,INV-2024-0004886,0,normal
TX-005720,2024-06-22 14:23:00,1495.16,Vendor_044,Finance,Supplies,Check,Emp_008,INV-2024-0004881,0,normal
TX-005721,2024-06-22 14:24:00,3279.5,Vendor_117,HR,IT,ACH,Emp_021,INV-2024-0004874,0,normal
TX-005722,2024-06-22 15:50:00,1843.05,Vendor_117,HR,Payroll,Wire,Emp_017,INV-2024-0004884,0,normal
TX-005723,2024-06-22 15:51:00,5819.8,Vendor_051,HR,Payroll,Check,Emp_020,INV-2024-0004889,0,normal
TX-005724,2024-06-22 15:57:00,4886.34,Vendor_069,Legal,Travel,Wire,Emp_078,INV-2024-0004878,0,normal
TX-005725,2024-06-22 16:56:00,7277.06,Vendor_060,IT,Consulting,ACH,Emp_045,INV-2024-0004877,0,normal
TX-005726,2024-06-22 19:20:00,35828.63,Vendor_096,Sales,Operations,Check,Emp_091,INV-2024-0005761,1,high_amount
TX-005727,2024-06-22 22:30:00,5358.53,Vendor_085,Legal,Payroll,Wire,Emp_090,INV-2024-0005291,1,vendor_department_shift
TX-005728,2024-06-22 23:04:00,2077.88,Vendor_117,HR,Payroll,Wire,Emp_017,INV-2024-0005332,1,same_day_burst
TX-005729,2024-06-23 04:30:00,1882.64,Vendor_025,Finance,Consulting,Wire,Emp_008,INV-2024-0004845,1,duplicate_invoice
TX-005730,2024-06-23 07:11:00,1222.27,Vendor_074,Operations,Consulting,Wire,Emp_069,INV-2024-0004906,0,normal
TX-005731,2024-06-23 09:06:00,1307.89,Vendor_118,IT,Consulting,Card,Emp_033,INV-2024-0004893,0,normal
TX-005732,2024-06-23 09:38:00,2378.16,Vendor_090,Support,Payroll,Card,Emp_109,INV-2024-0004905,0,normal
TX-005733,2024-06-23 10:00:00,1400.75,Vendor_042,Legal,Supplies,ACH,Emp_079,INV-2024-0004898,0,normal
TX-005734,2024-06-23 10:01:00,6387.56,Vendor_095,Legal,Consulting,ACH,Emp_081,INV-2024-0004903,0,normal
TX-005735,2024-06-23 10:53:00,2002.57,Vendor_036,Support,Supplies,Wire,Emp_120,INV-2024-0004896,0,normal
TX-005736,2024-06-23 11:31:00,1104.98,Vendor_106,Legal,Consulting,ACH,Emp_090,INV-2024-0004902,0,normal
TX-005737,2024-06-23 12:06:00,1335.6,Vendor_097,Legal,Operations,Wire,Emp_090,INV-2024-0004895,0,normal
TX-005738,2024-06-23 12:23:00,3286.02,Vendor_118,IT,Operations,Card,Emp_034,INV-2024-0005511,1,vendor_department_shift
TX-005739,2024-06-23 12:29:00,5005.01,Vendor_095,IT,Consulting,Check,Emp_039,INV-2024-0004899,0,normal
TX-005740,2024-06-23 12:44:00,4379.31,Vendor_087,Marketing,Payroll,ACH,Emp_052,INV-2024-0004892,0,normal
TX-005741,2024-06-23 12:47:00,477.06,Vendor_082,Marketing,Consulting,Wire,Emp_046,INV-2024-0004894,0,normal
TX-005742,2024-06-23 14:52:00,30619.73,Vendor_086,Support,IT,Card,Emp_115,INV-2024-0005752,1,high_amount
TX-005743,2024-06-23 15:57:00,6603.2,Vendor_006,Sales,Payroll,ACH,Emp_101,INV-2024-0004901,0,normal
TX-005744,2024-06-23 17:41:00,760.2,Vendor_037,Sales,Consulting,Card,Emp_105,INV-2024-0004897,0,normal
TX-005745,2024-06-23 18:15:00,4804.66,Vendor_112,HR,Supplies,Check,Emp_017,INV-2024-9004850,1,fuzzy_duplicate
TX-005746,2024-06-23 18:20:00,1319.11,Vendor_013,Marketing,Operations,ACH,Emp_055,INV-2024-0004900,0,normal
TX-005747,2024-06-23 18:37:00,434.26,Vendor_072,Finance,Payroll,Wire,Emp_001,INV-2024-0004904,0,normal
TX-005748,2024-06-24 08:25:00,1581.17,Vendor_007,Operations,Consulting,Check,Emp_070,INV-2024-0004926,0,normal
TX-005749,2024-06-24 08:32:00,5009.96,Vendor_069,Legal,Travel,Wire,Emp_079,INV-2024-0004909,0,normal
TX-005750,2024-06-24 09:52:00,799.74,Vendor_044,Operations,Operations,Wire,Emp_062,INV-2024-0004917,0,normal
TX-005751,2024-06-24 10:27:00,6892.03,Vendor_051,HR,IT,Check,Emp_016,INV-2024-0004929,0,normal
TX-005752,2024-06-24 10:48:00,3651.0,Vendor_081,Operations,Consulting,ACH,Emp_074,INV-2024-0004923,0,normal
TX-005753,2024-06-24 10:54:00,4594.46,Vendor_051,HR,Payroll,Check,Emp_017,INV-2024-0004920,0,normal
TX-005754,2024-06-24 11:58:00,9172.0,Vendor_086,Sales,IT,ACH,Emp_092,INV-2024-0004911,0,normal
TX-005755,2024-06-24 11:58:00,217.49,Vendor_109,Support,Payroll,Card,Emp_106,INV-2024-0004928,0,normal
TX-005756,2024-06-24 12:02:00,3473.76,Vendor_047,Finance,Consulting,Card,Emp_005,INV-2024-0004925,0,normal
TX-005757,2024-06-24 12:05:00,2763.34,Vendor_015,HR,Consulting,ACH,Emp_026,INV-2024-0004912,0,normal
TX-005758,2024-06-24 12:08:00,1250.18,Vendor_004,Support,Travel,ACH,Emp_116,INV-2024-0004924,0,normal
TX-005759,2024-06-24 12:37:00,1150.0,Vendor_056,Marketing,Travel,Card,Emp_048,INV-2024-0004921,0,normal
TX-005760,2024-06-24 12:55:00,6700.0,Vendor_043,Marketing,Travel,Card,Emp_052,INV-2024-0004914,0,normal
TX-005761,2024-06-24 13:08:00,1513.57,Vendor_016,Marketing,IT,Card,Emp_055,INV-2024-0004907,0,normal
TX-005762,2024-06-24 13:22:00,7964.0,Vendor_060,IT,Payroll,ACH,Emp_039,INV-2024-0004908,0,normal
TX-005763,2024-06-24 13:49:00,3995.28,Vendor_018,Operations,Consulting,Wire,Emp_070,INV-2024-0004919,0,normal
TX-005764,2024-06-24 13:52:00,4397.2,Vendor_092,Sales,Payroll,Wire,Emp_098,INV-2024-0004918,0,normal
TX-005765,2024-06-24 14:32:00,1422.05,Vendor_111,HR,Payroll,ACH,Emp_023,INV-2024-0004910,0,normal
TX-005766,2024-06-24 15:04:00,2204.57,Vendor_024,Marketing,Supplies,Wire,Emp_054,INV-2024-0004915,0,normal
TX-005767,2024-06-24 15:09:00,7714.75,Vendor_086,Sales,IT,ACH,Emp_097,INV-2024-0004916,0,normal
TX-005768,2024-06-24 16:55:00,4420.8,Vendor_031,Support,Operations,ACH,Emp_117,INV-2024-0004927,0,normal
TX-005769,2024-06-24 16:56:00,2787.53,Vendor_047,Finance,Consulting,Check,Emp_009,INV-2024-0004913,0,normal
TX-005770,2024-06-24 18:03:00,7936.77,Vendor_086,Sales,IT,Check,Emp_096,INV-2024-0004922,0,normal
TX-005771,2024-06-24 21:21:00,4930.0,Vendor_086,Sales,IT,Wire,Emp_096,INV-2024-0005803,1,split_payment
TX-005772,2024-06-24 22:45:00,2402.68,Vendor_047,Finance,Consulting,Check,Emp_009,INV-2024-0005618,1,same_day_burst
TX-005773,2024-06-24 23:44:00,4474.62,Vendor_087,Marketing,Payroll,Check,Emp_048,INV-2024-0004892,1,duplicate_invoice
TX-005774,2024-06-25 07:11:00,2295.08,Vendor_046,Finance,Travel,Check,Emp_010,INV-2024-0004969,0,normal
TX-005775,2024-06-25 08:29:00,868.43,Vendor_070,Sales,Consulting,ACH,Emp_099,INV-2024-0004970,0,normal
TX-005776,2024-06-25 09:13:00,6248.7,Vendor_095,Legal,Consulting,Card,Emp_077,INV-2024-0004966,0,normal
TX-005777,2024-06-25 09:17:00,1468.12,Vendor_026,HR,Payroll,ACH,Emp_022,INV-2024-0004934,0,normal
TX-005778,2024-06-25 09:19:00,3140.54,Vendor_052,HR,Operations,ACH,Emp_016,INV-2024-0004965,0,normal
TX-005779,2024-06-25 09:21:00,3930.95,Vendor_024,Marketing,Consulting,ACH,Emp_060,INV-2024-0004968,0,normal
TX-005780,2024-06-25 09:22:00,1992.34,Vendor_039,IT,Payroll,Card,Emp_033,INV-2024-0004930,0,normal
TX-005781,2024-06-25 10:17:00,4134.76,Vendor_040,HR,Supplies,Wire,Emp_021,INV-2024-0004955,0,normal
TX-005782,2024-06-25 10:22:00,1486.6,Vendor_074,Operations,Operations,Wire,Emp_064,INV-2024-0004939,0,normal
TX-005783,2024-06-25 10:27:00,1957.51,Vendor_027,Support,Operations,ACH,Emp_112,INV-2024-0004941,0,normal
TX-005784,2024-06-25 10:31:00,1275.94,Vendor_054,Operations,Consulting,Check,Emp_072,INV-2024-0004954,0,normal
TX-005785,2024-06-25 10:35:00,2674.26,Vendor_027,Sales,Operations,ACH,Emp_104,INV-2024-0004952,0,normal
TX-005786,2024-06-25 10:39:00,1045.76,Vendor_111,HR,Payroll,Wire,Emp_019,INV-2024-0004967,0,normal
TX-005787,2024-06-25 10:57:00,1442.94,Vendor_019,Sales,Travel,Card,Emp_100,INV-2024-0004946,0,normal
TX-005788,2024-06-25 10:59:00,1670.28,Vendor_055,Operations,Supplies,Card,Emp_075,INV-2024-0004962,0,normal
TX-005789,2024-06-25 11:10:00,1009.02,Vendor_067,IT,Payroll,ACH,Emp_045,INV-2024-0004963,0,normal
TX-005790,2024-06-25 11:16:00,843.85,Vendor_074,Marketing,Consulting,Wire,Emp_054,INV-2024-0004940,0,normal
TX-005791,2024-06-25 11:17:00,1058.68,Vendor_083,Operations,IT,Wire,Emp_065,INV-2024-0004937,0,normal
TX-005792,2024-06-25 11:21:00,3186.54,Vendor_069,Legal,Travel,Wire,Emp_076,INV-2024-0004943,0,normal
TX-005793,2024-06-25 11:34:00,1596.03,Vendor_091,Support,IT,Wire,Emp_116,INV-2024-0004935,0,normal
TX-005794,2024-06-25 11:40:00,1078.85,Vendor_009,Operations,Operations,Check,Emp_066,INV-2024-0004932,0,normal
TX-005795,2024-06-25 11:45:00,2570.98,Vendor_045,Sales,Supplies,Card,Emp_091,INV-2024-0004951,0,normal
TX-005796,2024-06-25 11:48:00,974.96,Vendor_038,Finance,Travel,Check,Emp_010,INV-2024-0004953,0,normal
TX-005797,2024-06-25 11:51:00,4709.1,Vendor_022,IT,IT,Wire,Emp_035,INV-2024-0004945,0,normal
TX-005798,2024-06-25 11:55:00,1656.6,Vendor_076,Support,Travel,Card,Emp_117,INV-2024-0004960,0,normal
TX-005799,2024-06-25 12:27:00,6032.13,Vendor_051,HR,Payroll,Check,Emp_023,INV-2024-0004931,0,normal
TX-005800,2024-06-25 12:28:00,1846.5,Vendor_046,Sales,Travel,ACH,Emp_093,INV-2024-0004948,0,normal
TX-005801,2024-06-25 12:47:00,2229.98,Vendor_024,Marketing,Supplies,Wire,Emp_050,INV-2024-0004964,0,normal
TX-005802,2024-06-25 12:52:00,4110.86,Vendor_021,Marketing,IT,ACH,Emp_048,INV-2024-0005452,1,vendor_department_shift
TX-005803,2024-06-25 12:56:00,7308.13,Vendor_096,Sales,Operations,Wire,Emp_102,INV-2024-0004957,0,normal
TX-005804,2024-06-25 13:11:00,6840.79,Vendor_031,Operations,Consulting,Check,Emp_064,INV-2024-0004933,0,normal
TX-005805,2024-06-25 13:12:00,959.48,Vendor_058,Legal,Supplies,ACH,Emp_080,INV-2024-0004959,0,normal
TX-005806,2024-06-25 13:22:00,977.43,Vendor_074,Operations,Consulting,ACH,Emp_068,INV-2024-0004944,0,normal
TX-005807,2024-06-25 13:35:00,1029.65,Vendor_058,Legal,Supplies,Card,Emp_079,INV-2024-0004971,0,normal
TX-005808,2024-06-25 13:35:00,1035.23,Vendor_044,Finance,Supplies,Wire,Emp_007,INV-2024-0004950,0,normal
TX-005809,2024-06-25 13:43:00,6188.77,Vendor_095,Legal,Consulting,Card,Emp_076,INV-2024-0004956,0,normal
TX-005810,2024-06-25 14:39:00,8735.02,Vendor_028,Marketing,Travel,Card,Emp_052,INV-2024-0004942,0,normal
TX-005811,2024-06-25 15:16:00,3008.87,Vendor_024,Marketing,Consulting,Wire,Emp_058,INV-2024-0004936,0,normal
TX-005812,2024-06-25 15:18:00,10200.06,Vendor_086,Sales,IT,Check,Emp_097,INV-2024-0004958,0,normal
TX-005813,2024-06-25 16:12:00,642.31,Vendor_037,Support,Payroll,Card,Emp_112,INV-2024-0004938,0,normal
TX-005814,2024-06-25 16:43:00,1648.37,Vendor_118,Support,IT,Wire,Emp_107,INV-2024-0004949,0,normal
TX-005815,2024-06-25 16:55:00,3023.62,Vendor_117,HR,IT,Wire,Emp_018,INV-2024-0004961,0,normal
TX-005816,2024-06-25 18:01:00,3049.57,Vendor_002,Support,Supplies,Check,Emp_110,INV-2024-0004947,0,normal
TX-005817,2024-06-25 19:26:00,15794.73,Vendor_117,HR,IT,Wire,Emp_021,INV-2024-0005299,1,high_amount
TX-005818,2024-06-25 23:37:00,1037.38,Vendor_074,Marketing,Consulting,Wire,Emp_054,INV-2024-0005378,1,same_day_burst
TX-005819,2024-06-26 08:24:00,3443.69,Vendor_051,HR,Payroll,ACH,Emp_025,INV-2024-0005005,0,normal
TX-005820,2024-06-26 09:16:00,1450.0,Vendor_084,Marketing,Travel,Check,Emp_053,INV-2024-0004994,0,normal
TX-005821,2024-06-26 09:23:00,2370.67,Vendor_116,Support,Consulting,Check,Emp_107,INV-2024-0004980,0,normal
TX-005822,2024-06-26 09:51:00,2786.66,Vendor_093,Legal,Supplies,ACH,Emp_078,INV-2024-0004984,0,normal
TX-005823,2024-06-26 09:54:00,1744.83,Vendor_059,Sales,Supplies,Check,Emp_104,INV-2024-0004988,0,normal
TX-005824,2024-06-26 09:54:00,2234.26,Vendor_052,HR,Travel,ACH,Emp_026,INV-2024-0004993,0,normal
TX-005825,2024-06-26 10:05:00,1361.16,Vendor_063,Sales,IT,Check,Emp_096,INV-2024-0004978,0,normal
TX-005826,2024-06-26 10:17:00,2314.68,Vendor_046,Finance,Travel,ACH,Emp_012,INV-2024-0004995,0,normal
TX-005827,2024-06-26 10:19:00,4187.07,Vendor_112,Sales,Travel,Check,Emp_096,INV-2024-0005003,0,normal
TX-005828,2024-06-26 10:27:00,2774.18,Vendor_057,Operations,Consulting,Check,Emp_068,INV-2024-0004982,0,normal
TX-005829,2024-06-26 10:28:00,596.02,Vendor_072,IT,Travel,Check,Emp_035,INV-2024-0004990,0,normal
TX-005830,2024-06-26 10:43:00,2658.36,Vendor_008,Finance,Consulting,Card,Emp_010,INV-2024-0004987,0,normal
TX-005831,2024-06-26 11:04:00,1412.41,Vendor_048,Support,Consulting,Card,Emp_112,INV-2024-0004991,0,normal
TX-005832,2024-06-26 11:10:00,1442.9,Vendor_118,Support,Supplies,Card,Emp_112,INV-2024-0004977,0,normal
TX-005833,2024-06-26 11:15:00,4110.89,Vendor_100,Finance,Consulting,ACH,Emp_008,INV-2024-0004974,0,normal
TX-005834,2024-06-26 11:16:00,858.49,Vendor_074,Marketing,Consulting,Check,Emp_059,INV-2024-0074940,1,fuzzy_duplicate
TX-005835,2024-06-26 11:25:00,7093.56,Vendor_088,Sales,Consulting,Wire,Emp_105,INV-2024-0004973,0,normal
TX-005836,2024-06-26 11:28:00,3563.99,Vendor_040,HR,Payroll,Check,Emp_016,INV-2024-0004999,0,normal
TX-005837,2024-06-26 11:34:00,775.28,Vendor_032,HR,Travel,Check,Emp_026,INV-2024-0005001,0,normal
TX-005838,2024-06-26 11:41:00,1563.46,Vendor_118,Support,Payroll,Check,Emp_117,INV-2024-0004979,0,normal
TX-005839,2024-06-26 11:56:00,6363.09,Vendor_095,IT,Consulting,Check,Emp_043,INV-2024-0005007,0,normal
TX-005840,2024-06-26 11:58:00,2586.79,Vendor_108,Marketing,Travel,Check,Emp_058,INV-2024-0004996,0,normal
TX-005841,2024-06-26 12:07:00,1040.87,Vendor_009,Operations,Operations,Check,Emp_069,INV-2024-0004976,0,normal
TX-005842,2024-06-26 12:38:00,3125.72,Vendor_085,Finance,Operations,ACH,Emp_009,INV-2024-0004985,0,normal
TX-005843,2024-06-26 12:39:00,2680.82,Vendor_034,Sales,IT,Wire,Emp_099,INV-2024-0004992,0,normal
TX-005844,2024-06-26 12:46:00,3114.37,Vendor_055,Operations,Supplies,Card,Emp_064,INV-2024-0005004,0,normal
TX-005845,2024-06-26 13:31:00,800.63,Vendor_064,IT,Operations,Check,Emp_040,INV-2024-0004989,0,normal
TX-005846,2024-06-26 13:43:00,6654.28,Vendor_086,Support,IT,Check,Emp_108,INV-2024-0004998,0,normal
TX-005847,2024-06-26 13:49:00,1472.88,Vendor_097,Support,Operations,Card,Emp_119,INV-2024-0004981,0,normal
TX-005848,2024-06-26 13:58:00,2817.24,Vendor_059,Sales,Consulting,Check,Emp_098,INV-2024-0004972,0,normal
TX-005849,2024-06-26 14:14:00,958.98,Vendor_083,Operations,IT,Wire,Emp_066,INV-2024-0004975,0,normal
TX-005850,2024-06-26 14:24:00,3444.84,Vendor_051,HR,Payroll,ACH,Emp_030,INV-2004-0005001,1,fuzzy_duplicate
TX-005851,2024-06-26 14:25:00,1754.85,Vendor_063,Sales,Supplies,Check,Emp_105,INV-2024-0004983,0,normal
TX-005852,2024-06-26 14:40:00,4669.1,Vendor_088,Sales,Consulting,Check,Emp_098,INV-2024-0005002,0,normal
TX-005853,2024-06-26 14:52:00,3357.49,Vendor_113,Operations,Consulting,Card,Emp_074,INV-2024-0005256,0,normal
TX-005854,2024-06-26 14:53:00,22607.87,Vendor_087,Marketing,Payroll,Check,Emp_052,INV-2024-0005737,1,high_amount
TX-005855,2024-06-26 15:01:00,1987.78,Vendor_046,Finance,Travel,Wire,Emp_012,INV-2024-0005006,0,normal
TX-005856,2024-06-26 15:38:00,682.28,Vendor_032,Finance,Payroll,Check,Emp_004,INV-2024-0004986,0,normal
TX-005857,2024-06-26 15:47:00,1430.81,Vendor_050,Finance,Travel,Card,Emp_003,INV-2024-0005000,0,normal
TX-005858,2024-06-26 16:58:00,9760.0,Vendor_032,Finance,Payroll,Wire,Emp_004,INV-2024-0005587,1,split_payment
TX-005859,2024-06-26 17:40:00,3034.32,Vendor_073,Legal,Consulting,Check,Emp_087,INV-2024-0004997,0,normal
TX-005860,2024-06-26 18:05:00,2473.74,Vendor_013,Marketing,Travel,Check,Emp_051,INV-2024-0005518,1,payment_method_switch
TX-005861,2024-06-27 07:12:00,1426.5,Vendor_048,Support,Consulting,Card,Emp_114,INV-2024-0005031,0,normal
TX-005862,2024-06-27 07:59:00,1129.11,Vendor_014,HR,Consulting,Wire,Emp_028,INV-2024-0005029,0,normal
TX-005863,2024-06-27 09:14:00,1023.18,Vendor_094,HR,Operations,Card,Emp_026,INV-2024-0005033,0,normal
TX-005864,2024-06-27 10:05:00,1759.66,Vendor_057,Operations,Consulting,Check,Emp_074,INV-2024-0005024,0,normal
TX-005865,2024-06-27 10:08:00,2588.99,Vendor_093,Legal,Supplies,Wire,Emp_089,INV-2024-0005036,0,normal
TX-005866,2024-06-27 10:36:00,1270.91,Vendor_033,Legal,Operations,Check,Emp_087,INV-2024-0005021,0,normal
TX-005867,2024-06-27 10:58:00,850.0,Vendor_019,Sales,Travel,ACH,Emp_105,INV-2024-0005019,0,normal
TX-005868,2024-06-27 11:04:00,4604.61,Vendor_107,Support,Supplies,ACH,Emp_113,INV-2024-0005035,0,normal
TX-005869,2024-06-27 11:10:00,1124.16,Vendor_063,Sales,Operations,Check,Emp_094,INV-2024-0005022,0,normal
TX-005870,2024-06-27 11:20:00,3222.51,Vendor_113,Operations,Payroll,Check,Emp_072,INV-2024-0005026,0,normal
TX-005871,2024-06-27 11:38:00,4657.72,Vendor_006,Sales,IT,Wire,Emp_095,INV-2024-0005012,0,normal
TX-005872,2024-06-27 11:40:00,5384.96,Vendor_095,Legal,Consulting,Wire,Emp_082,INV-2024-0005015,0,normal
TX-005873,2024-06-27 11:47:00,390.34,Vendor_072,IT,Payroll,Wire,Emp_043,INV-2024-0005014,0,normal
TX-005874,2024-06-27 12:03:00,2856.77,Vendor_117,HR,IT,ACH,Emp_016,INV-2024-0005032,0,normal
TX-005875,2024-06-27 12:05:00,1351.57,Vendor_063,Sales,IT,Wire,Emp_105,INV-2024-0004878,1,fuzzy_duplicate
TX-005876,2024-06-27 12:07:00,266.54,Vendor_109,IT,Payroll,ACH,Emp_035,INV-2024-0005025,0,normal
TX-005877,2024-06-27 12:25:00,3217.02,Vendor_115,Operations,Travel,Card,Emp_064,INV-2024-0005028,0,normal
TX-005878,2024-06-27 12:49:00,1828.05,Vendor_039,IT,Payroll,Card,Emp_033,INV-2024-0005018,0,normal
TX-005879,2024-06-27 13:34:00,1754.89,Vendor_039,IT,Payroll,Wire,Emp_033,INV-2024-0005023,0,normal
TX-005880,2024-06-27 13:45:00,1372.73,Vendor_099,HR,Operations,Card,Emp_028,INV-2024-0005039,0,normal
TX-005881,2024-06-27 13:47:00,1458.28,Vendor_106,IT,Supplies,ACH,Emp_031,INV-2024-0005017,0,normal
TX-005882,2024-06-27 13:51:00,851.12,Vendor_019,Sales,Travel,ACH,Emp_098,INV-2024-0005016,0,normal
TX-005883,2024-06-27 13:52:00,1348.17,Vendor_014,HR,Consulting,Check,Emp_019,INV-2024-0005040,0,normal
TX-005884,2024-06-27 14:12:00,1600.74,Vendor_007,Finance,Payroll,ACH,Emp_015,INV-2024-0005027,0,normal
TX-005885,2024-06-27 14:16:00,2554.81,Vendor_059,Sales,Supplies,ACH,Emp_098,INV-2024-0005037,0,normal
TX-005886,2024-06-27 14:23:00,1314.42,Vendor_023,Finance,Supplies,Check,Emp_002,INV-2024-0005020,0,normal
TX-005887,2024-06-27 14:23:00,4602.93,Vendor_117,Support,Supplies,Check,Emp_111,INV-2024-0005770,1,vendor_department_shift
TX-005888,2024-06-27 14:29:00,608.97,Vendor_102,HR,Travel,ACH,Emp_018,INV-2024-0005009,0,normal
TX-005889,2024-06-27 14:35:00,9111.26,Vendor_110,Legal,Travel,Wire,Emp_090,INV-2024-0005038,0,normal
TX-005890,2024-06-27 14:46:00,2842.19,Vendor_054,Operations,IT,Check,Emp_063,INV-2024-0005008,0,normal
TX-005891,2024-06-27 14:51:00,3190.98,Vendor_081,Finance,Consulting,Wire,Emp_003,INV-2024-0005011,0,normal
TX-005892,2024-06-27 15:04:00,1421.0,Vendor_048,Support,Consulting,Wire,Emp_107,INV-2024-0004991,1,duplicate_invoice
TX-005893,2024-06-27 15:47:00,1570.67,Vendor_066,Legal,IT,Wire,Emp_090,INV-2024-0005034,0,normal
TX-005894,2024-06-27 17:05:00,1757.75,Vendor_057,Operations,Consulting,Check,Emp_072,INV-2024-0005024,1,duplicate_invoice
TX-005895,2024-06-27 17:18:00,1028.28,Vendor_013,Marketing,Operations,Wire,Emp_059,INV-2024-0005030,0,normal
TX-005896,2024-06-27 17:32:00,958.72,Vendor_102,Support,Supplies,Card,Emp_118,INV-2024-0005010,0,normal
TX-005897,2024-06-27 17:59:00,1168.49,Vendor_083,Operations,IT,ACH,Emp_071,INV-2024-0005013,0,normal
TX-005898,2024-06-27 18:39:00,1056.14,Vendor_111,HR,Payroll,Wire,Emp_020,INV-2024-0004967,1,duplicate_invoice
TX-005899,2024-06-27 20:27:00,6152.34,Vendor_051,HR,Payroll,Check,Emp_019,INV-2024-0004931,1,duplicate_invoice
TX-005900,2024-06-27 21:25:00,1793.02,Vendor_063,Sales,Supplies,Wire,Emp_102,INV-2024-0004983,1,duplicate_invoice
TX-005901,2024-06-28 06:27:00,6121.71,Vendor_051,HR,Payroll,Check,Emp_022,INV-2024-0004931,1,duplicate_invoice
TX-005902,2024-06-28 07:33:00,4310.18,Vendor_005,Legal,Consulting,Card,Emp_084,INV-2024-0005498,1,payment_method_switch
TX-005903,2024-06-28 07:56:00,6374.53,Vendor_095,IT,Consulting,Check,Emp_041,INV-2125-0005007,1,fuzzy_duplicate
TX-005904,2024-06-28 08:04:00,1147.53,Vendor_063,Marketing,Operations,Check,Emp_051,INV-2024-0005060,0,normal
TX-005905,2024-06-28 08:28:00,1249.95,Vendor_079,Marketing,Payroll,ACH,Emp_046,INV-2024-0005053,0,normal
TX-005906,2024-06-28 08:53:00,2794.73,Vendor_025,Marketing,Operations,ACH,Emp_049,INV-2024-0005061,0,normal
TX-005907,2024-06-28 08:59:00,1346.47,Vendor_106,Legal,Consulting,ACH,Emp_084,INV-2024-0005046,0,normal
TX-005908,2024-06-28 09:09:00,7150.32,Vendor_022,IT,Payroll,Wire,Emp_040,INV-2024-0005065,0,normal
TX-005909,2024-06-28 09:52:00,1584.4,Vendor_067,Finance,Operations,Wire,Emp_003,INV-2024-0005754,1,payment_method_switch
TX-005910,2024-06-28 10:09:00,2630.48,Vendor_113,Operations,Travel,Wire,Emp_068,INV-2024-0005048,0,normal
TX-005911,2024-06-28 10:37:00,871.09,Vendor_070,Sales,Consulting,ACH,Emp_100,INV-2024-0005066,0,normal
TX-005912,2024-06-28 10:51:00,2866.56,Vendor_113,Operations,Consulting,ACH,Emp_075,INV-2024-0005054,0,normal
TX-005913,2024-06-28 10:55:00,2865.92,Vendor_098,Finance,Operations,Card,Emp_005,INV-2024-0005068,0,normal
TX-005914,2024-06-28 11:00:00,2672.01,Vendor_006,Marketing,IT,ACH,Emp_054,INV-2024-0005064,0,normal
TX-005915,2024-06-28 11:08:00,3271.26,Vendor_081,Finance,Consulting,ACH,Emp_008,INV-2024-0005063,0,normal
TX-005916,2024-06-28 11:26:00,1693.19,Vendor_066,Legal,Consulting,ACH,Emp_080,INV-2024-0005052,0,normal
TX-005917,2024-06-28 11:26:00,2394.57,Vendor_048,Support,Consulting,Card,Emp_119,INV-2024-0005069,0,normal
TX-005918,2024-06-28 11:39:00,2170.37,Vendor_120,IT,IT,ACH,Emp_040,INV-2024-0005043,0,normal
TX-005919,2024-06-28 11:51:00,7268.67,Vendor_060,Finance,Travel,ACH,Emp_002,INV-2024-0005042,0,normal
TX-005920,2024-06-28 12:13:00,6511.65,Vendor_096,Sales,Operations,Wire,Emp_097,INV-2024-0005041,0,normal
TX-005921,2024-06-28 12:22:00,6018.67,Vendor_112,Sales,Travel,ACH,Emp_103,INV-2024-0005047,0,normal
TX-005922,2024-06-28 13:01:00,2145.1,Vendor_061,Sales,Travel,ACH,Emp_091,INV-2024-0005059,0,normal
TX-005923,2024-06-28 13:07:00,2448.28,Vendor_042,Legal,Travel,Check,Emp_084,INV-2024-0005071,0,normal
TX-005924,2024-06-28 13:07:00,2257.74,Vendor_039,IT,Payroll,Wire,Emp_032,INV-2024-0005049,0,normal
TX-005925,2024-06-28 13:13:00,423.12,Vendor_039,IT,Consulting,Wire,Emp_043,INV-2024-0005055,0,normal
TX-005926,2024-06-28 13:29:00,3344.96,Vendor_034,Sales,IT,ACH,Emp_103,INV-2024-0005050,0,normal
TX-005927,2024-06-28 13:47:00,12134.56,Vendor_054,Operations,Operations,Wire,Emp_061,INV-2024-0005577,1,high_amount
TX-005928,2024-06-28 13:52:00,6822.27,Vendor_114,Operations,Consulting,Check,Emp_063,INV-2024-0005070,0,normal
TX-005929,2024-06-28 14:00:00,1237.76,Vendor_063,Sales,Operations,ACH,Emp_098,INV-2024-0005057,0,normal
TX-005930,2024-06-28 14:14:00,858.45,Vendor_082,Marketing,Consulting,Check,Emp_047,INV-2024-0005067,0,normal
TX-005931,2024-06-28 15:06:00,2329.6,Vendor_005,Legal,IT,Wire,Emp_083,INV-2024-0005051,0,normal
TX-005932,2024-06-28 15:36:00,1004.04,Vendor_064,Operations,Travel,Card,Emp_063,INV-2024-0005056,0,normal
TX-005933,2024-06-28 15:39:00,2691.51,Vendor_008,Finance,Consulting,Card,Emp_001,INV-2024-0005044,0,normal
TX-005934,2024-06-28 16:39:00,1330.88,Vendor_078,Finance,Payroll,Check,Emp_013,INV-2024-0005045,0,normal
TX-005935,2024-06-28 16:55:00,1522.06,Vendor_016,Marketing,IT,ACH,Emp_050,INV-2024-0005062,0,normal
TX-005936,2024-06-28 18:09:00,18851.61,Vendor_069,Legal,Travel,Card,Emp_079,INV-2024-0005356,1,high_amount
TX-005937,2024-06-28 18:49:00,2267.73,Vendor_046,Legal,Travel,ACH,Emp_088,INV-2024-0005058,0,normal
TX-005938,2024-06-28 18:52:00,9880.0,Vendor_016,Marketing,IT,Check,Emp_050,INV-2024-0005651,1,split_payment
TX-005939,2024-06-29 04:01:00,2167.36,Vendor_061,Sales,Travel,Card,Emp_097,INV-2024-0005059,1,duplicate_invoice
TX-005940,2024-06-29 06:27:00,5568.0,Vendor_034,IT,Payroll,Check,Emp_031,INV-2024-0005450,1,vendor_department_shift
TX-005941,2024-06-29 06:39:00,5081.5,Vendor_014,HR,Consulting,Check,Emp_028,INV-2024-0005376,1,high_amount
TX-005942,2024-06-29 07:26:00,1266.9,Vendor_099,HR,Operations,Card,Emp_029,INV-2024-0005115,0,normal
TX-005943,2024-06-29 08:17:00,1326.53,Vendor_027,Sales,Operations,Check,Emp_101,INV-2024-0005080,0,normal
TX-005944,2024-06-29 08:26:00,4263.91,Vendor_071,Finance,Payroll,Check,Emp_014,INV-2024-0005087,0,normal
TX-005945,2024-06-29 09:05:00,1165.96,Vendor_050,Legal,Travel,Card,Emp_081,INV-2024-0005077,0,normal
TX-005946,2024-06-29 09:22:00,5550.0,Vendor_095,IT,Consulting,Card,Emp_038,INV-2024-0005074,0,normal
TX-005947,2024-06-29 10:47:00,1668.17,Vendor_048,Support,Consulting,Wire,Emp_116,INV-2024-0005073,0,normal
TX-005948,2024-06-29 11:04:00,3259.65,Vendor_092,Operations,Payroll,Wire,Emp_073,INV-2024-0005089,0,normal
TX-005949,2024-06-29 11:18:00,2224.45,Vendor_116,Sales,IT,Wire,Emp_105,INV-2024-0005072,0,normal
TX-005950,2024-06-29 11:26:00,1423.83,Vendor_080,Finance,Supplies,Wire,Emp_010,INV-2024-0005725,1,vendor_department_shift
TX-005951,2024-06-29 11:39:00,1449.78,Vendor_027,Sales,Operations,ACH,Emp_100,INV-2024-0005091,0,normal
TX-005952,2024-06-29 12:10:00,3163.56,Vendor_025,Marketing,Consulting,Check,Emp_050,INV-2024-0005084,0,normal
TX-005953,2024-06-29 12:14:00,2619.79,Vendor_077,Support,Payroll,Wire,Emp_110,INV-2024-0005088,0,normal
TX-005954,2024-06-29 12:20:00,2520.66,Vendor_030,Legal,IT,Card,Emp_087,INV-2024-0005085,0,normal
TX-005955,2024-06-29 13:36:00,4970.11,Vendor_022,IT,Payroll,Wire,Emp_040,INV-2024-0005090,0,normal
TX-005956,2024-06-29 13:53:00,2345.89,Vendor_081,Finance,Travel,Wire,Emp_009,INV-2024-0005132,0,normal
TX-005957,2024-06-29 14:28:00,2114.08,Vendor_039,IT,Consulting,ACH,Emp_034,INV-2024-0005081,0,normal
TX-005958,2024-06-29 14:36:00,1633.96,Vendor_024,Marketing,Consulting,Wire,Emp_060,INV-2024-0005083,0,normal
TX-005959,2024-06-29 14:55:00,944.37,Vendor_063,Sales,Supplies,Check,Emp_100,INV-2024-0005078,0,normal
TX-005960,2024-06-29 15:01:00,1928.85,Vendor_025,Marketing,Operations,Card,Emp_054,INV-2024-0005079,0,normal
TX-005961,2024-06-29 16:25:00,1150.0,Vendor_019,Sales,Travel,ACH,Emp_094,INV-2024-0005086,0,normal
TX-005962,2024-06-29 17:07:00,3735.38,Vendor_025,Marketing,Operations,Card,Emp_053,INV-2024-0005075,0,normal
TX-005963,2024-06-29 17:17:00,7538.33,Vendor_096,Sales,Operations,Card,Emp_096,INV-2024-0005076,0,normal
TX-005964,2024-06-29 17:46:00,2811.72,Vendor_054,Operations,IT,Wire,Emp_073,INV-2024-0005008,1,duplicate_invoice
TX-005965,2024-06-29 18:03:00,1223.18,Vendor_016,Finance,Supplies,ACH,Emp_010,INV-2024-0005082,0,normal
TX-005966,2024-06-30 08:35:00,1309.85,Vendor_019,Sales,Travel,Wire,Emp_104,INV-2024-0005099,0,normal
TX-005967,2024-06-30 09:53:00,6820.85,Vendor_079,Marketing,Payroll,Card,Emp_048,INV-2024-0005443,1,high_amount
TX-005968,2024-06-30 09:56:00,3720.6,Vendor_117,HR,Payroll,Wire,Emp_020,INV-2024-0005100,0,normal
TX-005969,2024-06-30 10:17:00,3227.32,Vendor_081,Finance,Travel,Card,Emp_003,INV-2024-0005107,0,normal
TX-005970,2024-06-30 10:20:00,5890.11,Vendor_086,Sales,IT,Check,Emp_104,INV-2024-0005095,0,normal
TX-005971,2024-06-30 10:41:00,7331.39,Vendor_096,Sales,Operations,Wire,Emp_097,INV-2024-0005096,0,normal
TX-005972,2024-06-30 10:54:00,3761.48,Vendor_112,Sales,Travel,ACH,Emp_101,INV-2024-0005108,0,normal
TX-005973,2024-06-30 11:15:00,2964.43,Vendor_098,Finance,IT,Check,Emp_007,INV-2024-0005093,0,normal
TX-005974,2024-06-30 11:20:00,1173.04,Vendor_026,Legal,Payroll,Wire,Emp_084,INV-2024-0005103,0,normal
TX-005975,2024-06-30 11:34:00,13064.47,Vendor_028,Marketing,IT,Wire,Emp_046,INV-2024-0005101,0,normal
TX-005976,2024-06-30 11:46:00,2964.23,Vendor_008,Finance,Supplies,Card,Emp_003,INV-2024-0005098,0,normal
TX-005977,2024-06-30 11:54:00,1393.2,Vendor_007,Finance,Consulting,Card,Emp_008,INV-2024-0005097,0,normal
TX-005978,2024-06-30 12:17:00,1340.92,Vendor_083,Operations,IT,ACH,Emp_067,INV-2024-0005105,0,normal
TX-005979,2024-06-30 13:26:00,1238.36,Vendor_099,HR,Operations,Card,Emp_016,INV-2024-0005106,0,normal
TX-005980,2024-06-30 13:46:00,3007.5,Vendor_081,Legal,Travel,Card,Emp_077,INV-2024-0005092,0,normal
TX-005981,2024-06-30 14:58:00,5326.56,Vendor_105,Operations,Consulting,Card,Emp_075,INV-2024-0005102,0,normal
TX-005982,2024-06-30 15:39:00,374.9,Vendor_032,HR,Travel,Card,Emp_026,INV-2024-0005104,0,normal
TX-005983,2024-06-30 15:49:00,1790.01,Vendor_054,Operations,IT,Wire,Emp_063,INV-2024-0005094,0,normal
TX-005984,2024-06-30 16:39:00,2204.75,Vendor_120,IT,IT,ACH,Emp_035,INV-2024-0005043,1,duplicate_invoice
TX-005985,2024-06-30 23:58:00,9389.4,Vendor_114,Sales,Operations,Check,Emp_091,INV-2024-0005537,1,vendor_department_shift
TX-005986,2024-06-30 23:58:00,17556.02,Vendor_081,Legal,Travel,ACH,Emp_077,INV-2024-0005716,1,high_amount
TX-005987,2024-06-30 23:58:00,8879.25,Vendor_116,Support,Consulting,Wire,Emp_107,INV-2024-0005611,1,high_amount
TX-005988,2024-06-30 23:58:00,5978.36,Vendor_064,Operations,Travel,Check,Emp_063,INV-2024-0005519,1,high_amount
TX-005989,2024-06-30 23:58:00,8168.97,Vendor_051,IT,Travel,Wire,Emp_036,INV-2024-0005745,1,vendor_department_shift
TX-005990,2024-06-30 23:58:00,13134.14,Vendor_059,Sales,Consulting,ACH,Emp_098,INV-2024-0005418,1,high_amount
TX-005991,2024-06-30 23:58:00,3655.88,Vendor_113,Support,Supplies,ACH,Emp_120,INV-2024-0005425,1,vendor_department_shift
TX-005992,2024-06-30 23:58:00,3858.77,Vendor_108,Finance,Consulting,Card,Emp_003,INV-2024-0005296,1,vendor_department_shift
TX-005993,2024-06-30 23:58:00,70125.46,Vendor_028,Marketing,Travel,ACH,Emp_052,INV-2024-0005790,1,high_amount
TX-005994,2024-06-30 23:58:00,6999.36,Vendor_099,HR,Operations,ACH,Emp_016,INV-2024-0005306,1,high_amount
TX-005995,2024-06-30 23:58:00,2353.14,Vendor_036,IT,Travel,ACH,Emp_033,INV-2024-0005658,1,vendor_department_shift
TX-005996,2024-06-30 23:58:00,7828.63,Vendor_026,Legal,Payroll,Card,Emp_084,INV-2024-0005726,1,high_amount
TX-005997,2024-06-30 23:58:00,12890.98,Vendor_096,Sales,IT,Check,Emp_097,INV-2024-0005570,1,payment_method_switch
TX-005998,2024-06-30 23:58:00,5485.41,Vendor_052,Operations,Supplies,Check,Emp_075,INV-2024-0005668,1,vendor_department_shift
TX-005999,2024-06-30 23:58:00,18223.84,Vendor_073,Legal,Consulting,ACH,Emp_087,INV-2024-0005392,1,high_amount
TX-006000,2024-06-30 23:58:00,5891.69,Vendor_086,Sales,IT,Wire,Emp_098,INV-2024-0005095,1,duplicate_invoice
