transaction_id,date,amount,vendor,department,account_type,payment_method,employee,invoice_id,fraud_label,fraud_type
TX-000001,2024-01-01 07:00:00,605.1,Vendor_013,Legal,IT,ACH,Emp_079,INV-2024-0000027,0,normal
TX-000002,2024-01-01 07:03:00,1000.0,Vendor_067,Finance,Consulting,ACH,Emp_006,INV-2024-0000037,0,normal
TX-000003,2024-01-01 08:07:00,1591.18,Vendor_110,Operations,Consulting,Card,Emp_075,INV-2024-0000022,0,normal
TX-000004,2024-01-01 09:00:00,441.88,Vendor_067,Sales,Supplies,Check,Emp_097,INV-2024-0000012,0,normal
TX-000005,2024-01-01 09:06:00,1040.58,Vendor_056,Sales,Consulting,Card,Emp_093,INV-2024-0000011,0,normal
TX-000006,2024-01-01 09:18:00,1977.82,Vendor_070,Sales,Consulting,ACH,Emp_091,INV-2024-0000035,0,normal
TX-000007,2024-01-01 10:02:00,2467.9,Vendor_063,IT,Payroll,Card,Emp_035,INV-2024-0000016,0,normal
TX-000008,2024-01-01 10:43:00,1179.28,Vendor_002,IT,Supplies,Wire,Emp_040,INV-2024-0000036,0,normal
TX-000009,2024-01-01 10:45:00,7442.92,Vendor_044,Sales,IT,ACH,Emp_101,INV-2024-0000018,0,normal
TX-000010,2024-01-01 10:52:00,6593.33,Vendor_034,Sales,Travel,Card,Emp_097,INV-2024-0000040,0,normal
TX-000011,2024-01-01 11:07:00,843.52,Vendor_019,Operations,Travel,Wire,Emp_069,INV-2024-0000003,0,normal
TX-000012,2024-01-01 11:09:00,876.24,Vendor_052,Operations,Consulting,Wire,Emp_063,INV-2024-0000028,0,normal
TX-000013,2024-01-01 11:11:00,1307.29,Vendor_099,Marketing,Consulting,Card,Emp_058,INV-2024-0000007,0,normal
TX-000014,2024-01-01 11:13:00,638.8,Vendor_106,Support,Travel,ACH,Emp_120,INV-2024-0000034,0,normal
TX-000015,2024-01-01 11:15:00,906.92,Vendor_065,Support,Operations,ACH,Emp_108,INV-2024-0000009,0,normal
TX-000016,2024-01-01 11:18:00,2521.34,Vendor_058,HR,Operations,Wire,Emp_028,INV-2024-0000030,0,normal
TX-000017,2024-01-01 11:23:00,2460.43,Vendor_051,Legal,Operations,Check,Emp_076,INV-2024-0000013,0,normal
TX-000018,2024-01-01 11:27:00,1761.68,Vendor_023,IT,Supplies,Check,Emp_032,INV-2024-0000017,0,normal
TX-000019,2024-01-01 11:33:00,3605.65,Vendor_046,Marketing,IT,Wire,Emp_060,INV-2024-0000014,0,normal
TX-000020,2024-01-01 11:39:00,2139.66,Vendor_091,IT,Travel,Wire,Emp_036,INV-2024-0000006,0,normal
TX-000021,2024-01-01 12:15:00,10929.14,Vendor_060,Marketing,Payroll,Card,Emp_060,INV-2024-0000024,0,normal
TX-000022,2024-01-01 12:22:00,1520.24,Vendor_074,Operations,Travel,Check,Emp_070,INV-2024-0000023,0,normal
TX-000023,2024-01-01 12:36:00,944.51,Vendor_011,Marketing,Consulting,Wire,Emp_047,INV-2024-0000010,0,normal
TX-000024,2024-01-01 12:42:00,7127.79,Vendor_034,Sales,Supplies,ACH,Emp_101,INV-2024-0000038,0,normal
TX-000025,2024-01-01 12:43:00,1325.52,Vendor_091,IT,Payroll,ACH,Emp_033,INV-2024-0000019,0,normal
TX-000026,2024-01-01 12:50:00,3776.52,Vendor_097,Marketing,Supplies,Wire,Emp_051,INV-2024-0000025,0,normal
TX-000027,2024-01-01 13:08:00,651.8,Vendor_013,IT,IT,Card,Emp_041,INV-2024-0000020,0,normal
TX-000028,2024-01-01 13:11:00,1709.11,Vendor_049,Legal,IT,Wire,Emp_081,INV-2024-0000026,0,normal
TX-000029,2024-01-01 13:13:00,2242.2,Vendor_005,Support,Operations,Check,Emp_119,INV-2024-0000042,0,normal
TX-000030,2024-01-01 13:18:00,4484.21,Vendor_015,Marketing,Operations,Wire,Emp_049,INV-2024-0000021,0,normal
TX-000031,2024-01-01 13:21:00,1002.24,Vendor_043,Operations,Payroll,Check,Emp_065,INV-2024-0000008,0,normal
TX-000032,2024-01-01 13:47:00,2119.72,Vendor_084,Marketing,Supplies,ACH,Emp_049,INV-2024-0000039,0,normal
TX-000033,2024-01-01 14:12:00,3524.24,Vendor_021,Marketing,Payroll,Card,Emp_053,INV-2024-0000005,0,normal
TX-000034,2024-01-01 14:37:00,2587.21,Vendor_055,Operations,IT,ACH,Emp_073,INV-2024-0000002,0,normal
TX-000035,2024-01-01 14:38:00,2461.96,Vendor_064,Finance,Supplies,Wire,Emp_001,INV-2024-0000001,0,normal
TX-000036,2024-01-01 14:56:00,2187.73,Vendor_005,Marketing,Operations,Wire,Emp_054,INV-2024-0000041,0,normal
TX-000037,2024-01-01 14:58:00,3794.28,Vendor_033,Operations,Operations,Card,Emp_071,INV-2024-0000032,0,normal
TX-000038,2024-01-01 15:57:00,923.95,Vendor_091,IT,Payroll,ACH,Emp_036,INV-2024-0000029,0,normal
TX-000039,2024-01-01 16:07:00,4102.82,Vendor_039,Marketing,Consulting,Check,Emp_057,INV-2024-0000004,0,normal
TX-000040,2024-01-01 16:18:00,11588.14,Vendor_015,Marketing,Operations,Card,Emp_049,INV-2024-0002321,1,low_history_high_amount
TX-000041,2024-01-01 16:26:00,5664.12,Vendor_031,Finance,Supplies,Wire,Emp_014,INV-2024-0000033,0,normal
TX-000042,2024-01-01 18:15:00,1042.51,Vendor_029,IT,Supplies,Wire,Emp_041,INV-2024-0000015,0,normal
TX-000043,2024-01-01 18:36:00,746.45,Vendor_011,Marketing,Consulting,Check,Emp_053,INV-2024-0000031,0,normal
TX-000044,2024-01-02 08:09:00,3903.7,Vendor_026,IT,Consulting,Check,Emp_042,INV-2024-0000051,0,normal
TX-000045,2024-01-02 08:34:00,3864.18,Vendor_083,Finance,Payroll,Check,Emp_010,INV-2024-0000048,0,normal
TX-000046,2024-01-02 08:36:00,3705.74,Vendor_039,Marketing,Consulting,Wire,Emp_053,INV-2024-0000053,0,normal
TX-000047,2024-01-02 09:27:00,594.47,Vendor_013,Legal,IT,ACH,Emp_085,INV-2024-0000046,0,normal
TX-000048,2024-01-02 09:29:00,5009.89,Vendor_024,IT,Supplies,Wire,Emp_034,INV-2024-0000073,0,normal
TX-000049,2024-01-02 09:29:00,1917.09,Vendor_008,HR,Supplies,Wire,Emp_019,INV-2024-0000069,0,normal
TX-000050,2024-01-02 09:34:00,3624.87,Vendor_059,Marketing,Operations,Check,Emp_047,INV-2024-0000049,0,normal
TX-000051,2024-01-02 10:07:00,3802.73,Vendor_057,Finance,IT,Card,Emp_002,INV-2024-0000075,0,normal
TX-000052,2024-01-02 10:36:00,768.3,Vendor_011,Marketing,Consulting,Check,Emp_058,INV-2024-0000031,1,duplicate_invoice
TX-000053,2024-01-02 11:04:00,4107.35,Vendor_007,Support,Operations,ACH,Emp_120,INV-2024-0000047,0,normal
TX-000054,2024-01-02 11:14:00,3602.89,Vendor_077,IT,IT,ACH,Emp_031,INV-2024-0000064,0,normal
TX-000055,2024-01-02 11:42:00,13022.03,Vendor_096,IT,Payroll,ACH,Emp_036,INV-2024-0000045,0,normal
TX-000056,2024-01-02 11:42:00,1159.93,Vendor_029,Support,Supplies,Card,Emp_115,INV-2024-0000055,0,normal
TX-000057,2024-01-02 12:14:00,763.51,Vendor_108,Legal,Payroll,Check,Emp_079,INV-2024-0000063,0,normal
TX-000058,2024-01-02 12:18:00,17484.5,Vendor_015,Marketing,Operations,Card,Emp_049,INV-2024-0002401,1,low_history_high_amount
TX-000059,2024-01-02 12:21:00,280.69,Vendor_093,IT,IT,Check,Emp_033,INV-2024-0000062,0,normal
TX-000060,2024-01-02 12:24:00,564.59,Vendor_027,Support,Supplies,Card,Emp_108,INV-2024-0000072,0,normal
TX-000061,2024-01-02 12:39:00,2800.12,Vendor_063,IT,Supplies,Card,Emp_040,INV-2024-0000059,0,normal
TX-000062,2024-01-02 12:39:00,2975.43,Vendor_025,Marketing,Supplies,Check,Emp_050,INV-2024-0000077,0,normal
TX-000063,2024-01-02 12:40:00,942.45,Vendor_022,Sales,Supplies,Check,Emp_104,INV-2024-0000056,0,normal
TX-000064,2024-01-02 12:48:00,890.86,Vendor_014,Sales,Travel,Check,Emp_095,INV-2024-0000052,0,normal
TX-000065,2024-01-02 12:50:00,731.19,Vendor_067,Sales,Consulting,Check,Emp_104,INV-2024-0000066,0,normal
TX-000066,2024-01-02 13:13:00,2841.02,Vendor_061,HR,Payroll,Check,Emp_024,INV-2024-0000076,0,normal
TX-000067,2024-01-02 13:29:00,3398.26,Vendor_021,Marketing,Consulting,ACH,Emp_052,INV-2024-0000054,0,normal
TX-000068,2024-01-02 13:33:00,817.51,Vendor_043,Operations,Operations,Wire,Emp_067,INV-2024-0000067,0,normal
TX-000069,2024-01-02 14:10:00,1350.62,Vendor_041,HR,Operations,Card,Emp_017,INV-2024-0000058,0,normal
TX-000070,2024-01-02 14:32:00,2491.78,Vendor_112,Operations,Operations,Check,Emp_072,INV-2024-0000050,0,normal
TX-000071,2024-01-02 14:34:00,727.36,Vendor_067,Sales,Supplies,Check,Emp_091,INV-2024-0000057,0,normal
TX-000072,2024-01-02 14:40:00,3733.05,Vendor_009,HR,Consulting,Check,Emp_025,INV-2024-0000043,0,normal
TX-000073,2024-01-02 14:45:00,3468.25,Vendor_061,Marketing,IT,Check,Emp_058,INV-2024-0000068,0,normal
TX-000074,2024-01-02 15:12:00,2445.24,Vendor_100,Support,IT,Check,Emp_119,INV-2024-0000065,0,normal
TX-000075,2024-01-02 15:18:00,3765.98,Vendor_079,Finance,Supplies,Wire,Emp_014,INV-2024-0000060,0,normal
TX-000076,2024-01-02 15:33:00,4373.92,Vendor_095,Marketing,Travel,ACH,Emp_056,INV-2024-0000074,0,normal
TX-000077,2024-01-02 16:53:00,1033.58,Vendor_035,Sales,Supplies,Wire,Emp_105,INV-2024-0000061,0,normal
TX-000078,2024-01-02 17:01:00,3141.57,Vendor_021,Marketing,Supplies,Wire,Emp_056,INV-2024-0000044,0,normal
TX-000079,2024-01-02 17:30:00,2273.97,Vendor_012,Legal,Supplies,Check,Emp_086,INV-2024-0000071,0,normal
TX-000080,2024-01-02 18:31:00,665.21,Vendor_022,Sales,Supplies,Check,Emp_098,INV-2024-0000070,0,normal
TX-000081,2024-01-02 19:43:00,5054.32,Vendor_002,IT,Supplies,Card,Emp_040,INV-2024-0002428,1,low_history_high_amount
TX-000082,2024-01-02 20:13:00,3140.22,Vendor_021,Marketing,Supplies,Wire,Emp_056,INV-2024-0002338,1,same_day_burst
TX-000083,2024-01-02 20:38:00,10473.71,Vendor_064,Finance,Supplies,ACH,Emp_001,INV-2024-0002388,1,low_history_high_amount
TX-000084,2024-01-03 09:13:00,1358.62,Vendor_037,Operations,Consulting,Wire,Emp_072,INV-2024-0000083,0,normal
TX-000085,2024-01-03 09:28:00,2232.08,Vendor_055,Finance,Travel,Wire,Emp_015,INV-2024-0000097,0,normal
TX-000086,2024-01-03 09:39:00,3534.73,Vendor_079,Finance,Supplies,Check,Emp_005,INV-2024-0000108,0,normal
TX-000087,2024-01-03 09:43:00,8058.86,Vendor_060,Marketing,Operations,ACH,Emp_046,INV-2024-0000095,0,normal
TX-000088,2024-01-03 09:57:00,1010.68,Vendor_116,Support,Supplies,ACH,Emp_120,INV-2024-0000090,0,normal
TX-000089,2024-01-03 10:04:00,3460.84,Vendor_009,HR,Consulting,Check,Emp_023,INV-2024-0000106,0,normal
TX-000090,2024-01-03 10:12:00,2472.73,Vendor_025,Marketing,Supplies,Card,Emp_046,INV-2024-0000103,0,normal
TX-000091,2024-01-03 10:18:00,1256.03,Vendor_032,Sales,IT,Wire,Emp_103,INV-2024-0000100,0,normal
TX-000092,2024-01-03 10:30:00,969.99,Vendor_004,Finance,Consulting,Card,Emp_005,INV-2024-0000104,0,normal
TX-000093,2024-01-03 10:38:00,1610.92,Vendor_037,Operations,Consulting,Wire,Emp_068,INV-2024-0000110,0,normal
TX-000094,2024-01-03 10:40:00,3908.34,Vendor_022,Sales,Supplies,Wire,Emp_104,INV-2024-0002357,1,low_history_high_amount
TX-000095,2024-01-03 12:01:00,2601.89,Vendor_112,Operations,Payroll,Wire,Emp_064,INV-2024-0000099,0,normal
TX-000096,2024-01-03 12:02:00,6661.7,Vendor_048,Finance,Supplies,Card,Emp_014,INV-2024-0000088,0,normal
TX-000097,2024-01-03 12:13:00,8093.61,Vendor_114,Marketing,Travel,Check,Emp_056,INV-2024-0000082,0,normal
TX-000098,2024-01-03 12:15:00,2981.59,Vendor_061,Marketing,Payroll,Card,Emp_052,INV-2024-0000102,0,normal
TX-000099,2024-01-03 12:21:00,5024.84,Vendor_015,Marketing,Consulting,Wire,Emp_059,INV-2024-0000092,0,normal
TX-000100,2024-01-03 12:25:00,3430.75,Vendor_117,Operations,Payroll,Wire,Emp_063,INV-2024-0000107,0,normal
TX-000101,2024-01-03 12:30:00,898.84,Vendor_056,Sales,Operations,ACH,Emp_104,INV-2024-0000101,0,normal
TX-000102,2024-01-03 12:37:00,3933.51,Vendor_030,Sales,Consulting,ACH,Emp_098,INV-2024-0000111,0,normal
TX-000103,2024-01-03 13:07:00,4186.05,Vendor_039,Marketing,Consulting,Check,Emp_052,INV-2024-0000004,1,duplicate_invoice
TX-000104,2024-01-03 13:07:00,3844.03,Vendor_063,IT,Payroll,Wire,Emp_041,INV-2024-0000084,0,normal
TX-000105,2024-01-03 13:10:00,1884.3,Vendor_110,Operations,Consulting,Check,Emp_071,INV-2024-0000112,0,normal
TX-000106,2024-01-03 13:22:00,3422.36,Vendor_120,Support,Payroll,Card,Emp_116,INV-2024-0000087,0,normal
TX-000107,2024-01-03 14:04:00,3407.6,Vendor_055,Operations,IT,Check,Emp_070,INV-2024-0000098,0,normal
TX-000108,2024-01-03 14:06:00,3334.14,Vendor_064,Support,Operations,Check,Emp_107,INV-2024-0000079,0,normal
TX-000109,2024-01-03 14:19:00,1695.64,Vendor_065,IT,Operations,Wire,Emp_031,INV-2024-0000078,0,normal
TX-000110,2024-01-03 14:41:00,9256.14,Vendor_096,IT,Travel,ACH,Emp_042,INV-2024-0000089,0,normal
TX-000111,2024-01-03 14:57:00,4620.6,Vendor_057,Finance,Operations,ACH,Emp_005,INV-2024-0000081,0,normal
TX-000112,2024-01-03 15:24:00,641.28,Vendor_108,Operations,Payroll,Check,Emp_065,INV-2024-0000105,0,normal
TX-000113,2024-01-03 15:39:00,2870.49,Vendor_063,IT,Supplies,ACH,Emp_035,INV-2024-0000059,1,duplicate_invoice
TX-000114,2024-01-03 15:46:00,5971.61,Vendor_057,Finance,IT,Card,Emp_006,INV-2024-0000093,0,normal
TX-000115,2024-01-03 15:57:00,4346.95,Vendor_044,Sales,IT,Check,Emp_094,INV-2024-0000094,0,normal
TX-000116,2024-01-03 16:02:00,843.78,Vendor_115,HR,Consulting,Card,Emp_030,INV-2024-0000086,0,normal
TX-000117,2024-01-03 16:02:00,1037.29,Vendor_032,Marketing,IT,Check,Emp_048,INV-2024-0000091,0,normal
TX-000118,2024-01-03 17:07:00,2491.37,Vendor_072,Sales,Operations,Wire,Emp_098,INV-2024-0000080,0,normal
TX-000119,2024-01-03 17:11:00,1904.25,Vendor_055,Finance,Travel,Wire,Emp_014,INV-2024-0000096,0,normal
TX-000120,2024-01-03 17:32:00,1198.96,Vendor_099,Marketing,IT,Card,Emp_055,INV-2024-0000109,0,normal
TX-000121,2024-01-03 17:41:00,3183.99,Vendor_030,Operations,Travel,ACH,Emp_067,INV-2024-0000085,0,normal
TX-000122,2024-01-03 18:19:00,2237.62,Vendor_055,Finance,Travel,Wire,Emp_014,INV-2024-0002329,1,same_day_burst
TX-000123,2024-01-03 18:37:00,2646.96,Vendor_030,Operations,Travel,ACH,Emp_067,INV-2024-0002256,1,same_day_burst
TX-000124,2024-01-04 07:18:00,3300.92,Vendor_032,Sales,IT,Card,Emp_103,INV-2024-0002370,1,low_history_high_amount
TX-000125,2024-01-04 07:23:00,736.18,Vendor_078,Finance,Consulting,Card,Emp_011,INV-2024-0000125,0,normal
TX-000126,2024-01-04 08:03:00,524.79,Vendor_071,Marketing,Travel,ACH,Emp_053,INV-2024-0000119,0,normal
TX-000127,2024-01-04 08:12:00,1177.48,Vendor_115,Finance,Payroll,Check,Emp_013,INV-2024-0000121,0,normal
TX-000128,2024-01-04 09:13:00,3431.79,Vendor_021,Marketing,Payroll,Wire,Emp_054,INV-2024-0000113,0,normal
TX-000129,2024-01-04 10:26:00,2175.24,Vendor_002,Legal,Operations,Check,Emp_078,INV-2024-0000122,0,normal
TX-000130,2024-01-04 10:40:00,10196.43,Vendor_118,Operations,Operations,Card,Emp_073,INV-2024-0000126,0,normal
TX-000131,2024-01-04 11:55:00,1585.26,Vendor_080,IT,Supplies,Wire,Emp_035,INV-2024-0000127,0,normal
TX-000132,2024-01-04 11:56:00,1773.06,Vendor_103,Support,Operations,ACH,Emp_110,INV-2024-0000124,0,normal
TX-000133,2024-01-04 12:17:00,538.49,Vendor_056,Sales,Consulting,Check,Emp_103,INV-2024-0000134,0,normal
TX-000134,2024-01-04 13:00:00,6053.78,Vendor_001,HR,Supplies,ACH,Emp_017,INV-2024-0000131,0,normal
TX-000135,2024-01-04 13:18:00,2113.2,Vendor_023,Marketing,IT,Check,Emp_052,INV-2024-0000139,0,normal
TX-000136,2024-01-04 13:45:00,1463.82,Vendor_064,Support,Operations,Wire,Emp_114,INV-2024-0000118,0,normal
TX-000137,2024-01-04 13:51:00,9452.52,Vendor_044,Sales,IT,Check,Emp_093,INV-2024-0000133,0,normal
TX-000138,2024-01-04 13:53:00,1247.79,Vendor_037,Operations,Consulting,Wire,Emp_065,INV-2024-0000129,0,normal
TX-000139,2024-01-04 13:55:00,1186.86,Vendor_065,Support,Operations,Card,Emp_120,INV-2024-0000115,0,normal
TX-000140,2024-01-04 13:58:00,1709.63,Vendor_086,Support,Consulting,Card,Emp_106,INV-2024-0000114,0,normal
TX-000141,2024-01-04 14:12:00,1132.23,Vendor_032,Sales,Supplies,Wire,Emp_104,INV-2024-0000116,0,normal
TX-000142,2024-01-04 14:23:00,3725.42,Vendor_057,Finance,Consulting,Wire,Emp_010,INV-2024-0000120,0,normal
TX-000143,2024-01-04 14:32:00,1614.94,Vendor_089,Finance,Supplies,Wire,Emp_009,INV-2024-0000132,0,normal
TX-000144,2024-01-04 14:33:00,4406.15,Vendor_039,HR,IT,ACH,Emp_019,INV-2024-0000130,0,normal
TX-000145,2024-01-04 15:13:00,532.54,Vendor_018,IT,Payroll,Card,Emp_035,INV-2024-0000117,0,normal
TX-000146,2024-01-04 15:18:00,2952.87,Vendor_024,IT,Supplies,Card,Emp_038,INV-2024-0000135,0,normal
TX-000147,2024-01-04 15:32:00,1403.35,Vendor_089,Finance,Travel,Wire,Emp_006,INV-2024-0000138,0,normal
TX-000148,2024-01-04 16:28:00,1558.66,Vendor_020,Sales,Consulting,Card,Emp_092,INV-2024-0000137,0,normal
TX-000149,2024-01-04 17:01:00,669.99,Vendor_119,Operations,Consulting,Wire,Emp_074,INV-2024-0000123,0,normal
TX-000150,2024-01-04 17:50:00,2391.54,Vendor_105,Support,Consulting,Check,Emp_115,INV-2024-0000128,0,normal
TX-000151,2024-01-04 18:11:00,823.85,Vendor_119,IT,Consulting,Wire,Emp_039,INV-2024-0000136,0,normal
TX-000152,2024-01-04 23:01:00,969.71,Vendor_119,IT,Consulting,Wire,Emp_039,INV-2024-0002307,1,same_day_burst
TX-000153,2024-01-04 23:26:00,1262.65,Vendor_089,Finance,Travel,Wire,Emp_006,INV-2024-0002315,1,same_day_burst
TX-000154,2024-01-05 07:03:00,2386.5,Vendor_036,Sales,Operations,Card,Emp_103,INV-2024-0000143,0,normal
TX-000155,2024-01-05 08:53:00,2679.9,Vendor_113,Finance,Consulting,ACH,Emp_011,INV-2024-0000142,0,normal
TX-000156,2024-01-05 09:24:00,4583.23,Vendor_112,Operations,Payroll,Wire,Emp_069,INV-2024-0000171,0,normal
TX-000157,2024-01-05 09:26:00,726.8,Vendor_087,Support,IT,Check,Emp_110,INV-2024-0000148,0,normal
TX-000158,2024-01-05 09:39:00,1331.7,Vendor_035,Support,Supplies,ACH,Emp_119,INV-2024-0000168,0,normal
TX-000159,2024-01-05 10:13:00,1189.96,Vendor_089,Finance,Travel,Wire,Emp_012,INV-2024-0000163,0,normal
TX-000160,2024-01-05 10:36:00,5577.81,Vendor_057,Finance,IT,Card,Emp_002,INV-2024-0000156,0,normal
TX-000161,2024-01-05 10:40:00,4763.29,Vendor_095,Support,Supplies,ACH,Emp_117,INV-2024-0000153,0,normal
TX-000162,2024-01-05 11:29:00,614.16,Vendor_071,HR,Travel,Card,Emp_030,INV-2024-0000144,0,normal
TX-000163,2024-01-05 11:33:00,3676.74,Vendor_003,Finance,IT,Check,Emp_006,INV-2024-0000140,0,normal
TX-000164,2024-01-05 11:34:00,5842.95,Vendor_048,Finance,Travel,Wire,Emp_013,INV-2024-0000157,0,normal
TX-000165,2024-01-05 11:35:00,3356.09,Vendor_055,Finance,Consulting,ACH,Emp_011,INV-2024-0000152,0,normal
TX-000166,2024-01-05 11:52:00,1063.12,Vendor_052,Operations,Consulting,ACH,Emp_065,INV-2024-0000160,0,normal
TX-000167,2024-01-05 12:02:00,2485.52,Vendor_090,Sales,Supplies,ACH,Emp_097,INV-2024-0000164,0,normal
TX-000168,2024-01-05 12:19:00,5150.0,Vendor_040,IT,Supplies,Card,Emp_041,INV-2024-0000166,0,normal
TX-000169,2024-01-05 12:29:00,2529.07,Vendor_064,Support,Supplies,Check,Emp_119,INV-2024-0000161,0,normal
TX-000170,2024-01-05 13:00:00,7049.58,Vendor_098,Legal,Travel,Card,Emp_084,INV-2024-0000147,0,normal
TX-000171,2024-01-05 13:01:00,798.18,Vendor_115,Finance,Payroll,Card,Emp_015,INV-2024-0000167,0,normal
TX-000172,2024-01-05 13:10:00,2226.54,Vendor_084,Operations,Supplies,ACH,Emp_063,INV-2024-0000169,0,normal
TX-000173,2024-01-05 13:23:00,6594.19,Vendor_046,HR,IT,Check,Emp_018,INV-2024-0000159,0,normal
TX-000174,2024-01-05 14:13:00,1122.52,Vendor_037,Operations,Consulting,Wire,Emp_067,INV-2024-0000165,0,normal
TX-000175,2024-01-05 14:15:00,1305.31,Vendor_010,Marketing,Consulting,Card,Emp_055,INV-2024-0000158,0,normal
TX-000176,2024-01-05 14:35:00,1037.71,Vendor_029,IT,Supplies,Card,Emp_034,INV-2024-0000162,0,normal
TX-000177,2024-01-05 14:38:00,2543.95,Vendor_112,Operations,Payroll,Check,Emp_072,INV-2024-0000149,0,normal
TX-000178,2024-01-05 14:47:00,3859.42,Vendor_016,IT,Operations,Card,Emp_044,INV-2024-0000154,0,normal
TX-000179,2024-01-05 15:30:00,9052.62,Vendor_102,Marketing,Consulting,Card,Emp_052,INV-2024-0000155,0,normal
TX-000180,2024-01-05 15:34:00,1405.66,Vendor_066,HR,IT,Wire,Emp_021,INV-2024-0000170,0,normal
TX-000181,2024-01-05 15:37:00,643.17,Vendor_004,Finance,Consulting,ACH,Emp_009,INV-2024-0000145,0,normal
TX-000182,2024-01-05 16:08:00,1102.69,Vendor_085,Sales,IT,ACH,Emp_102,INV-2024-0000141,0,normal
TX-000183,2024-01-05 16:09:00,1052.33,Vendor_087,HR,Supplies,Card,Emp_030,INV-2024-0000146,0,normal
TX-000184,2024-01-05 16:39:00,2390.0,Vendor_112,Operations,Payroll,ACH,Emp_072,INV-2024-0002262,1,split_payment
TX-000185,2024-01-05 16:55:00,1548.37,Vendor_065,IT,Operations,Wire,Emp_034,INV-2024-0000150,0,normal
TX-000186,2024-01-05 17:53:00,1073.3,Vendor_119,Operations,Consulting,Check,Emp_070,INV-2024-0000151,0,normal
TX-000187,2024-01-06 01:18:00,7286.24,Vendor_023,Marketing,IT,ACH,Emp_052,INV-2024-0002306,1,low_history_high_amount
TX-000188,2024-01-06 02:40:00,19274.28,Vendor_095,Support,Supplies,Check,Emp_117,INV-2024-0002278,1,low_history_high_amount
TX-000189,2024-01-06 08:54:00,3682.59,Vendor_016,IT,Travel,Wire,Emp_033,INV-2024-0000172,0,normal
TX-000190,2024-01-06 09:09:00,752.34,Vendor_052,Operations,Consulting,Card,Emp_072,INV-2024-0000173,0,normal
TX-000191,2024-01-06 09:59:00,9018.77,Vendor_017,Legal,Operations,Wire,Emp_090,INV-2024-0000184,0,normal
TX-000192,2024-01-06 10:22:00,2634.71,Vendor_059,Marketing,Payroll,Check,Emp_048,INV-2024-0000180,0,normal
TX-000193,2024-01-06 11:12:00,1853.17,Vendor_036,Sales,Travel,ACH,Emp_091,INV-2024-0000175,0,normal
TX-000194,2024-01-06 11:33:00,3269.23,Vendor_055,Finance,Payroll,ACH,Emp_004,INV-2024-0000185,0,normal
TX-000195,2024-01-06 12:54:00,4081.38,Vendor_063,IT,Payroll,Card,Emp_040,INV-2024-0000183,0,normal
TX-000196,2024-01-06 13:01:00,2250.38,Vendor_080,IT,Supplies,Card,Emp_040,INV-2024-0000177,0,normal
TX-000197,2024-01-06 13:40:00,1300.0,Vendor_033,Operations,Operations,Check,Emp_063,INV-2024-0000176,0,normal
TX-000198,2024-01-06 14:10:00,4115.95,Vendor_031,IT,Operations,ACH,Emp_037,INV-2024-0000178,0,normal
TX-000199,2024-01-06 14:49:00,626.99,Vendor_011,Marketing,Operations,Check,Emp_047,INV-2024-0000174,0,normal
TX-000200,2024-01-06 14:59:00,2305.97,Vendor_016,IT,Travel,Check,Emp_033,INV-2024-0000179,0,normal
TX-000201,2024-01-06 15:25:00,784.74,Vendor_078,HR,Travel,ACH,Emp_021,INV-2024-0000186,0,normal
TX-000202,2024-01-06 15:30:00,2630.16,Vendor_084,Support,Supplies,Wire,Emp_117,INV-2024-0000182,0,normal
TX-000203,2024-01-06 15:38:00,2517.08,Vendor_112,Operations,Payroll,Check,Emp_071,INV-2024-0000149,1,duplicate_invoice
TX-000204,2024-01-06 18:14:00,9644.21,Vendor_096,IT,Supplies,ACH,Emp_031,INV-2024-0000181,0,normal
TX-000205,2024-01-07 07:15:00,615.09,Vendor_056,Sales,Consulting,Check,Emp_101,INV-2024-0000192,0,normal
TX-000206,2024-01-07 07:19:00,768.0,Vendor_104,Marketing,Operations,ACH,Emp_058,INV-2024-0000187,0,normal
TX-000207,2024-01-07 09:59:00,464.41,Vendor_027,IT,Supplies,Wire,Emp_044,INV-2024-0000198,0,normal
TX-000208,2024-01-07 10:25:00,3061.13,Vendor_016,IT,Operations,Check,Emp_045,INV-2024-0000201,0,normal
TX-000209,2024-01-07 11:20:00,1979.98,Vendor_117,Operations,IT,Wire,Emp_071,INV-2024-0000199,0,normal
TX-000210,2024-01-07 11:58:00,3302.75,Vendor_088,Legal,Travel,Card,Emp_078,INV-2024-0000190,0,normal
TX-000211,2024-01-07 12:09:00,5277.79,Vendor_062,Sales,Travel,ACH,Emp_101,INV-2024-0000189,0,normal
TX-000212,2024-01-07 12:38:00,1062.17,Vendor_099,Marketing,IT,Card,Emp_058,INV-2024-0000194,0,normal
TX-000213,2024-01-07 12:54:00,3408.94,Vendor_058,HR,Payroll,Wire,Emp_016,INV-2024-0000195,0,normal
TX-000214,2024-01-07 13:31:00,2450.26,Vendor_006,Support,Operations,Check,Emp_111,INV-2024-0000188,0,normal
TX-000215,2024-01-07 15:29:00,3722.66,Vendor_003,Support,Payroll,Wire,Emp_113,INV-2024-0000191,0,normal
TX-000216,2024-01-07 17:05:00,9210.19,Vendor_096,IT,Payroll,ACH,Emp_043,INV-2024-0000196,0,normal
TX-000217,2024-01-07 17:07:00,3400.0,Vendor_064,Support,Operations,Check,Emp_108,INV-2024-0000197,0,normal
TX-000218,2024-01-07 17:09:00,754.77,Vendor_052,Operations,Consulting,Wire,Emp_071,INV-2024-0000173,1,duplicate_invoice
TX-000219,2024-01-07 17:11:00,2655.32,Vendor_006,Legal,Consulting,ACH,Emp_089,INV-2024-0000200,0,normal
TX-000220,2024-01-07 17:47:00,5974.21,Vendor_107,Support,Travel,Card,Emp_117,INV-2024-0000193,0,normal
TX-000221,2024-01-08 07:11:00,12491.81,Vendor_006,Legal,Consulting,Wire,Emp_089,INV-2024-0002423,1,low_history_high_amount
TX-000222,2024-01-08 08:15:00,8650.0,Vendor_096,IT,Payroll,Check,Emp_042,INV-2024-0000211,0,normal
TX-000223,2024-01-08 08:27:00,3220.54,Vendor_042,Marketing,Payroll,ACH,Emp_046,INV-2024-0000222,0,normal
TX-000224,2024-01-08 08:29:00,3026.16,Vendor_009,HR,Consulting,Check,Emp_018,INV-2024-0000209,0,normal
TX-000225,2024-01-08 08:51:00,821.34,Vendor_091,IT,Operations,ACH,Emp_034,INV-2024-0000219,0,normal
TX-000226,2024-01-08 10:02:00,3065.25,Vendor_113,Support,Consulting,ACH,Emp_107,INV-2024-0000210,0,normal
TX-000227,2024-01-08 10:33:00,1903.53,Vendor_063,IT,Supplies,Card,Emp_040,INV-2024-0000223,0,normal
TX-000228,2024-01-08 10:46:00,5492.76,Vendor_048,Finance,Travel,Wire,Emp_008,INV-2024-0000221,0,normal
TX-000229,2024-01-08 10:52:00,3627.5,Vendor_039,Operations,IT,ACH,Emp_063,INV-2024-0000227,0,normal
TX-000230,2024-01-08 11:07:00,1012.49,Vendor_099,Finance,IT,Card,Emp_006,INV-2024-0000214,0,normal
TX-000231,2024-01-08 11:20:00,2608.0,Vendor_028,HR,Payroll,Card,Emp_029,INV-2024-0000213,0,normal
TX-000232,2024-01-08 11:29:00,662.12,Vendor_104,Marketing,Operations,ACH,Emp_058,INV-2024-0000205,0,normal
TX-000233,2024-01-08 11:45:00,2133.63,Vendor_110,Operations,Consulting,ACH,Emp_062,INV-2024-0000206,0,normal
TX-000234,2024-01-08 12:01:00,2483.2,Vendor_047,Sales,Payroll,Check,Emp_091,INV-2024-0000220,0,normal
TX-000235,2024-01-08 12:14:00,9199.87,Vendor_083,Finance,Payroll,Wire,Emp_005,INV-2024-0000212,0,normal
TX-000236,2024-01-08 12:31:00,4135.1,Vendor_112,Legal,Travel,Wire,Emp_081,INV-2024-0000218,0,normal
TX-000237,2024-01-08 12:59:00,2628.2,Vendor_059,Marketing,Payroll,Check,Emp_057,INV-2024-0000216,0,normal
TX-000238,2024-01-08 13:13:00,2475.08,Vendor_055,Finance,Payroll,ACH,Emp_008,INV-2024-0000217,0,normal
TX-000239,2024-01-08 14:06:00,732.41,Vendor_115,HR,Supplies,Check,Emp_029,INV-2024-0000208,0,normal
TX-000240,2024-01-08 14:11:00,2791.28,Vendor_100,Support,IT,Check,Emp_116,INV-2024-0000207,0,normal
TX-000241,2024-01-08 14:20:00,1391.74,Vendor_073,Marketing,Payroll,ACH,Emp_057,INV-2024-0000203,0,normal
TX-000242,2024-01-08 14:34:00,4342.22,Vendor_025,Marketing,Payroll,Card,Emp_052,INV-2024-0000229,0,normal
TX-000243,2024-01-08 14:41:00,1962.28,Vendor_069,Operations,Supplies,Card,Emp_075,INV-2024-0000204,0,normal
TX-000244,2024-01-08 14:50:00,2532.72,Vendor_072,IT,Operations,Check,Emp_037,INV-2024-0000202,0,normal
TX-000245,2024-01-08 14:54:00,11680.03,Vendor_058,HR,Payroll,ACH,Emp_016,INV-2024-0002284,1,low_history_high_amount
TX-000246,2024-01-08 15:11:00,3376.7,Vendor_033,Operations,Operations,Wire,Emp_062,INV-2024-0000225,0,normal
TX-000247,2024-01-08 15:22:00,1598.74,Vendor_023,IT,Operations,Check,Emp_037,INV-2024-0000215,0,normal
TX-000248,2024-01-08 17:11:00,1137.4,Vendor_056,Sales,Operations,Card,Emp_099,INV-2024-0000228,0,normal
TX-000249,2024-01-08 17:32:00,3544.4,Vendor_100,Support,IT,Wire,Emp_119,INV-2024-0000224,0,normal
TX-000250,2024-01-08 18:43:00,6749.79,Vendor_112,Operations,Travel,Card,Emp_070,INV-2024-0000226,0,normal
TX-000251,2024-01-09 07:13:00,1048.16,Vendor_099,Marketing,IT,Check,Emp_060,INV-2024-0000241,0,normal
TX-000252,2024-01-09 08:09:00,5835.17,Vendor_098,Legal,Travel,Check,Emp_077,INV-2024-0000253,0,normal
TX-000253,2024-01-09 08:11:00,13242.41,Vendor_100,Support,IT,ACH,Emp_116,INV-2024-0002266,1,low_history_high_amount
TX-000254,2024-01-09 08:23:00,1068.77,Vendor_043,Operations,Operations,Wire,Emp_062,INV-2024-0000243,0,normal
TX-000255,2024-01-09 08:25:00,3804.13,Vendor_100,IT,IT,Check,Emp_039,INV-2024-0000234,0,normal
TX-000256,2024-01-09 08:53:00,669.85,Vendor_067,Sales,Consulting,Check,Emp_105,INV-2024-0000257,0,normal
TX-000257,2024-01-09 09:07:00,1302.49,Vendor_019,Operations,Travel,Wire,Emp_066,INV-2024-0000230,0,normal
TX-000258,2024-01-09 09:18:00,5071.36,Vendor_112,Operations,Travel,Check,Emp_068,INV-2024-0000232,0,normal
TX-000259,2024-01-09 10:08:00,6099.99,Vendor_060,Marketing,Operations,ACH,Emp_050,INV-2024-0000240,0,normal
TX-000260,2024-01-09 10:22:00,2733.12,Vendor_089,Finance,Payroll,Check,Emp_012,INV-2024-0002259,1,payment_method_switch
TX-000261,2024-01-09 10:32:00,6736.84,Vendor_063,IT,Consulting,ACH,Emp_040,INV-2024-0002309,1,payment_method_switch
TX-000262,2024-01-09 10:41:00,3076.31,Vendor_080,IT,IT,ACH,Emp_036,INV-2024-0000237,0,normal
TX-000263,2024-01-09 10:59:00,2128.42,Vendor_050,Operations,Consulting,Card,Emp_062,INV-2024-0000244,0,normal
TX-000264,2024-01-09 11:11:00,5732.69,Vendor_046,Legal,Travel,Card,Emp_089,INV-2024-0000242,0,normal
TX-000265,2024-01-09 11:17:00,797.82,Vendor_043,Sales,Payroll,Wire,Emp_104,INV-2024-0000248,0,normal
TX-000266,2024-01-09 11:30:00,4290.12,Vendor_109,HR,Supplies,ACH,Emp_026,INV-2024-0000236,0,normal
TX-000267,2024-01-09 11:53:00,679.62,Vendor_067,Sales,Consulting,Wire,Emp_095,INV-2024-0000257,1,duplicate_invoice
TX-000268,2024-01-09 12:23:00,1334.25,Vendor_099,Marketing,IT,Wire,Emp_052,INV-2024-0000259,0,normal
TX-000269,2024-01-09 12:33:00,2260.06,Vendor_120,Support,Payroll,Check,Emp_106,INV-2024-0000239,0,normal
TX-000270,2024-01-09 12:50:00,4560.39,Vendor_016,IT,Travel,Card,Emp_039,INV-2024-0000245,0,normal
TX-000271,2024-01-09 12:54:00,5220.02,Vendor_042,Sales,Supplies,ACH,Emp_091,INV-2024-0000235,0,normal
TX-000272,2024-01-09 12:56:00,1020.04,Vendor_052,Operations,Supplies,Card,Emp_066,INV-2024-0000255,0,normal
TX-000273,2024-01-09 13:03:00,3097.61,Vendor_003,Support,IT,Card,Emp_108,INV-2024-0000231,0,normal
TX-000274,2024-01-09 13:12:00,4460.97,Vendor_109,HR,IT,ACH,Emp_016,INV-2024-0000251,0,normal
TX-000275,2024-01-09 13:17:00,1456.68,Vendor_020,Sales,Consulting,Card,Emp_098,INV-2024-0000247,0,normal
TX-000276,2024-01-09 13:23:00,3427.34,Vendor_088,Finance,Travel,Check,Emp_009,INV-2024-0000252,0,normal
TX-000277,2024-01-09 13:39:00,3736.03,Vendor_015,Marketing,Consulting,Check,Emp_057,INV-2024-0000249,0,normal
TX-000278,2024-01-09 13:49:00,1956.56,Vendor_110,Operations,Payroll,Card,Emp_072,INV-2024-0000233,0,normal
TX-000279,2024-01-09 14:46:00,5852.15,Vendor_112,Operations,Operations,Wire,Emp_074,INV-2024-0000250,0,normal
TX-000280,2024-01-09 14:53:00,598.1,Vendor_108,Legal,Payroll,Wire,Emp_088,INV-2024-0000256,0,normal
TX-000281,2024-01-09 15:15:00,1172.48,Vendor_039,Marketing,Consulting,ACH,Emp_048,INV-2024-0000254,0,normal
TX-000282,2024-01-09 15:37:00,1362.9,Vendor_099,Marketing,IT,Wire,Emp_052,INV-2024-0002352,1,same_day_burst
TX-000283,2024-01-09 16:53:00,4686.75,Vendor_098,Legal,Travel,Check,Emp_087,INV-2024-0000258,0,normal
TX-000284,2024-01-09 17:13:00,11613.49,Vendor_092,Legal,Consulting,ACH,Emp_082,INV-2024-0000238,0,normal
TX-000285,2024-01-09 18:29:00,5743.73,Vendor_079,Finance,Supplies,Wire,Emp_014,INV-2024-0000246,0,normal
TX-000286,2024-01-09 20:01:00,6537.47,Vendor_047,Sales,Payroll,ACH,Emp_091,INV-2024-0002282,1,low_history_high_amount
TX-000287,2024-01-10 08:18:00,1811.85,Vendor_091,IT,Travel,Check,Emp_034,INV-2024-0000282,0,normal
TX-000288,2024-01-10 08:18:00,10542.13,Vendor_044,Sales,IT,Check,Emp_097,INV-2024-0000281,0,normal
TX-000289,2024-01-10 08:27:00,1756.53,Vendor_116,Support,IT,Check,Emp_118,INV-2024-0000273,0,normal
TX-000290,2024-01-10 08:34:00,2037.71,Vendor_006,Legal,Consulting,Check,Emp_090,INV-2024-0000275,0,normal
TX-000291,2024-01-10 08:46:00,3591.9,Vendor_109,HR,Supplies,ACH,Emp_021,INV-2024-0000265,0,normal
TX-000292,2024-01-10 08:49:00,7865.37,Vendor_094,HR,Consulting,Wire,Emp_019,INV-2024-0000274,0,normal
TX-000293,2024-01-10 08:51:00,2028.63,Vendor_038,HR,Supplies,Card,Emp_021,INV-2024-0000269,0,normal
TX-000294,2024-01-10 09:03:00,2089.94,Vendor_051,Finance,Operations,ACH,Emp_003,INV-2024-0000283,0,normal
TX-000295,2024-01-10 09:03:00,11281.14,Vendor_060,Marketing,Payroll,ACH,Emp_057,INV-2024-0000267,0,normal
TX-000296,2024-01-10 09:05:00,10373.39,Vendor_083,Finance,Payroll,ACH,Emp_015,INV-2024-0000279,0,normal
TX-000297,2024-01-10 09:16:00,2603.42,Vendor_113,Support,Payroll,ACH,Emp_118,INV-2024-0000294,0,normal
TX-000298,2024-01-10 09:53:00,2061.33,Vendor_103,Support,Consulting,ACH,Emp_109,INV-2024-0000286,0,normal
TX-000299,2024-01-10 10:15:00,3651.44,Vendor_112,Operations,Travel,Wire,Emp_064,INV-2024-0000293,0,normal
TX-000300,2024-01-10 10:43:00,841.91,Vendor_119,Operations,Consulting,Check,Emp_064,INV-2024-0000261,0,normal
TX-000301,2024-01-10 11:21:00,1121.6,Vendor_058,HR,Payroll,Wire,Emp_020,INV-2024-0000270,0,normal
TX-000302,2024-01-10 11:41:00,9622.4,Vendor_118,Operations,IT,ACH,Emp_065,INV-2024-0000291,0,normal
TX-000303,2024-01-10 12:15:00,1083.19,Vendor_018,IT,Payroll,Card,Emp_031,INV-2024-0000280,0,normal
TX-000304,2024-01-10 12:19:00,557.81,Vendor_052,Operations,Consulting,Check,Emp_068,INV-2024-0000299,0,normal
TX-000305,2024-01-10 12:32:00,1136.27,Vendor_087,Support,Consulting,Wire,Emp_115,INV-2024-0000296,0,normal
TX-000306,2024-01-10 12:40:00,1511.12,Vendor_068,Operations,Operations,ACH,Emp_064,INV-2024-0000289,0,normal
TX-000307,2024-01-10 12:51:00,867.11,Vendor_035,HR,Supplies,Card,Emp_027,INV-2024-0000271,0,normal
TX-000308,2024-01-10 12:52:00,8175.79,Vendor_083,Finance,Payroll,ACH,Emp_013,INV-2024-0000292,0,normal
TX-000309,2024-01-10 12:56:00,3911.6,Vendor_039,Marketing,Consulting,ACH,Emp_053,INV-2024-0000295,0,normal
TX-000310,2024-01-10 13:02:00,3185.48,Vendor_016,IT,Travel,Check,Emp_039,INV-2024-0000260,0,normal
TX-000311,2024-01-10 13:14:00,6739.76,Vendor_042,Marketing,Payroll,ACH,Emp_050,INV-2024-0000276,0,normal
TX-000312,2024-01-10 13:15:00,1137.15,Vendor_119,IT,Consulting,Wire,Emp_031,INV-2024-0000297,0,normal
TX-000313,2024-01-10 13:27:00,5694.97,Vendor_057,Finance,IT,ACH,Emp_002,INV-2024-0000284,0,normal
TX-000314,2024-01-10 13:29:00,5300.0,Vendor_058,HR,Payroll,Wire,Emp_029,INV-2024-0000262,0,normal
TX-000315,2024-01-10 14:11:00,1655.35,Vendor_019,Operations,Travel,Check,Emp_065,INV-2024-0000287,0,normal
TX-000316,2024-01-10 14:19:00,3409.6,Vendor_021,Marketing,Payroll,Card,Emp_060,INV-2024-0000288,0,normal
TX-000317,2024-01-10 14:27:00,1982.09,Vendor_047,Operations,Consulting,Wire,Emp_064,INV-2024-0000264,0,normal
TX-000318,2024-01-10 14:41:00,2662.85,Vendor_009,HR,Consulting,Card,Emp_018,INV-2024-0000277,0,normal
TX-000319,2024-01-10 15:33:00,589.43,Vendor_010,Marketing,IT,Card,Emp_050,INV-2024-0000285,0,normal
TX-000320,2024-01-10 15:37:00,677.81,Vendor_115,HR,Consulting,Check,Emp_027,INV-2024-0000278,0,normal
TX-000321,2024-01-10 15:38:00,832.83,Vendor_011,Marketing,Operations,Check,Emp_057,INV-2024-0000266,0,normal
TX-000322,2024-01-10 15:49:00,1447.21,Vendor_089,Finance,Supplies,Wire,Emp_001,INV-2024-0000290,0,normal
TX-000323,2024-01-10 16:12:00,1672.42,Vendor_085,Sales,Operations,ACH,Emp_098,INV-2024-0000263,0,normal
TX-000324,2024-01-10 16:35:00,9750.39,Vendor_102,Marketing,IT,Wire,Emp_060,INV-2024-0000268,0,normal
TX-000325,2024-01-10 16:37:00,2353.43,Vendor_117,Support,Supplies,Card,Emp_111,INV-2024-0000272,0,normal
TX-000326,2024-01-10 17:41:00,1998.85,Vendor_103,Support,Travel,ACH,Emp_119,INV-2024-0000298,0,normal
TX-000327,2024-01-11 07:41:00,9557.74,Vendor_118,Operations,IT,Wire,Emp_062,INV-2024-0000291,1,duplicate_invoice
TX-000328,2024-01-11 07:45:00,5664.09,Vendor_109,HR,Supplies,ACH,Emp_024,INV-2024-0000304,0,normal
TX-000329,2024-01-11 07:55:00,905.64,Vendor_056,Sales,Operations,Card,Emp_105,INV-2024-0000314,0,normal
TX-000330,2024-01-11 08:02:00,1783.41,Vendor_036,Operations,Travel,Wire,Emp_064,INV-2024-0000316,0,normal
TX-000331,2024-01-11 08:38:00,1173.81,Vendor_035,Sales,Supplies,Card,Emp_094,INV-2024-0000305,0,normal
TX-000332,2024-01-11 08:39:00,4431.52,Vendor_079,Finance,Operations,Wire,Emp_004,INV-2024-0000322,0,normal
TX-000333,2024-01-11 08:40:00,1519.04,Vendor_068,Operations,Operations,ACH,Emp_073,INV-2024-0000289,1,duplicate_invoice
TX-000334,2024-01-11 08:49:00,2857.87,Vendor_117,Operations,IT,ACH,Emp_070,INV-2024-0000317,0,normal
TX-000335,2024-01-11 09:40:00,6231.27,Vendor_068,Operations,Operations,Check,Emp_064,INV-2024-0002253,1,low_history_high_amount
TX-000336,2024-01-11 09:48:00,2215.77,Vendor_023,IT,IT,Check,Emp_031,INV-2024-0000307,0,normal
TX-000337,2024-01-11 10:14:00,4670.66,Vendor_015,IT,Operations,Check,Emp_038,INV-2024-0000341,0,normal
TX-000338,2024-01-11 10:25:00,745.87,Vendor_052,Operations,Supplies,Check,Emp_068,INV-2024-0000325,0,normal
TX-000339,2024-01-11 10:31:00,466.4,Vendor_115,HR,Payroll,Check,Emp_024,INV-2024-0000330,0,normal
TX-000340,2024-01-11 10:33:00,4309.08,Vendor_107,Support,Travel,Wire,Emp_114,INV-2024-0000324,0,normal
TX-000341,2024-01-11 10:45:00,4531.91,Vendor_100,Support,IT,ACH,Emp_117,INV-2024-0000319,0,normal
TX-000342,2024-01-11 10:46:00,6941.26,Vendor_048,Finance,Travel,Wire,Emp_002,INV-2024-0000331,0,normal
TX-000343,2024-01-11 11:06:00,3191.29,Vendor_007,Support,Operations,Card,Emp_111,INV-2024-0000320,0,normal
TX-000344,2024-01-11 11:21:00,661.12,Vendor_067,Sales,Consulting,Wire,Emp_094,INV-2024-0000308,0,normal
TX-000345,2024-01-11 11:26:00,3416.49,Vendor_120,Support,Payroll,ACH,Emp_108,INV-2024-0000303,0,normal
TX-000346,2024-01-11 11:53:00,5951.46,Vendor_094,HR,Consulting,Wire,Emp_026,INV-2024-0000312,0,normal
TX-000347,2024-01-11 12:14:00,657.98,Vendor_011,Marketing,Operations,Wire,Emp_048,INV-2024-0000301,0,normal
TX-000348,2024-01-11 12:17:00,4062.37,Vendor_040,Legal,Travel,Wire,Emp_087,INV-2024-0000310,0,normal
TX-000349,2024-01-11 12:43:00,2391.24,Vendor_012,Legal,Supplies,ACH,Emp_076,INV-2024-0000302,0,normal
TX-000350,2024-01-11 13:06:00,6437.78,Vendor_031,Finance,Supplies,ACH,Emp_003,INV-2024-0000345,0,normal
TX-000351,2024-01-11 13:16:00,3748.35,Vendor_015,Marketing,Payroll,Wire,Emp_046,INV-2024-0000335,0,normal
TX-000352,2024-01-11 13:17:00,2840.46,Vendor_084,Marketing,Supplies,ACH,Emp_059,INV-2024-0000337,0,normal
TX-000353,2024-01-11 13:18:00,3025.89,Vendor_063,IT,Payroll,Wire,Emp_031,INV-2024-0000348,0,normal
TX-000354,2024-01-11 13:27:00,13531.63,Vendor_118,Operations,Consulting,ACH,Emp_062,INV-2024-0000340,0,normal
TX-000355,2024-01-11 13:28:00,4140.84,Vendor_009,Sales,Travel,Check,Emp_104,INV-2024-0002355,1,vendor_department_shift
TX-000356,2024-01-11 13:42:00,3018.82,Vendor_086,Sales,Travel,ACH,Emp_094,INV-2024-0000326,0,normal
TX-000357,2024-01-11 13:59:00,1986.14,Vendor_103,Support,Travel,ACH,Emp_115,INV-2024-0000344,0,normal
TX-000358,2024-01-11 14:05:00,3308.14,Vendor_030,Sales,Operations,Wire,Emp_105,INV-2024-0000332,0,normal
TX-000359,2024-01-11 14:05:00,3655.76,Vendor_107,Finance,Payroll,Wire,Emp_014,INV-2024-0000342,0,normal
TX-000360,2024-01-11 14:06:00,1239.89,Vendor_056,Sales,Consulting,Check,Emp_105,INV-2024-0000321,0,normal
TX-000361,2024-01-11 14:11:00,1340.48,Vendor_076,Legal,Payroll,ACH,Emp_087,INV-2024-0000328,0,normal
TX-000362,2024-01-11 14:16:00,1461.07,Vendor_056,Marketing,Operations,Wire,Emp_049,INV-2024-0000323,0,normal
TX-000363,2024-01-11 14:29:00,3687.84,Vendor_081,Support,Travel,Card,Emp_118,INV-2024-0000318,0,normal
TX-000364,2024-01-11 14:31:00,595.59,Vendor_087,Support,Supplies,ACH,Emp_112,INV-2024-0000334,0,normal
TX-000365,2024-01-11 14:33:00,2064.29,Vendor_017,HR,Payroll,ACH,Emp_029,INV-2024-0000339,0,normal
TX-000366,2024-01-11 14:37:00,5700.08,Vendor_058,HR,Payroll,Card,Emp_016,INV-2024-0000338,0,normal
TX-000367,2024-01-11 14:44:00,5136.53,Vendor_057,Finance,IT,Wire,Emp_001,INV-2024-0000346,0,normal
TX-000368,2024-01-11 14:46:00,1021.44,Vendor_091,Marketing,Payroll,ACH,Emp_059,INV-2024-0000327,0,normal
TX-000369,2024-01-11 14:49:00,1683.06,Vendor_045,IT,Consulting,Card,Emp_041,INV-2024-0000300,0,normal
TX-000370,2024-01-11 15:00:00,8507.87,Vendor_044,Sales,Supplies,Wire,Emp_105,INV-2024-0000336,0,normal
TX-000371,2024-01-11 15:55:00,5160.57,Vendor_062,Sales,Supplies,Wire,Emp_101,INV-2024-0000343,0,normal
TX-000372,2024-01-11 16:15:00,4609.15,Vendor_079,Finance,Operations,Check,Emp_005,INV-2024-0000306,0,normal
TX-000373,2024-01-11 16:28:00,1151.64,Vendor_010,Marketing,IT,Wire,Emp_056,INV-2024-0000347,0,normal
TX-000374,2024-01-11 16:46:00,1092.22,Vendor_056,Sales,Operations,Card,Emp_103,INV-2024-0000315,0,normal
TX-000375,2024-01-11 16:55:00,2760.87,Vendor_036,Sales,Travel,Card,Emp_103,INV-2024-0000309,0,normal
TX-000376,2024-01-11 17:07:00,1397.15,Vendor_002,Support,Supplies,Card,Emp_107,INV-2024-0000311,0,normal
TX-000377,2024-01-11 17:30:00,4860.0,Vendor_044,Sales,Supplies,Card,Emp_105,INV-2024-0002271,1,split_payment
TX-000378,2024-01-11 17:34:00,1105.41,Vendor_069,Finance,Operations,Card,Emp_004,INV-2024-0000333,0,normal
TX-000379,2024-01-11 17:48:00,4316.08,Vendor_057,Finance,IT,Card,Emp_001,INV-2024-0000329,0,normal
TX-000380,2024-01-11 18:10:00,4406.42,Vendor_100,Support,Operations,Wire,Emp_119,INV-2024-0000313,0,normal
TX-000381,2024-01-11 21:36:00,5458.63,Vendor_079,Finance,Operations,Check,Emp_005,INV-2024-0002354,1,same_day_burst
TX-000382,2024-01-12 07:13:00,2428.33,Vendor_100,Support,Operations,Check,Emp_115,INV-2024-0000380,0,normal
TX-000383,2024-01-12 07:45:00,1812.45,Vendor_069,Finance,Operations,Wire,Emp_011,INV-2024-0000370,0,normal
TX-000384,2024-01-12 08:56:00,1570.84,Vendor_049,Legal,IT,ACH,Emp_085,INV-2024-0000361,0,normal
TX-000385,2024-01-12 09:41:00,2800.32,Vendor_088,Finance,Travel,Check,Emp_007,INV-2024-0000378,0,normal
TX-000386,2024-01-12 10:06:00,3856.61,Vendor_044,Sales,Supplies,Check,Emp_099,INV-2024-0000375,0,normal
TX-000387,2024-01-12 10:44:00,1758.92,Vendor_047,Operations,Payroll,Card,Emp_061,INV-2024-0000358,0,normal
TX-000388,2024-01-12 11:14:00,2117.03,Vendor_064,Support,Operations,Card,Emp_110,INV-2024-0000356,0,normal
TX-000389,2024-01-12 11:15:00,2260.48,Vendor_055,Marketing,Payroll,ACH,Emp_057,INV-2024-0000364,0,normal
TX-000390,2024-01-12 11:33:00,763.71,Vendor_115,HR,Consulting,Card,Emp_017,INV-2024-0000351,0,normal
TX-000391,2024-01-12 11:47:00,5808.29,Vendor_109,HR,Supplies,ACH,Emp_024,INV-2024-0000369,0,normal
TX-000392,2024-01-12 11:52:00,2079.07,Vendor_070,Finance,Consulting,Wire,Emp_007,INV-2024-0000354,0,normal
TX-000393,2024-01-12 12:42:00,2959.8,Vendor_025,Marketing,Supplies,Card,Emp_046,INV-2024-0000367,0,normal
TX-000394,2024-01-12 12:49:00,3671.58,Vendor_025,Marketing,Supplies,Card,Emp_058,INV-2024-0000362,0,normal
TX-000395,2024-01-12 13:15:00,3441.43,Vendor_058,HR,Payroll,Wire,Emp_016,INV-2024-0000365,0,normal
TX-000396,2024-01-12 13:30:00,4265.84,Vendor_079,Finance,Consulting,Card,Emp_007,INV-2024-0000371,0,normal
TX-000397,2024-01-12 13:34:00,1162.08,Vendor_045,IT,Operations,Check,Emp_036,INV-2024-0000360,0,normal
TX-000398,2024-01-12 13:36:00,5774.98,Vendor_040,IT,Supplies,Card,Emp_035,INV-2024-0000359,0,normal
TX-000399,2024-01-12 13:41:00,2886.52,Vendor_080,Finance,Supplies,ACH,Emp_015,INV-2024-0000350,0,normal
TX-000400,2024-01-12 13:47:00,2717.25,Vendor_117,Operations,Supplies,Card,Emp_070,INV-2024-0000381,0,normal
TX-000401,2024-01-12 14:13:00,3190.43,Vendor_051,Legal,Operations,Check,Emp_089,INV-2024-0000352,0,normal
TX-000402,2024-01-12 14:25:00,905.14,Vendor_108,Legal,Payroll,Check,Emp_089,INV-2024-0000363,0,normal
TX-000403,2024-01-12 14:29:00,11389.09,Vendor_081,Support,Travel,ACH,Emp_118,INV-2024-0002383,1,low_history_high_amount
TX-000404,2024-01-12 14:49:00,2908.87,Vendor_117,Operations,IT,Wire,Emp_063,INV-2024-0400317,1,fuzzy_duplicate
TX-000405,2024-01-12 14:49:00,1017.64,Vendor_086,Sales,Consulting,ACH,Emp_101,INV-2024-0000366,0,normal
TX-000406,2024-01-12 14:56:00,9976.92,Vendor_060,Operations,Payroll,Card,Emp_074,INV-2024-0000368,0,normal
TX-000407,2024-01-12 15:09:00,3576.6,Vendor_021,Marketing,Payroll,Check,Emp_059,INV-2024-0000353,0,normal
TX-000408,2024-01-12 15:19:00,2771.39,Vendor_061,Marketing,IT,Check,Emp_047,INV-2024-0000349,0,normal
TX-000409,2024-01-12 15:40:00,1050.0,Vendor_045,Legal,Operations,Check,Emp_086,INV-2024-0000374,0,normal
TX-000410,2024-01-12 16:01:00,4565.36,Vendor_098,Support,Travel,Check,Emp_116,INV-2024-0000376,0,normal
TX-000411,2024-01-12 16:30:00,1062.11,Vendor_119,Operations,Operations,Wire,Emp_068,INV-2024-0000377,0,normal
TX-000412,2024-01-12 16:34:00,2461.26,Vendor_047,Operations,Travel,Wire,Emp_063,INV-2024-0000357,0,normal
TX-000413,2024-01-12 16:37:00,976.17,Vendor_029,IT,Supplies,Card,Emp_042,INV-2024-0000379,0,normal
TX-000414,2024-01-12 17:04:00,3527.55,Vendor_086,Sales,Travel,ACH,Emp_103,INV-2024-0000355,0,normal
TX-000415,2024-01-12 17:07:00,1272.12,Vendor_091,Marketing,Payroll,Card,Emp_054,INV-2024-0000373,0,normal
TX-000416,2024-01-12 18:43:00,490.04,Vendor_004,Finance,Consulting,ACH,Emp_006,INV-2024-0000372,0,normal
TX-000417,2024-01-12 18:52:00,3740.41,Vendor_086,Sales,Travel,ACH,Emp_103,INV-2024-0002351,1,same_day_burst
TX-000418,2024-01-12 19:23:00,1059.6,Vendor_045,Legal,Operations,Check,Emp_086,INV-2024-0002340,1,same_day_burst
TX-000419,2024-01-12 19:33:00,15138.98,Vendor_017,HR,Payroll,Check,Emp_029,INV-2024-0002276,1,low_history_high_amount
TX-000420,2024-01-12 20:00:00,2521.39,Vendor_047,Operations,Travel,Wire,Emp_063,INV-2024-0002285,1,same_day_burst
TX-000421,2024-01-13 02:19:00,47068.29,Vendor_044,Sales,IT,Wire,Emp_097,INV-2024-0002296,1,high_amount
TX-000422,2024-01-13 08:19:00,3152.49,Vendor_058,HR,Payroll,Check,Emp_017,INV-2024-0000395,0,normal
TX-000423,2024-01-13 08:35:00,4075.58,Vendor_063,IT,Supplies,Card,Emp_042,INV-2024-0000385,0,normal
TX-000424,2024-01-13 08:48:00,4382.9,Vendor_057,Finance,IT,Wire,Emp_012,INV-2024-0000329,1,duplicate_invoice
TX-000425,2024-01-13 08:55:00,1144.19,Vendor_085,Sales,Operations,ACH,Emp_096,INV-2024-0000396,0,normal
TX-000426,2024-01-13 09:05:00,5360.39,Vendor_046,Legal,Operations,Wire,Emp_088,INV-2024-0000388,0,normal
TX-000427,2024-01-13 09:36:00,1663.39,Vendor_037,Operations,Consulting,ACH,Emp_061,INV-2024-0000392,0,normal
TX-000428,2024-01-13 09:49:00,8681.67,Vendor_083,Finance,Payroll,ACH,Emp_001,INV-2024-0000390,0,normal
TX-000429,2024-01-13 10:23:00,789.07,Vendor_027,IT,Supplies,Card,Emp_033,INV-2024-0000382,0,normal
TX-000430,2024-01-13 10:26:00,1751.16,Vendor_012,Legal,Supplies,Card,Emp_082,INV-2024-0000383,0,normal
TX-000431,2024-01-13 11:13:00,11673.25,Vendor_044,Sales,IT,ACH,Emp_104,INV-2024-0000394,0,normal
TX-000432,2024-01-13 11:53:00,1968.02,Vendor_016,IT,Travel,Check,Emp_033,INV-2024-0000389,0,normal
TX-000433,2024-01-13 12:35:00,4240.06,Vendor_072,Sales,Operations,Check,Emp_103,INV-2024-0000384,0,normal
TX-000434,2024-01-13 12:44:00,1258.1,Vendor_099,Marketing,Travel,Wire,Emp_048,INV-2024-0000399,0,normal
TX-000435,2024-01-13 13:20:00,1217.75,Vendor_099,Marketing,Travel,Wire,Emp_051,INV-2024-0000391,0,normal
TX-000436,2024-01-13 13:24:00,13441.13,Vendor_096,IT,Supplies,ACH,Emp_039,INV-2024-0000386,0,normal
TX-000437,2024-01-13 15:19:00,3091.93,Vendor_051,Legal,Operations,Check,Emp_080,INV-2024-0000393,0,normal
TX-000438,2024-01-13 15:22:00,1254.53,Vendor_116,Support,Supplies,ACH,Emp_106,INV-2024-0000397,0,normal
TX-000439,2024-01-13 16:10:00,626.71,Vendor_004,Finance,Consulting,ACH,Emp_006,INV-2024-0000398,0,normal
TX-000440,2024-01-13 16:43:00,1443.84,Vendor_099,Marketing,Travel,Wire,Emp_051,INV-2024-0002283,1,same_day_burst
TX-000441,2024-01-13 17:22:00,7166.09,Vendor_034,Sales,Operations,Card,Emp_096,INV-2024-0000387,0,normal
TX-000442,2024-01-13 21:01:00,4482.26,Vendor_098,Support,Travel,Wire,Emp_111,INV-2024-0000376,1,duplicate_invoice
TX-000443,2024-01-14 09:49:00,4780.03,Vendor_086,Sales,Consulting,Card,Emp_098,INV-2024-0000417,0,normal
TX-000444,2024-01-14 10:27:00,1026.31,Vendor_020,Sales,Travel,Check,Emp_105,INV-2024-0000412,0,normal
TX-000445,2024-01-14 11:25:00,1460.87,Vendor_089,Finance,Operations,ACH,Emp_007,INV-2024-0000400,0,normal
TX-000446,2024-01-14 11:35:00,7903.46,Vendor_083,Finance,Payroll,Wire,Emp_005,INV-2024-0000411,0,normal
TX-000447,2024-01-14 11:48:00,1935.94,Vendor_117,Operations,IT,Card,Emp_061,INV-2024-0000404,0,normal
TX-000448,2024-01-14 12:06:00,4362.32,Vendor_042,Marketing,Supplies,ACH,Emp_049,INV-2024-0000403,0,normal
TX-000449,2024-01-14 12:07:00,792.61,Vendor_087,Support,Consulting,Wire,Emp_117,INV-2024-0000405,0,normal
TX-000450,2024-01-14 12:24:00,300.0,Vendor_004,Finance,Travel,ACH,Emp_012,INV-2024-0000406,0,normal
TX-000451,2024-01-14 12:38:00,1183.63,Vendor_065,Support,Operations,ACH,Emp_114,INV-2024-0000410,0,normal
TX-000452,2024-01-14 12:48:00,10338.1,Vendor_102,Marketing,Travel,Wire,Emp_046,INV-2024-0000408,0,normal
TX-000453,2024-01-14 13:43:00,1769.72,Vendor_070,Finance,Consulting,ACH,Emp_011,INV-2024-0000418,0,normal
TX-000454,2024-01-14 14:05:00,8852.69,Vendor_098,Legal,Travel,Check,Emp_079,INV-2024-0000409,0,normal
TX-000455,2024-01-14 14:09:00,2349.77,Vendor_009,HR,Consulting,ACH,Emp_029,INV-2024-0000402,0,normal
TX-000456,2024-01-14 14:18:00,4341.12,Vendor_026,IT,Payroll,Check,Emp_035,INV-2024-0000413,0,normal
TX-000457,2024-01-14 14:32:00,2977.07,Vendor_003,Support,IT,Check,Emp_113,INV-2024-0000414,0,normal
TX-000458,2024-01-14 14:34:00,3701.59,Vendor_033,Operations,Operations,Card,Emp_061,INV-2024-0000419,0,normal
TX-000459,2024-01-14 14:44:00,336.36,Vendor_056,Sales,Operations,Card,Emp_099,INV-2024-0000401,0,normal
TX-000460,2024-01-14 15:28:00,926.9,Vendor_052,Operations,Consulting,Check,Emp_070,INV-2024-0000415,0,normal
TX-000461,2024-01-14 17:02:00,1212.19,Vendor_085,Sales,Operations,Check,Emp_096,INV-2024-0000416,0,normal
TX-000462,2024-01-14 17:33:00,2054.08,Vendor_063,IT,Supplies,Card,Emp_032,INV-2024-0000407,0,normal
TX-000463,2024-01-15 07:01:00,1648.29,Vendor_008,HR,Supplies,Wire,Emp_019,INV-2024-0000421,0,normal
TX-000464,2024-01-15 07:33:00,716.89,Vendor_119,Operations,Consulting,Check,Emp_063,INV-2024-0000446,0,normal
TX-000465,2024-01-15 09:01:00,3054.94,Vendor_028,HR,Payroll,Card,Emp_023,INV-2024-0000442,0,normal
TX-000466,2024-01-15 09:17:00,9691.61,Vendor_096,IT,Supplies,Check,Emp_035,INV-2024-0000444,0,normal
TX-000467,2024-01-15 09:22:00,1214.39,Vendor_069,Operations,Supplies,Wire,Emp_071,INV-2024-0000450,0,normal
TX-000468,2024-01-15 09:46:00,7086.23,Vendor_034,Finance,Travel,ACH,Emp_003,INV-2024-0000440,0,normal
TX-000469,2024-01-15 09:51:00,4840.57,Vendor_062,Sales,Travel,Card,Emp_102,INV-2024-0000427,0,normal
TX-000470,2024-01-15 10:02:00,2972.47,Vendor_059,Marketing,Consulting,Check,Emp_057,INV-2024-0000430,0,normal
TX-000471,2024-01-15 10:02:00,1383.44,Vendor_045,Marketing,Consulting,ACH,Emp_051,INV-2024-0000429,0,normal
TX-000472,2024-01-15 10:38:00,1274.65,Vendor_010,Operations,IT,ACH,Emp_065,INV-2024-0000436,0,normal
TX-000473,2024-01-15 11:36:00,2667.45,Vendor_042,Marketing,Supplies,Check,Emp_056,INV-2024-0000431,0,normal
TX-000474,2024-01-15 11:46:00,818.27,Vendor_018,IT,Payroll,Wire,Emp_041,INV-2024-0000434,0,normal
TX-000475,2024-01-15 12:17:00,1923.29,Vendor_012,Legal,Supplies,ACH,Emp_089,INV-2024-0000439,0,normal
TX-000476,2024-01-15 12:32:00,3776.82,Vendor_030,Sales,Payroll,Wire,Emp_100,INV-2024-0000435,0,normal
TX-000477,2024-01-15 12:41:00,2491.18,Vendor_038,HR,Supplies,Card,Emp_026,INV-2024-0000447,0,normal
TX-000478,2024-01-15 12:44:00,3301.01,Vendor_001,HR,IT,Card,Emp_030,INV-2024-0000420,0,normal
TX-000479,2024-01-15 12:53:00,695.39,Vendor_027,HR,Supplies,Wire,Emp_029,INV-2024-0000437,0,normal
TX-000480,2024-01-15 13:01:00,6576.59,Vendor_008,HR,Supplies,Card,Emp_019,INV-2024-0002364,1,low_history_high_amount
TX-000481,2024-01-15 13:04:00,1895.33,Vendor_080,IT,Supplies,ACH,Emp_037,INV-2024-0000445,0,normal
TX-000482,2024-01-15 13:25:00,428.32,Vendor_010,Marketing,IT,Wire,Emp_049,INV-2024-0000424,0,normal
TX-000483,2024-01-15 13:32:00,2587.59,Vendor_009,HR,Consulting,Wire,Emp_017,INV-2024-0000425,0,normal
TX-000484,2024-01-15 13:41:00,2104.44,Vendor_076,Legal,Payroll,ACH,Emp_088,INV-2024-0000451,0,normal
TX-000485,2024-01-15 13:46:00,7125.63,Vendor_034,Sales,Operations,Card,Emp_101,INV-2024-0000422,0,normal
TX-000486,2024-01-15 13:50:00,2360.55,Vendor_080,IT,Payroll,ACH,Emp_036,INV-2024-0000449,0,normal
TX-000487,2024-01-15 14:17:00,869.98,Vendor_119,Operations,Consulting,Card,Emp_069,INV-2024-0000448,0,normal
TX-000488,2024-01-15 14:19:00,3642.57,Vendor_031,Finance,IT,Card,Emp_006,INV-2024-0000428,0,normal
TX-000489,2024-01-15 15:50:00,1431.27,Vendor_020,Sales,Consulting,Wire,Emp_092,INV-2024-0000441,0,normal
TX-000490,2024-01-15 16:02:00,5381.44,Vendor_100,Support,Operations,Check,Emp_114,INV-2024-0000443,0,normal
TX-000491,2024-01-15 16:02:00,2066.95,Vendor_025,Support,Supplies,Check,Emp_119,INV-2024-0000423,0,normal
TX-000492,2024-01-15 16:30:00,741.31,Vendor_052,Operations,Supplies,Check,Emp_070,INV-2024-0000426,0,normal
TX-000493,2024-01-15 17:02:00,2369.48,Vendor_107,HR,Payroll,Wire,Emp_024,INV-2024-0000438,0,normal
TX-000494,2024-01-15 17:47:00,4163.79,Vendor_053,Finance,Consulting,Check,Emp_008,INV-2024-0000432,0,normal
TX-000495,2024-01-15 17:48:00,4104.71,Vendor_058,HR,Payroll,Wire,Emp_030,INV-2024-0000433,0,normal
TX-000496,2024-01-15 17:59:00,522.41,Vendor_010,Marketing,IT,Wire,Emp_049,INV-2024-0002263,1,same_day_burst
TX-000497,2024-01-15 18:10:00,2117.8,Vendor_069,Operations,Operations,Card,Emp_073,INV-2024-0000452,0,normal
TX-000498,2024-01-16 08:05:00,2297.57,Vendor_079,Finance,Operations,Check,Emp_005,INV-2024-0000458,0,normal
TX-000499,2024-01-16 08:11:00,2523.2,Vendor_080,IT,Payroll,ACH,Emp_045,INV-2024-0000455,0,normal
TX-000500,2024-01-16 08:23:00,8035.53,Vendor_044,Sales,IT,Check,Emp_105,INV-2024-0000471,0,normal
TX-000501,2024-01-16 08:35:00,1788.78,Vendor_101,Operations,Supplies,Check,Emp_069,INV-2024-0000465,0,normal
TX-000502,2024-01-16 09:10:00,544.84,Vendor_018,IT,Travel,Wire,Emp_039,INV-2024-0000463,0,normal
TX-000503,2024-01-16 09:37:00,687.77,Vendor_004,Finance,Consulting,ACH,Emp_005,INV-2024-0000485,0,normal
TX-000504,2024-01-16 10:03:00,4505.69,Vendor_040,IT,Supplies,Card,Emp_034,INV-2024-0000484,0,normal
TX-000505,2024-01-16 10:24:00,985.57,Vendor_004,Legal,Consulting,Card,Emp_077,INV-2024-0000459,0,normal
TX-000506,2024-01-16 10:41:00,7546.62,Vendor_094,Support,Consulting,Wire,Emp_117,INV-2024-0000477,0,normal
TX-000507,2024-01-16 10:57:00,902.87,Vendor_104,Marketing,IT,ACH,Emp_051,INV-2024-0000461,0,normal
TX-000508,2024-01-16 11:08:00,4150.67,Vendor_079,Finance,Consulting,Wire,Emp_015,INV-2024-0000481,0,normal
TX-000509,2024-01-16 11:28:00,689.24,Vendor_011,IT,Consulting,Wire,Emp_045,INV-2024-0000462,0,normal
TX-000510,2024-01-16 11:38:00,253.84,Vendor_093,IT,Consulting,Check,Emp_043,INV-2024-0000470,0,normal
TX-000511,2024-01-16 11:40:00,3235.52,Vendor_084,Finance,Travel,ACH,Emp_007,INV-2024-0000475,0,normal
TX-000512,2024-01-16 12:04:00,509.33,Vendor_106,Support,IT,Wire,Emp_107,INV-2024-0000479,0,normal
TX-000513,2024-01-16 12:04:00,3087.17,Vendor_058,HR,Payroll,Wire,Emp_027,INV-2024-0000472,0,normal
TX-000514,2024-01-16 12:06:00,1898.83,Vendor_051,Legal,IT,Check,Emp_082,INV-2024-0000476,0,normal
TX-000515,2024-01-16 12:14:00,2493.7,Vendor_016,IT,Travel,Check,Emp_040,INV-2024-0000467,0,normal
TX-000516,2024-01-16 12:19:00,2034.79,Vendor_086,Sales,Travel,Wire,Emp_104,INV-2024-0000454,0,normal
TX-000517,2024-01-16 12:35:00,1501.41,Vendor_069,Operations,Consulting,Wire,Emp_074,INV-2024-0000486,0,normal
TX-000518,2024-01-16 12:44:00,896.69,Vendor_018,IT,Payroll,Card,Emp_038,INV-2024-0000457,0,normal
TX-000519,2024-01-16 12:46:00,2089.04,Vendor_080,Marketing,Payroll,Check,Emp_050,INV-2024-0000460,0,normal
TX-000520,2024-01-16 12:49:00,4524.58,Vendor_003,Support,IT,ACH,Emp_113,INV-2024-0000482,0,normal
TX-000521,2024-01-16 13:57:00,1227.11,Vendor_089,Finance,Operations,Wire,Emp_014,INV-2024-0000464,0,normal
TX-000522,2024-01-16 13:58:00,7641.1,Vendor_098,Legal,Travel,Check,Emp_086,INV-2024-0000480,0,normal
TX-000523,2024-01-16 14:08:00,2237.46,Vendor_117,Operations,Supplies,Check,Emp_069,INV-2024-0000474,0,normal
TX-000524,2024-01-16 14:14:00,2042.77,Vendor_036,Sales,Travel,Card,Emp_104,INV-2024-0000483,0,normal
TX-000525,2024-01-16 14:17:00,1292.33,Vendor_115,Finance,Payroll,Check,Emp_011,INV-2024-0000468,0,normal
TX-000526,2024-01-16 14:45:00,11026.56,Vendor_102,Marketing,IT,Check,Emp_057,INV-2024-0000473,0,normal
TX-000527,2024-01-16 16:54:00,4800.0,Vendor_089,Finance,Operations,Card,Emp_014,INV-2024-0002395,1,split_payment
TX-000528,2024-01-16 17:10:00,2834.23,Vendor_088,Finance,Travel,Card,Emp_001,INV-2024-0000478,0,normal
TX-000529,2024-01-16 17:33:00,961.98,Vendor_004,Finance,Consulting,ACH,Emp_005,INV-2024-0000456,0,normal
TX-000530,2024-01-16 17:35:00,5083.08,Vendor_031,Finance,Supplies,Wire,Emp_006,INV-2024-0000469,0,normal
TX-000531,2024-01-16 17:47:00,1018.26,Vendor_014,Sales,Travel,Check,Emp_099,INV-2024-0000466,0,normal
TX-000532,2024-01-16 18:02:00,1378.65,Vendor_045,Marketing,Consulting,Wire,Emp_046,INV-2024-0000419,1,fuzzy_duplicate
TX-000533,2024-01-16 18:20:00,9812.89,Vendor_083,Finance,Payroll,Check,Emp_015,INV-2024-0000453,0,normal
TX-000534,2024-01-16 22:01:00,5450.58,Vendor_008,HR,Supplies,Check,Emp_019,INV-2024-0002281,1,low_history_high_amount
TX-000535,2024-01-17 08:44:00,2148.1,Vendor_101,Operations,Supplies,Check,Emp_065,INV-2024-0000491,0,normal
TX-000536,2024-01-17 09:08:00,3270.33,Vendor_117,Operations,IT,Card,Emp_068,INV-2024-0000511,0,normal
TX-000537,2024-01-17 09:35:00,1964.44,Vendor_050,Sales,Consulting,Card,Emp_102,INV-2024-0000497,0,normal
TX-000538,2024-01-17 10:45:00,611.86,Vendor_058,HR,Payroll,Check,Emp_016,INV-2024-0000510,0,normal
TX-000539,2024-01-17 11:14:00,3027.13,Vendor_117,Operations,Payroll,Card,Emp_070,INV-2024-0000517,0,normal
TX-000540,2024-01-17 11:16:00,1808.5,Vendor_103,Support,Supplies,ACH,Emp_116,INV-2024-0000512,0,normal
TX-000541,2024-01-17 11:50:00,1580.25,Vendor_037,Operations,Consulting,Check,Emp_072,INV-2024-0000487,0,normal
TX-000542,2024-01-17 11:56:00,1602.29,Vendor_019,Marketing,Travel,Wire,Emp_049,INV-2024-0000496,0,normal
TX-000543,2024-01-17 12:15:00,869.31,Vendor_011,IT,Payroll,Check,Emp_036,INV-2024-0000513,0,normal
TX-000544,2024-01-17 12:15:00,1634.35,Vendor_028,HR,Supplies,Card,Emp_030,INV-2024-0000504,0,normal
TX-000545,2024-01-17 12:33:00,1032.77,Vendor_116,Support,IT,Wire,Emp_120,INV-2024-0000509,0,normal
TX-000546,2024-01-17 12:33:00,8875.86,Vendor_096,IT,IT,Check,Emp_040,INV-2024-0000494,0,normal
TX-000547,2024-01-17 12:46:00,470.13,Vendor_107,Support,Travel,Card,Emp_106,INV-2024-0000499,0,normal
TX-000548,2024-01-17 12:48:00,1589.6,Vendor_116,Support,Consulting,ACH,Emp_106,INV-2024-0000489,0,normal
TX-000549,2024-01-17 12:52:00,1281.4,Vendor_032,IT,IT,ACH,Emp_032,INV-2024-0000507,0,normal
TX-000550,2024-01-17 12:53:00,2484.18,Vendor_113,Support,Payroll,ACH,Emp_107,INV-2024-0000508,0,normal
TX-000551,2024-01-17 13:16:00,3189.11,Vendor_061,Marketing,Operations,Check,Emp_046,INV-2024-0000498,0,normal
TX-000552,2024-01-17 13:25:00,2381.07,Vendor_036,Sales,Travel,Card,Emp_093,INV-2024-0000505,0,normal
TX-000553,2024-01-17 13:55:00,6200.0,Vendor_098,Legal,Supplies,Wire,Emp_079,INV-2024-0000503,0,normal
TX-000554,2024-01-17 14:12:00,9760.0,Vendor_032,IT,IT,Card,Emp_032,INV-2024-0002320,1,split_payment
TX-000555,2024-01-17 14:20:00,1862.8,Vendor_070,Finance,Consulting,ACH,Emp_015,INV-2024-0000506,0,normal
TX-000556,2024-01-17 14:47:00,725.22,Vendor_035,Sales,Supplies,Card,Emp_098,INV-2024-0000490,0,normal
TX-000557,2024-01-17 14:52:00,1070.18,Vendor_115,HR,Consulting,Card,Emp_029,INV-2024-0000515,0,normal
TX-000558,2024-01-17 14:52:00,2296.0,Vendor_023,IT,IT,Check,Emp_031,INV-2024-0000502,0,normal
TX-000559,2024-01-17 15:14:00,1827.74,Vendor_050,Sales,Payroll,ACH,Emp_092,INV-2024-0000518,0,normal
TX-000560,2024-01-17 15:19:00,2677.26,Vendor_100,HR,Operations,Card,Emp_025,INV-2024-0000501,0,normal
TX-000561,2024-01-17 15:45:00,1276.04,Vendor_020,Sales,Travel,Card,Emp_096,INV-2024-0000495,0,normal
TX-000562,2024-01-17 16:32:00,1563.02,Vendor_111,Operations,Supplies,Wire,Emp_061,INV-2024-0000492,0,normal
TX-000563,2024-01-17 16:45:00,607.29,Vendor_058,HR,Payroll,Check,Emp_029,INV-2024-0000510,1,duplicate_invoice
TX-000564,2024-01-17 17:01:00,3681.66,Vendor_057,Finance,IT,Card,Emp_006,INV-2024-0000488,0,normal
TX-000565,2024-01-17 17:19:00,4266.18,Vendor_072,Sales,Operations,Wire,Emp_103,INV-2024-0000516,0,normal
TX-000566,2024-01-17 17:32:00,4193.83,Vendor_058,HR,Payroll,Wire,Emp_021,INV-2024-0000514,0,normal
TX-000567,2024-01-17 17:49:00,2453.21,Vendor_031,Finance,IT,ACH,Emp_011,INV-2024-0000500,0,normal
TX-000568,2024-01-17 17:59:00,1706.89,Vendor_050,Sales,Payroll,ACH,Emp_092,INV-2024-0002371,1,same_day_burst
TX-000569,2024-01-17 18:50:00,3837.51,Vendor_098,Legal,Travel,Check,Emp_084,INV-2024-0000493,0,normal
TX-000570,2024-01-18 07:27:00,3338.0,Vendor_026,IT,Payroll,ACH,Emp_042,INV-2024-0000551,0,normal
TX-000571,2024-01-18 08:12:00,2697.18,Vendor_026,IT,Travel,Check,Emp_032,INV-2024-0000545,0,normal
TX-000572,2024-01-18 08:14:00,4354.79,Vendor_009,HR,Consulting,Check,Emp_018,INV-2024-0000548,0,normal
TX-000573,2024-01-18 08:32:00,1267.71,Vendor_091,IT,Travel,Wire,Emp_040,INV-2024-0000519,0,normal
TX-000574,2024-01-18 08:35:00,2110.98,Vendor_069,IT,Operations,Wire,Emp_033,INV-2024-0000540,0,normal
TX-000575,2024-01-18 08:53:00,9804.16,Vendor_044,Sales,IT,Check,Emp_098,INV-2024-0000520,0,normal
TX-000576,2024-01-18 09:13:00,660.21,Vendor_115,Legal,Payroll,Check,Emp_089,INV-2024-0000549,0,normal
TX-000577,2024-01-18 09:21:00,2151.59,Vendor_081,Support,Travel,Wire,Emp_115,INV-2024-0000554,0,normal
TX-000578,2024-01-18 09:50:00,4809.92,Vendor_109,HR,Supplies,Wire,Emp_029,INV-2024-0000543,0,normal
TX-000579,2024-01-18 10:09:00,4760.23,Vendor_016,IT,Travel,Check,Emp_043,INV-2024-0000529,0,normal
TX-000580,2024-01-18 10:26:00,3574.79,Vendor_030,Operations,Operations,ACH,Emp_074,INV-2024-0000541,0,normal
TX-000581,2024-01-18 10:51:00,1797.59,Vendor_002,Legal,Operations,Card,Emp_085,INV-2024-0000522,0,normal
TX-000582,2024-01-18 11:01:00,3400.0,Vendor_100,Support,Operations,Check,Emp_117,INV-2024-0000527,0,normal
TX-000583,2024-01-18 11:19:00,5554.78,Vendor_062,Sales,Supplies,ACH,Emp_103,INV-2024-0000530,0,normal
TX-000584,2024-01-18 11:23:00,3443.15,Vendor_001,HR,Supplies,ACH,Emp_027,INV-2024-0000550,0,normal
TX-000585,2024-01-18 11:56:00,3110.27,Vendor_059,Marketing,Payroll,ACH,Emp_059,INV-2024-0000552,0,normal
TX-000586,2024-01-18 11:56:00,983.6,Vendor_056,Sales,Consulting,Check,Emp_100,INV-2024-0000532,0,normal
TX-000587,2024-01-18 12:41:00,5464.28,Vendor_017,Legal,Payroll,Wire,Emp_080,INV-2024-0000528,0,normal
TX-000588,2024-01-18 12:55:00,7950.0,Vendor_098,Sales,Travel,Check,Emp_100,INV-2024-0000534,0,normal
TX-000589,2024-01-18 12:58:00,3719.36,Vendor_061,Marketing,IT,Check,Emp_054,INV-2024-0000547,0,normal
TX-000590,2024-01-18 13:03:00,1491.02,Vendor_056,Sales,Consulting,Card,Emp_105,INV-2024-0000553,0,normal
TX-000591,2024-01-18 13:04:00,3320.68,Vendor_086,Sales,Consulting,ACH,Emp_104,INV-2024-0000539,0,normal
TX-000592,2024-01-18 13:10:00,2719.6,Vendor_081,Support,Consulting,Check,Emp_113,INV-2024-0000521,0,normal
TX-000593,2024-01-18 13:17:00,1050.0,Vendor_029,IT,Supplies,Card,Emp_037,INV-2024-0000542,0,normal
TX-000594,2024-01-18 13:32:00,3329.05,Vendor_025,Marketing,Travel,Card,Emp_051,INV-2024-0000535,0,normal
TX-000595,2024-01-18 13:45:00,3366.11,Vendor_021,Marketing,Supplies,Check,Emp_060,INV-2024-0000524,0,normal
TX-000596,2024-01-18 13:58:00,6498.31,Vendor_109,Finance,Supplies,ACH,Emp_013,INV-2024-0000536,0,normal
TX-000597,2024-01-18 14:25:00,1750.0,Vendor_055,Sales,Payroll,Card,Emp_098,INV-2024-0000523,0,normal
TX-000598,2024-01-18 14:53:00,3577.78,Vendor_088,Finance,Travel,Wire,Emp_011,INV-2024-0000537,0,normal
TX-000599,2024-01-18 14:57:00,3303.12,Vendor_061,Marketing,IT,Card,Emp_058,INV-2024-0000525,0,normal
TX-000600,2024-01-18 15:06:00,1139.13,Vendor_099,Marketing,Travel,Card,Emp_051,INV-2024-0000546,0,normal
TX-000601,2024-01-18 15:20:00,976.25,Vendor_043,Operations,Operations,Check,Emp_069,INV-2024-0000533,0,normal
TX-000602,2024-01-18 15:42:00,761.53,Vendor_011,Marketing,Consulting,Check,Emp_055,INV-2024-0000544,0,normal
TX-000603,2024-01-18 15:56:00,2911.73,Vendor_100,Support,IT,Check,Emp_120,INV-2024-0000538,0,normal
TX-000604,2024-01-18 16:11:00,1818.82,Vendor_116,Support,IT,Wire,Emp_111,INV-2024-0000531,0,normal
TX-000605,2024-01-18 16:40:00,4730.86,Vendor_062,Sales,Supplies,ACH,Emp_101,INV-2024-0000555,0,normal
TX-000606,2024-01-18 17:57:00,4802.36,Vendor_062,Sales,Supplies,ACH,Emp_105,INV-2024-0000526,0,normal
TX-000607,2024-01-18 18:44:00,6603.12,Vendor_101,Operations,Supplies,Card,Emp_065,INV-2024-0002372,1,low_history_high_amount
TX-000608,2024-01-18 21:09:00,2591.85,Vendor_037,Support,Supplies,Check,Emp_111,INV-2024-0002310,1,vendor_department_shift
TX-000609,2024-01-18 23:44:00,22215.48,Vendor_096,Legal,Operations,Card,Emp_084,INV-2024-0002393,1,vendor_department_shift
TX-000610,2024-01-19 07:31:00,2675.82,Vendor_009,Finance,Consulting,ACH,Emp_005,INV-2024-0000572,0,normal
TX-000611,2024-01-19 08:17:00,8408.39,Vendor_098,Legal,Travel,Check,Emp_082,INV-2024-0000557,0,normal
TX-000612,2024-01-19 09:06:00,11166.13,Vendor_118,Operations,Operations,ACH,Emp_064,INV-2024-0000560,0,normal
TX-000613,2024-01-19 09:43:00,392.29,Vendor_036,Sales,Travel,Check,Emp_101,INV-2024-0000559,0,normal
TX-000614,2024-01-19 09:45:00,1174.28,Vendor_079,Finance,Operations,Wire,Emp_007,INV-2024-0000581,0,normal
TX-000615,2024-01-19 09:53:00,2011.43,Vendor_070,Finance,Consulting,ACH,Emp_008,INV-2024-0000588,0,normal
TX-000616,2024-01-19 10:06:00,2240.17,Vendor_047,Marketing,Payroll,Check,Emp_048,INV-2024-0000570,0,normal
TX-000617,2024-01-19 10:19:00,728.43,Vendor_028,HR,Supplies,Card,Emp_023,INV-2024-0000563,0,normal
TX-000618,2024-01-19 10:21:00,1548.6,Vendor_041,Operations,Operations,ACH,Emp_067,INV-2024-0000580,0,normal
TX-000619,2024-01-19 11:31:00,532.41,Vendor_004,Finance,Consulting,Card,Emp_003,INV-2024-0000567,0,normal
TX-000620,2024-01-19 11:35:00,953.84,Vendor_032,IT,IT,Wire,Emp_038,INV-2024-0000586,0,normal
TX-000621,2024-01-19 11:52:00,624.26,Vendor_087,Support,IT,Wire,Emp_119,INV-2024-0000569,0,normal
TX-000622,2024-01-19 11:59:00,3272.7,Vendor_006,Legal,Operations,Check,Emp_077,INV-2024-0000556,0,normal
TX-000623,2024-01-19 12:01:00,4886.43,Vendor_025,Support,Supplies,Card,Emp_107,INV-2024-0000578,0,normal
TX-000624,2024-01-19 12:05:00,2277.33,Vendor_053,Finance,Consulting,Wire,Emp_003,INV-2024-0000573,0,normal
TX-000625,2024-01-19 12:19:00,916.9,Vendor_087,Support,Supplies,Wire,Emp_109,INV-2024-0000568,0,normal
TX-000626,2024-01-19 12:31:00,4718.18,Vendor_079,Legal,Supplies,ACH,Emp_081,INV-2024-0000590,0,normal
TX-000627,2024-01-19 12:31:00,1847.61,Vendor_019,Marketing,Travel,Wire,Emp_060,INV-2024-0000576,0,normal
TX-000628,2024-01-19 12:36:00,450.19,Vendor_052,Operations,Consulting,Wire,Emp_074,INV-2024-0000558,0,normal
TX-000629,2024-01-19 12:36:00,860.81,Vendor_041,Operations,Supplies,ACH,Emp_069,INV-2024-0000592,0,normal
TX-000630,2024-01-19 12:44:00,1952.41,Vendor_073,Marketing,Payroll,Wire,Emp_056,INV-2024-0000561,0,normal
TX-000631,2024-01-19 12:50:00,6004.18,Vendor_046,Marketing,IT,Wire,Emp_051,INV-2024-0000583,0,normal
TX-000632,2024-01-19 12:50:00,2018.77,Vendor_100,Support,Operations,Check,Emp_120,INV-2024-0000582,0,normal
TX-000633,2024-01-19 13:10:00,1884.19,Vendor_085,Legal,IT,Check,Emp_079,INV-2024-0000584,0,normal
TX-000634,2024-01-19 13:24:00,6533.05,Vendor_031,Finance,Operations,ACH,Emp_009,INV-2024-0000574,0,normal
TX-000635,2024-01-19 13:32:00,1026.87,Vendor_033,Operations,Operations,Card,Emp_066,INV-2024-0000575,0,normal
TX-000636,2024-01-19 13:33:00,1398.19,Vendor_087,Support,Supplies,Wire,Emp_110,INV-2024-0000587,0,normal
TX-000637,2024-01-19 13:40:00,3208.7,Vendor_081,Support,Travel,Check,Emp_109,INV-2024-0000565,0,normal
TX-000638,2024-01-19 13:53:00,2699.48,Vendor_003,Support,IT,Wire,Emp_119,INV-2024-0000562,0,normal
TX-000639,2024-01-19 14:01:00,9450.0,Vendor_118,HR,IT,Wire,Emp_022,INV-2024-0000585,0,normal
TX-000640,2024-01-19 14:06:00,3479.09,Vendor_015,Marketing,Operations,Check,Emp_059,INV-2024-0000571,0,normal
TX-000641,2024-01-19 14:35:00,1210.98,Vendor_045,IT,Supplies,Check,Emp_045,INV-2024-0000579,0,normal
TX-000642,2024-01-19 14:37:00,1351.42,Vendor_010,Marketing,IT,Wire,Emp_058,INV-2024-0000566,0,normal
TX-000643,2024-01-19 14:51:00,7500.82,Vendor_031,Finance,Operations,Check,Emp_004,INV-2024-0000591,0,normal
TX-000644,2024-01-19 15:15:00,13767.48,Vendor_117,Operations,Supplies,Wire,Emp_070,INV-2024-0002410,1,high_amount
TX-000645,2024-01-19 15:48:00,4748.32,Vendor_092,Legal,Consulting,Check,Emp_084,INV-2024-0000564,0,normal
TX-000646,2024-01-19 16:14:00,4790.0,Vendor_015,Marketing,Operations,Card,Emp_059,INV-2024-0002429,1,split_payment
TX-000647,2024-01-19 17:40:00,2721.22,Vendor_063,IT,Supplies,ACH,Emp_042,INV-2024-0000577,0,normal
TX-000648,2024-01-19 18:45:00,4714.61,Vendor_109,HR,Supplies,ACH,Emp_017,INV-2024-0000589,0,normal
TX-000649,2024-01-19 19:32:00,1701.57,Vendor_108,IT,Consulting,Card,Emp_033,INV-2024-0002377,1,vendor_department_shift
TX-000650,2024-01-19 20:01:00,3612.26,Vendor_057,Finance,IT,Check,Emp_009,INV-2024-0000488,1,duplicate_invoice
TX-000651,2024-01-19 22:33:00,9112.54,Vendor_096,IT,IT,Wire,Emp_035,INV-2024-0000494,1,duplicate_invoice
TX-000652,2024-01-20 05:20:00,958.55,Vendor_043,Operations,Operations,Card,Emp_070,INV-2024-0000533,1,duplicate_invoice
TX-000653,2024-01-20 07:21:00,4319.79,Vendor_007,Support,Operations,Check,Emp_110,INV-2024-0000600,0,normal
TX-000654,2024-01-20 09:05:00,888.25,Vendor_104,Finance,IT,ACH,Emp_015,INV-2024-0000601,0,normal
TX-000655,2024-01-20 09:46:00,1013.69,Vendor_022,Sales,Supplies,Check,Emp_103,INV-2024-0000598,0,normal
TX-000656,2024-01-20 09:48:00,1198.53,Vendor_032,Sales,Supplies,Check,Emp_103,INV-2024-0000603,0,normal
TX-000657,2024-01-20 11:41:00,713.44,Vendor_011,Marketing,Operations,ACH,Emp_060,INV-2024-0000595,0,normal
TX-000658,2024-01-20 12:40:00,6393.71,Vendor_098,Legal,Travel,Wire,Emp_085,INV-2024-0000594,0,normal
TX-000659,2024-01-20 12:45:00,2966.32,Vendor_063,IT,Payroll,Card,Emp_038,INV-2024-0000604,0,normal
TX-000660,2024-01-20 12:48:00,1276.1,Vendor_014,Sales,Travel,Check,Emp_091,INV-2024-0000596,0,normal
TX-000661,2024-01-20 13:51:00,3674.08,Vendor_015,Marketing,Operations,Wire,Emp_047,INV-2024-0000593,0,normal
TX-000662,2024-01-20 15:13:00,3228.83,Vendor_021,Marketing,Consulting,Check,Emp_048,INV-2024-0000599,0,normal
TX-000663,2024-01-20 17:19:00,3092.12,Vendor_105,Support,IT,Check,Emp_106,INV-2024-0000602,0,normal
TX-000664,2024-01-20 17:23:00,2861.88,Vendor_112,Operations,Supplies,Wire,Emp_065,INV-2024-0000597,0,normal
TX-000665,2024-01-21 01:21:00,4390.99,Vendor_007,Support,Operations,Wire,Emp_117,INV-2024-0750600,1,fuzzy_duplicate
TX-000666,2024-01-21 06:53:00,2730.49,Vendor_003,Support,IT,ACH,Emp_113,INV-2024-0000562,1,duplicate_invoice
TX-000667,2024-01-21 08:24:00,3480.16,Vendor_088,Finance,Travel,Check,Emp_014,INV-2024-0000622,0,normal
TX-000668,2024-01-21 08:37:00,2979.52,Vendor_105,Finance,Supplies,Card,Emp_008,INV-2024-0000618,0,normal
TX-000669,2024-01-21 10:10:00,4107.17,Vendor_003,Support,Payroll,Check,Emp_111,INV-2024-0000611,0,normal
TX-000670,2024-01-21 10:54:00,3336.48,Vendor_007,Support,Operations,ACH,Emp_107,INV-2024-0000608,0,normal
TX-000671,2024-01-21 10:57:00,6522.02,Vendor_057,Marketing,IT,Card,Emp_056,INV-2024-0000614,0,normal
TX-000672,2024-01-21 11:02:00,947.1,Vendor_119,Operations,IT,Check,Emp_061,INV-2024-0000606,0,normal
TX-000673,2024-01-21 11:36:00,8790.97,Vendor_102,Marketing,Consulting,Wire,Emp_055,INV-2024-0000615,0,normal
TX-000674,2024-01-21 11:37:00,4948.66,Vendor_007,Support,Operations,Card,Emp_120,INV-2024-0000609,0,normal
TX-000675,2024-01-21 12:16:00,3432.55,Vendor_048,Finance,Consulting,Card,Emp_004,INV-2024-0000621,0,normal
TX-000676,2024-01-21 12:26:00,2726.88,Vendor_117,Sales,Supplies,Card,Emp_100,INV-2024-0000619,0,normal
TX-000677,2024-01-21 12:31:00,1450.17,Vendor_068,Finance,Operations,ACH,Emp_001,INV-2024-0000616,0,normal
TX-000678,2024-01-21 12:39:00,1143.89,Vendor_029,IT,Supplies,Card,Emp_037,INV-2024-0000613,0,normal
TX-000679,2024-01-21 12:42:00,1779.11,Vendor_019,Finance,Travel,Wire,Emp_003,INV-2024-0000610,0,normal
TX-000680,2024-01-21 13:46:00,2250.97,Vendor_120,Support,Payroll,ACH,Emp_120,INV-2024-0000620,0,normal
TX-000681,2024-01-21 14:12:00,1972.87,Vendor_028,HR,Supplies,Card,Emp_027,INV-2024-0000605,0,normal
TX-000682,2024-01-21 15:30:00,5431.16,Vendor_058,HR,Payroll,Wire,Emp_022,INV-2024-0000612,0,normal
TX-000683,2024-01-21 15:57:00,14904.29,Vendor_118,HR,Consulting,Wire,Emp_016,INV-2024-0000607,0,normal
TX-000684,2024-01-21 15:59:00,1174.03,Vendor_036,Sales,Travel,Card,Emp_094,INV-2024-0000617,0,normal
TX-000685,2024-01-21 16:19:00,11054.54,Vendor_105,Support,IT,ACH,Emp_106,INV-2024-0002420,1,low_history_high_amount
TX-000686,2024-01-22 07:29:00,2414.55,Vendor_073,Marketing,IT,Card,Emp_051,INV-2024-0000629,0,normal
TX-000687,2024-01-22 08:10:00,1672.46,Vendor_076,Legal,Payroll,ACH,Emp_079,INV-2024-0000650,0,normal
TX-000688,2024-01-22 08:44:00,850.06,Vendor_067,Sales,Payroll,Check,Emp_100,INV-2024-0000648,0,normal
TX-000689,2024-01-22 09:45:00,2753.96,Vendor_055,Operations,IT,Card,Emp_070,INV-2024-0000626,0,normal
TX-000690,2024-01-22 09:53:00,739.94,Vendor_108,Legal,Payroll,Wire,Emp_083,INV-2024-0000640,0,normal
TX-000691,2024-01-22 10:26:00,1125.85,Vendor_014,Sales,Operations,Card,Emp_091,INV-2024-0000625,0,normal
TX-000692,2024-01-22 10:40:00,5255.81,Vendor_100,Support,IT,ACH,Emp_114,INV-2024-0000630,0,normal
TX-000693,2024-01-22 11:12:00,7353.17,Vendor_092,Legal,Consulting,ACH,Emp_079,INV-2024-0000634,0,normal
TX-000694,2024-01-22 11:14:00,1910.75,Vendor_025,Marketing,Supplies,Check,Emp_052,INV-2024-0000628,0,normal
TX-000695,2024-01-22 11:29:00,1907.76,Vendor_103,Support,Travel,Card,Emp_114,INV-2024-0000649,0,normal
TX-000696,2024-01-22 11:38:00,1894.37,Vendor_117,HR,Supplies,Card,Emp_030,INV-2024-0000647,0,normal
TX-000697,2024-01-22 11:43:00,1446.29,Vendor_020,Sales,IT,Card,Emp_103,INV-2024-0000646,0,normal
TX-000698,2024-01-22 11:44:00,4080.11,Vendor_015,Marketing,Payroll,ACH,Emp_049,INV-2024-0000643,0,normal
TX-000699,2024-01-22 11:50:00,974.62,Vendor_029,IT,Supplies,Card,Emp_043,INV-2024-0000636,0,normal
TX-000700,2024-01-22 12:06:00,1939.74,Vendor_069,Operations,Supplies,Wire,Emp_075,INV-2024-0000641,0,normal
TX-000701,2024-01-22 12:52:00,928.56,Vendor_054,Legal,Consulting,Wire,Emp_077,INV-2024-0000633,0,normal
TX-000702,2024-01-22 13:16:00,1495.9,Vendor_029,Marketing,Supplies,Card,Emp_060,INV-2024-0000645,0,normal
TX-000703,2024-01-22 13:30:00,1353.46,Vendor_099,Marketing,IT,Wire,Emp_050,INV-2024-0000638,0,normal
TX-000704,2024-01-22 13:33:00,1343.61,Vendor_020,Sales,Consulting,Card,Emp_093,INV-2024-0000623,0,normal
TX-000705,2024-01-22 13:34:00,871.35,Vendor_119,Operations,Supplies,Wire,Emp_067,INV-2024-0000632,0,normal
TX-000706,2024-01-22 13:49:00,1255.08,Vendor_085,Support,Supplies,ACH,Emp_117,INV-2024-0000624,0,normal
TX-000707,2024-01-22 13:53:00,957.37,Vendor_115,HR,Payroll,Check,Emp_020,INV-2024-0000635,0,normal
TX-000708,2024-01-22 14:01:00,984.49,Vendor_029,Support,Supplies,Card,Emp_115,INV-2024-0000627,0,normal
TX-000709,2024-01-22 14:24:00,3348.52,Vendor_061,Marketing,Travel,Check,Emp_059,INV-2024-0000637,0,normal
TX-000710,2024-01-22 14:35:00,4486.9,Vendor_100,Support,Operations,Wire,Emp_115,INV-2024-0000644,0,normal
TX-000711,2024-01-22 16:25:00,3556.4,Vendor_009,HR,Consulting,Check,Emp_029,INV-2024-0000639,0,normal
TX-000712,2024-01-22 16:55:00,2420.0,Vendor_029,Marketing,Supplies,ACH,Emp_060,INV-2024-0002312,1,split_payment
TX-000713,2024-01-22 17:42:00,937.07,Vendor_082,Support,IT,Check,Emp_109,INV-2024-0000642,0,normal
TX-000714,2024-01-22 18:25:00,892.18,Vendor_043,Operations,Operations,ACH,Emp_067,INV-2024-0000631,0,normal
TX-000715,2024-01-23 07:33:00,3678.54,Vendor_061,Marketing,Payroll,Check,Emp_057,INV-2024-0000679,0,normal
TX-000716,2024-01-23 08:16:00,3295.23,Vendor_081,Support,Consulting,ACH,Emp_115,INV-2024-0000657,0,normal
TX-000717,2024-01-23 08:22:00,9917.63,Vendor_118,Operations,Consulting,ACH,Emp_069,INV-2024-0000681,0,normal
TX-000718,2024-01-23 08:24:00,2691.22,Vendor_025,Marketing,Supplies,ACH,Emp_050,INV-2024-0000660,0,normal
TX-000719,2024-01-23 08:30:00,4570.78,Vendor_040,IT,Supplies,ACH,Emp_033,INV-2024-0000677,0,normal
TX-000720,2024-01-23 08:35:00,7771.01,Vendor_096,HR,Supplies,ACH,Emp_025,INV-2024-0000664,0,normal
TX-000721,2024-01-23 08:45:00,673.5,Vendor_022,Sales,Supplies,Check,Emp_103,INV-2024-0000661,0,normal
TX-000722,2024-01-23 09:10:00,1326.6,Vendor_065,HR,Operations,Wire,Emp_022,INV-2024-0000683,0,normal
TX-000723,2024-01-23 09:16:00,2222.74,Vendor_038,HR,Supplies,Wire,Emp_022,INV-2024-0000653,0,normal
TX-000724,2024-01-23 09:34:00,3128.81,Vendor_084,Operations,Operations,Card,Emp_070,INV-2024-0000665,0,normal
TX-000725,2024-01-23 09:38:00,1889.62,Vendor_041,HR,Supplies,ACH,Emp_030,INV-2024-0000670,0,normal
TX-000726,2024-01-23 09:44:00,1100.0,Vendor_043,Operations,Operations,Check,Emp_067,INV-2024-0000674,0,normal
TX-000727,2024-01-23 09:56:00,2859.74,Vendor_009,HR,Consulting,Card,Emp_029,INV-2024-0000662,0,normal
TX-000728,2024-01-23 10:10:00,501.08,Vendor_004,Finance,Travel,ACH,Emp_014,INV-2024-0000682,0,normal
TX-000729,2024-01-23 10:11:00,2081.3,Vendor_076,Finance,Payroll,ACH,Emp_001,INV-2024-0000673,0,normal
TX-000730,2024-01-23 11:43:00,2580.84,Vendor_063,IT,Payroll,Card,Emp_036,INV-2024-0000669,0,normal
TX-000731,2024-01-23 12:16:00,8536.12,Vendor_092,Legal,Consulting,ACH,Emp_077,INV-2024-0000684,0,normal
TX-000732,2024-01-23 12:37:00,686.83,Vendor_010,Marketing,Operations,Wire,Emp_052,INV-2024-0000663,0,normal
TX-000733,2024-01-23 12:38:00,5602.49,Vendor_109,HR,Supplies,ACH,Emp_025,INV-2024-0000655,0,normal
TX-000734,2024-01-23 12:48:00,1129.34,Vendor_010,Marketing,Operations,Card,Emp_057,INV-2024-0000666,0,normal
TX-000735,2024-01-23 13:23:00,2399.93,Vendor_026,IT,Payroll,Check,Emp_033,INV-2024-0000667,0,normal
TX-000736,2024-01-23 13:49:00,2349.58,Vendor_040,IT,Supplies,Card,Emp_033,INV-2024-0000685,0,normal
TX-000737,2024-01-23 13:56:00,5002.22,Vendor_025,Marketing,Supplies,Card,Emp_058,INV-2024-0000658,0,normal
TX-000738,2024-01-23 14:17:00,841.34,Vendor_052,Operations,Consulting,Check,Emp_073,INV-2024-0000656,0,normal
TX-000739,2024-01-23 14:19:00,2561.71,Vendor_019,Operations,Travel,Card,Emp_075,INV-2024-0000672,0,normal
TX-000740,2024-01-23 14:42:00,846.45,Vendor_010,Marketing,Operations,Card,Emp_052,INV-2024-0000676,0,normal
TX-000741,2024-01-23 15:39:00,1500.0,Vendor_076,Legal,Payroll,ACH,Emp_088,INV-2024-0000671,0,normal
TX-000742,2024-01-23 15:59:00,1745.1,Vendor_002,Support,Supplies,Check,Emp_114,INV-2024-0000680,0,normal
TX-000743,2024-01-23 16:14:00,634.67,Vendor_052,Operations,Consulting,Check,Emp_064,INV-2024-0000659,0,normal
TX-000744,2024-01-23 16:16:00,7595.09,Vendor_083,Marketing,Payroll,Card,Emp_050,INV-2024-0000678,0,normal
TX-000745,2024-01-23 16:22:00,2290.0,Vendor_040,IT,Supplies,Check,Emp_033,INV-2024-0002261,1,split_payment
TX-000746,2024-01-23 16:28:00,427.95,Vendor_067,Sales,Consulting,Check,Emp_094,INV-2024-0000675,0,normal
TX-000747,2024-01-23 17:42:00,4011.75,Vendor_112,Operations,Travel,Wire,Emp_072,INV-2024-0000668,0,normal
TX-000748,2024-01-23 17:57:00,1088.13,Vendor_028,HR,Operations,Card,Emp_026,INV-2024-0000651,0,normal
TX-000749,2024-01-23 18:04:00,1629.38,Vendor_065,Support,Operations,Wire,Emp_117,INV-2024-0000652,0,normal
TX-000750,2024-01-23 18:36:00,801.76,Vendor_078,HR,Consulting,Check,Emp_027,INV-2024-0000654,0,normal
TX-000751,2024-01-23 18:53:00,5430.44,Vendor_025,Marketing,Supplies,Card,Emp_058,INV-2024-0002350,1,same_day_burst
TX-000752,2024-01-24 05:38:00,7247.38,Vendor_009,Legal,Supplies,Wire,Emp_076,INV-2024-0002290,1,vendor_department_shift
TX-000753,2024-01-24 08:32:00,2198.65,Vendor_101,IT,Supplies,Check,Emp_036,INV-2024-0000702,0,normal
TX-000754,2024-01-24 09:12:00,6380.85,Vendor_014,Sales,Operations,Wire,Emp_091,INV-2024-0002344,1,high_amount
TX-000755,2024-01-24 09:42:00,2996.76,Vendor_081,Support,Payroll,ACH,Emp_109,INV-2024-0000688,0,normal
TX-000756,2024-01-24 09:42:00,1823.36,Vendor_019,Finance,Travel,Check,Emp_014,INV-2024-0000610,1,duplicate_invoice
TX-000757,2024-01-24 09:45:00,1610.66,Vendor_036,Sales,Travel,Card,Emp_104,INV-2024-0000704,0,normal
TX-000758,2024-01-24 10:21:00,4406.39,Vendor_042,Marketing,Supplies,ACH,Emp_050,INV-2024-0000693,0,normal
TX-000759,2024-01-24 10:33:00,3255.41,Vendor_081,Support,Consulting,Check,Emp_109,INV-2024-0000700,0,normal
TX-000760,2024-01-24 10:44:00,852.63,Vendor_052,Finance,Supplies,Check,Emp_009,INV-2024-0000695,0,normal
TX-000761,2024-01-24 11:40:00,5645.87,Vendor_044,Sales,Supplies,Check,Emp_103,INV-2024-0000701,0,normal
TX-000762,2024-01-24 11:56:00,1764.22,Vendor_036,Legal,Travel,Card,Emp_082,INV-2024-0000707,0,normal
TX-000763,2024-01-24 12:10:00,847.05,Vendor_108,Legal,Payroll,Check,Emp_086,INV-2024-0000713,0,normal
TX-000764,2024-01-24 12:29:00,2994.4,Vendor_006,Legal,Payroll,Check,Emp_078,INV-2024-0000714,0,normal
TX-000765,2024-01-24 12:50:00,2793.49,Vendor_012,Legal,Supplies,Card,Emp_077,INV-2024-0000696,0,normal
TX-000766,2024-01-24 12:54:00,6732.24,Vendor_040,Finance,Supplies,Wire,Emp_004,INV-2024-0000692,0,normal
TX-000767,2024-01-24 13:00:00,2410.53,Vendor_086,Sales,Consulting,ACH,Emp_091,INV-2024-0000690,0,normal
TX-000768,2024-01-24 13:10:00,2519.02,Vendor_073,Marketing,Operations,Wire,Emp_050,INV-2024-0000706,0,normal
TX-000769,2024-01-24 13:12:00,3806.09,Vendor_059,Marketing,IT,Wire,Emp_056,INV-2024-0000703,0,normal
TX-000770,2024-01-24 13:17:00,6626.44,Vendor_094,Legal,Consulting,Wire,Emp_082,INV-2024-0000705,0,normal
TX-000771,2024-01-24 13:53:00,5088.83,Vendor_109,HR,Supplies,Card,Emp_030,INV-2024-0000698,0,normal
TX-000772,2024-01-24 13:53:00,744.31,Vendor_108,Legal,Payroll,Card,Emp_089,INV-2024-0000640,1,duplicate_invoice
TX-000773,2024-01-24 14:14:00,1099.91,Vendor_115,HR,Consulting,Check,Emp_019,INV-2024-0000697,0,normal
TX-000774,2024-01-24 14:18:00,1388.86,Vendor_037,Operations,Consulting,Card,Emp_068,INV-2024-0000709,0,normal
TX-000775,2024-01-24 14:21:00,3175.55,Vendor_120,Support,IT,ACH,Emp_106,INV-2024-0000711,0,normal
TX-000776,2024-01-24 14:22:00,2286.27,Vendor_039,Marketing,IT,ACH,Emp_047,INV-2024-0000689,0,normal
TX-000777,2024-01-24 14:35:00,2508.09,Vendor_072,Sales,Operations,ACH,Emp_094,INV-2024-0000710,0,normal
TX-000778,2024-01-24 15:02:00,3300.94,Vendor_055,Operations,IT,Wire,Emp_070,INV-2024-0000715,0,normal
TX-000779,2024-01-24 15:22:00,5108.89,Vendor_058,HR,Operations,Card,Emp_016,INV-2024-0002397,1,payment_method_switch
TX-000780,2024-01-24 15:47:00,2386.77,Vendor_077,Operations,IT,Card,Emp_069,INV-2024-0000686,0,normal
TX-000781,2024-01-24 16:12:00,2299.15,Vendor_012,Legal,Supplies,Card,Emp_089,INV-2024-0000691,0,normal
TX-000782,2024-01-24 17:08:00,2570.27,Vendor_012,Legal,Supplies,Card,Emp_089,INV-2024-0002358,1,same_day_burst
TX-000783,2024-01-24 17:12:00,300.0,Vendor_093,IT,Consulting,ACH,Emp_032,INV-2024-0000687,0,normal
TX-000784,2024-01-24 17:21:00,3765.93,Vendor_114,Marketing,IT,Check,Emp_060,INV-2024-0000716,0,normal
TX-000785,2024-01-24 17:37:00,877.6,Vendor_011,Marketing,Consulting,Check,Emp_049,INV-2024-0000699,0,normal
TX-000786,2024-01-24 18:11:00,1502.15,Vendor_087,Support,Consulting,Wire,Emp_116,INV-2024-0000694,0,normal
TX-000787,2024-01-24 18:26:00,628.04,Vendor_052,IT,Supplies,ACH,Emp_031,INV-2024-0000708,0,normal
TX-000788,2024-01-24 18:39:00,2011.42,Vendor_050,Sales,Supplies,Card,Emp_100,INV-2024-0000712,0,normal
TX-000789,2024-01-24 20:08:00,2138.27,Vendor_039,Support,Supplies,Wire,Emp_120,INV-2024-0002386,1,vendor_department_shift
TX-000790,2024-01-24 21:39:00,10972.79,Vendor_026,IT,Payroll,ACH,Emp_033,INV-2024-0002408,1,high_amount
TX-000791,2024-01-25 01:59:00,1794.41,Vendor_002,Support,Supplies,Check,Emp_120,INV-2024-0000680,1,duplicate_invoice
TX-000792,2024-01-25 08:08:00,2592.8,Vendor_075,Sales,Supplies,Check,Emp_100,INV-2024-0000722,0,normal
TX-000793,2024-01-25 08:16:00,3390.01,Vendor_120,Support,Travel,ACH,Emp_108,INV-2024-0000724,0,normal
TX-000794,2024-01-25 08:24:00,3702.05,Vendor_061,Marketing,IT,Check,Emp_052,INV-2024-0000721,0,normal
TX-000795,2024-01-25 08:28:00,1214.61,Vendor_037,Operations,Consulting,Card,Emp_073,INV-2024-0000730,0,normal
TX-000796,2024-01-25 09:47:00,700.0,Vendor_004,Finance,Consulting,ACH,Emp_002,INV-2024-0000726,0,normal
TX-000797,2024-01-25 12:17:00,4748.21,Vendor_033,Operations,Operations,Wire,Emp_063,INV-2024-0000740,0,normal
TX-000798,2024-01-25 12:21:00,24277.49,Vendor_114,Marketing,IT,Wire,Emp_060,INV-2024-0002348,1,low_history_high_amount
TX-000799,2024-01-25 12:43:00,3851.52,Vendor_057,Finance,IT,ACH,Emp_010,INV-2024-0000733,0,normal
TX-000800,2024-01-25 12:52:00,2152.47,Vendor_086,Sales,Travel,Wire,Emp_103,INV-2024-0000741,0,normal
TX-000801,2024-01-25 12:55:00,4801.91,Vendor_100,Sales,Operations,Check,Emp_105,INV-2024-0000742,0,normal
TX-000802,2024-01-25 13:03:00,658.35,Vendor_108,Legal,Payroll,ACH,Emp_077,INV-2024-0000736,0,normal
TX-000803,2024-01-25 13:15:00,1369.29,Vendor_076,Legal,Payroll,ACH,Emp_080,INV-2024-0000735,0,normal
TX-000804,2024-01-25 13:17:00,3703.2,Vendor_024,IT,Supplies,Wire,Emp_031,INV-2024-0000737,0,normal
TX-000805,2024-01-25 13:43:00,4241.75,Vendor_095,Marketing,Supplies,ACH,Emp_054,INV-2024-0000728,0,normal
TX-000806,2024-01-25 13:55:00,11438.03,Vendor_096,IT,Travel,ACH,Emp_043,INV-2024-0000732,0,normal
TX-000807,2024-01-25 14:08:00,1424.12,Vendor_020,Sales,Travel,ACH,Emp_097,INV-2024-0000717,0,normal
TX-000808,2024-01-25 14:18:00,1170.73,Vendor_066,HR,IT,Card,Emp_016,INV-2024-0000723,0,normal
TX-000809,2024-01-25 14:46:00,4706.91,Vendor_100,Support,IT,Check,Emp_114,INV-2024-0000719,0,normal
TX-000810,2024-01-25 14:56:00,1399.54,Vendor_028,HR,Operations,ACH,Emp_030,INV-2024-0000725,0,normal
TX-000811,2024-01-25 15:10:00,2221.39,Vendor_105,Finance,Supplies,Wire,Emp_009,INV-2024-0000734,0,normal
TX-000812,2024-01-25 15:38:00,4790.0,Vendor_033,Operations,Operations,ACH,Emp_063,INV-2024-0002333,1,split_payment
TX-000813,2024-01-25 16:14:00,1438.64,Vendor_045,IT,Travel,Check,Emp_035,INV-2024-0000738,0,normal
TX-000814,2024-01-25 16:17:00,830.22,Vendor_104,HR,IT,Wire,Emp_030,INV-2024-0000718,0,normal
TX-000815,2024-01-25 16:22:00,9837.87,Vendor_044,Sales,Supplies,Check,Emp_098,INV-2024-0000731,0,normal
TX-000816,2024-01-25 17:20:00,334.05,Vendor_054,Sales,Operations,Wire,Emp_105,INV-2024-0000739,0,normal
TX-000817,2024-01-25 17:23:00,765.18,Vendor_119,Operations,Consulting,Wire,Emp_073,INV-2024-0000727,0,normal
TX-000818,2024-01-25 17:43:00,1002.35,Vendor_078,IT,IT,ACH,Emp_031,INV-2024-0000720,0,normal
TX-000819,2024-01-25 17:56:00,1845.91,Vendor_057,Finance,Travel,Wire,Emp_010,INV-2024-0000729,0,normal
TX-000820,2024-01-25 19:27:00,4920.0,Vendor_104,HR,IT,Card,Emp_030,INV-2024-0002254,1,split_payment
TX-000821,2024-01-26 08:28:00,4566.71,Vendor_114,Marketing,Consulting,Card,Emp_060,INV-2024-0000752,0,normal
TX-000822,2024-01-26 08:49:00,1270.34,Vendor_010,HR,IT,Check,Emp_026,INV-2024-0000759,0,normal
TX-000823,2024-01-26 09:11:00,5653.66,Vendor_109,Operations,Supplies,ACH,Emp_061,INV-2024-0000766,0,normal
TX-000824,2024-01-26 09:14:00,667.01,Vendor_013,Legal,IT,Card,Emp_079,INV-2024-0000765,0,normal
TX-000825,2024-01-26 09:25:00,3370.36,Vendor_063,IT,Supplies,Wire,Emp_037,INV-2024-0000774,0,normal
TX-000826,2024-01-26 10:26:00,6340.32,Vendor_109,HR,Supplies,Check,Emp_018,INV-2024-0000776,0,normal
TX-000827,2024-01-26 10:29:00,4140.66,Vendor_079,Finance,Supplies,ACH,Emp_001,INV-2024-0000769,0,normal
TX-000828,2024-01-26 10:58:00,7999.61,Vendor_034,Sales,Travel,Check,Emp_099,INV-2024-0000757,0,normal
TX-000829,2024-01-26 11:14:00,1586.98,Vendor_111,Operations,Supplies,Check,Emp_063,INV-2024-0000756,0,normal
TX-000830,2024-01-26 11:28:00,2884.41,Vendor_100,Support,Operations,Check,Emp_113,INV-2024-0000754,0,normal
TX-000831,2024-01-26 11:29:00,6277.09,Vendor_109,HR,Supplies,Check,Emp_030,INV-2024-0000764,0,normal
TX-000832,2024-01-26 11:40:00,931.47,Vendor_032,Sales,IT,Wire,Emp_104,INV-2024-0000772,0,normal
TX-000833,2024-01-26 11:50:00,1066.0,Vendor_010,Operations,Consulting,Wire,Emp_067,INV-2024-0000751,0,normal
TX-000834,2024-01-26 12:09:00,650.25,Vendor_052,Operations,Supplies,Check,Emp_064,INV-2024-0000762,0,normal
TX-000835,2024-01-26 12:31:00,1070.37,Vendor_065,IT,Operations,Check,Emp_042,INV-2024-0000749,0,normal
TX-000836,2024-01-26 12:33:00,1755.54,Vendor_053,Finance,Operations,Card,Emp_001,INV-2024-0000773,0,normal
TX-000837,2024-01-26 12:45:00,3961.45,Vendor_007,Support,Operations,Card,Emp_113,INV-2024-0000760,0,normal
TX-000838,2024-01-26 12:56:00,2011.87,Vendor_019,Marketing,Travel,Card,Emp_047,INV-2024-0000775,0,normal
TX-000839,2024-01-26 13:03:00,3150.28,Vendor_105,Support,Supplies,Check,Emp_112,INV-2024-0000753,0,normal
TX-000840,2024-01-26 13:12:00,2310.77,Vendor_055,Finance,IT,ACH,Emp_002,INV-2024-0000747,0,normal
TX-000841,2024-01-26 13:21:00,4219.77,Vendor_112,Operations,Operations,Card,Emp_075,INV-2024-0000767,0,normal
TX-000842,2024-01-26 13:43:00,8295.14,Vendor_098,Legal,Travel,ACH,Emp_089,INV-2024-0000744,0,normal
TX-000843,2024-01-26 13:43:00,4069.36,Vendor_092,Legal,Supplies,ACH,Emp_086,INV-2024-0000777,0,normal
TX-000844,2024-01-26 13:48:00,8950.52,Vendor_102,Marketing,Consulting,Card,Emp_050,INV-2024-0000750,0,normal
TX-000845,2024-01-26 13:57:00,2115.49,Vendor_050,Sales,Consulting,Check,Emp_100,INV-2024-0000743,0,normal
TX-000846,2024-01-26 14:12:00,2742.26,Vendor_028,HR,Operations,Check,Emp_020,INV-2024-0000778,0,normal
TX-000847,2024-01-26 14:18:00,9980.06,Vendor_118,Operations,Operations,ACH,Emp_074,INV-2024-0000758,0,normal
TX-000848,2024-01-26 14:34:00,1848.37,Vendor_065,IT,IT,ACH,Emp_039,INV-2024-0000768,0,normal
TX-000849,2024-01-26 14:36:00,1461.89,Vendor_020,Sales,Travel,Card,Emp_098,INV-2024-0000755,0,normal
TX-000850,2024-01-26 16:20:00,978.62,Vendor_087,Support,Supplies,Check,Emp_113,INV-2024-0000770,0,normal
TX-000851,2024-01-26 16:21:00,4042.68,Vendor_063,IT,Supplies,Card,Emp_039,INV-2024-0000761,0,normal
TX-000852,2024-01-26 16:31:00,2348.5,Vendor_051,Legal,Operations,Check,Emp_084,INV-2024-0000763,0,normal
TX-000853,2024-01-26 16:48:00,8455.66,Vendor_096,IT,Payroll,ACH,Emp_036,INV-2024-0000771,0,normal
TX-000854,2024-01-26 16:54:00,902.2,Vendor_087,Support,Supplies,Wire,Emp_107,INV-2024-0000748,0,normal
TX-000855,2024-01-26 17:50:00,2893.53,Vendor_057,Finance,IT,Wire,Emp_012,INV-2024-0000746,0,normal
TX-000856,2024-01-26 18:50:00,668.23,Vendor_071,Finance,Supplies,ACH,Emp_012,INV-2024-0000745,0,normal
TX-000857,2024-01-26 20:50:00,943.73,Vendor_010,Operations,Consulting,Wire,Emp_067,INV-2024-0002318,1,same_day_burst
TX-000858,2024-01-27 02:21:00,3997.07,Vendor_063,IT,Supplies,Check,Emp_035,INV-2024-0000761,1,duplicate_invoice
TX-000859,2024-01-27 07:34:00,1899.61,Vendor_065,IT,IT,ACH,Emp_034,INV-2024-0000768,1,duplicate_invoice
TX-000860,2024-01-27 09:23:00,4854.13,Vendor_046,Marketing,Travel,Card,Emp_047,INV-2024-0000781,0,normal
TX-000861,2024-01-27 09:49:00,1185.33,Vendor_066,HR,Operations,Wire,Emp_018,INV-2024-0000782,0,normal
TX-000862,2024-01-27 10:00:00,865.82,Vendor_119,Operations,Consulting,Card,Emp_064,INV-2024-0000788,0,normal
TX-000863,2024-01-27 11:26:00,10525.46,Vendor_060,Marketing,Consulting,Card,Emp_052,INV-2024-0000791,0,normal
TX-000864,2024-01-27 11:47:00,3082.35,Vendor_088,Finance,Travel,Check,Emp_015,INV-2024-0000785,0,normal
TX-000865,2024-01-27 12:16:00,3119.57,Vendor_033,Operations,Operations,Wire,Emp_062,INV-2024-0000779,0,normal
TX-000866,2024-01-27 12:30:00,3596.04,Vendor_003,Support,Payroll,Wire,Emp_113,INV-2024-0000780,0,normal
TX-000867,2024-01-27 12:34:00,1678.12,Vendor_069,Operations,Operations,Check,Emp_074,INV-2024-0000787,0,normal
TX-000868,2024-01-27 13:41:00,944.45,Vendor_119,Operations,Consulting,Check,Emp_063,INV-2024-0000786,0,normal
TX-000869,2024-01-27 14:35:00,754.0,Vendor_032,Sales,Supplies,Wire,Emp_095,INV-2024-0000792,0,normal
TX-000870,2024-01-27 14:43:00,2506.06,Vendor_006,Legal,Consulting,ACH,Emp_086,INV-2024-0000783,0,normal
TX-000871,2024-01-27 15:15:00,2269.62,Vendor_051,HR,Operations,Check,Emp_023,INV-2024-0000790,0,normal
TX-000872,2024-01-27 16:50:00,2330.28,Vendor_075,IT,Supplies,Card,Emp_037,INV-2024-0000789,0,normal
TX-000873,2024-01-27 17:52:00,567.47,Vendor_067,Sales,Supplies,Check,Emp_105,INV-2024-0000784,0,normal
TX-000874,2024-01-28 07:29:00,1287.78,Vendor_082,Operations,Consulting,Check,Emp_074,INV-2024-0000799,0,normal
TX-000875,2024-01-28 07:39:00,4845.65,Vendor_095,Support,Supplies,ACH,Emp_114,INV-2024-0000800,0,normal
TX-000876,2024-01-28 09:30:00,2448.35,Vendor_017,Legal,Payroll,ACH,Emp_088,INV-2024-0000811,0,normal
TX-000877,2024-01-28 09:40:00,998.44,Vendor_043,Operations,Operations,Wire,Emp_074,INV-2024-0000810,0,normal
TX-000878,2024-01-28 10:06:00,1161.59,Vendor_089,Finance,Travel,ACH,Emp_001,INV-2024-0000805,0,normal
TX-000879,2024-01-28 10:26:00,3198.62,Vendor_059,Marketing,IT,ACH,Emp_046,INV-2024-0000809,0,normal
TX-000880,2024-01-28 10:57:00,1298.16,Vendor_116,Support,Supplies,Wire,Emp_118,INV-2024-0000804,0,normal
TX-000881,2024-01-28 11:51:00,1653.45,Vendor_036,Sales,Travel,Card,Emp_094,INV-2024-0000807,0,normal
TX-000882,2024-01-28 12:21:00,8139.89,Vendor_083,Finance,Payroll,ACH,Emp_014,INV-2024-0000803,0,normal
TX-000883,2024-01-28 12:29:00,960.67,Vendor_116,Support,IT,Wire,Emp_109,INV-2024-0000797,0,normal
TX-000884,2024-01-28 12:31:00,1730.88,Vendor_036,Sales,Travel,Wire,Emp_092,INV-2024-0000798,0,normal
TX-000885,2024-01-28 12:51:00,3539.44,Vendor_079,Finance,Operations,Check,Emp_004,INV-2024-0000813,0,normal
TX-000886,2024-01-28 13:00:00,878.24,Vendor_013,Legal,IT,Wire,Emp_089,INV-2024-0000793,0,normal
TX-000887,2024-01-28 13:08:00,3492.66,Vendor_025,Finance,Supplies,ACH,Emp_007,INV-2024-0000795,0,normal
TX-000888,2024-01-28 13:33:00,1445.95,Vendor_072,IT,Operations,ACH,Emp_037,INV-2024-0000802,0,normal
TX-000889,2024-01-28 13:47:00,4488.69,Vendor_079,HR,Supplies,Wire,Emp_029,INV-2024-0000812,0,normal
TX-000890,2024-01-28 13:48:00,2070.45,Vendor_036,Sales,Travel,Wire,Emp_092,INV-2024-0002417,1,same_day_burst
TX-000891,2024-01-28 15:20:00,2159.18,Vendor_012,Legal,Supplies,Card,Emp_085,INV-2024-0000801,0,normal
TX-000892,2024-01-28 16:03:00,12167.98,Vendor_040,Finance,Consulting,ACH,Emp_004,INV-2024-0002349,1,payment_method_switch
TX-000893,2024-01-28 16:27:00,4337.41,Vendor_094,HR,Consulting,Wire,Emp_016,INV-2024-0000806,0,normal
TX-000894,2024-01-28 17:09:00,785.04,Vendor_067,Sales,Consulting,Check,Emp_096,INV-2024-0000808,0,normal
TX-000895,2024-01-28 18:16:00,939.53,Vendor_119,Sales,Consulting,Check,Emp_092,INV-2024-0000796,0,normal
TX-000896,2024-01-28 18:42:00,3546.43,Vendor_053,Finance,Payroll,Check,Emp_002,INV-2024-0000794,0,normal
TX-000897,2024-01-28 21:34:00,1881.44,Vendor_065,IT,IT,Card,Emp_037,INV-2094-0000788,1,fuzzy_duplicate
TX-000898,2024-01-29 06:04:00,6651.42,Vendor_109,Legal,Travel,Check,Emp_084,INV-2024-0002334,1,vendor_department_shift
TX-000899,2024-01-29 07:45:00,2602.62,Vendor_101,Operations,Consulting,ACH,Emp_068,INV-2024-0000844,0,normal
TX-000900,2024-01-29 07:52:00,905.91,Vendor_043,Operations,IT,Check,Emp_075,INV-2024-0000836,0,normal
TX-000901,2024-01-29 08:08:00,1579.05,Vendor_019,Operations,Travel,Card,Emp_075,INV-2024-0000817,0,normal
TX-000902,2024-01-29 08:13:00,2657.01,Vendor_120,Support,Payroll,ACH,Emp_109,INV-2024-0000838,0,normal
TX-000903,2024-01-29 08:13:00,1892.57,Vendor_101,Operations,Supplies,ACH,Emp_066,INV-2024-0000821,0,normal
TX-000904,2024-01-29 09:23:00,11332.49,Vendor_044,Sales,IT,ACH,Emp_095,INV-2024-0000815,0,normal
TX-000905,2024-01-29 10:14:00,7601.86,Vendor_096,IT,Travel,ACH,Emp_041,INV-2024-0000845,0,normal
TX-000906,2024-01-29 10:16:00,3160.86,Vendor_113,Support,Payroll,ACH,Emp_113,INV-2024-0000830,0,normal
TX-000907,2024-01-29 10:18:00,2627.4,Vendor_075,Sales,Payroll,ACH,Emp_099,INV-2024-0000819,0,normal
TX-000908,2024-01-29 10:19:00,3935.64,Vendor_109,HR,Supplies,Wire,Emp_028,INV-2024-0000833,0,normal
TX-000909,2024-01-29 10:35:00,1826.86,Vendor_075,Sales,Supplies,Check,Emp_096,INV-2024-0000831,0,normal
TX-000910,2024-01-29 10:43:00,2954.77,Vendor_112,Operations,Operations,Check,Emp_075,INV-2024-0000846,0,normal
TX-000911,2024-01-29 12:09:00,671.59,Vendor_115,HR,Consulting,Check,Emp_016,INV-2024-0000839,0,normal
TX-000912,2024-01-29 12:13:00,898.58,Vendor_119,Operations,Consulting,Wire,Emp_061,INV-2024-0000824,0,normal
TX-000913,2024-01-29 12:16:00,1202.78,Vendor_020,Sales,Operations,Card,Emp_105,INV-2024-0000835,0,normal
TX-000914,2024-01-29 12:44:00,5681.45,Vendor_114,Marketing,Travel,ACH,Emp_053,INV-2024-0000814,0,normal
TX-000915,2024-01-29 12:51:00,1806.03,Vendor_002,Support,Travel,Wire,Emp_115,INV-2024-0000834,0,normal
TX-000916,2024-01-29 12:52:00,7115.17,Vendor_001,HR,IT,ACH,Emp_022,INV-2024-0000841,0,normal
TX-000917,2024-01-29 12:59:00,4570.96,Vendor_030,Sales,Operations,Wire,Emp_099,INV-2024-0000816,0,normal
TX-000918,2024-01-29 13:06:00,1154.69,Vendor_020,Sales,Consulting,ACH,Emp_097,INV-2024-0000823,0,normal
TX-000919,2024-01-29 13:10:00,1052.02,Vendor_065,Support,Operations,Wire,Emp_113,INV-2024-0000832,0,normal
TX-000920,2024-01-29 13:33:00,2790.77,Vendor_076,Marketing,Payroll,Wire,Emp_059,INV-2024-0000849,0,normal
TX-000921,2024-01-29 13:44:00,2479.27,Vendor_070,Finance,Consulting,ACH,Emp_003,INV-2024-0000842,0,normal
TX-000922,2024-01-29 13:44:00,2409.18,Vendor_037,Operations,Consulting,Check,Emp_074,INV-2024-0000829,0,normal
TX-000923,2024-01-29 13:46:00,1600.13,Vendor_085,Legal,Operations,Wire,Emp_079,INV-2024-0000848,0,normal
TX-000924,2024-01-29 13:47:00,5457.78,Vendor_109,HR,Supplies,ACH,Emp_030,INV-2024-0000828,0,normal
TX-000925,2024-01-29 13:51:00,1423.15,Vendor_032,Sales,IT,ACH,Emp_091,INV-2024-0000820,0,normal
TX-000926,2024-01-29 14:17:00,1102.64,Vendor_002,Support,Travel,Wire,Emp_118,INV-2024-0000840,0,normal
TX-000927,2024-01-29 14:28:00,2383.32,Vendor_112,Operations,Operations,Wire,Emp_072,INV-2024-0000826,0,normal
TX-000928,2024-01-29 14:37:00,825.76,Vendor_004,Finance,Travel,ACH,Emp_010,INV-2024-0000818,0,normal
TX-000929,2024-01-29 15:06:00,504.78,Vendor_054,Sales,Travel,Wire,Emp_097,INV-2024-0000825,0,normal
TX-000930,2024-01-29 15:16:00,525.76,Vendor_067,Sales,Supplies,Card,Emp_098,INV-2024-0000837,0,normal
TX-000931,2024-01-29 15:48:00,1155.42,Vendor_018,IT,Payroll,Card,Emp_032,INV-2024-0000847,0,normal
TX-000932,2024-01-29 16:09:00,3908.11,Vendor_003,Support,IT,Wire,Emp_115,INV-2024-0000822,0,normal
TX-000933,2024-01-29 16:20:00,9970.0,Vendor_030,Sales,Operations,Card,Emp_099,INV-2024-0002424,1,split_payment
TX-000934,2024-01-29 16:52:00,369.41,Vendor_067,Sales,Consulting,Check,Emp_105,INV-2024-0000827,0,normal
TX-000935,2024-01-29 17:03:00,6612.89,Vendor_007,Support,Operations,Card,Emp_115,INV-2024-0000843,0,normal
TX-000936,2024-01-29 17:42:00,3507.94,Vendor_053,Finance,Payroll,Card,Emp_006,INV-2024-0000794,1,duplicate_invoice
TX-000937,2024-01-29 21:22:00,8498.7,Vendor_100,Finance,Supplies,Check,Emp_001,INV-2024-0002327,1,vendor_department_shift
TX-000938,2024-01-30 04:09:00,800.45,Vendor_067,Sales,Consulting,Check,Emp_102,INV-2024-0000808,1,duplicate_invoice
TX-000939,2024-01-30 07:09:00,7340.59,Vendor_083,Marketing,Supplies,Card,Emp_060,INV-2024-0000879,0,normal
TX-000940,2024-01-30 08:18:00,3465.3,Vendor_077,Operations,Operations,Check,Emp_067,INV-2024-0000888,0,normal
TX-000941,2024-01-30 08:28:00,5535.78,Vendor_095,Marketing,Supplies,Wire,Emp_057,INV-2024-0000871,0,normal
TX-000942,2024-01-30 08:55:00,14871.08,Vendor_025,Marketing,Supplies,ACH,Emp_058,INV-2024-0002367,1,high_amount
TX-000943,2024-01-30 09:36:00,2997.33,Vendor_073,Marketing,Payroll,ACH,Emp_056,INV-2024-0000872,0,normal
TX-000944,2024-01-30 09:38:00,715.47,Vendor_056,Sales,IT,Card,Emp_104,INV-2024-0000857,0,normal
TX-000945,2024-01-30 10:30:00,2739.37,Vendor_055,Finance,Travel,ACH,Emp_006,INV-2024-0000852,0,normal
TX-000946,2024-01-30 10:32:00,1339.41,Vendor_085,Sales,Operations,ACH,Emp_103,INV-2024-0000855,0,normal
TX-000947,2024-01-30 10:34:00,1534.38,Vendor_087,Support,IT,Wire,Emp_108,INV-2024-0000870,0,normal
TX-000948,2024-01-30 10:44:00,3730.88,Vendor_006,HR,Consulting,Wire,Emp_017,INV-2024-0000863,0,normal
TX-000949,2024-01-30 10:54:00,2039.34,Vendor_012,Sales,Supplies,Card,Emp_094,INV-2024-0000865,0,normal
TX-000950,2024-01-30 11:03:00,1366.54,Vendor_076,Finance,Payroll,ACH,Emp_003,INV-2024-0000868,0,normal
TX-000951,2024-01-30 11:08:00,677.73,Vendor_067,Finance,Supplies,Check,Emp_009,INV-2024-0000860,0,normal
TX-000952,2024-01-30 11:15:00,1145.57,Vendor_089,Finance,Travel,Wire,Emp_011,INV-2024-0000853,0,normal
TX-000953,2024-01-30 11:54:00,1843.76,Vendor_036,Operations,Travel,Card,Emp_064,INV-2024-0000876,0,normal
TX-000954,2024-01-30 11:59:00,1435.5,Vendor_091,IT,Travel,ACH,Emp_040,INV-2024-0000885,0,normal
TX-000955,2024-01-30 12:03:00,5347.75,Vendor_079,Finance,Operations,Card,Emp_009,INV-2024-0000861,0,normal
TX-000956,2024-01-30 12:06:00,1219.58,Vendor_029,IT,Supplies,Wire,Emp_040,INV-2024-0000854,0,normal
TX-000957,2024-01-30 12:10:00,328.67,Vendor_093,IT,Consulting,Check,Emp_040,INV-2024-0000851,0,normal
TX-000958,2024-01-30 12:16:00,13078.82,Vendor_072,Sales,Operations,Check,Emp_094,INV-2024-0002414,1,high_amount
TX-000959,2024-01-30 12:33:00,3663.14,Vendor_112,Operations,Payroll,Wire,Emp_068,INV-2024-0000864,0,normal
TX-000960,2024-01-30 12:37:00,1703.98,Vendor_019,Operations,Supplies,Check,Emp_067,INV-2024-0000873,0,normal
TX-000961,2024-01-30 12:39:00,1491.18,Vendor_008,HR,Supplies,Wire,Emp_016,INV-2024-0000887,0,normal
TX-000962,2024-01-30 12:52:00,4437.75,Vendor_109,HR,Supplies,Card,Emp_027,INV-2024-0000874,0,normal
TX-000963,2024-01-30 13:00:00,8154.53,Vendor_098,Sales,Travel,ACH,Emp_104,INV-2024-0000880,0,normal
TX-000964,2024-01-30 13:15:00,4994.38,Vendor_095,Marketing,Supplies,Wire,Emp_046,INV-2024-0000878,0,normal
TX-000965,2024-01-30 13:23:00,2038.72,Vendor_101,Operations,Supplies,ACH,Emp_065,INV-2024-0000867,0,normal
TX-000966,2024-01-30 13:36:00,1715.89,Vendor_101,Operations,Supplies,ACH,Emp_075,INV-2024-0000875,0,normal
TX-000967,2024-01-30 13:42:00,1901.0,Vendor_070,Finance,IT,ACH,Emp_011,INV-2024-0000886,0,normal
TX-000968,2024-01-30 13:47:00,2618.91,Vendor_055,Finance,Supplies,ACH,Emp_007,INV-2024-0000859,0,normal
TX-000969,2024-01-30 13:52:00,5731.94,Vendor_001,HR,Supplies,Wire,Emp_025,INV-2024-0000884,0,normal
TX-000970,2024-01-30 14:04:00,5003.11,Vendor_057,Finance,IT,Card,Emp_013,INV-2024-0000862,0,normal
TX-000971,2024-01-30 14:12:00,9780.0,Vendor_109,HR,Supplies,Check,Emp_027,INV-2024-0002277,1,split_payment
TX-000972,2024-01-30 14:17:00,1155.51,Vendor_020,HR,Supplies,ACH,Emp_019,INV-2024-0000881,0,normal
TX-000973,2024-01-30 14:34:00,2945.78,Vendor_033,Operations,Operations,Check,Emp_070,INV-2024-0000866,0,normal
TX-000974,2024-01-30 14:45:00,1263.75,Vendor_089,Finance,Travel,Wire,Emp_008,INV-2024-0000850,0,normal
TX-000975,2024-01-30 14:54:00,9489.99,Vendor_044,Sales,Supplies,Check,Emp_095,INV-2024-0000858,0,normal
TX-000976,2024-01-30 15:01:00,823.2,Vendor_078,HR,IT,Wire,Emp_027,INV-2024-0000877,0,normal
TX-000977,2024-01-30 15:18:00,968.06,Vendor_091,IT,Travel,Wire,Emp_032,INV-2024-0000882,0,normal
TX-000978,2024-01-30 15:26:00,1580.11,Vendor_067,IT,Travel,Check,Emp_033,INV-2024-0002396,1,vendor_department_shift
TX-000979,2024-01-30 16:12:00,3050.0,Vendor_117,Operations,IT,Card,Emp_070,INV-2024-0000883,0,normal
TX-000980,2024-01-30 16:46:00,2853.74,Vendor_021,Marketing,Operations,Card,Emp_052,INV-2024-0000856,0,normal
TX-000981,2024-01-30 18:05:00,3772.04,Vendor_095,Marketing,Travel,ACH,Emp_053,INV-2024-0000869,0,normal
TX-000982,2024-01-31 07:08:00,1239.0,Vendor_020,Sales,IT,Check,Emp_092,INV-2024-0000897,0,normal
TX-000983,2024-01-31 07:36:00,2759.2,Vendor_031,Finance,Operations,Card,Emp_003,INV-2024-0000891,0,normal
TX-000984,2024-01-31 07:46:00,1981.94,Vendor_069,Operations,Operations,Card,Emp_069,INV-2024-0000892,0,normal
TX-000985,2024-01-31 07:58:00,3452.35,Vendor_100,IT,IT,Check,Emp_032,INV-2024-0000910,0,normal
TX-000986,2024-01-31 09:07:00,4495.3,Vendor_057,Finance,IT,Check,Emp_009,INV-2024-0000893,0,normal
TX-000987,2024-01-31 09:24:00,4884.64,Vendor_042,Marketing,Payroll,ACH,Emp_048,INV-2024-0000895,0,normal
TX-000988,2024-01-31 09:47:00,3021.01,Vendor_100,Support,Operations,Wire,Emp_119,INV-2024-0000913,0,normal
TX-000989,2024-01-31 09:52:00,1264.79,Vendor_089,Finance,Supplies,ACH,Emp_010,INV-2024-0000903,0,normal
TX-000990,2024-01-31 11:21:00,1058.54,Vendor_043,Operations,Operations,Wire,Emp_063,INV-2024-0000911,0,normal
TX-000991,2024-01-31 11:25:00,1549.78,Vendor_111,Operations,Operations,ACH,Emp_071,INV-2024-0000899,0,normal
TX-000992,2024-01-31 11:42:00,785.21,Vendor_067,Sales,Supplies,Check,Emp_093,INV-2024-0000900,0,normal
TX-000993,2024-01-31 11:53:00,8831.02,Vendor_044,Sales,Supplies,Card,Emp_101,INV-2024-0000912,0,normal
TX-000994,2024-01-31 12:04:00,10324.78,Vendor_098,Legal,Travel,Card,Emp_081,INV-2024-0000889,0,normal
TX-000995,2024-01-31 12:32:00,4655.19,Vendor_094,HR,Consulting,Wire,Emp_026,INV-2024-0000907,0,normal
TX-000996,2024-01-31 12:44:00,3726.77,Vendor_016,IT,Operations,Check,Emp_040,INV-2024-0000902,0,normal
TX-000997,2024-01-31 12:47:00,5673.02,Vendor_094,HR,Consulting,ACH,Emp_022,INV-2024-0000896,0,normal
TX-000998,2024-01-31 13:47:00,4119.61,Vendor_100,Support,IT,Check,Emp_106,INV-2024-0000904,0,normal
TX-000999,2024-01-31 13:52:00,4820.0,Vendor_089,Finance,Supplies,Card,Emp_010,INV-2024-0002269,1,split_payment
TX-001000,2024-01-31 14:32:00,4412.42,Vendor_107,Support,Payroll,Card,Emp_110,INV-2024-0000894,0,normal
TX-001001,2024-01-31 15:54:00,4062.03,Vendor_107,Support,Payroll,Wire,Emp_110,INV-2024-0000908,0,normal
TX-001002,2024-01-31 15:57:00,3383.86,Vendor_006,Legal,Operations,Wire,Emp_083,INV-2024-0000901,0,normal
TX-001003,2024-01-31 16:01:00,7549.81,Vendor_102,Marketing,Travel,Wire,Emp_054,INV-2024-0000890,0,normal
TX-001004,2024-01-31 16:16:00,4973.65,Vendor_107,Support,Travel,Wire,Emp_107,INV-2024-0000909,0,normal
TX-001005,2024-01-31 17:40:00,781.83,Vendor_119,Operations,Supplies,Wire,Emp_068,INV-2024-0000898,0,normal
TX-001006,2024-01-31 17:49:00,7975.52,Vendor_098,Legal,Travel,Check,Emp_088,INV-2024-0000905,0,normal
TX-001007,2024-01-31 17:52:00,656.32,Vendor_011,Marketing,IT,ACH,Emp_058,INV-2024-0000906,0,normal
TX-001008,2024-01-31 20:26:00,646.71,Vendor_004,Support,Operations,Wire,Emp_107,INV-2024-0002405,1,vendor_department_shift
TX-001009,2024-02-01 08:07:00,1929.42,Vendor_037,Operations,Consulting,Card,Emp_062,INV-2024-0000939,0,normal
TX-001010,2024-02-01 08:38:00,3126.21,Vendor_120,Support,IT,ACH,Emp_118,INV-2024-0000915,0,normal
TX-001011,2024-02-01 08:50:00,17083.9,Vendor_006,HR,Consulting,Card,Emp_017,INV-2024-0002416,1,high_amount
TX-001012,2024-02-01 09:27:00,1726.13,Vendor_076,Finance,Payroll,Check,Emp_014,INV-2024-0000925,0,normal
TX-001013,2024-02-01 09:34:00,577.22,Vendor_004,Finance,Travel,Card,Emp_003,INV-2024-0000922,0,normal
TX-001014,2024-02-01 09:42:00,1900.91,Vendor_070,Finance,IT,Card,Emp_008,INV-2024-0000886,1,duplicate_invoice
TX-001015,2024-02-01 10:03:00,4212.3,Vendor_100,Support,IT,Check,Emp_107,INV-2024-0000924,0,normal
TX-001016,2024-02-01 10:09:00,2643.14,Vendor_040,IT,Consulting,Card,Emp_037,INV-2024-0000938,0,normal
TX-001017,2024-02-01 10:30:00,2405.31,Vendor_051,Legal,Operations,Check,Emp_088,INV-2024-0000937,0,normal
TX-001018,2024-02-01 11:00:00,3369.62,Vendor_033,IT,Operations,Wire,Emp_045,INV-2024-0000943,0,normal
TX-001019,2024-02-01 11:06:00,2418.05,Vendor_053,Sales,Consulting,Check,Emp_095,INV-2024-0000942,0,normal
TX-001020,2024-02-01 11:38:00,869.4,Vendor_087,Support,Consulting,Wire,Emp_107,INV-2024-0000923,0,normal
TX-001021,2024-02-01 11:42:00,3215.52,Vendor_003,Support,IT,Check,Emp_110,INV-2024-0000932,0,normal
TX-001022,2024-02-01 11:43:00,2951.7,Vendor_059,IT,Payroll,ACH,Emp_041,INV-2024-0000933,0,normal
TX-001023,2024-02-01 11:48:00,1298.47,Vendor_045,IT,Consulting,Wire,Emp_042,INV-2024-0000934,0,normal
TX-001024,2024-02-01 11:55:00,1000.25,Vendor_029,Legal,Supplies,ACH,Emp_089,INV-2024-0000928,0,normal
TX-001025,2024-02-01 12:01:00,12356.02,Vendor_026,IT,Payroll,Wire,Emp_033,INV-2024-0002400,1,high_amount
TX-001026,2024-02-01 12:04:00,1293.88,Vendor_091,IT,Payroll,Wire,Emp_043,INV-2024-0000929,0,normal
TX-001027,2024-02-01 12:09:00,2677.65,Vendor_081,Support,Consulting,Check,Emp_112,INV-2024-0000914,0,normal
TX-001028,2024-02-01 12:12:00,1552.72,Vendor_110,Operations,Consulting,ACH,Emp_074,INV-2024-0000940,0,normal
TX-001029,2024-02-01 12:30:00,9681.07,Vendor_120,Support,IT,Wire,Emp_106,INV-2024-0002279,1,high_amount
TX-001030,2024-02-01 12:38:00,966.29,Vendor_029,IT,Supplies,Wire,Emp_045,INV-2024-0000931,0,normal
TX-001031,2024-02-01 12:58:00,821.75,Vendor_029,Marketing,Travel,Card,Emp_050,INV-2024-0000927,0,normal
TX-001032,2024-02-01 13:24:00,1659.23,Vendor_065,Support,Operations,Wire,Emp_115,INV-2024-0000935,0,normal
TX-001033,2024-02-01 13:28:00,1388.4,Vendor_076,Legal,Payroll,ACH,Emp_080,INV-2024-0000917,0,normal
TX-001034,2024-02-01 13:42:00,3158.1,Vendor_003,Support,IT,Check,Emp_106,INV-2024-0000932,1,duplicate_invoice
TX-001035,2024-02-01 13:44:00,4392.92,Vendor_109,HR,Supplies,ACH,Emp_018,INV-2024-0000926,0,normal
TX-001036,2024-02-01 14:27:00,1474.31,Vendor_002,Support,Travel,Wire,Emp_106,INV-2024-0000936,0,normal
TX-001037,2024-02-01 14:32:00,14438.54,Vendor_060,Marketing,Consulting,Check,Emp_050,INV-2024-0000918,0,normal
TX-001038,2024-02-01 14:34:00,1523.88,Vendor_087,Support,IT,Check,Emp_113,INV-2024-0100870,1,fuzzy_duplicate
TX-001039,2024-02-01 14:41:00,757.86,Vendor_067,Finance,Consulting,Check,Emp_007,INV-2024-0000944,0,normal
TX-001040,2024-02-01 14:57:00,1965.83,Vendor_103,Support,Travel,Check,Emp_107,INV-2024-0000945,0,normal
TX-001041,2024-02-01 15:03:00,5407.75,Vendor_098,Legal,IT,ACH,Emp_089,INV-2024-0000930,0,normal
TX-001042,2024-02-01 16:05:00,1884.04,Vendor_085,IT,Operations,ACH,Emp_034,INV-2024-0000941,0,normal
TX-001043,2024-02-01 16:11:00,1203.97,Vendor_032,Sales,IT,Wire,Emp_093,INV-2024-0000921,0,normal
TX-001044,2024-02-01 16:25:00,4065.1,Vendor_009,HR,Consulting,Card,Emp_017,INV-2024-0000919,0,normal
TX-001045,2024-02-01 16:51:00,1541.41,Vendor_002,Support,Supplies,Check,Emp_115,INV-2024-0000916,0,normal
TX-001046,2024-02-01 17:38:00,1010.65,Vendor_029,IT,Supplies,Card,Emp_042,INV-2024-0000946,0,normal
TX-001047,2024-02-01 17:56:00,2532.6,Vendor_113,Support,Travel,ACH,Emp_119,INV-2024-0000920,0,normal
TX-001048,2024-02-01 21:10:00,865.12,Vendor_029,IT,Supplies,Card,Emp_042,INV-2024-0002325,1,same_day_burst
TX-001049,2024-02-01 23:08:00,1692.31,Vendor_076,Legal,Payroll,ACH,Emp_080,INV-2024-0002298,1,same_day_burst
TX-001050,2024-02-02 07:00:00,13550.51,Vendor_044,Sales,Supplies,Check,Emp_104,INV-2024-0000950,0,normal
TX-001051,2024-02-02 07:51:00,1589.14,Vendor_085,Sales,Operations,Wire,Emp_092,INV-2024-0000952,0,normal
TX-001052,2024-02-02 08:39:00,1752.48,Vendor_012,Legal,Travel,Card,Emp_080,INV-2024-0000956,0,normal
TX-001053,2024-02-02 08:43:00,995.96,Vendor_115,Finance,Payroll,Check,Emp_009,INV-2024-0000947,0,normal
TX-001054,2024-02-02 08:44:00,1464.32,Vendor_074,Sales,Travel,ACH,Emp_102,INV-2024-0000960,0,normal
TX-001055,2024-02-02 09:45:00,3926.09,Vendor_114,Marketing,Travel,ACH,Emp_052,INV-2024-0000958,0,normal
TX-001056,2024-02-02 10:34:00,1261.04,Vendor_023,IT,Supplies,Wire,Emp_036,INV-2024-0000948,0,normal
TX-001057,2024-02-02 10:52:00,1969.07,Vendor_036,Operations,Travel,Card,Emp_061,INV-2024-0000961,0,normal
TX-001058,2024-02-02 10:57:00,3336.17,Vendor_021,Marketing,Payroll,Card,Emp_047,INV-2024-0000968,0,normal
TX-001059,2024-02-02 11:02:00,1181.29,Vendor_099,Marketing,IT,Wire,Emp_048,INV-2024-0000972,0,normal
TX-001060,2024-02-02 11:18:00,2340.28,Vendor_110,Operations,Consulting,ACH,Emp_063,INV-2024-0000955,0,normal
TX-001061,2024-02-02 11:30:00,672.55,Vendor_067,Sales,Supplies,ACH,Emp_103,INV-2024-0000963,0,normal
TX-001062,2024-02-02 12:16:00,2764.71,Vendor_003,Support,Payroll,ACH,Emp_110,INV-2024-0000953,0,normal
TX-001063,2024-02-02 12:26:00,875.25,Vendor_104,Marketing,Operations,Wire,Emp_054,INV-2024-0000962,0,normal
TX-001064,2024-02-02 12:53:00,1509.37,Vendor_020,Sales,Consulting,Card,Emp_092,INV-2024-0000965,0,normal
TX-001065,2024-02-02 12:59:00,4898.73,Vendor_114,Marketing,Consulting,Check,Emp_059,INV-2024-0000964,0,normal
TX-001066,2024-02-02 13:14:00,1289.72,Vendor_018,IT,Payroll,ACH,Emp_031,INV-2024-0000971,0,normal
TX-001067,2024-02-02 13:27:00,2698.5,Vendor_105,Support,IT,Check,Emp_120,INV-2024-0000967,0,normal
TX-001068,2024-02-02 13:28:00,1310.62,Vendor_111,Operations,Operations,Check,Emp_066,INV-2024-0000969,0,normal
TX-001069,2024-02-02 14:08:00,6071.35,Vendor_098,Legal,Travel,ACH,Emp_080,INV-2024-0000970,0,normal
TX-001070,2024-02-02 14:35:00,5777.0,Vendor_114,Marketing,Consulting,Check,Emp_059,INV-2024-0002268,1,same_day_burst
TX-001071,2024-02-02 15:04:00,2410.42,Vendor_079,Legal,Consulting,Wire,Emp_088,INV-2024-0000966,0,normal
TX-001072,2024-02-02 15:41:00,1579.34,Vendor_101,Operations,Supplies,ACH,Emp_061,INV-2024-0000957,0,normal
TX-001073,2024-02-02 16:18:00,727.9,Vendor_018,Legal,Payroll,Wire,Emp_078,INV-2024-0000951,0,normal
TX-001074,2024-02-02 16:37:00,3215.78,Vendor_059,Marketing,Consulting,Card,Emp_047,INV-2024-0000959,0,normal
TX-001075,2024-02-02 17:33:00,3726.62,Vendor_021,Sales,Consulting,Card,Emp_094,INV-2024-0000949,0,normal
TX-001076,2024-02-02 17:46:00,4185.18,Vendor_042,Marketing,Supplies,Check,Emp_055,INV-2024-0000954,0,normal
TX-001077,2024-02-02 22:04:00,3650.44,Vendor_021,Sales,Consulting,Card,Emp_094,INV-2024-0002287,1,same_day_burst
TX-001078,2024-02-03 10:06:00,2443.47,Vendor_038,Legal,Supplies,Card,Emp_085,INV-2024-0000980,0,normal
TX-001079,2024-02-03 10:09:00,1025.48,Vendor_010,Marketing,Operations,Wire,Emp_046,INV-2024-0000982,0,normal
TX-001080,2024-02-03 11:34:00,830.37,Vendor_028,HR,Supplies,Card,Emp_021,INV-2024-0000983,0,normal
TX-001081,2024-02-03 12:07:00,1689.39,Vendor_089,Finance,Supplies,Wire,Emp_001,INV-2024-0000976,0,normal
TX-001082,2024-02-03 12:30:00,5648.25,Vendor_043,Operations,Operations,ACH,Emp_074,INV-2024-0002374,1,high_amount
TX-001083,2024-02-03 12:41:00,2904.96,Vendor_113,Marketing,Consulting,Check,Emp_048,INV-2024-0000973,0,normal
TX-001084,2024-02-03 14:04:00,611.11,Vendor_115,HR,Payroll,Check,Emp_021,INV-2024-0000979,0,normal
TX-001085,2024-02-03 14:46:00,964.0,Vendor_043,Operations,Operations,Wire,Emp_070,INV-2024-0000974,0,normal
TX-001086,2024-02-03 15:26:00,748.43,Vendor_119,Operations,Consulting,Wire,Emp_072,INV-2024-0000978,0,normal
TX-001087,2024-02-03 15:39:00,2166.99,Vendor_065,Finance,IT,Wire,Emp_007,INV-2024-0002378,1,vendor_department_shift
TX-001088,2024-02-03 15:45:00,2376.81,Vendor_117,Operations,Payroll,Card,Emp_071,INV-2024-0000984,0,normal
TX-001089,2024-02-03 16:28:00,3440.58,Vendor_072,Sales,Operations,Card,Emp_101,INV-2024-0000981,0,normal
TX-001090,2024-02-03 16:30:00,2150.46,Vendor_101,Operations,Supplies,ACH,Emp_062,INV-2024-0000977,0,normal
TX-001091,2024-02-03 18:02:00,1120.55,Vendor_035,Sales,Supplies,ACH,Emp_097,INV-2024-0000975,0,normal
TX-001092,2024-02-04 07:50:00,2319.1,Vendor_043,HR,Payroll,Wire,Emp_026,INV-2024-0002382,1,vendor_department_shift
TX-001093,2024-02-04 08:50:00,2859.15,Vendor_084,Marketing,Supplies,ACH,Emp_059,INV-2024-0000993,0,normal
TX-001094,2024-02-04 10:21:00,4717.83,Vendor_026,IT,Travel,Check,Emp_039,INV-2024-0000999,0,normal
TX-001095,2024-02-04 10:31:00,3260.44,Vendor_006,Legal,Consulting,Check,Emp_082,INV-2024-0001003,0,normal
TX-001096,2024-02-04 10:37:00,1345.94,Vendor_099,Marketing,IT,Card,Emp_049,INV-2024-0001001,0,normal
TX-001097,2024-02-04 11:17:00,1638.91,Vendor_056,Sales,Operations,Card,Emp_092,INV-2024-0000994,0,normal
TX-001098,2024-02-04 11:52:00,3133.75,Vendor_050,Sales,Consulting,Card,Emp_100,INV-2024-0000987,0,normal
TX-001099,2024-02-04 12:09:00,4383.69,Vendor_051,Legal,Operations,Card,Emp_085,INV-2024-0000990,0,normal
TX-001100,2024-02-04 12:29:00,2883.17,Vendor_053,Finance,Consulting,Card,Emp_005,INV-2024-0001005,0,normal
TX-001101,2024-02-04 12:32:00,7731.25,Vendor_017,Legal,Operations,Card,Emp_086,INV-2024-0001002,0,normal
TX-001102,2024-02-04 12:40:00,1261.14,Vendor_032,Sales,IT,ACH,Emp_100,INV-2024-0000995,0,normal
TX-001103,2024-02-04 12:51:00,301.81,Vendor_093,IT,Consulting,Check,Emp_041,INV-2024-0000992,0,normal
TX-001104,2024-02-04 12:52:00,622.96,Vendor_013,Legal,IT,Card,Emp_078,INV-2024-0000989,0,normal
TX-001105,2024-02-04 12:54:00,908.34,Vendor_082,Operations,Consulting,Card,Emp_061,INV-2024-0000996,0,normal
TX-001106,2024-02-04 13:01:00,1860.92,Vendor_101,Operations,Supplies,Check,Emp_068,INV-2024-0000991,0,normal
TX-001107,2024-02-04 13:19:00,1029.49,Vendor_104,Finance,Operations,ACH,Emp_008,INV-2024-0000985,0,normal
TX-001108,2024-02-04 13:51:00,10444.04,Vendor_102,Marketing,Travel,Card,Emp_052,INV-2024-0000986,0,normal
TX-001109,2024-02-04 13:55:00,12774.75,Vendor_118,HR,IT,Check,Emp_025,INV-2024-0001000,0,normal
TX-001110,2024-02-04 15:51:00,835.45,Vendor_011,Marketing,Supplies,ACH,Emp_047,INV-2024-0000998,0,normal
TX-001111,2024-02-04 16:21:00,4789.74,Vendor_026,IT,Travel,Check,Emp_040,INV-2024-0000997,1,fuzzy_duplicate
TX-001112,2024-02-04 16:42:00,666.09,Vendor_093,Support,Supplies,Wire,Emp_117,INV-2024-0002431,1,vendor_department_shift
TX-001113,2024-02-04 16:51:00,3467.42,Vendor_059,Marketing,Consulting,Check,Emp_051,INV-2024-0001004,0,normal
TX-001114,2024-02-04 17:06:00,1630.23,Vendor_065,Support,Operations,Wire,Emp_116,INV-2024-0000988,0,normal
TX-001115,2024-02-04 18:04:00,2706.78,Vendor_028,HR,Payroll,Wire,Emp_028,INV-2024-0000997,0,normal
TX-001116,2024-02-04 21:29:00,5091.41,Vendor_006,Legal,IT,Card,Emp_086,INV-2024-0002264,1,payment_method_switch
TX-001117,2024-02-05 06:51:00,996.03,Vendor_010,Sales,Supplies,ACH,Emp_094,INV-2024-0002252,1,vendor_department_shift
TX-001118,2024-02-05 07:08:00,1710.14,Vendor_116,Support,IT,ACH,Emp_117,INV-2024-0001035,0,normal
TX-001119,2024-02-05 07:41:00,733.82,Vendor_115,HR,Payroll,Wire,Emp_020,INV-2024-0001011,0,normal
TX-001120,2024-02-05 08:06:00,2711.68,Vendor_100,Support,Operations,Check,Emp_117,INV-2024-0001030,0,normal
TX-001121,2024-02-05 08:12:00,1481.75,Vendor_045,Marketing,Supplies,Check,Emp_058,INV-2024-0001040,0,normal
TX-001122,2024-02-05 08:14:00,5949.85,Vendor_095,Marketing,Supplies,Wire,Emp_046,INV-2024-0001010,0,normal
TX-001123,2024-02-05 08:19:00,1966.77,Vendor_023,IT,Operations,Check,Emp_037,INV-2024-0001016,0,normal
TX-001124,2024-02-05 08:41:00,2934.69,Vendor_064,Support,Supplies,Check,Emp_112,INV-2024-0001007,0,normal
TX-001125,2024-02-05 10:16:00,1508.09,Vendor_074,Sales,Travel,Wire,Emp_099,INV-2024-0001026,0,normal
TX-001126,2024-02-05 10:21:00,687.52,Vendor_108,Legal,Payroll,Check,Emp_077,INV-2024-0001015,0,normal
TX-001127,2024-02-05 10:24:00,3061.92,Vendor_039,Marketing,Consulting,ACH,Emp_055,INV-2024-0001027,0,normal
TX-001128,2024-02-05 11:20:00,558.45,Vendor_004,Finance,Travel,ACH,Emp_015,INV-2024-0001006,0,normal
TX-001129,2024-02-05 11:33:00,3330.59,Vendor_028,HR,Supplies,Card,Emp_027,INV-2024-0001045,0,normal
TX-001130,2024-02-05 11:42:00,1797.11,Vendor_038,HR,Supplies,Card,Emp_023,INV-2024-0001019,0,normal
TX-001131,2024-02-05 12:00:00,2993.2,Vendor_105,Support,IT,Check,Emp_109,INV-2024-0001042,0,normal
TX-001132,2024-02-05 12:02:00,631.18,Vendor_052,Operations,Consulting,Check,Emp_074,INV-2024-0001034,0,normal
TX-001133,2024-02-05 12:08:00,3427.92,Vendor_061,Marketing,IT,Wire,Emp_057,INV-2024-0001018,0,normal
TX-001134,2024-02-05 12:12:00,3661.69,Vendor_021,Marketing,Supplies,Card,Emp_051,INV-2024-0001037,0,normal
TX-001135,2024-02-05 12:24:00,5117.9,Vendor_058,HR,Payroll,Wire,Emp_020,INV-2024-0001031,0,normal
TX-001136,2024-02-05 12:27:00,1632.81,Vendor_075,Sales,Payroll,Check,Emp_103,INV-2024-0001023,0,normal
TX-001137,2024-02-05 12:33:00,4123.94,Vendor_058,HR,Payroll,Wire,Emp_029,INV-2024-0001017,0,normal
TX-001138,2024-02-05 12:43:00,3835.48,Vendor_016,IT,Operations,Card,Emp_031,INV-2024-0001041,0,normal
TX-001139,2024-02-05 12:44:00,2687.65,Vendor_055,Finance,IT,ACH,Emp_010,INV-2024-0001044,0,normal
TX-001140,2024-02-05 13:03:00,3399.16,Vendor_016,IT,Consulting,Check,Emp_031,INV-2024-0001043,0,normal
TX-001141,2024-02-05 13:17:00,3422.79,Vendor_059,Marketing,Consulting,Card,Emp_054,INV-2024-0001036,0,normal
TX-001142,2024-02-05 13:17:00,3324.96,Vendor_088,Finance,Travel,Check,Emp_009,INV-2024-0001022,0,normal
TX-001143,2024-02-05 13:18:00,1172.36,Vendor_032,Operations,Payroll,Wire,Emp_075,INV-2024-0001032,0,normal
TX-001144,2024-02-05 13:41:00,2296.67,Vendor_047,Operations,Consulting,Wire,Emp_072,INV-2024-0001014,0,normal
TX-001145,2024-02-05 13:47:00,5388.23,Vendor_100,Support,Operations,Check,Emp_115,INV-2024-0001009,0,normal
TX-001146,2024-02-05 13:51:00,6298.23,Vendor_109,Finance,Supplies,ACH,Emp_004,INV-2024-0001013,0,normal
TX-001147,2024-02-05 14:02:00,1832.09,Vendor_114,Marketing,Consulting,Check,Emp_054,INV-2024-0001012,0,normal
TX-001148,2024-02-05 14:14:00,1268.27,Vendor_099,Marketing,Travel,Card,Emp_058,INV-2024-0001033,0,normal
TX-001149,2024-02-05 14:14:00,7469.87,Vendor_098,Legal,Travel,Check,Emp_081,INV-2024-0001020,0,normal
TX-001150,2024-02-05 14:29:00,1259.52,Vendor_025,Marketing,Supplies,Wire,Emp_056,INV-2024-0001038,0,normal
TX-001151,2024-02-05 15:01:00,2453.68,Vendor_031,Finance,Supplies,Card,Emp_013,INV-2024-0001008,0,normal
TX-001152,2024-02-05 15:53:00,3027.87,Vendor_072,Sales,Operations,Wire,Emp_095,INV-2024-0001028,0,normal
TX-001153,2024-02-05 16:19:00,5652.29,Vendor_060,Marketing,Payroll,Card,Emp_051,INV-2024-0001039,0,normal
TX-001154,2024-02-05 17:19:00,1219.46,Vendor_056,Sales,Consulting,Card,Emp_102,INV-2024-0001029,0,normal
TX-001155,2024-02-05 17:29:00,1905.54,Vendor_025,Marketing,Supplies,Card,Emp_047,INV-2024-0001024,0,normal
TX-001156,2024-02-05 17:57:00,12099.78,Vendor_044,Sales,Supplies,Check,Emp_104,INV-2024-0001025,0,normal
TX-001157,2024-02-05 18:25:00,1588.41,Vendor_085,Sales,IT,ACH,Emp_092,INV-2024-0001021,0,normal
TX-001158,2024-02-06 04:43:00,4539.12,Vendor_101,Sales,IT,ACH,Emp_101,INV-2024-0002322,1,vendor_department_shift
TX-001159,2024-02-06 07:45:00,2986.63,Vendor_016,IT,Operations,ACH,Emp_042,INV-2024-0001069,0,normal
TX-001160,2024-02-06 07:53:00,30174.5,Vendor_114,Marketing,Travel,Card,Emp_052,INV-2024-0002297,1,high_amount
TX-001161,2024-02-06 08:00:00,3112.03,Vendor_079,Finance,Operations,Check,Emp_012,INV-2024-0001061,0,normal
TX-001162,2024-02-06 08:44:00,5675.46,Vendor_031,IT,Operations,ACH,Emp_038,INV-2024-0001048,0,normal
TX-001163,2024-02-06 09:21:00,2768.63,Vendor_064,Support,Operations,Check,Emp_114,INV-2024-0001065,0,normal
TX-001164,2024-02-06 10:24:00,9425.44,Vendor_060,Marketing,Payroll,Check,Emp_055,INV-2024-0001060,0,normal
TX-001165,2024-02-06 10:26:00,2084.08,Vendor_037,Operations,Consulting,Card,Emp_065,INV-2024-0001054,0,normal
TX-001166,2024-02-06 10:38:00,1636.34,Vendor_107,Support,Payroll,Wire,Emp_113,INV-2024-0001072,0,normal
TX-001167,2024-02-06 10:44:00,4415.78,Vendor_015,Marketing,Operations,Wire,Emp_049,INV-2024-0001055,0,normal
TX-001168,2024-02-06 10:52:00,304.93,Vendor_093,IT,Consulting,Wire,Emp_041,INV-2024-0001057,0,normal
TX-001169,2024-02-06 10:57:00,4187.25,Vendor_107,Sales,Payroll,Wire,Emp_098,INV-2024-0001046,0,normal
TX-001170,2024-02-06 11:04:00,2619.81,Vendor_088,Finance,Travel,Card,Emp_008,INV-2024-0001079,0,normal
TX-001171,2024-02-06 11:04:00,4840.0,Vendor_107,Sales,Payroll,ACH,Emp_098,INV-2024-0002411,1,split_payment
TX-001172,2024-02-06 11:06:00,5140.96,Vendor_109,HR,Supplies,ACH,Emp_028,INV-2024-0001051,0,normal
TX-001173,2024-02-06 11:22:00,1328.44,Vendor_074,Sales,Travel,ACH,Emp_095,INV-2024-0001077,0,normal
TX-001174,2024-02-06 11:46:00,9115.14,Vendor_044,Sales,IT,ACH,Emp_098,INV-2024-0001058,0,normal
TX-001175,2024-02-06 11:51:00,898.08,Vendor_116,Support,IT,Wire,Emp_118,INV-2024-0001082,0,normal
TX-001176,2024-02-06 12:40:00,1973.64,Vendor_037,Finance,Consulting,Card,Emp_012,INV-2024-0001076,0,normal
TX-001177,2024-02-06 12:40:00,132.47,Vendor_004,Finance,Travel,Wire,Emp_002,INV-2024-0001059,0,normal
TX-001178,2024-02-06 12:50:00,1900.0,Vendor_101,Operations,Supplies,ACH,Emp_072,INV-2024-0001049,0,normal
TX-001179,2024-02-06 12:51:00,2682.32,Vendor_105,Finance,Consulting,Check,Emp_008,INV-2024-0001081,0,normal
TX-001180,2024-02-06 12:52:00,1973.24,Vendor_019,Operations,Travel,Wire,Emp_063,INV-2024-0001067,0,normal
TX-001181,2024-02-06 12:57:00,2470.0,Vendor_064,Support,Operations,ACH,Emp_114,INV-2024-0002317,1,split_payment
TX-001182,2024-02-06 13:12:00,3014.24,Vendor_055,Finance,Payroll,ACH,Emp_010,INV-2024-0001047,0,normal
TX-001183,2024-02-06 13:19:00,910.95,Vendor_032,Sales,Supplies,Wire,Emp_102,INV-2024-0001064,0,normal
TX-001184,2024-02-06 13:20:00,4830.0,Vendor_107,Support,Payroll,ACH,Emp_113,INV-2024-0002295,1,split_payment
TX-001185,2024-02-06 13:21:00,773.27,Vendor_018,IT,Payroll,Wire,Emp_035,INV-2024-0001068,0,normal
TX-001186,2024-02-06 13:29:00,666.9,Vendor_032,Sales,Supplies,Wire,Emp_102,INV-2024-0001075,0,normal
TX-001187,2024-02-06 13:42:00,383.0,Vendor_067,Sales,Supplies,Check,Emp_091,INV-2024-0001062,0,normal
TX-001188,2024-02-06 14:01:00,1794.61,Vendor_051,Legal,Operations,ACH,Emp_083,INV-2024-0001073,0,normal
TX-001189,2024-02-06 14:18:00,2117.57,Vendor_113,Support,Payroll,ACH,Emp_118,INV-2024-0001080,0,normal
TX-001190,2024-02-06 14:33:00,4360.94,Vendor_009,HR,Consulting,Check,Emp_030,INV-2024-0001063,0,normal
TX-001191,2024-02-06 14:38:00,1856.36,Vendor_117,Operations,Supplies,Card,Emp_066,INV-2024-0001052,0,normal
TX-001192,2024-02-06 14:53:00,6304.81,Vendor_094,HR,Consulting,Wire,Emp_025,INV-2024-0001050,0,normal
TX-001193,2024-02-06 14:57:00,4770.0,Vendor_105,Finance,Consulting,ACH,Emp_008,INV-2024-0002332,1,split_payment
TX-001194,2024-02-06 15:20:00,2248.17,Vendor_019,Operations,Operations,Wire,Emp_072,INV-2024-0001056,0,normal
TX-001195,2024-02-06 15:58:00,2302.03,Vendor_072,Sales,Operations,Wire,Emp_100,INV-2024-0001071,0,normal
TX-001196,2024-02-06 16:13:00,1714.71,Vendor_049,Legal,Payroll,Wire,Emp_077,INV-2024-0001066,0,normal
TX-001197,2024-02-06 16:17:00,815.77,Vendor_056,Sales,Consulting,Wire,Emp_094,INV-2024-0001053,0,normal
TX-001198,2024-02-06 17:07:00,3179.46,Vendor_026,IT,Consulting,Check,Emp_031,INV-2024-0001070,0,normal
TX-001199,2024-02-06 17:23:00,804.5,Vendor_071,Finance,Travel,ACH,Emp_015,INV-2024-0001074,0,normal
TX-001200,2024-02-06 18:07:00,1348.63,Vendor_091,Support,Payroll,Wire,Emp_108,INV-2024-0001078,0,normal
TX-001201,2024-02-07 07:40:00,1942.92,Vendor_012,Sales,Supplies,Check,Emp_100,INV-2024-0001116,0,normal
TX-001202,2024-02-07 08:11:00,951.54,Vendor_035,Sales,Supplies,Card,Emp_099,INV-2024-0001089,0,normal
TX-001203,2024-02-07 09:41:00,4124.36,Vendor_031,Marketing,Operations,ACH,Emp_057,INV-2024-0001108,0,normal
TX-001204,2024-02-07 09:41:00,4396.11,Vendor_009,HR,Consulting,ACH,Emp_016,INV-2024-0001085,0,normal
TX-001205,2024-02-07 09:44:00,1737.08,Vendor_037,Finance,Consulting,Wire,Emp_008,INV-2024-0001111,0,normal
TX-001206,2024-02-07 10:09:00,1101.25,Vendor_110,Operations,Payroll,ACH,Emp_069,INV-2024-0001113,0,normal
TX-001207,2024-02-07 10:29:00,5563.61,Vendor_016,IT,Operations,ACH,Emp_036,INV-2024-0001098,0,normal
TX-001208,2024-02-07 10:34:00,3132.45,Vendor_120,Support,Travel,ACH,Emp_112,INV-2024-0001084,0,normal
TX-001209,2024-02-07 10:45:00,6050.0,Vendor_096,IT,Payroll,Check,Emp_031,INV-2024-0001100,0,normal
TX-001210,2024-02-07 10:58:00,884.07,Vendor_022,Sales,Supplies,ACH,Emp_103,INV-2024-0001119,0,normal
TX-001211,2024-02-07 11:09:00,1230.34,Vendor_089,Finance,Travel,Wire,Emp_005,INV-2024-0001093,0,normal
TX-001212,2024-02-07 11:47:00,2681.14,Vendor_038,Legal,Supplies,ACH,Emp_086,INV-2024-0001083,0,normal
TX-001213,2024-02-07 11:52:00,2206.2,Vendor_070,Finance,Consulting,ACH,Emp_009,INV-2024-0001107,0,normal
TX-001214,2024-02-07 12:33:00,13405.52,Vendor_118,Operations,Operations,ACH,Emp_073,INV-2024-0001095,0,normal
TX-001215,2024-02-07 12:46:00,673.95,Vendor_104,Marketing,IT,Card,Emp_054,INV-2024-0001117,0,normal
TX-001216,2024-02-07 12:51:00,824.39,Vendor_052,Operations,Consulting,ACH,Emp_063,INV-2024-0001114,0,normal
TX-001217,2024-02-07 12:52:00,1622.71,Vendor_002,Support,Operations,Check,Emp_120,INV-2024-0001110,0,normal
TX-001218,2024-02-07 13:02:00,703.06,Vendor_108,Marketing,Payroll,Check,Emp_050,INV-2024-0001104,0,normal
TX-001219,2024-02-07 13:08:00,2179.4,Vendor_025,Marketing,Supplies,Check,Emp_060,INV-2024-0001103,0,normal
TX-001220,2024-02-07 13:19:00,976.96,Vendor_004,Finance,Consulting,Card,Emp_013,INV-2024-0001087,0,normal
TX-001221,2024-02-07 13:22:00,2205.93,Vendor_023,IT,IT,Check,Emp_035,INV-2024-0001091,0,normal
TX-001222,2024-02-07 13:22:00,881.42,Vendor_004,Finance,IT,Card,Emp_013,INV-2024-0001106,0,normal
TX-001223,2024-02-07 13:38:00,3859.39,Vendor_079,Finance,Consulting,Wire,Emp_011,INV-2024-0001097,0,normal
TX-001224,2024-02-07 14:07:00,1512.5,Vendor_045,IT,Supplies,Check,Emp_044,INV-2024-0001092,0,normal
TX-001225,2024-02-07 14:27:00,3030.81,Vendor_006,Legal,Payroll,Check,Emp_081,INV-2024-0001088,0,normal
TX-001226,2024-02-07 14:48:00,3234.63,Vendor_033,Operations,Operations,Card,Emp_062,INV-2024-0001115,0,normal
TX-001227,2024-02-07 14:52:00,3334.73,Vendor_081,Marketing,Consulting,Card,Emp_057,INV-2024-0001109,0,normal
TX-001228,2024-02-07 14:52:00,2056.48,Vendor_111,Operations,Supplies,Check,Emp_064,INV-2024-0001118,0,normal
TX-001229,2024-02-07 15:01:00,2026.52,Vendor_101,Operations,Supplies,ACH,Emp_071,INV-2024-0001101,0,normal
TX-001230,2024-02-07 15:16:00,61463.98,Vendor_060,Marketing,Consulting,Wire,Emp_050,INV-2024-0002331,1,high_amount
TX-001231,2024-02-07 15:22:00,2245.77,Vendor_070,IT,Supplies,Card,Emp_033,INV-2024-0001094,0,normal
TX-001232,2024-02-07 15:39:00,5270.13,Vendor_031,Finance,Operations,Wire,Emp_014,INV-2024-0001096,0,normal
TX-001233,2024-02-07 16:19:00,4492.86,Vendor_016,IT,Consulting,ACH,Emp_034,INV-2024-0001090,0,normal
TX-001234,2024-02-07 16:26:00,2853.18,Vendor_113,Support,IT,ACH,Emp_118,INV-2024-0001102,0,normal
TX-001235,2024-02-07 16:31:00,3483.07,Vendor_061,Marketing,Travel,ACH,Emp_059,INV-2024-0001099,0,normal
TX-001236,2024-02-07 17:02:00,3341.93,Vendor_081,Support,Supplies,Check,Emp_117,INV-2024-0001120,0,normal
TX-001237,2024-02-07 17:15:00,2203.76,Vendor_086,Finance,Consulting,Wire,Emp_015,INV-2024-0001112,0,normal
TX-001238,2024-02-07 17:46:00,1640.37,Vendor_051,Legal,Operations,Check,Emp_086,INV-2024-0001086,0,normal
TX-001239,2024-02-07 18:33:00,5925.35,Vendor_062,Sales,IT,ACH,Emp_094,INV-2024-0001105,0,normal
TX-001240,2024-02-07 19:11:00,2350.0,Vendor_086,Finance,Consulting,Check,Emp_015,INV-2024-0002381,1,split_payment
TX-001241,2024-02-08 04:24:00,9312.89,Vendor_060,Marketing,Payroll,ACH,Emp_060,INV-2024-0001060,1,duplicate_invoice
TX-001242,2024-02-08 07:18:00,25.0,Vendor_023,IT,IT,Card,Emp_033,INV-2024-0001132,0,normal
TX-001243,2024-02-08 08:16:00,2711.04,Vendor_073,Marketing,IT,ACH,Emp_049,INV-2024-0001122,0,normal
TX-001244,2024-02-08 08:52:00,1668.28,Vendor_066,HR,Operations,Wire,Emp_023,INV-2024-0001142,0,normal
TX-001245,2024-02-08 09:18:00,829.79,Vendor_052,IT,Consulting,Check,Emp_036,INV-2024-0001133,0,normal
TX-001246,2024-02-08 09:43:00,2817.67,Vendor_110,Operations,Consulting,Wire,Emp_074,INV-2024-0001124,0,normal
TX-001247,2024-02-08 09:57:00,10387.74,Vendor_096,IT,Travel,ACH,Emp_038,INV-2024-0001143,0,normal
TX-001248,2024-02-08 09:57:00,2821.82,Vendor_080,IT,Supplies,ACH,Emp_044,INV-2024-0001137,0,normal
TX-001249,2024-02-08 10:13:00,733.21,Vendor_119,Operations,Consulting,Wire,Emp_075,INV-2024-0001127,0,normal
TX-001250,2024-02-08 10:17:00,3651.8,Vendor_031,IT,IT,ACH,Emp_031,INV-2024-0001138,0,normal
TX-001251,2024-02-08 10:20:00,2367.42,Vendor_064,Support,Supplies,Check,Emp_111,INV-2024-0001141,0,normal
TX-001252,2024-02-08 11:06:00,3651.18,Vendor_038,HR,Supplies,Wire,Emp_025,INV-2024-0001136,0,normal
TX-001253,2024-02-08 11:16:00,4659.42,Vendor_079,Finance,Supplies,Check,Emp_001,INV-2024-0001135,0,normal
TX-001254,2024-02-08 11:19:00,1165.73,Vendor_116,Support,Supplies,ACH,Emp_115,INV-2024-0001139,0,normal
TX-001255,2024-02-08 11:37:00,2960.5,Vendor_072,Sales,Operations,Check,Emp_101,INV-2024-0001130,0,normal
TX-001256,2024-02-08 11:54:00,1072.5,Vendor_078,HR,Consulting,ACH,Emp_027,INV-2024-0001123,0,normal
TX-001257,2024-02-08 12:01:00,2050.26,Vendor_070,Marketing,Consulting,ACH,Emp_048,INV-2024-0001128,0,normal
TX-001258,2024-02-08 12:43:00,4658.36,Vendor_031,Finance,IT,ACH,Emp_005,INV-2024-0001144,0,normal
TX-001259,2024-02-08 12:56:00,3893.54,Vendor_086,Sales,Payroll,Card,Emp_092,INV-2024-0001125,0,normal
TX-001260,2024-02-08 13:04:00,1705.0,Vendor_076,Legal,Supplies,ACH,Emp_080,INV-2024-0001131,0,normal
TX-001261,2024-02-08 13:29:00,1259.18,Vendor_025,Marketing,Supplies,ACH,Emp_052,INV-2024-0001038,1,duplicate_invoice
TX-001262,2024-02-08 13:47:00,2935.37,Vendor_113,Support,Consulting,Card,Emp_109,INV-2024-0001134,0,normal
TX-001263,2024-02-08 13:54:00,5227.52,Vendor_079,Finance,Consulting,Wire,Emp_014,INV-2024-0001121,0,normal
TX-001264,2024-02-08 15:02:00,9206.61,Vendor_118,Operations,Consulting,Check,Emp_071,INV-2024-0001140,0,normal
TX-001265,2024-02-08 15:26:00,4542.29,Vendor_043,Operations,Operations,Card,Emp_070,INV-2024-0002293,1,high_amount
TX-001266,2024-02-08 16:14:00,10094.31,Vendor_044,Marketing,Supplies,Check,Emp_052,INV-2024-0001126,0,normal
TX-001267,2024-02-08 17:40:00,1269.4,Vendor_099,Marketing,IT,Card,Emp_046,INV-2024-0001129,0,normal
TX-001268,2024-02-08 19:05:00,10263.93,Vendor_015,Marketing,IT,Card,Emp_049,INV-2024-0002361,1,payment_method_switch
TX-001269,2024-02-08 23:27:00,3038.72,Vendor_006,Legal,Payroll,Wire,Emp_076,INV-2024-0001088,1,duplicate_invoice
TX-001270,2024-02-09 09:14:00,5419.75,Vendor_109,HR,IT,ACH,Emp_024,INV-2024-0001175,0,normal
TX-001271,2024-02-09 09:18:00,12448.35,Vendor_044,Sales,Supplies,Check,Emp_096,INV-2024-0001183,0,normal
TX-001272,2024-02-09 09:21:00,1081.21,Vendor_035,Sales,Supplies,Wire,Emp_093,INV-2024-0001185,0,normal
TX-001273,2024-02-09 09:24:00,8387.07,Vendor_118,Operations,Consulting,Check,Emp_061,INV-2024-0001178,0,normal
TX-001274,2024-02-09 09:25:00,1752.57,Vendor_089,Finance,Supplies,Wire,Emp_004,INV-2024-0001159,0,normal
TX-001275,2024-02-09 09:32:00,3172.72,Vendor_038,Marketing,Supplies,Card,Emp_051,INV-2024-0001148,0,normal
TX-001276,2024-02-09 09:35:00,921.25,Vendor_010,Marketing,IT,Card,Emp_060,INV-2024-0001170,0,normal
TX-001277,2024-02-09 09:42:00,1804.63,Vendor_037,Operations,Consulting,Card,Emp_064,INV-2024-0001156,0,normal
TX-001278,2024-02-09 10:07:00,1254.26,Vendor_032,Sales,IT,Wire,Emp_091,INV-2024-0001173,0,normal
TX-001279,2024-02-09 10:24:00,1148.16,Vendor_119,Operations,Consulting,Card,Emp_071,INV-2024-0001146,0,normal
TX-001280,2024-02-09 10:25:00,4455.54,Vendor_107,Support,Payroll,Wire,Emp_116,INV-2024-0001153,0,normal
TX-001281,2024-02-09 10:49:00,1770.39,Vendor_037,Operations,Consulting,Wire,Emp_075,INV-2024-0001149,0,normal
TX-001282,2024-02-09 11:05:00,2675.24,Vendor_064,Support,Travel,Wire,Emp_113,INV-2024-0001179,0,normal
TX-001283,2024-02-09 11:12:00,3294.7,Vendor_061,Marketing,Travel,ACH,Emp_056,INV-2024-0001177,0,normal
TX-001284,2024-02-09 11:17:00,819.06,Vendor_011,Marketing,IT,Card,Emp_047,INV-2024-0001157,0,normal
TX-001285,2024-02-09 11:21:00,3217.08,Vendor_120,Support,IT,Card,Emp_109,INV-2024-0001164,0,normal
TX-001286,2024-02-09 11:22:00,3203.42,Vendor_086,Finance,Consulting,ACH,Emp_010,INV-2024-0001166,0,normal
TX-001287,2024-02-09 11:26:00,1217.33,Vendor_020,Sales,Consulting,Card,Emp_102,INV-2024-0001174,0,normal
TX-001288,2024-02-09 11:32:00,2562.74,Vendor_117,Operations,IT,ACH,Emp_075,INV-2024-0001165,0,normal
TX-001289,2024-02-09 11:39:00,650.0,Vendor_056,Sales,Consulting,Card,Emp_092,INV-2024-0001180,0,normal
TX-001290,2024-02-09 11:46:00,1657.17,Vendor_051,Legal,Operations,Check,Emp_084,INV-2024-0040086,1,fuzzy_duplicate
TX-001291,2024-02-09 11:52:00,6904.38,Vendor_102,Marketing,Travel,Wire,Emp_046,INV-2024-0001160,0,normal
TX-001292,2024-02-09 11:54:00,4573.86,Vendor_026,IT,Payroll,ACH,Emp_043,INV-2024-0001182,0,normal
TX-001293,2024-02-09 12:01:00,1823.5,Vendor_051,Legal,Operations,Card,Emp_090,INV-2024-0001073,1,duplicate_invoice
TX-001294,2024-02-09 12:07:00,3045.97,Vendor_021,Marketing,Consulting,Check,Emp_057,INV-2024-0001145,0,normal
TX-001295,2024-02-09 12:38:00,4605.45,Vendor_042,Marketing,Supplies,Check,Emp_046,INV-2024-0001154,0,normal
TX-001296,2024-02-09 12:49:00,984.92,Vendor_043,Operations,Operations,Wire,Emp_066,INV-2024-0001167,0,normal
TX-001297,2024-02-09 12:57:00,10565.69,Vendor_096,IT,Travel,Card,Emp_039,INV-2024-0001143,1,duplicate_invoice
TX-001298,2024-02-09 13:29:00,3450.0,Vendor_079,Finance,Operations,Wire,Emp_012,INV-2024-0001176,0,normal
TX-001299,2024-02-09 13:47:00,3216.54,Vendor_064,Support,Travel,Check,Emp_109,INV-2024-0001162,0,normal
TX-001300,2024-02-09 13:52:00,1959.11,Vendor_024,IT,Supplies,Wire,Emp_040,INV-2024-0001168,0,normal
TX-001301,2024-02-09 14:03:00,4833.75,Vendor_109,HR,Supplies,ACH,Emp_020,INV-2024-0001155,0,normal
TX-001302,2024-02-09 14:24:00,2018.33,Vendor_101,IT,Supplies,ACH,Emp_044,INV-2024-0001151,0,normal
TX-001303,2024-02-09 14:38:00,3849.17,Vendor_042,Marketing,Consulting,ACH,Emp_056,INV-2024-0001171,0,normal
TX-001304,2024-02-09 14:39:00,1355.68,Vendor_020,Sales,IT,Card,Emp_101,INV-2024-0001163,0,normal
TX-001305,2024-02-09 14:45:00,1247.1,Vendor_099,Marketing,IT,Wire,Emp_052,INV-2024-0001158,0,normal
TX-001306,2024-02-09 14:59:00,2386.23,Vendor_016,IT,Operations,Card,Emp_035,INV-2024-0001150,0,normal
TX-001307,2024-02-09 15:25:00,6257.06,Vendor_040,IT,Supplies,Check,Emp_041,INV-2024-0001152,0,normal
TX-001308,2024-02-09 15:58:00,1066.87,Vendor_036,Operations,Travel,Card,Emp_075,INV-2024-0001147,0,normal
TX-001309,2024-02-09 16:40:00,1709.5,Vendor_076,Legal,Payroll,ACH,Emp_077,INV-2024-0001161,0,normal
TX-001310,2024-02-09 17:38:00,1737.06,Vendor_049,Legal,IT,Check,Emp_076,INV-2024-0001169,0,normal
TX-001311,2024-02-09 17:42:00,7371.81,Vendor_044,Sales,Supplies,ACH,Emp_099,INV-2024-0001181,0,normal
TX-001312,2024-02-09 17:57:00,8101.44,Vendor_094,HR,Consulting,Wire,Emp_020,INV-2024-0001172,0,normal
TX-001313,2024-02-09 18:03:00,479.48,Vendor_027,IT,Supplies,Wire,Emp_043,INV-2024-0001184,0,normal
TX-001314,2024-02-09 18:14:00,10129.88,Vendor_044,Marketing,Supplies,Check,Emp_046,INV-2024-0001126,1,duplicate_invoice
TX-001315,2024-02-10 07:03:00,2975.44,Vendor_105,Support,IT,Check,Emp_118,INV-2024-0001198,0,normal
TX-001316,2024-02-10 07:56:00,4998.97,Vendor_064,Support,Operations,Card,Emp_115,INV-2024-0001195,0,normal
TX-001317,2024-02-10 08:32:00,6024.96,Vendor_116,Support,IT,Card,Emp_118,INV-2024-0002337,1,high_amount
TX-001318,2024-02-10 08:42:00,1851.34,Vendor_037,Operations,Consulting,Check,Emp_075,INV-2024-0001156,1,duplicate_invoice
TX-001319,2024-02-10 09:06:00,990.82,Vendor_032,Sales,IT,Wire,Emp_100,INV-2024-0001203,0,normal
TX-001320,2024-02-10 09:13:00,2980.05,Vendor_084,Marketing,Supplies,Wire,Emp_051,INV-2024-0001193,0,normal
TX-001321,2024-02-10 10:15:00,2716.64,Vendor_006,Legal,Payroll,Check,Emp_082,INV-2024-0001189,0,normal
TX-001322,2024-02-10 10:20:00,2402.75,Vendor_064,Support,Supplies,ACH,Emp_112,INV-2024-0001141,1,duplicate_invoice
TX-001323,2024-02-10 10:40:00,1873.76,Vendor_076,Legal,Payroll,ACH,Emp_082,INV-2024-0001201,0,normal
TX-001324,2024-02-10 11:25:00,13838.45,Vendor_016,IT,Operations,Wire,Emp_031,INV-2024-0002292,1,high_amount
TX-001325,2024-02-10 11:30:00,3843.76,Vendor_058,HR,Payroll,Wire,Emp_016,INV-2024-0001186,0,normal
TX-001326,2024-02-10 12:22:00,1998.35,Vendor_008,HR,Supplies,Wire,Emp_021,INV-2024-0001205,0,normal
TX-001327,2024-02-10 12:40:00,1416.45,Vendor_091,Marketing,Payroll,Wire,Emp_057,INV-2024-0001197,0,normal
TX-001328,2024-02-10 12:43:00,12638.56,Vendor_096,IT,Operations,Check,Emp_044,INV-2024-0001190,0,normal
TX-001329,2024-02-10 12:47:00,3402.8,Vendor_031,Finance,Operations,Check,Emp_010,INV-2024-0001192,0,normal
TX-001330,2024-02-10 13:01:00,1180.31,Vendor_119,Operations,Consulting,Wire,Emp_075,INV-2024-0001196,0,normal
TX-001331,2024-02-10 13:03:00,3810.59,Vendor_015,Marketing,Consulting,Wire,Emp_049,INV-2024-0001187,0,normal
TX-001332,2024-02-10 13:16:00,2440.0,Vendor_058,HR,Payroll,Card,Emp_016,INV-2024-0002300,1,split_payment
TX-001333,2024-02-10 13:47:00,3200.88,Vendor_024,IT,Supplies,Check,Emp_039,INV-2024-0001194,0,normal
TX-001334,2024-02-10 13:50:00,1600.33,Vendor_074,Sales,Travel,ACH,Emp_097,INV-2024-0001191,0,normal
TX-001335,2024-02-10 13:58:00,6508.46,Vendor_109,Operations,Supplies,Card,Emp_070,INV-2024-0001199,0,normal
TX-001336,2024-02-10 14:33:00,1635.35,Vendor_002,Support,Consulting,Wire,Emp_115,INV-2024-0001200,0,normal
TX-001337,2024-02-10 15:27:00,2650.0,Vendor_079,Finance,Consulting,Wire,Emp_003,INV-2024-0001204,0,normal
TX-001338,2024-02-10 17:51:00,4515.43,Vendor_009,HR,Payroll,Check,Emp_017,INV-2024-0001188,0,normal
TX-001339,2024-02-10 18:23:00,16750.61,Vendor_003,Support,Payroll,Card,Emp_110,INV-2024-0002275,1,high_amount
TX-001340,2024-02-10 18:45:00,2655.81,Vendor_067,Finance,Consulting,Wire,Emp_007,INV-2024-0002288,1,high_amount
TX-001341,2024-02-10 18:51:00,3722.14,Vendor_033,Operations,Operations,Wire,Emp_070,INV-2024-0001202,0,normal
TX-001342,2024-02-10 19:47:00,3003.58,Vendor_113,Support,Consulting,Wire,Emp_109,INV-2024-0001134,1,duplicate_invoice
TX-001343,2024-02-11 11:11:00,1248.33,Vendor_032,Operations,IT,Card,Emp_063,INV-2024-0001211,0,normal
TX-001344,2024-02-11 11:12:00,13902.18,Vendor_118,Operations,Consulting,ACH,Emp_067,INV-2024-0001210,0,normal
TX-001345,2024-02-11 11:43:00,918.52,Vendor_029,IT,Supplies,Wire,Emp_032,INV-2024-0001214,0,normal
TX-001346,2024-02-11 11:51:00,2994.94,Vendor_063,IT,Payroll,Wire,Emp_045,INV-2024-0001206,0,normal
TX-001347,2024-02-11 12:27:00,14794.01,Vendor_113,Marketing,Consulting,Wire,Emp_048,INV-2024-0002430,1,high_amount
TX-001348,2024-02-11 12:45:00,13406.52,Vendor_096,IT,Payroll,Check,Emp_039,INV-2024-0001215,0,normal
TX-001349,2024-02-11 12:45:00,3665.16,Vendor_063,IT,Supplies,Card,Emp_039,INV-2024-0001207,0,normal
TX-001350,2024-02-11 13:37:00,10740.51,Vendor_118,Operations,Supplies,Check,Emp_074,INV-2024-0001217,0,normal
TX-001351,2024-02-11 13:48:00,2872.99,Vendor_117,Operations,Operations,Card,Emp_061,INV-2024-0001219,0,normal
TX-001352,2024-02-11 14:25:00,1430.52,Vendor_008,HR,Supplies,ACH,Emp_023,INV-2024-0001212,0,normal
TX-001353,2024-02-11 15:10:00,3035.48,Vendor_021,Marketing,Payroll,Wire,Emp_053,INV-2024-0001216,0,normal
TX-001354,2024-02-11 15:50:00,765.28,Vendor_011,Marketing,Consulting,Check,Emp_053,INV-2024-0001218,0,normal
TX-001355,2024-02-11 16:35:00,3302.74,Vendor_025,Marketing,Operations,Card,Emp_053,INV-2024-0001208,0,normal
TX-001356,2024-02-11 17:18:00,2502.4,Vendor_105,Support,Consulting,Wire,Emp_106,INV-2024-0001213,0,normal
TX-001357,2024-02-11 17:50:00,1803.7,Vendor_002,Support,Operations,Check,Emp_107,INV-2024-0001209,0,normal
TX-001358,2024-02-11 21:28:00,14193.83,Vendor_086,Finance,Consulting,Card,Emp_015,INV-2024-0002270,1,high_amount
TX-001359,2024-02-12 07:09:00,596.18,Vendor_019,Operations,Travel,Wire,Emp_069,INV-2024-0001241,0,normal
TX-001360,2024-02-12 07:18:00,1467.02,Vendor_019,Operations,Travel,Wire,Emp_072,INV-2024-0001232,0,normal
TX-001361,2024-02-12 08:40:00,953.96,Vendor_043,Operations,Operations,Wire,Emp_061,INV-2024-0001222,0,normal
TX-001362,2024-02-12 08:59:00,2775.25,Vendor_053,Finance,Payroll,ACH,Emp_001,INV-2024-0001242,0,normal
TX-001363,2024-02-12 09:29:00,1759.22,Vendor_012,Legal,Supplies,ACH,Emp_081,INV-2024-0001228,0,normal
TX-001364,2024-02-12 09:34:00,7730.68,Vendor_020,Sales,IT,Check,Emp_101,INV-2024-0002422,1,high_amount
TX-001365,2024-02-12 09:41:00,3961.32,Vendor_026,IT,Travel,Check,Emp_043,INV-2024-0001244,0,normal
TX-001366,2024-02-12 10:32:00,18149.52,Vendor_100,Support,Operations,ACH,Emp_115,INV-2024-0002373,1,high_amount
TX-001367,2024-02-12 11:11:00,4634.01,Vendor_058,HR,Payroll,Wire,Emp_021,INV-2024-0001233,0,normal
TX-001368,2024-02-12 11:11:00,10174.25,Vendor_096,IT,Payroll,ACH,Emp_031,INV-2024-0001240,0,normal
TX-001369,2024-02-12 12:06:00,1347.9,Vendor_041,Operations,Operations,ACH,Emp_069,INV-2024-0001223,0,normal
TX-001370,2024-02-12 12:27:00,1003.66,Vendor_029,IT,Supplies,ACH,Emp_040,INV-2024-0001229,0,normal
TX-001371,2024-02-12 12:29:00,3432.32,Vendor_028,HR,Supplies,Wire,Emp_028,INV-2024-0001243,0,normal
TX-001372,2024-02-12 12:33:00,3582.03,Vendor_006,Legal,Consulting,Card,Emp_090,INV-2024-0001234,0,normal
TX-001373,2024-02-12 12:53:00,3598.73,Vendor_057,Operations,IT,ACH,Emp_061,INV-2024-0001235,0,normal
TX-001374,2024-02-12 12:54:00,1686.43,Vendor_051,Legal,Operations,Check,Emp_087,INV-2024-0001247,0,normal
TX-001375,2024-02-12 12:59:00,2088.53,Vendor_037,Operations,Consulting,Wire,Emp_067,INV-2024-0001221,0,normal
TX-001376,2024-02-12 12:59:00,5564.9,Vendor_079,HR,Supplies,Wire,Emp_030,INV-2024-0001227,0,normal
TX-001377,2024-02-12 13:02:00,2448.81,Vendor_023,Sales,IT,Check,Emp_097,INV-2024-0001248,0,normal
TX-001378,2024-02-12 13:10:00,5784.63,Vendor_057,Finance,IT,Card,Emp_012,INV-2024-0001226,0,normal
TX-001379,2024-02-12 13:25:00,3810.82,Vendor_040,IT,Supplies,Card,Emp_041,INV-2024-0001231,0,normal
TX-001380,2024-02-12 13:25:00,7821.04,Vendor_034,Sales,Operations,Check,Emp_098,INV-2024-0001245,0,normal
TX-001381,2024-02-12 13:59:00,834.44,Vendor_119,IT,Consulting,Wire,Emp_044,INV-2024-0001230,0,normal
TX-001382,2024-02-12 14:18:00,3945.3,Vendor_112,Operations,Consulting,Check,Emp_063,INV-2024-0001220,0,normal
TX-001383,2024-02-12 14:35:00,6801.43,Vendor_021,Finance,Travel,Wire,Emp_011,INV-2024-0002324,1,vendor_department_shift
TX-001384,2024-02-12 15:02:00,624.14,Vendor_010,Marketing,Consulting,Card,Emp_047,INV-2024-0001237,0,normal
TX-001385,2024-02-12 15:20:00,848.36,Vendor_056,Sales,Consulting,Card,Emp_102,INV-2024-0001225,0,normal
TX-001386,2024-02-12 15:34:00,6166.88,Vendor_095,Marketing,Travel,ACH,Emp_049,INV-2024-0001239,0,normal
TX-001387,2024-02-12 15:36:00,1350.13,Vendor_089,Finance,Supplies,Card,Emp_010,INV-2024-0001246,0,normal
TX-001388,2024-02-12 15:50:00,1305.0,Vendor_029,Marketing,Supplies,ACH,Emp_056,INV-2024-0001224,0,normal
TX-001389,2024-02-12 15:57:00,684.31,Vendor_067,Sales,Consulting,Check,Emp_104,INV-2024-0001236,0,normal
TX-001390,2024-02-12 16:43:00,1265.89,Vendor_078,Finance,Payroll,ACH,Emp_001,INV-2024-0001238,0,normal
TX-001391,2024-02-12 16:45:00,2139.86,Vendor_084,Marketing,Supplies,Wire,Emp_046,INV-2024-0001249,0,normal
TX-001392,2024-02-12 17:50:00,6954.72,Vendor_045,Marketing,Supplies,ACH,Emp_058,INV-2024-0002402,1,high_amount
TX-001393,2024-02-13 07:20:00,2250.0,Vendor_028,Operations,Payroll,ACH,Emp_062,INV-2024-0001269,0,normal
TX-001394,2024-02-13 08:04:00,2837.9,Vendor_057,Finance,Travel,Wire,Emp_007,INV-2024-0001254,0,normal
TX-001395,2024-02-13 08:20:00,1670.62,Vendor_074,Sales,Travel,ACH,Emp_102,INV-2024-0001256,0,normal
TX-001396,2024-02-13 08:45:00,3635.36,Vendor_063,IT,Supplies,Check,Emp_038,INV-2024-0008205,1,fuzzy_duplicate
TX-001397,2024-02-13 08:59:00,11012.45,Vendor_096,IT,Payroll,Wire,Emp_031,INV-2024-0001259,0,normal
TX-001398,2024-02-13 09:03:00,1002.3,Vendor_029,IT,Supplies,Wire,Emp_034,INV-2024-0001262,0,normal
TX-001399,2024-02-13 09:17:00,2468.36,Vendor_025,Support,Supplies,Wire,Emp_115,INV-2024-0001251,0,normal
TX-001400,2024-02-13 09:37:00,967.02,Vendor_029,IT,Supplies,Check,Emp_038,INV-2024-0001277,0,normal
TX-001401,2024-02-13 10:22:00,2506.67,Vendor_080,IT,Payroll,ACH,Emp_044,INV-2024-0001270,0,normal
TX-001402,2024-02-13 10:23:00,854.88,Vendor_104,Operations,IT,Card,Emp_067,INV-2024-0001264,0,normal
TX-001403,2024-02-13 10:28:00,3046.22,Vendor_061,Marketing,Payroll,Wire,Emp_049,INV-2024-0001263,0,normal
TX-001404,2024-02-13 10:31:00,2500.0,Vendor_058,HR,Travel,Wire,Emp_016,INV-2024-0001275,0,normal
TX-001405,2024-02-13 10:32:00,532.63,Vendor_027,Legal,Supplies,Wire,Emp_082,INV-2024-0001266,0,normal
TX-001406,2024-02-13 10:38:00,5190.95,Vendor_017,Legal,Operations,Card,Emp_089,INV-2024-0001281,0,normal
TX-001407,2024-02-13 11:03:00,706.85,Vendor_022,Sales,Supplies,ACH,Emp_096,INV-2024-0001258,0,normal
TX-001408,2024-02-13 11:04:00,3967.11,Vendor_009,HR,Consulting,ACH,Emp_029,INV-2024-0001268,0,normal
TX-001409,2024-02-13 11:30:00,1374.93,Vendor_012,Legal,Supplies,Card,Emp_086,INV-2024-0001257,0,normal
TX-001410,2024-02-13 11:37:00,2278.2,Vendor_012,Legal,Supplies,Card,Emp_083,INV-2024-0001267,0,normal
TX-001411,2024-02-13 11:45:00,9507.74,Vendor_102,Marketing,Consulting,Wire,Emp_054,INV-2024-0001250,0,normal
TX-001412,2024-02-13 11:47:00,4357.01,Vendor_102,Marketing,Travel,Wire,Emp_056,INV-2024-0001278,0,normal
TX-001413,2024-02-13 12:14:00,7383.46,Vendor_109,HR,Supplies,ACH,Emp_018,INV-2024-0001284,0,normal
TX-001414,2024-02-13 12:19:00,1638.47,Vendor_100,Support,IT,Check,Emp_107,INV-2024-0001265,0,normal
TX-001415,2024-02-13 12:28:00,3305.96,Vendor_009,HR,Consulting,ACH,Emp_027,INV-2024-0001274,0,normal
TX-001416,2024-02-13 12:50:00,3805.61,Vendor_107,Support,Travel,ACH,Emp_112,INV-2024-0001279,0,normal
TX-001417,2024-02-13 12:51:00,3020.69,Vendor_063,IT,Payroll,Wire,Emp_033,INV-2024-0001206,1,duplicate_invoice
TX-001418,2024-02-13 12:56:00,1314.52,Vendor_087,Sales,Supplies,Wire,Emp_095,INV-2024-0001253,0,normal
TX-001419,2024-02-13 13:21:00,3368.83,Vendor_097,Marketing,Supplies,Card,Emp_046,INV-2024-0001271,0,normal
TX-001420,2024-02-13 13:22:00,3149.95,Vendor_113,Legal,Consulting,Wire,Emp_078,INV-2024-0001252,0,normal
TX-001421,2024-02-13 13:25:00,30630.69,Vendor_034,Sales,Operations,ACH,Emp_098,INV-2024-0002376,1,high_amount
TX-001422,2024-02-13 13:31:00,2208.25,Vendor_090,Sales,Supplies,Wire,Emp_092,INV-2024-0001276,0,normal
TX-001423,2024-02-13 13:52:00,1184.14,Vendor_045,Marketing,Payroll,Check,Emp_046,INV-2024-0001287,0,normal
TX-001424,2024-02-13 14:09:00,408.13,Vendor_071,Finance,Travel,ACH,Emp_015,INV-2024-0001273,0,normal
TX-001425,2024-02-13 14:30:00,1282.9,Vendor_045,IT,Consulting,ACH,Emp_036,INV-2024-0001272,0,normal
TX-001426,2024-02-13 15:39:00,2557.92,Vendor_055,Finance,Payroll,ACH,Emp_004,INV-2024-0001261,0,normal
TX-001427,2024-02-13 15:56:00,1626.57,Vendor_016,IT,Travel,Check,Emp_036,INV-2024-0001260,0,normal
TX-001428,2024-02-13 15:58:00,557.01,Vendor_108,Legal,Payroll,Check,Emp_086,INV-2024-0001285,0,normal
TX-001429,2024-02-13 16:04:00,1051.41,Vendor_004,Finance,Consulting,ACH,Emp_007,INV-2024-0001255,0,normal
TX-001430,2024-02-13 16:08:00,4721.29,Vendor_100,Legal,Payroll,Check,Emp_082,INV-2024-0002302,1,vendor_department_shift
TX-001431,2024-02-13 16:26:00,1033.4,Vendor_115,Legal,Payroll,Card,Emp_082,INV-2024-0001282,0,normal
TX-001432,2024-02-13 16:28:00,969.22,Vendor_087,Support,Consulting,Wire,Emp_115,INV-2024-0001280,0,normal
TX-001433,2024-02-13 16:28:00,1303.84,Vendor_002,HR,Supplies,Check,Emp_019,INV-2024-0001286,0,normal
TX-001434,2024-02-13 18:12:00,998.01,Vendor_067,Finance,Consulting,Check,Emp_001,INV-2024-0001283,0,normal
TX-001435,2024-02-13 19:14:00,7317.92,Vendor_109,HR,Supplies,Check,Emp_026,INV-4024-0051284,1,fuzzy_duplicate
TX-001436,2024-02-14 04:22:00,2516.46,Vendor_080,IT,Payroll,Wire,Emp_031,INV-2024-0001270,1,duplicate_invoice
TX-001437,2024-02-14 07:06:00,5128.45,Vendor_057,Finance,Travel,Card,Emp_009,INV-2024-0001322,0,normal
TX-001438,2024-02-14 07:28:00,1004.0,Vendor_043,Operations,Operations,Wire,Emp_070,INV-2024-0001293,0,normal
TX-001439,2024-02-14 08:21:00,1059.45,Vendor_099,Marketing,IT,Card,Emp_048,INV-2024-0001317,0,normal
TX-001440,2024-02-14 08:36:00,2750.0,Vendor_009,HR,Payroll,Check,Emp_021,INV-2024-0001296,0,normal
TX-001441,2024-02-14 08:51:00,3369.89,Vendor_073,Marketing,Operations,Wire,Emp_047,INV-2024-0001298,0,normal
TX-001442,2024-02-14 08:55:00,1281.35,Vendor_010,Marketing,Consulting,ACH,Emp_054,INV-2024-0001303,0,normal
TX-001443,2024-02-14 09:24:00,6157.44,Vendor_039,Finance,Consulting,ACH,Emp_004,INV-2024-0001316,0,normal
TX-001444,2024-02-14 10:06:00,2409.07,Vendor_080,IT,Supplies,Wire,Emp_034,INV-2024-0001320,0,normal
TX-001445,2024-02-14 10:28:00,7995.68,Vendor_083,Finance,Payroll,ACH,Emp_008,INV-2024-0001302,0,normal
TX-001446,2024-02-14 10:30:00,1342.85,Vendor_074,Sales,Travel,ACH,Emp_098,INV-2024-0001318,0,normal
TX-001447,2024-02-14 10:37:00,928.47,Vendor_052,Operations,Supplies,Wire,Emp_061,INV-2024-0001301,0,normal
TX-001448,2024-02-14 10:46:00,5596.07,Vendor_100,Support,IT,ACH,Emp_108,INV-2024-0001309,0,normal
TX-001449,2024-02-14 10:51:00,10851.03,Vendor_044,Sales,IT,ACH,Emp_103,INV-2024-0001312,0,normal
TX-001450,2024-02-14 10:58:00,1180.39,Vendor_032,Sales,IT,Check,Emp_094,INV-2024-0001299,0,normal
TX-001451,2024-02-14 11:41:00,1409.68,Vendor_116,Support,Supplies,ACH,Emp_106,INV-2024-0001290,0,normal
TX-001452,2024-02-14 12:02:00,1597.8,Vendor_020,Sales,Travel,ACH,Emp_091,INV-2024-0001311,0,normal
TX-001453,2024-02-14 12:07:00,2256.2,Vendor_070,Finance,IT,Card,Emp_011,INV-2024-0001292,0,normal
TX-001454,2024-02-14 12:15:00,3823.22,Vendor_079,Finance,Consulting,Wire,Emp_015,INV-2024-0001300,0,normal
TX-001455,2024-02-14 12:20:00,2248.73,Vendor_008,Legal,Supplies,Wire,Emp_090,INV-2024-0001313,0,normal
TX-001456,2024-02-14 12:22:00,2050.0,Vendor_036,Sales,Travel,Check,Emp_091,INV-2024-0001288,0,normal
TX-001457,2024-02-14 12:36:00,3549.3,Vendor_003,Support,Payroll,Wire,Emp_117,INV-2024-0001294,0,normal
TX-001458,2024-02-14 12:44:00,2758.25,Vendor_063,IT,Payroll,Wire,Emp_034,INV-2024-0001315,0,normal
TX-001459,2024-02-14 12:58:00,3726.29,Vendor_024,IT,Supplies,Wire,Emp_036,INV-2024-0001305,0,normal
TX-001460,2024-02-14 13:33:00,670.51,Vendor_014,Sales,Operations,Check,Emp_096,INV-2024-0001291,0,normal
TX-001461,2024-02-14 13:46:00,874.23,Vendor_022,HR,Supplies,Check,Emp_016,INV-2024-0001314,0,normal
TX-001462,2024-02-14 13:49:00,303.71,Vendor_093,IT,Consulting,Card,Emp_038,INV-2024-0001289,0,normal
TX-001463,2024-02-14 13:54:00,646.66,Vendor_104,Marketing,IT,Check,Emp_050,INV-2024-0001310,0,normal
TX-001464,2024-02-14 14:06:00,2363.98,Vendor_081,Support,Consulting,Card,Emp_112,INV-2024-0001319,0,normal
TX-001465,2024-02-14 14:27:00,3181.33,Vendor_064,Support,Travel,Check,Emp_109,INV-2024-0001308,0,normal
TX-001466,2024-02-14 14:47:00,1240.74,Vendor_087,Support,IT,Wire,Emp_113,INV-2024-0001307,0,normal
TX-001467,2024-02-14 14:55:00,7780.13,Vendor_094,HR,Consulting,Wire,Emp_021,INV-2024-0001321,0,normal
TX-001468,2024-02-14 16:23:00,4536.46,Vendor_083,Finance,Payroll,ACH,Emp_015,INV-2024-0001304,0,normal
TX-001469,2024-02-14 17:08:00,3786.15,Vendor_077,Operations,IT,Card,Emp_074,INV-2024-0001306,0,normal
TX-001470,2024-02-14 18:28:00,868.91,Vendor_022,Sales,Travel,Check,Emp_092,INV-2024-0001297,0,normal
TX-001471,2024-02-14 18:32:00,1627.75,Vendor_111,Operations,Operations,Wire,Emp_072,INV-2024-0001295,0,normal
TX-001472,2024-02-14 22:30:00,1372.96,Vendor_012,Legal,Supplies,Card,Emp_086,INV-2024-0001257,1,duplicate_invoice
TX-001473,2024-02-15 08:23:00,3300.92,Vendor_058,HR,Payroll,Check,Emp_029,INV-2024-0001367,0,normal
TX-001474,2024-02-15 08:24:00,4226.88,Vendor_003,Support,Payroll,Wire,Emp_111,INV-2024-0001349,0,normal
TX-001475,2024-02-15 08:33:00,1190.77,Vendor_020,Sales,IT,Wire,Emp_105,INV-2024-0001368,0,normal
TX-001476,2024-02-15 08:35:00,2792.91,Vendor_061,Marketing,IT,Check,Emp_058,INV-2024-0001344,0,normal
TX-001477,2024-02-15 08:46:00,3003.47,Vendor_015,IT,Consulting,Wire,Emp_041,INV-2024-0001350,0,normal
TX-001478,2024-02-15 08:56:00,4166.74,Vendor_057,Finance,IT,Card,Emp_013,INV-2024-0001326,0,normal
TX-001479,2024-02-15 09:08:00,3092.54,Vendor_120,Support,Payroll,Check,Emp_117,INV-2024-0001359,0,normal
TX-001480,2024-02-15 09:43:00,3439.79,Vendor_015,Marketing,Payroll,Wire,Emp_059,INV-2024-0001328,0,normal
TX-001481,2024-02-15 09:44:00,3412.54,Vendor_025,Marketing,Supplies,Card,Emp_060,INV-2024-0001351,0,normal
TX-001482,2024-02-15 09:51:00,3724.25,Vendor_024,IT,Supplies,Wire,Emp_032,INV-2024-0001353,0,normal
TX-001483,2024-02-15 10:05:00,3573.31,Vendor_025,Marketing,Travel,Card,Emp_047,INV-2024-0001343,0,normal
TX-001484,2024-02-15 10:22:00,2389.82,Vendor_058,HR,Payroll,Check,Emp_029,INV-2024-0001336,0,normal
TX-001485,2024-02-15 10:24:00,3238.94,Vendor_110,Operations,Consulting,Wire,Emp_068,INV-2024-0001337,0,normal
TX-001486,2024-02-15 10:35:00,9861.82,Vendor_044,Sales,Supplies,Check,Emp_102,INV-2024-0001338,0,normal
TX-001487,2024-02-15 10:37:00,1453.89,Vendor_080,IT,Payroll,Check,Emp_043,INV-2024-0001347,0,normal
TX-001488,2024-02-15 10:39:00,14454.23,Vendor_096,Finance,Travel,ACH,Emp_009,INV-2024-0001324,0,normal
TX-001489,2024-02-15 10:41:00,1384.49,Vendor_020,Sales,Consulting,Card,Emp_104,INV-2024-0001363,0,normal
TX-001490,2024-02-15 10:50:00,3550.09,Vendor_057,Finance,IT,Wire,Emp_009,INV-2024-0001332,0,normal
TX-001491,2024-02-15 10:52:00,1726.81,Vendor_101,Support,Supplies,Wire,Emp_108,INV-2024-0001333,0,normal
TX-001492,2024-02-15 10:54:00,1729.28,Vendor_076,Legal,Payroll,Wire,Emp_078,INV-2024-0001355,0,normal
TX-001493,2024-02-15 11:09:00,2470.19,Vendor_120,Sales,IT,Wire,Emp_102,INV-2024-0001365,0,normal
TX-001494,2024-02-15 11:12:00,1579.08,Vendor_049,Legal,Operations,Wire,Emp_077,INV-2024-0001331,0,normal
TX-001495,2024-02-15 11:34:00,10081.32,Vendor_060,Marketing,Payroll,Card,Emp_051,INV-2024-0001341,0,normal
TX-001496,2024-02-15 11:39:00,9578.71,Vendor_102,Legal,Consulting,Wire,Emp_080,INV-2024-0001345,0,normal
TX-001497,2024-02-15 11:50:00,8552.78,Vendor_001,HR,Supplies,Wire,Emp_029,INV-2024-0001330,0,normal
TX-001498,2024-02-15 12:16:00,4512.51,Vendor_095,Marketing,Supplies,ACH,Emp_049,INV-2024-0001342,0,normal
TX-001499,2024-02-15 12:18:00,8737.47,Vendor_060,Marketing,Consulting,Card,Emp_054,INV-2024-0001327,0,normal
TX-001500,2024-02-15 12:18:00,6780.42,Vendor_092,Legal,Consulting,Check,Emp_084,INV-2024-0001360,0,normal
TX-001501,2024-02-15 12:22:00,2182.11,Vendor_070,Finance,Supplies,ACH,Emp_013,INV-2024-0001362,0,normal
TX-001502,2024-02-15 12:23:00,2750.36,Vendor_113,Support,Travel,ACH,Emp_118,INV-2024-0001364,0,normal
TX-001503,2024-02-15 12:28:00,3156.35,Vendor_061,Marketing,IT,Check,Emp_060,INV-2024-0001339,0,normal
TX-001504,2024-02-15 12:30:00,4181.28,Vendor_015,Marketing,Payroll,Wire,Emp_059,INV-2024-0002319,1,same_day_burst
TX-001505,2024-02-15 12:33:00,6732.02,Vendor_094,HR,Consulting,ACH,Emp_022,INV-2024-0001358,0,normal
TX-001506,2024-02-15 12:34:00,2153.6,Vendor_041,Finance,Operations,ACH,Emp_013,INV-2024-0001340,0,normal
TX-001507,2024-02-15 12:51:00,11112.84,Vendor_044,Sales,IT,ACH,Emp_091,INV-2024-0001312,1,duplicate_invoice
TX-001508,2024-02-15 13:04:00,1061.89,Vendor_004,Finance,Consulting,ACH,Emp_013,INV-2024-0001255,1,duplicate_invoice
TX-001509,2024-02-15 13:56:00,1911.84,Vendor_040,IT,Supplies,Card,Emp_034,INV-2024-0001356,0,normal
TX-001510,2024-02-15 13:57:00,3430.13,Vendor_079,Finance,Supplies,Card,Emp_006,INV-2024-0001361,0,normal
TX-001511,2024-02-15 14:01:00,1528.46,Vendor_099,Marketing,Travel,Card,Emp_060,INV-2024-0001352,0,normal
TX-001512,2024-02-15 14:15:00,3954.09,Vendor_015,Marketing,Payroll,Wire,Emp_059,INV-2024-0002308,1,same_day_burst
TX-001513,2024-02-15 14:28:00,675.71,Vendor_022,Sales,Supplies,ACH,Emp_094,INV-2024-0001325,0,normal
TX-001514,2024-02-15 14:29:00,858.91,Vendor_013,Legal,IT,Wire,Emp_086,INV-2024-0001346,0,normal
TX-001515,2024-02-15 14:36:00,17422.07,Vendor_009,HR,Consulting,Card,Emp_029,INV-2024-0002305,1,high_amount
TX-001516,2024-02-15 14:51:00,1067.55,Vendor_087,Support,Consulting,Wire,Emp_118,INV-2024-0001323,0,normal
TX-001517,2024-02-15 15:07:00,2700.37,Vendor_059,Marketing,IT,Wire,Emp_060,INV-2024-0001334,0,normal
TX-001518,2024-02-15 15:56:00,3873.49,Vendor_112,Operations,Payroll,ACH,Emp_075,INV-2024-0001335,0,normal
TX-001519,2024-02-15 16:56:00,7248.2,Vendor_083,Finance,Payroll,Wire,Emp_003,INV-2024-0001354,0,normal
TX-001520,2024-02-15 16:57:00,4842.46,Vendor_024,Sales,Supplies,Wire,Emp_095,INV-2024-0001348,0,normal
TX-001521,2024-02-15 16:58:00,3168.82,Vendor_021,Marketing,Consulting,Card,Emp_046,INV-2024-0001329,0,normal
TX-001522,2024-02-15 17:06:00,5145.93,Vendor_057,Finance,Travel,Wire,Emp_012,INV-2024-0001322,1,duplicate_invoice
TX-001523,2024-02-15 17:25:00,250.0,Vendor_093,IT,Consulting,Check,Emp_036,INV-2024-0001357,0,normal
TX-001524,2024-02-15 17:49:00,809.19,Vendor_022,Sales,Supplies,Card,Emp_099,INV-2024-0001366,0,normal
TX-001525,2024-02-15 20:46:00,4455.73,Vendor_025,Marketing,Travel,Card,Emp_047,INV-2024-0002304,1,same_day_burst
TX-001526,2024-02-16 08:01:00,2427.99,Vendor_112,Operations,Operations,Card,Emp_067,INV-2024-0001391,0,normal
TX-001527,2024-02-16 08:50:00,3404.96,Vendor_063,IT,Supplies,Card,Emp_031,INV-2024-0001385,0,normal
TX-001528,2024-02-16 09:08:00,416.24,Vendor_013,Legal,IT,ACH,Emp_079,INV-2024-0001389,0,normal
TX-001529,2024-02-16 09:26:00,3698.42,Vendor_097,Sales,Supplies,Card,Emp_095,INV-2024-0001372,0,normal
TX-001530,2024-02-16 10:27:00,2476.84,Vendor_113,Support,Payroll,ACH,Emp_108,INV-2024-0001380,0,normal
TX-001531,2024-02-16 10:34:00,9414.71,Vendor_046,Marketing,IT,Wire,Emp_058,INV-2024-0001371,0,normal
TX-001532,2024-02-16 10:45:00,4486.54,Vendor_058,HR,Supplies,Wire,Emp_029,INV-2024-0001384,0,normal
TX-001533,2024-02-16 11:10:00,1287.13,Vendor_050,Sales,Supplies,Wire,Emp_099,INV-2024-0001399,0,normal
TX-001534,2024-02-16 11:13:00,1938.32,Vendor_074,Sales,Travel,Wire,Emp_102,INV-2024-0001387,0,normal
TX-001535,2024-02-16 11:15:00,2151.32,Vendor_037,Finance,Consulting,Wire,Emp_008,INV-2024-0001400,0,normal
TX-001536,2024-02-16 11:19:00,2982.24,Vendor_117,Operations,Supplies,Card,Emp_073,INV-2024-0001379,0,normal
TX-001537,2024-02-16 11:34:00,10450.0,Vendor_092,Legal,Consulting,ACH,Emp_078,INV-2024-0001377,0,normal
TX-001538,2024-02-16 11:46:00,3221.51,Vendor_113,Support,Consulting,Check,Emp_109,INV-2024-0001398,0,normal
TX-001539,2024-02-16 11:56:00,1023.82,Vendor_029,IT,Supplies,Card,Emp_044,INV-2024-0001375,0,normal
TX-001540,2024-02-16 11:57:00,1105.88,Vendor_023,IT,Supplies,Check,Emp_041,INV-2024-0001373,0,normal
TX-001541,2024-02-16 12:17:00,685.99,Vendor_013,Legal,IT,Check,Emp_087,INV-2024-0001378,0,normal
TX-001542,2024-02-16 12:19:00,5384.18,Vendor_048,Finance,Travel,Wire,Emp_015,INV-2024-0001402,0,normal
TX-001543,2024-02-16 12:39:00,3514.33,Vendor_030,Sales,Consulting,ACH,Emp_100,INV-2024-0001397,0,normal
TX-001544,2024-02-16 12:40:00,1179.29,Vendor_089,Finance,Operations,Wire,Emp_012,INV-2024-0001395,0,normal
TX-001545,2024-02-16 13:04:00,3727.9,Vendor_006,Legal,Consulting,Check,Emp_082,INV-2024-0001370,0,normal
TX-001546,2024-02-16 13:18:00,2088.29,Vendor_075,HR,Supplies,Check,Emp_019,INV-2024-0001376,0,normal
TX-001547,2024-02-16 13:36:00,686.62,Vendor_022,Sales,Supplies,Check,Emp_092,INV-2024-0001383,0,normal
TX-001548,2024-02-16 13:40:00,4547.7,Vendor_100,Support,IT,Check,Emp_120,INV-2024-0001388,0,normal
TX-001549,2024-02-16 13:47:00,1437.71,Vendor_002,Support,Operations,Check,Emp_111,INV-2024-0001401,0,normal
TX-001550,2024-02-16 13:56:00,850.06,Vendor_004,Finance,Travel,ACH,Emp_005,INV-2024-0001374,0,normal
TX-001551,2024-02-16 13:59:00,4910.0,Vendor_037,Finance,Consulting,Check,Emp_008,INV-2024-0002311,1,split_payment
TX-001552,2024-02-16 14:12:00,2330.0,Vendor_022,Sales,Supplies,ACH,Emp_092,INV-2024-0002426,1,split_payment
TX-001553,2024-02-16 14:48:00,2024.32,Vendor_101,Operations,Supplies,ACH,Emp_066,INV-2024-0001396,0,normal
TX-001554,2024-02-16 15:15:00,6656.09,Vendor_057,Finance,IT,Card,Emp_005,INV-2024-0001392,0,normal
TX-001555,2024-02-16 15:16:00,3081.22,Vendor_081,Support,Consulting,Check,Emp_116,INV-2024-0001390,0,normal
TX-001556,2024-02-16 15:19:00,12317.0,Vendor_044,Sales,Supplies,ACH,Emp_100,INV-2024-0001386,0,normal
TX-001557,2024-02-16 15:42:00,3343.38,Vendor_039,HR,Consulting,ACH,Emp_022,INV-2024-0001394,0,normal
TX-001558,2024-02-16 15:54:00,210.89,Vendor_093,IT,Consulting,Wire,Emp_035,INV-2024-0001393,0,normal
TX-001559,2024-02-16 17:36:00,2258.29,Vendor_063,IT,Consulting,Card,Emp_033,INV-2024-0001369,0,normal
TX-001560,2024-02-16 17:41:00,3279.68,Vendor_086,Finance,Consulting,Check,Emp_015,INV-2024-0001381,0,normal
TX-001561,2024-02-16 17:55:00,3022.27,Vendor_059,Marketing,Payroll,Check,Emp_052,INV-2024-0001382,0,normal
TX-001562,2024-02-17 08:38:00,717.27,Vendor_018,Legal,Payroll,Card,Emp_080,INV-2024-0001410,0,normal
TX-001563,2024-02-17 08:44:00,6412.39,Vendor_098,Legal,Travel,Check,Emp_078,INV-2024-0001413,0,normal
TX-001564,2024-02-17 10:01:00,4920.16,Vendor_062,Sales,Travel,ACH,Emp_105,INV-2024-0001407,0,normal
TX-001565,2024-02-17 11:37:00,3894.98,Vendor_015,Marketing,Operations,Card,Emp_058,INV-2024-0001412,0,normal
TX-001566,2024-02-17 11:59:00,8282.61,Vendor_083,Operations,Payroll,ACH,Emp_074,INV-2024-0001406,0,normal
TX-001567,2024-02-17 12:08:00,3820.51,Vendor_112,Operations,Payroll,Check,Emp_063,INV-2024-0001408,0,normal
TX-001568,2024-02-17 12:22:00,1976.46,Vendor_038,HR,Supplies,Card,Emp_024,INV-2024-0001404,0,normal
TX-001569,2024-02-17 12:22:00,866.74,Vendor_004,Finance,Consulting,Card,Emp_011,INV-2024-0001409,0,normal
TX-001570,2024-02-17 14:31:00,3031.12,Vendor_039,Marketing,IT,Check,Emp_060,INV-2024-0001405,0,normal
TX-001571,2024-02-17 16:08:00,1574.06,Vendor_089,Finance,Operations,ACH,Emp_004,INV-2024-0001403,0,normal
TX-001572,2024-02-17 18:43:00,3082.99,Vendor_120,Support,Payroll,ACH,Emp_118,INV-2024-0001411,0,normal
TX-001573,2024-02-18 07:54:00,571.65,Vendor_116,Support,IT,Wire,Emp_106,INV-2024-0001415,0,normal
TX-001574,2024-02-18 09:30:00,1908.18,Vendor_085,Sales,Operations,ACH,Emp_096,INV-2024-0001421,0,normal
TX-001575,2024-02-18 10:00:00,7131.83,Vendor_060,Marketing,Payroll,Card,Emp_054,INV-2024-0001428,0,normal
TX-001576,2024-02-18 10:15:00,947.33,Vendor_011,Marketing,Consulting,Check,Emp_050,INV-2024-0001416,0,normal
TX-001577,2024-02-18 10:21:00,7622.34,Vendor_044,Sales,IT,Check,Emp_102,INV-2024-0001417,0,normal
TX-001578,2024-02-18 11:25:00,1880.14,Vendor_008,HR,Supplies,Wire,Emp_027,INV-2024-0001420,0,normal
TX-001579,2024-02-18 12:10:00,1558.12,Vendor_037,Operations,Supplies,Wire,Emp_068,INV-2024-0001426,0,normal
TX-001580,2024-02-18 12:22:00,6174.83,Vendor_109,Operations,Supplies,Check,Emp_071,INV-2024-0001422,0,normal
TX-001581,2024-02-18 12:22:00,9764.26,Vendor_102,Marketing,Consulting,Card,Emp_052,INV-2024-0001430,0,normal
TX-001582,2024-02-18 12:32:00,3632.74,Vendor_081,Support,Consulting,Check,Emp_112,INV-2024-0001419,0,normal
TX-001583,2024-02-18 12:43:00,1983.16,Vendor_008,HR,Supplies,Card,Emp_027,INV-2024-0001424,0,normal
TX-001584,2024-02-18 13:23:00,1714.49,Vendor_037,Operations,Consulting,Wire,Emp_061,INV-2024-0001429,0,normal
TX-001585,2024-02-18 13:41:00,1020.61,Vendor_091,Marketing,Payroll,Wire,Emp_053,INV-2024-0001414,0,normal
TX-001586,2024-02-18 14:02:00,9850.0,Vendor_011,Marketing,Consulting,ACH,Emp_050,INV-2024-0002314,1,split_payment
TX-001587,2024-02-18 15:01:00,1144.32,Vendor_099,Marketing,IT,Wire,Emp_053,INV-2024-0001425,0,normal
TX-001588,2024-02-18 16:53:00,1958.59,Vendor_049,Legal,IT,Wire,Emp_089,INV-2024-0001427,0,normal
TX-001589,2024-02-18 17:42:00,1025.56,Vendor_029,IT,Supplies,ACH,Emp_044,INV-2024-0001418,0,normal
TX-001590,2024-02-18 17:53:00,1084.21,Vendor_085,Sales,IT,ACH,Emp_096,INV-2024-0001423,0,normal
TX-001591,2024-02-18 19:50:00,2360.0,Vendor_029,IT,Supplies,Check,Emp_044,INV-2024-0002390,1,split_payment
TX-001592,2024-02-19 08:32:00,888.98,Vendor_056,Sales,Operations,Card,Emp_100,INV-2024-0001453,0,normal
TX-001593,2024-02-19 09:58:00,945.67,Vendor_035,Support,Travel,Wire,Emp_115,INV-2024-0001433,0,normal
TX-001594,2024-02-19 10:23:00,4299.75,Vendor_039,IT,Consulting,ACH,Emp_034,INV-2024-0001450,0,normal
TX-001595,2024-02-19 10:40:00,2348.19,Vendor_006,Legal,Operations,Check,Emp_084,INV-2024-0001440,0,normal
TX-001596,2024-02-19 11:01:00,2124.11,Vendor_037,IT,Consulting,Card,Emp_039,INV-2024-0001446,0,normal
TX-001597,2024-02-19 11:17:00,2386.13,Vendor_079,Finance,Payroll,Wire,Emp_014,INV-2024-0001454,0,normal
TX-001598,2024-02-19 11:22:00,1597.35,Vendor_069,Operations,Supplies,Card,Emp_062,INV-2024-0001434,0,normal
TX-001599,2024-02-19 11:30:00,3341.9,Vendor_050,IT,Supplies,ACH,Emp_043,INV-2024-0001432,0,normal
TX-001600,2024-02-19 11:34:00,2504.86,Vendor_117,Operations,Supplies,ACH,Emp_063,INV-2024-0001445,0,normal
TX-001601,2024-02-19 11:40:00,759.96,Vendor_082,Operations,IT,Card,Emp_075,INV-2024-0001437,0,normal
TX-001602,2024-02-19 12:14:00,3221.51,Vendor_090,Sales,Supplies,Wire,Emp_096,INV-2024-0001456,0,normal
TX-001603,2024-02-19 12:55:00,954.99,Vendor_029,Marketing,Supplies,Card,Emp_048,INV-2024-0001443,0,normal
TX-001604,2024-02-19 13:05:00,920.85,Vendor_115,Legal,Consulting,Card,Emp_080,INV-2024-0001455,0,normal
TX-001605,2024-02-19 13:06:00,1944.66,Vendor_002,Legal,Travel,Check,Emp_079,INV-2024-0001442,0,normal
TX-001606,2024-02-19 13:11:00,841.59,Vendor_119,Operations,Payroll,Wire,Emp_067,INV-2024-0001451,0,normal
TX-001607,2024-02-19 13:50:00,2710.25,Vendor_024,IT,Supplies,Wire,Emp_035,INV-2024-0001444,0,normal
TX-001608,2024-02-19 13:59:00,2577.32,Vendor_036,Sales,Travel,Card,Emp_093,INV-2024-0001438,0,normal
TX-001609,2024-02-19 14:19:00,2392.86,Vendor_088,Finance,Travel,Check,Emp_008,INV-2024-0001447,0,normal
TX-001610,2024-02-19 14:31:00,5891.31,Vendor_062,Sales,Travel,Card,Emp_098,INV-2024-0001436,0,normal
TX-001611,2024-02-19 14:52:00,715.74,Vendor_082,Operations,Consulting,Card,Emp_073,INV-2024-0001439,0,normal
TX-001612,2024-02-19 15:03:00,5619.29,Vendor_058,HR,Payroll,Check,Emp_019,INV-2024-0001431,0,normal
TX-001613,2024-02-19 16:25:00,5109.53,Vendor_109,IT,Supplies,Card,Emp_040,INV-2024-0001449,0,normal
TX-001614,2024-02-19 16:40:00,4579.19,Vendor_009,HR,Supplies,Wire,Emp_021,INV-2024-0002291,1,payment_method_switch
TX-001615,2024-02-19 16:42:00,8210.31,Vendor_083,Finance,Payroll,ACH,Emp_007,INV-2024-0001435,0,normal
TX-001616,2024-02-19 16:53:00,1928.99,Vendor_076,Legal,Payroll,Card,Emp_080,INV-2024-0001441,0,normal
TX-001617,2024-02-19 16:55:00,1606.1,Vendor_049,Legal,Operations,ACH,Emp_081,INV-2024-0001452,0,normal
TX-001618,2024-02-19 17:48:00,1486.5,Vendor_041,Operations,Operations,Wire,Emp_069,INV-2024-0001448,0,normal
TX-001619,2024-02-20 08:00:00,695.45,Vendor_108,Legal,Payroll,ACH,Emp_081,INV-2024-0001460,0,normal
TX-001620,2024-02-20 08:55:00,3996.16,Vendor_031,Legal,Supplies,ACH,Emp_076,INV-2024-0001491,0,normal
TX-001621,2024-02-20 09:06:00,1018.01,Vendor_010,Marketing,IT,Wire,Emp_054,INV-2024-0001492,0,normal
TX-001622,2024-02-20 09:15:00,3833.13,Vendor_064,Support,Travel,Check,Emp_108,INV-2024-0001474,0,normal
TX-001623,2024-02-20 09:42:00,584.48,Vendor_052,IT,Supplies,Check,Emp_041,INV-2024-0001469,0,normal
TX-001624,2024-02-20 09:59:00,1820.99,Vendor_039,Marketing,IT,ACH,Emp_058,INV-2024-0001482,0,normal
TX-001625,2024-02-20 10:00:00,8255.28,Vendor_007,Support,Operations,Wire,Emp_118,INV-2024-0001489,0,normal
TX-001626,2024-02-20 10:02:00,3118.17,Vendor_028,HR,Supplies,Card,Emp_028,INV-2024-0001475,0,normal
TX-001627,2024-02-20 10:09:00,3907.52,Vendor_016,IT,Travel,Check,Emp_039,INV-2024-0001463,0,normal
TX-001628,2024-02-20 10:10:00,939.64,Vendor_099,Marketing,Travel,Card,Emp_049,INV-2024-0001458,0,normal
TX-001629,2024-02-20 10:34:00,4193.15,Vendor_042,Marketing,Supplies,ACH,Emp_048,INV-2024-0001457,0,normal
TX-001630,2024-02-20 11:02:00,3496.89,Vendor_100,Support,Operations,Check,Emp_110,INV-2024-0001461,0,normal
TX-001631,2024-02-20 11:13:00,9960.0,Vendor_042,Marketing,Supplies,Card,Emp_048,INV-2024-0002427,1,split_payment
TX-001632,2024-02-20 11:24:00,9450.0,Vendor_118,Operations,Operations,ACH,Emp_069,INV-2024-0001467,0,normal
TX-001633,2024-02-20 11:34:00,1004.91,Vendor_032,Sales,Supplies,Check,Emp_096,INV-2024-0001462,0,normal
TX-001634,2024-02-20 11:56:00,11245.09,Vendor_118,Operations,IT,Check,Emp_069,INV-2024-0001485,0,normal
TX-001635,2024-02-20 12:03:00,5101.61,Vendor_100,HR,Operations,Wire,Emp_019,INV-2024-0001484,0,normal
TX-001636,2024-02-20 12:29:00,1627.96,Vendor_019,Operations,Travel,Wire,Emp_074,INV-2024-0001479,0,normal
TX-001637,2024-02-20 12:44:00,800.0,Vendor_018,IT,Payroll,Card,Emp_038,INV-2024-0001472,0,normal
TX-001638,2024-02-20 12:51:00,2221.89,Vendor_070,Finance,Consulting,ACH,Emp_013,INV-2024-0001477,0,normal
TX-001639,2024-02-20 13:06:00,750.0,Vendor_010,Marketing,Consulting,Wire,Emp_047,INV-2024-0001478,0,normal
TX-001640,2024-02-20 13:15:00,1791.94,Vendor_008,HR,Supplies,Card,Emp_017,INV-2024-0001486,0,normal
TX-001641,2024-02-20 13:21:00,1538.61,Vendor_045,IT,Operations,Card,Emp_038,INV-2024-0001468,0,normal
TX-001642,2024-02-20 14:41:00,2795.29,Vendor_009,HR,Consulting,Wire,Emp_018,INV-2024-0001487,0,normal
TX-001643,2024-02-20 15:00:00,2896.17,Vendor_031,Finance,Operations,ACH,Emp_006,INV-2024-0001488,0,normal
TX-001644,2024-02-20 15:23:00,902.25,Vendor_074,HR,Travel,Card,Emp_029,INV-2024-0001480,0,normal
TX-001645,2024-02-20 15:57:00,735.17,Vendor_013,Legal,IT,ACH,Emp_080,INV-2024-0001466,0,normal
TX-001646,2024-02-20 16:15:00,4600.0,Vendor_009,HR,Consulting,ACH,Emp_027,INV-2024-0001490,0,normal
TX-001647,2024-02-20 16:16:00,5630.18,Vendor_031,Finance,Operations,Card,Emp_012,INV-2024-0001471,0,normal
TX-001648,2024-02-20 16:16:00,42853.73,Vendor_044,Sales,Supplies,Card,Emp_100,INV-2024-0002313,1,high_amount
TX-001649,2024-02-20 16:16:00,1707.27,Vendor_049,Legal,IT,Check,Emp_085,INV-2024-0001464,0,normal
TX-001650,2024-02-20 16:27:00,1481.41,Vendor_049,Sales,Operations,Wire,Emp_096,INV-2024-0001470,0,normal
TX-001651,2024-02-20 16:27:00,5884.19,Vendor_044,Sales,Supplies,Check,Emp_094,INV-2024-0001481,0,normal
TX-001652,2024-02-20 16:30:00,3649.15,Vendor_021,Support,Consulting,Check,Emp_113,INV-2024-0001465,0,normal
TX-001653,2024-02-20 17:15:00,900.0,Vendor_099,Marketing,Operations,Wire,Emp_049,INV-2024-0001483,0,normal
TX-001654,2024-02-20 17:43:00,4142.99,Vendor_055,Finance,Payroll,Card,Emp_015,INV-2024-0001473,0,normal
TX-001655,2024-02-20 17:51:00,718.54,Vendor_052,Operations,Consulting,Check,Emp_073,INV-2024-0001476,0,normal
TX-001656,2024-02-20 17:59:00,1697.52,Vendor_002,Legal,Supplies,Wire,Emp_084,INV-2024-0001459,0,normal
TX-001657,2024-02-20 23:24:00,4544.09,Vendor_009,HR,Consulting,ACH,Emp_027,INV-2024-0002415,1,same_day_burst
TX-001658,2024-02-21 08:01:00,2792.18,Vendor_064,Support,Travel,Wire,Emp_120,INV-2024-0001509,0,normal
TX-001659,2024-02-21 08:22:00,1600.0,Vendor_101,Operations,Travel,ACH,Emp_066,INV-2024-0001504,0,normal
TX-001660,2024-02-21 08:41:00,864.08,Vendor_032,Support,Travel,Wire,Emp_120,INV-2024-0001493,0,normal
TX-001661,2024-02-21 08:57:00,761.45,Vendor_078,HR,Travel,ACH,Emp_026,INV-2024-0001510,0,normal
TX-001662,2024-02-21 09:06:00,2563.89,Vendor_117,Operations,Supplies,Card,Emp_061,INV-2024-0001511,0,normal
TX-001663,2024-02-21 09:12:00,3208.6,Vendor_089,Sales,Payroll,Wire,Emp_103,INV-2024-0002365,1,vendor_department_shift
TX-001664,2024-02-21 09:22:00,1180.98,Vendor_043,Operations,Operations,Card,Emp_073,INV-2024-0001513,0,normal
TX-001665,2024-02-21 10:46:00,897.28,Vendor_119,Operations,Consulting,Wire,Emp_063,INV-2024-0001505,0,normal
TX-001666,2024-02-21 10:49:00,1016.56,Vendor_043,Operations,Operations,Card,Emp_067,INV-2024-0001508,0,normal
TX-001667,2024-02-21 11:01:00,4224.28,Vendor_048,Finance,Travel,Wire,Emp_004,INV-2024-0001497,0,normal
TX-001668,2024-02-21 11:28:00,2462.21,Vendor_047,Operations,Travel,Wire,Emp_069,INV-2024-0001496,0,normal
TX-001669,2024-02-21 11:41:00,1104.31,Vendor_116,Support,Supplies,ACH,Emp_109,INV-2024-0001506,0,normal
TX-001670,2024-02-21 11:42:00,3640.9,Vendor_059,Marketing,Payroll,Wire,Emp_057,INV-2024-0001519,0,normal
TX-001671,2024-02-21 11:55:00,7162.26,Vendor_114,Marketing,Operations,Check,Emp_060,INV-2024-0001498,0,normal
TX-001672,2024-02-21 12:23:00,2281.24,Vendor_111,Operations,Operations,Check,Emp_063,INV-2024-0001503,0,normal
TX-001673,2024-02-21 12:33:00,1558.71,Vendor_117,Operations,Supplies,Card,Emp_075,INV-2024-0001495,0,normal
TX-001674,2024-02-21 12:40:00,636.01,Vendor_067,Sales,Supplies,Card,Emp_105,INV-2024-0001507,0,normal
TX-001675,2024-02-21 12:43:00,4200.02,Vendor_055,Finance,Payroll,Wire,Emp_001,INV-2022-0001473,1,fuzzy_duplicate
TX-001676,2024-02-21 12:47:00,732.12,Vendor_104,Finance,IT,ACH,Emp_015,INV-2024-0001515,0,normal
TX-001677,2024-02-21 12:49:00,611.28,Vendor_027,IT,Supplies,Check,Emp_041,INV-2024-0001514,0,normal
TX-001678,2024-02-21 13:05:00,3055.5,Vendor_120,Support,Travel,ACH,Emp_107,INV-2024-0001512,0,normal
TX-001679,2024-02-21 13:08:00,2955.58,Vendor_016,IT,Travel,Card,Emp_045,INV-2024-0001518,0,normal
TX-001680,2024-02-21 13:12:00,1619.19,Vendor_049,Sales,Operations,ACH,Emp_092,INV-2024-0001499,0,normal
TX-001681,2024-02-21 13:29:00,2422.1,Vendor_063,IT,Payroll,ACH,Emp_033,INV-2024-0001502,0,normal
TX-001682,2024-02-21 13:51:00,5905.1,Vendor_007,Support,Operations,Card,Emp_106,INV-2024-0001500,0,normal
TX-001683,2024-02-21 13:58:00,4770.0,Vendor_116,Support,Supplies,Check,Emp_109,INV-2024-0002366,1,split_payment
TX-001684,2024-02-21 14:19:00,1037.12,Vendor_043,Operations,Operations,Card,Emp_067,INV-2024-0002418,1,same_day_burst
TX-001685,2024-02-21 14:56:00,5486.69,Vendor_015,Support,Supplies,Wire,Emp_118,INV-2024-0002403,1,vendor_department_shift
TX-001686,2024-02-21 15:09:00,881.34,Vendor_116,Support,Supplies,ACH,Emp_117,INV-2024-0001520,0,normal
TX-001687,2024-02-21 15:44:00,1812.98,Vendor_070,IT,Supplies,Wire,Emp_033,INV-2024-0001494,0,normal
TX-001688,2024-02-21 16:18:00,2987.12,Vendor_009,HR,Consulting,ACH,Emp_018,INV-2024-0001516,0,normal
TX-001689,2024-02-21 16:18:00,1798.79,Vendor_068,IT,Travel,Check,Emp_041,INV-2024-0001521,0,normal
TX-001690,2024-02-21 16:27:00,941.43,Vendor_052,Operations,Consulting,Check,Emp_062,INV-2024-0001501,0,normal
TX-001691,2024-02-21 16:36:00,2685.26,Vendor_073,Marketing,Payroll,ACH,Emp_054,INV-2024-0001517,0,normal
TX-001692,2024-02-21 22:00:00,2947.26,Vendor_031,Finance,Operations,Check,Emp_010,INV-2024-0701488,1,fuzzy_duplicate
TX-001693,2024-02-22 08:52:00,5150.0,Vendor_109,IT,Supplies,Card,Emp_036,INV-2024-0001537,0,normal
TX-001694,2024-02-22 09:37:00,1829.48,Vendor_103,Support,Supplies,ACH,Emp_113,INV-2024-0001526,0,normal
TX-001695,2024-02-22 10:56:00,1072.47,Vendor_032,Sales,IT,Wire,Emp_100,INV-2024-0001524,0,normal
TX-001696,2024-02-22 11:07:00,1216.26,Vendor_099,Marketing,IT,Wire,Emp_057,INV-2024-0001527,0,normal
TX-001697,2024-02-22 11:24:00,9264.34,Vendor_092,Legal,Consulting,Check,Emp_080,INV-2024-0001536,0,normal
TX-001698,2024-02-22 11:32:00,746.37,Vendor_104,Marketing,IT,Check,Emp_049,INV-2024-0001534,0,normal
TX-001699,2024-02-22 12:28:00,2888.51,Vendor_120,Support,Travel,Card,Emp_106,INV-2024-0001531,0,normal
TX-001700,2024-02-22 12:38:00,8167.08,Vendor_017,Legal,Operations,ACH,Emp_088,INV-2024-0001525,0,normal
TX-001701,2024-02-22 13:08:00,3191.92,Vendor_100,HR,Operations,Card,Emp_017,INV-2024-0001533,0,normal
TX-001702,2024-02-22 13:14:00,4136.3,Vendor_057,Finance,IT,Card,Emp_005,INV-2024-0001535,0,normal
TX-001703,2024-02-22 13:18:00,834.83,Vendor_004,Finance,Travel,ACH,Emp_002,INV-2024-0001542,0,normal
TX-001704,2024-02-22 13:24:00,3329.44,Vendor_028,HR,Operations,Card,Emp_028,INV-2024-0001530,0,normal
TX-001705,2024-02-22 13:46:00,600.0,Vendor_067,Sales,Consulting,Card,Emp_103,INV-2024-0001539,0,normal
TX-001706,2024-02-22 14:48:00,4778.75,Vendor_058,HR,Payroll,Wire,Emp_030,INV-2024-0001528,0,normal
TX-001707,2024-02-22 14:56:00,4214.15,Vendor_026,IT,Travel,ACH,Emp_035,INV-2024-0001532,0,normal
TX-001708,2024-02-22 16:13:00,2640.65,Vendor_113,Marketing,Consulting,ACH,Emp_048,INV-2024-0001523,0,normal
TX-001709,2024-02-22 16:16:00,4932.89,Vendor_057,Finance,IT,ACH,Emp_014,INV-2024-0001541,0,normal
TX-001710,2024-02-22 16:34:00,4301.14,Vendor_042,Marketing,Supplies,ACH,Emp_046,INV-2024-0001522,0,normal
TX-001711,2024-02-22 16:40:00,3550.0,Vendor_086,Sales,Consulting,ACH,Emp_103,INV-2024-0001540,0,normal
TX-001712,2024-02-22 16:51:00,7501.63,Vendor_085,Sales,IT,Card,Emp_096,INV-2024-0002359,1,high_amount
TX-001713,2024-02-22 17:03:00,7377.02,Vendor_083,Finance,Payroll,Check,Emp_013,INV-2024-0001538,0,normal
TX-001714,2024-02-22 18:11:00,1226.52,Vendor_056,Sales,Consulting,Card,Emp_100,INV-2024-0001529,0,normal
TX-001715,2024-02-23 04:13:00,2642.43,Vendor_113,Marketing,Consulting,Wire,Emp_052,INV-2004-0601523,1,fuzzy_duplicate
TX-001716,2024-02-23 07:34:00,2916.86,Vendor_006,Legal,Operations,ACH,Emp_090,INV-2024-0001553,0,normal
TX-001717,2024-02-23 08:57:00,6692.01,Vendor_098,Legal,Travel,Check,Emp_080,INV-2024-0001543,0,normal
TX-001718,2024-02-23 09:17:00,1111.05,Vendor_020,Sales,Consulting,ACH,Emp_091,INV-2024-0001548,0,normal
TX-001719,2024-02-23 10:00:00,3465.12,Vendor_033,Operations,Operations,ACH,Emp_072,INV-2024-0001545,0,normal
TX-001720,2024-02-23 10:11:00,772.64,Vendor_011,Marketing,Consulting,Wire,Emp_055,INV-2024-0001556,0,normal
TX-001721,2024-02-23 10:14:00,3207.5,Vendor_112,Operations,Payroll,Card,Emp_073,INV-2024-0001554,0,normal
TX-001722,2024-02-23 10:31:00,807.04,Vendor_104,Marketing,Operations,Wire,Emp_055,INV-2024-0001547,0,normal
TX-001723,2024-02-23 10:40:00,6030.45,Vendor_009,HR,Consulting,ACH,Emp_022,INV-2024-0001546,0,normal
TX-001724,2024-02-23 10:44:00,5594.44,Vendor_003,Support,Payroll,Check,Emp_120,INV-2024-0001562,0,normal
TX-001725,2024-02-23 10:57:00,1042.96,Vendor_029,IT,Supplies,Wire,Emp_043,INV-2024-0001558,0,normal
TX-001726,2024-02-23 11:02:00,6699.6,Vendor_098,Legal,Supplies,Check,Emp_081,INV-2024-0001557,0,normal
TX-001727,2024-02-23 12:00:00,1285.36,Vendor_091,IT,Travel,Wire,Emp_044,INV-2024-0001550,0,normal
TX-001728,2024-02-23 12:20:00,11478.32,Vendor_096,IT,Supplies,ACH,Emp_041,INV-2024-0001549,0,normal
TX-001729,2024-02-23 13:23:00,3995.2,Vendor_055,Finance,Payroll,Wire,Emp_003,INV-2024-0001559,0,normal
TX-001730,2024-02-23 13:38:00,6448.51,Vendor_062,Sales,Travel,ACH,Emp_096,INV-2024-0001551,0,normal
TX-001731,2024-02-23 13:39:00,2636.65,Vendor_016,IT,Operations,Check,Emp_036,INV-2024-0001561,0,normal
TX-001732,2024-02-23 13:40:00,3406.91,Vendor_107,Support,Payroll,Wire,Emp_117,INV-2024-0001563,0,normal
TX-001733,2024-02-23 13:47:00,6858.83,Vendor_083,Finance,Payroll,Wire,Emp_013,INV-2024-0001564,0,normal
TX-001734,2024-02-23 14:10:00,2062.62,Vendor_070,Finance,Supplies,ACH,Emp_012,INV-2024-0001565,0,normal
TX-001735,2024-02-23 15:45:00,4528.73,Vendor_112,Operations,Payroll,Wire,Emp_068,INV-2024-0001555,0,normal
TX-001736,2024-02-23 15:50:00,1133.1,Vendor_045,IT,Operations,Check,Emp_034,INV-2024-0001544,0,normal
TX-001737,2024-02-23 17:01:00,2061.0,Vendor_112,Operations,Travel,Wire,Emp_063,INV-2024-0001560,0,normal
TX-001738,2024-02-23 17:32:00,888.71,Vendor_010,Marketing,Consulting,Card,Emp_051,INV-2024-0001552,0,normal
TX-001739,2024-02-24 10:20:00,3576.05,Vendor_055,Operations,Travel,Wire,Emp_064,INV-2024-0001572,0,normal
TX-001740,2024-02-24 10:44:00,2316.26,Vendor_079,HR,Operations,Check,Emp_025,INV-2024-0001567,0,normal
TX-001741,2024-02-24 12:12:00,11887.66,Vendor_102,Marketing,IT,Card,Emp_047,INV-2024-0001570,0,normal
TX-001742,2024-02-24 12:17:00,4292.98,Vendor_080,Marketing,Supplies,Card,Emp_049,INV-2024-0001569,0,normal
TX-001743,2024-02-24 12:37:00,708.25,Vendor_071,Finance,Supplies,Wire,Emp_005,INV-2024-0001573,0,normal
TX-001744,2024-02-24 14:20:00,4609.07,Vendor_025,Marketing,Supplies,Card,Emp_049,INV-2024-0001568,0,normal
TX-001745,2024-02-24 14:43:00,724.44,Vendor_011,Marketing,Operations,Wire,Emp_048,INV-2024-0001566,0,normal
TX-001746,2024-02-24 16:32:00,1738.16,Vendor_023,IT,Supplies,Check,Emp_036,INV-2024-0001571,0,normal
TX-001747,2024-02-24 16:53:00,9800.0,Vendor_025,Marketing,Supplies,ACH,Emp_049,INV-2024-0002368,1,split_payment
TX-001748,2024-02-25 09:35:00,2139.73,Vendor_073,Marketing,Operations,Wire,Emp_051,INV-2024-0001580,0,normal
TX-001749,2024-02-25 12:04:00,1431.53,Vendor_085,Sales,IT,Card,Emp_100,INV-2024-0001586,0,normal
TX-001750,2024-02-25 13:25:00,1477.87,Vendor_111,Operations,Travel,Check,Emp_069,INV-2024-0001576,0,normal
TX-001751,2024-02-25 13:27:00,5750.18,Vendor_060,Marketing,Consulting,Card,Emp_056,INV-2024-0001574,0,normal
TX-001752,2024-02-25 13:31:00,15698.54,Vendor_118,HR,Consulting,Wire,Emp_027,INV-2024-0001575,0,normal
TX-001753,2024-02-25 13:33:00,2071.61,Vendor_063,IT,Supplies,Wire,Emp_043,INV-2024-0001585,0,normal
TX-001754,2024-02-25 13:51:00,2183.1,Vendor_050,Marketing,Supplies,Card,Emp_053,INV-2024-0001581,0,normal
TX-001755,2024-02-25 13:55:00,708.48,Vendor_023,Sales,IT,Check,Emp_105,INV-2024-0001584,0,normal
TX-001756,2024-02-25 15:14:00,25.0,Vendor_058,Operations,Payroll,Wire,Emp_065,INV-2024-0001579,0,normal
TX-001757,2024-02-25 15:39:00,1403.55,Vendor_019,Operations,Travel,Wire,Emp_065,INV-2024-0001583,0,normal
TX-001758,2024-02-25 17:41:00,8091.6,Vendor_083,Finance,Payroll,ACH,Emp_007,INV-2024-0001577,0,normal
TX-001759,2024-02-25 18:42:00,2028.12,Vendor_038,HR,Supplies,Card,Emp_025,INV-2024-0001578,0,normal
TX-001760,2024-02-25 18:49:00,1216.15,Vendor_089,Finance,Operations,Wire,Emp_003,INV-2024-0001582,0,normal
TX-001761,2024-02-25 21:00:00,2828.96,Vendor_049,HR,Supplies,Check,Emp_022,INV-2024-0002387,1,vendor_department_shift
TX-001762,2024-02-26 07:30:00,7290.14,Vendor_083,Finance,Operations,Check,Emp_005,INV-2024-0001609,0,normal
TX-001763,2024-02-26 08:09:00,779.34,Vendor_108,Legal,Payroll,Wire,Emp_079,INV-2024-0001598,0,normal
TX-001764,2024-02-26 08:30:00,3114.04,Vendor_051,Legal,Operations,Card,Emp_083,INV-2024-0001600,0,normal
TX-001765,2024-02-26 08:33:00,6286.21,Vendor_107,Support,Travel,Wire,Emp_115,INV-2024-0001608,0,normal
TX-001766,2024-02-26 08:59:00,1171.62,Vendor_089,Finance,Supplies,Card,Emp_005,INV-2024-0001596,0,normal
TX-001767,2024-02-26 09:41:00,5871.85,Vendor_094,HR,Consulting,Wire,Emp_018,INV-2024-0001616,0,normal
TX-001768,2024-02-26 11:03:00,1353.85,Vendor_069,Operations,Operations,Card,Emp_073,INV-2024-0001618,0,normal
TX-001769,2024-02-26 11:04:00,5620.54,Vendor_017,Legal,Consulting,Card,Emp_080,INV-2024-0001594,0,normal
TX-001770,2024-02-26 11:24:00,1197.38,Vendor_091,IT,Payroll,Check,Emp_036,INV-2024-0001589,0,normal
TX-001771,2024-02-26 11:38:00,2552.96,Vendor_113,Support,Payroll,ACH,Emp_112,INV-2024-0001590,0,normal
TX-001772,2024-02-26 11:49:00,2240.62,Vendor_079,Finance,Supplies,Check,Emp_009,INV-2024-0001606,0,normal
TX-001773,2024-02-26 11:52:00,841.75,Vendor_119,IT,Consulting,Check,Emp_043,INV-2024-0001613,0,normal
TX-001774,2024-02-26 12:05:00,1876.47,Vendor_085,Sales,Operations,ACH,Emp_092,INV-2024-0001592,0,normal
TX-001775,2024-02-26 12:08:00,1526.17,Vendor_085,Sales,IT,ACH,Emp_102,INV-2024-0001614,0,normal
TX-001776,2024-02-26 12:23:00,478.06,Vendor_027,Legal,Supplies,Card,Emp_078,INV-2024-0001595,0,normal
TX-001777,2024-02-26 12:28:00,1915.12,Vendor_074,Sales,Travel,Card,Emp_092,INV-2024-0001621,0,normal
TX-001778,2024-02-26 12:35:00,895.75,Vendor_010,HR,IT,Card,Emp_030,INV-2024-0001619,0,normal
TX-001779,2024-02-26 12:38:00,1002.2,Vendor_043,Operations,Operations,ACH,Emp_068,INV-2024-0001587,0,normal
TX-001780,2024-02-26 13:10:00,7673.4,Vendor_094,HR,Consulting,Card,Emp_025,INV-2024-0001605,0,normal
TX-001781,2024-02-26 13:13:00,3463.4,Vendor_079,Finance,Supplies,ACH,Emp_006,INV-2024-0001597,0,normal
TX-001782,2024-02-26 13:16:00,2328.25,Vendor_075,Sales,Payroll,Check,Emp_094,INV-2024-0001591,0,normal
TX-001783,2024-02-26 13:25:00,2903.24,Vendor_058,HR,Payroll,Wire,Emp_018,INV-2024-0001602,0,normal
TX-001784,2024-02-26 13:28:00,13474.01,Vendor_117,Operations,Supplies,ACH,Emp_075,INV-2024-0002286,1,high_amount
TX-001785,2024-02-26 13:31:00,2040.61,Vendor_101,Operations,Supplies,Check,Emp_074,INV-2024-0001617,0,normal
TX-001786,2024-02-26 13:42:00,1904.83,Vendor_072,Sales,Operations,Wire,Emp_091,INV-2024-0001588,0,normal
TX-001787,2024-02-26 13:52:00,1513.35,Vendor_076,Legal,Payroll,Wire,Emp_086,INV-2024-0001623,0,normal
TX-001788,2024-02-26 14:31:00,933.41,Vendor_022,Sales,Supplies,Check,Emp_092,INV-2024-0001620,0,normal
TX-001789,2024-02-26 14:35:00,2001.87,Vendor_006,Legal,Payroll,Card,Emp_086,INV-2024-0001604,0,normal
TX-001790,2024-02-26 14:49:00,865.64,Vendor_056,Sales,Operations,Check,Emp_102,INV-2024-0001601,0,normal
TX-001791,2024-02-26 15:02:00,424.61,Vendor_056,Sales,Consulting,Wire,Emp_099,INV-2024-0001622,0,normal
TX-001792,2024-02-26 15:16:00,2704.84,Vendor_042,Marketing,Supplies,ACH,Emp_049,INV-2024-0001603,0,normal
TX-001793,2024-02-26 15:32:00,1001.06,Vendor_032,Sales,Payroll,Card,Emp_105,INV-2024-0001607,0,normal
TX-001794,2024-02-26 16:16:00,1309.33,Vendor_111,Operations,Operations,Check,Emp_068,INV-2024-0001593,0,normal
TX-001795,2024-02-26 16:26:00,3973.5,Vendor_009,HR,Consulting,Card,Emp_028,INV-2024-0001610,0,normal
TX-001796,2024-02-26 17:19:00,3102.67,Vendor_055,Finance,IT,Card,Emp_014,INV-2024-0001612,0,normal
TX-001797,2024-02-26 17:31:00,3042.7,Vendor_055,Finance,Payroll,Card,Emp_004,INV-2024-0001611,0,normal
TX-001798,2024-02-26 17:37:00,1003.51,Vendor_087,Support,Consulting,Check,Emp_120,INV-2024-0001615,0,normal
TX-001799,2024-02-26 18:20:00,1567.95,Vendor_076,Legal,Payroll,Wire,Emp_089,INV-2024-0001599,0,normal
TX-001800,2024-02-26 18:50:00,9272.27,Vendor_094,HR,Consulting,Card,Emp_025,INV-2024-0002345,1,same_day_burst
TX-001801,2024-02-27 07:02:00,959.48,Vendor_029,Operations,Supplies,Card,Emp_068,INV-2024-0001636,0,normal
TX-001802,2024-02-27 07:57:00,4770.26,Vendor_058,HR,Travel,Wire,Emp_021,INV-2024-0001634,0,normal
TX-001803,2024-02-27 08:07:00,2327.37,Vendor_037,Operations,Consulting,Wire,Emp_074,INV-2024-0001628,0,normal
TX-001804,2024-02-27 08:45:00,1300.0,Vendor_045,IT,IT,Check,Emp_043,INV-2024-0001640,0,normal
TX-001805,2024-02-27 09:13:00,3234.0,Vendor_079,Legal,Operations,Check,Emp_081,INV-2024-0001627,0,normal
TX-001806,2024-02-27 09:23:00,774.44,Vendor_067,Operations,Consulting,Check,Emp_062,INV-2024-0001639,0,normal
TX-001807,2024-02-27 09:50:00,3364.9,Vendor_031,Finance,Supplies,Card,Emp_012,INV-2024-0001653,0,normal
TX-001808,2024-02-27 10:11:00,1403.86,Vendor_020,Sales,Travel,Card,Emp_094,INV-2024-0001644,0,normal
TX-001809,2024-02-27 10:12:00,3450.0,Vendor_033,Operations,Operations,Card,Emp_075,INV-2024-0001637,0,normal
TX-001810,2024-02-27 10:26:00,1135.7,Vendor_116,Support,IT,Card,Emp_108,INV-2024-0001652,0,normal
TX-001811,2024-02-27 10:27:00,11178.74,Vendor_118,HR,Consulting,Check,Emp_020,INV-2024-0001641,0,normal
TX-001812,2024-02-27 11:04:00,4421.26,Vendor_062,Sales,Travel,Check,Emp_096,INV-2024-0001648,0,normal
TX-001813,2024-02-27 11:27:00,1544.27,Vendor_089,Finance,Travel,Wire,Emp_003,INV-2024-0001629,0,normal
TX-001814,2024-02-27 12:05:00,1354.46,Vendor_119,Operations,Consulting,Wire,Emp_074,INV-2024-0001633,0,normal
TX-001815,2024-02-27 12:07:00,803.26,Vendor_119,Operations,Travel,Wire,Emp_075,INV-2024-0001631,0,normal
TX-001816,2024-02-27 12:08:00,4513.94,Vendor_003,Support,IT,ACH,Emp_117,INV-2024-0001635,0,normal
TX-001817,2024-02-27 12:10:00,1052.75,Vendor_002,Support,Consulting,Check,Emp_115,INV-2024-0001646,0,normal
TX-001818,2024-02-27 12:25:00,3485.9,Vendor_112,Operations,Operations,Check,Emp_069,INV-2024-0001625,0,normal
TX-001819,2024-02-27 12:28:00,4201.82,Vendor_112,Operations,Payroll,Check,Emp_065,INV-2024-0001632,0,normal
TX-001820,2024-02-27 13:02:00,3910.88,Vendor_114,Marketing,Travel,Wire,Emp_057,INV-2024-0001643,0,normal
TX-001821,2024-02-27 13:06:00,644.33,Vendor_027,HR,Supplies,Wire,Emp_022,INV-2024-0001654,0,normal
TX-001822,2024-02-27 13:20:00,3281.47,Vendor_055,Finance,Travel,ACH,Emp_001,INV-2024-0001638,0,normal
TX-001823,2024-02-27 13:48:00,1271.41,Vendor_036,Sales,Travel,Check,Emp_091,INV-2024-0001649,0,normal
TX-001824,2024-02-27 13:49:00,2410.86,Vendor_038,HR,Supplies,Card,Emp_027,INV-2024-0001624,0,normal
TX-001825,2024-02-27 13:51:00,1602.6,Vendor_045,IT,Operations,Check,Emp_032,INV-2024-0001650,0,normal
TX-001826,2024-02-27 13:58:00,854.6,Vendor_052,Operations,Consulting,Check,Emp_071,INV-2024-0001642,0,normal
TX-001827,2024-02-27 14:16:00,5076.4,Vendor_098,Legal,Travel,ACH,Emp_084,INV-2024-0001630,0,normal
TX-001828,2024-02-27 14:32:00,1455.93,Vendor_086,Finance,Travel,ACH,Emp_002,INV-2024-0001651,0,normal
TX-001829,2024-02-27 14:48:00,1826.0,Vendor_111,Operations,Operations,Check,Emp_071,INV-2024-0001647,0,normal
TX-001830,2024-02-27 14:52:00,4890.0,Vendor_055,Finance,Travel,Wire,Emp_001,INV-2024-0002265,1,split_payment
TX-001831,2024-02-27 15:11:00,3068.25,Vendor_016,IT,Payroll,Check,Emp_042,INV-2024-0001645,0,normal
TX-001832,2024-02-27 15:20:00,820.87,Vendor_067,Sales,Consulting,Card,Emp_099,INV-2024-0001656,0,normal
TX-001833,2024-02-27 15:27:00,892.86,Vendor_054,Sales,Travel,Wire,Emp_096,INV-2024-0001655,0,normal
TX-001834,2024-02-27 16:23:00,767.48,Vendor_056,Sales,Consulting,Card,Emp_099,INV-2024-0001626,0,normal
TX-001835,2024-02-28 07:07:00,1888.9,Vendor_002,Marketing,Operations,ACH,Emp_047,INV-2024-0001686,0,normal
TX-001836,2024-02-28 08:19:00,1664.94,Vendor_090,Sales,Supplies,Wire,Emp_099,INV-2024-0001683,0,normal
TX-001837,2024-02-28 08:32:00,1357.54,Vendor_099,Marketing,IT,Card,Emp_046,INV-2024-0001692,0,normal
TX-001838,2024-02-28 09:05:00,1098.63,Vendor_104,Marketing,Operations,Check,Emp_047,INV-2024-0001670,0,normal
TX-001839,2024-02-28 09:40:00,1034.85,Vendor_119,Operations,Consulting,Check,Emp_061,INV-2024-0001657,0,normal
TX-001840,2024-02-28 09:45:00,1175.11,Vendor_045,IT,Operations,Check,Emp_043,INV-2024-0001675,0,normal
TX-001841,2024-02-28 09:50:00,844.31,Vendor_115,Finance,Payroll,Wire,Emp_010,INV-2024-0001659,0,normal
TX-001842,2024-02-28 09:56:00,5916.72,Vendor_044,Sales,IT,Check,Emp_091,INV-2024-0001677,0,normal
TX-001843,2024-02-28 10:18:00,560.51,Vendor_013,Legal,IT,Wire,Emp_080,INV-2024-0001673,0,normal
TX-001844,2024-02-28 10:47:00,2776.07,Vendor_051,Legal,Operations,Check,Emp_078,INV-2024-0001696,0,normal
TX-001845,2024-02-28 11:08:00,474.53,Vendor_013,Legal,IT,Card,Emp_077,INV-2024-0001679,0,normal
TX-001846,2024-02-28 11:08:00,3135.91,Vendor_058,HR,Payroll,Check,Emp_020,INV-2024-0001687,0,normal
TX-001847,2024-02-28 11:08:00,1386.92,Vendor_103,Legal,Travel,ACH,Emp_087,INV-2024-0001664,0,normal
TX-001848,2024-02-28 11:45:00,2052.5,Vendor_009,HR,Consulting,ACH,Emp_017,INV-2024-0001666,0,normal
TX-001849,2024-02-28 12:03:00,3104.25,Vendor_053,Finance,Payroll,Check,Emp_012,INV-2024-0001695,0,normal
TX-001850,2024-02-28 12:27:00,954.24,Vendor_054,Sales,Operations,ACH,Emp_103,INV-2024-0001660,0,normal
TX-001851,2024-02-28 12:31:00,1294.94,Vendor_008,HR,Consulting,Wire,Emp_025,INV-2024-0001680,0,normal
TX-001852,2024-02-28 12:40:00,9644.55,Vendor_044,Sales,Supplies,ACH,Emp_099,INV-2024-0001694,0,normal
TX-001853,2024-02-28 12:45:00,1155.56,Vendor_045,IT,Operations,Check,Emp_031,INV-2024-0001675,1,duplicate_invoice
TX-001854,2024-02-28 12:51:00,5456.17,Vendor_057,Finance,IT,Check,Emp_001,INV-2024-0001693,0,normal
TX-001855,2024-02-28 12:54:00,2542.9,Vendor_090,Sales,Supplies,Check,Emp_092,INV-2024-0001688,0,normal
TX-001856,2024-02-28 13:14:00,985.37,Vendor_029,IT,Supplies,Card,Emp_034,INV-2024-0001672,0,normal
TX-001857,2024-02-28 13:17:00,3385.78,Vendor_030,Sales,Consulting,Check,Emp_104,INV-2024-0001669,0,normal
TX-001858,2024-02-28 13:21:00,1010.27,Vendor_052,Operations,Consulting,Check,Emp_061,INV-2024-0001685,0,normal
TX-001859,2024-02-28 13:37:00,302.83,Vendor_093,IT,Consulting,Wire,Emp_038,INV-2024-0001671,0,normal
TX-001860,2024-02-28 13:41:00,2346.85,Vendor_088,Finance,Travel,Check,Emp_004,INV-2024-0001667,0,normal
TX-001861,2024-02-28 13:56:00,785.19,Vendor_011,Marketing,Operations,Card,Emp_058,INV-2024-0001678,0,normal
TX-001862,2024-02-28 14:12:00,3984.19,Vendor_077,Operations,Operations,Wire,Emp_068,INV-2024-0001668,0,normal
TX-001863,2024-02-28 14:28:00,280.69,Vendor_071,Marketing,Travel,ACH,Emp_058,INV-2024-0001661,0,normal
TX-001864,2024-02-28 14:31:00,8760.3,Vendor_098,Legal,IT,Check,Emp_088,INV-2024-0001689,0,normal
TX-001865,2024-02-28 14:47:00,6403.27,Vendor_077,Operations,IT,Card,Emp_067,INV-2024-0001662,0,normal
TX-001866,2024-02-28 14:59:00,2262.02,Vendor_070,Finance,Payroll,Wire,Emp_011,INV-2024-0001658,0,normal
TX-001867,2024-02-28 15:00:00,2781.38,Vendor_105,Support,IT,Wire,Emp_114,INV-2024-0001676,0,normal
TX-001868,2024-02-28 15:20:00,9292.32,Vendor_023,Sales,IT,ACH,Emp_105,INV-2024-0002323,1,high_amount
TX-001869,2024-02-28 15:46:00,5030.93,Vendor_095,Support,Supplies,Wire,Emp_110,INV-2024-0001665,0,normal
TX-001870,2024-02-28 16:07:00,692.52,Vendor_056,Support,Consulting,Card,Emp_115,INV-2024-0001681,0,normal
TX-001871,2024-02-28 16:27:00,1848.9,Vendor_008,HR,Supplies,Check,Emp_027,INV-2024-0001684,0,normal
TX-001872,2024-02-28 16:44:00,2318.87,Vendor_070,Support,Operations,Check,Emp_113,INV-2024-0001690,0,normal
TX-001873,2024-02-28 16:57:00,879.13,Vendor_052,Operations,Supplies,Card,Emp_064,INV-2024-0001691,0,normal
TX-001874,2024-02-28 17:16:00,4256.23,Vendor_058,HR,Payroll,ACH,Emp_025,INV-2024-0001682,0,normal
TX-001875,2024-02-28 18:12:00,2067.46,Vendor_037,Operations,Consulting,Wire,Emp_064,INV-2024-0001674,0,normal
TX-001876,2024-02-28 18:45:00,5377.03,Vendor_017,Legal,IT,Wire,Emp_083,INV-2024-0001663,0,normal
TX-001877,2024-02-28 20:02:00,772.14,Vendor_052,Operations,Supplies,Card,Emp_064,INV-2024-0002280,1,same_day_burst
TX-001878,2024-02-29 07:21:00,1339.82,Vendor_045,IT,Supplies,ACH,Emp_037,INV-2024-0001699,0,normal
TX-001879,2024-02-29 08:36:00,3542.61,Vendor_079,Finance,Operations,Check,Emp_004,INV-2024-0001718,0,normal
TX-001880,2024-02-29 08:46:00,4008.12,Vendor_053,Finance,Operations,Wire,Emp_013,INV-2024-0001701,0,normal
TX-001881,2024-02-29 09:35:00,2167.11,Vendor_016,IT,Operations,Check,Emp_034,INV-2024-0001715,0,normal
TX-001882,2024-02-29 10:12:00,2438.7,Vendor_080,Marketing,Consulting,Wire,Emp_058,INV-2024-0001703,0,normal
TX-001883,2024-02-29 10:20:00,3974.95,Vendor_064,Support,Supplies,Wire,Emp_109,INV-2024-0001710,0,normal
TX-001884,2024-02-29 10:52:00,2495.73,Vendor_026,IT,Consulting,Check,Emp_045,INV-2024-0001716,0,normal
TX-001885,2024-02-29 11:22:00,6490.91,Vendor_060,Marketing,Payroll,Card,Emp_048,INV-2024-0001713,0,normal
TX-001886,2024-02-29 11:45:00,4233.53,Vendor_095,Finance,Supplies,ACH,Emp_014,INV-2024-0001708,0,normal
TX-001887,2024-02-29 11:49:00,2964.06,Vendor_021,Marketing,Supplies,Card,Emp_048,INV-2024-0001697,0,normal
TX-001888,2024-02-29 11:58:00,857.12,Vendor_104,Marketing,IT,ACH,Emp_055,INV-2024-0001698,0,normal
TX-001889,2024-02-29 12:09:00,1534.31,Vendor_089,Finance,Operations,Wire,Emp_014,INV-2024-0001700,0,normal
TX-001890,2024-02-29 12:22:00,744.04,Vendor_004,Finance,Travel,Wire,Emp_003,INV-2024-0001712,0,normal
TX-001891,2024-02-29 12:31:00,2140.47,Vendor_101,Operations,Supplies,Check,Emp_071,INV-2024-0001709,0,normal
TX-001892,2024-02-29 12:33:00,3929.24,Vendor_004,Finance,Travel,Wire,Emp_002,INV-2024-0002342,1,high_amount
TX-001893,2024-02-29 13:12:00,4760.0,Vendor_053,Finance,Operations,Card,Emp_013,INV-2024-0002363,1,split_payment
TX-001894,2024-02-29 13:59:00,596.08,Vendor_085,IT,IT,Wire,Emp_042,INV-2024-0001704,0,normal
TX-001895,2024-02-29 14:04:00,3124.33,Vendor_088,Finance,Travel,Check,Emp_013,INV-2024-0001705,0,normal
TX-001896,2024-02-29 14:15:00,1350.0,Vendor_080,IT,Payroll,ACH,Emp_034,INV-2024-0001717,0,normal
TX-001897,2024-02-29 14:20:00,3311.71,Vendor_084,Operations,Supplies,ACH,Emp_073,INV-2024-0001702,0,normal
TX-001898,2024-02-29 14:26:00,1067.2,Vendor_116,Support,IT,ACH,Emp_110,INV-2024-0001706,0,normal
TX-001899,2024-02-29 14:37:00,1838.59,Vendor_033,Operations,Operations,Card,Emp_073,INV-2024-0001714,0,normal
TX-001900,2024-02-29 14:44:00,1950.0,Vendor_051,Legal,Operations,Check,Emp_081,INV-2024-0001707,0,normal
TX-001901,2024-02-29 15:34:00,2796.27,Vendor_057,Finance,IT,Card,Emp_012,INV-2024-0001711,0,normal
TX-001902,2024-02-29 19:08:00,4630.84,Vendor_003,Support,IT,ACH,Emp_120,INV-2024-0001635,1,duplicate_invoice
TX-001903,2024-03-01 08:25:00,1582.15,Vendor_085,Sales,IT,ACH,Emp_102,INV-2024-0001731,0,normal
TX-001904,2024-03-01 08:54:00,4882.67,Vendor_083,Sales,Payroll,ACH,Emp_096,INV-2024-0001720,0,normal
TX-001905,2024-03-01 09:30:00,14956.63,Vendor_112,Operations,Payroll,ACH,Emp_065,INV-2024-0002385,1,high_amount
TX-001906,2024-03-01 10:07:00,1071.52,Vendor_087,Support,IT,Wire,Emp_116,INV-2024-0001726,0,normal
TX-001907,2024-03-01 10:23:00,854.93,Vendor_010,Operations,Operations,ACH,Emp_067,INV-2024-0001738,0,normal
TX-001908,2024-03-01 10:24:00,6201.17,Vendor_034,Sales,Supplies,Check,Emp_103,INV-2024-0001744,0,normal
TX-001909,2024-03-01 10:44:00,8414.5,Vendor_060,Marketing,Payroll,Card,Emp_058,INV-2024-0001742,0,normal
TX-001910,2024-03-01 10:51:00,1599.9,Vendor_020,Sales,Consulting,Card,Emp_093,INV-2024-0001739,0,normal
TX-001911,2024-03-01 11:13:00,2426.74,Vendor_117,Operations,Operations,Card,Emp_069,INV-2024-0001745,0,normal
TX-001912,2024-03-01 11:16:00,572.6,Vendor_067,Support,Supplies,Card,Emp_107,INV-2024-0001734,0,normal
TX-001913,2024-03-01 11:18:00,1692.89,Vendor_051,Legal,Operations,Check,Emp_079,INV-2024-0001721,0,normal
TX-001914,2024-03-01 11:19:00,3463.45,Vendor_031,Finance,Supplies,ACH,Emp_003,INV-2024-0001719,0,normal
TX-001915,2024-03-01 11:35:00,1832.91,Vendor_037,Finance,Consulting,Wire,Emp_012,INV-2024-0001741,0,normal
TX-001916,2024-03-01 11:37:00,1963.4,Vendor_002,Support,Supplies,Card,Emp_115,INV-2024-0001722,0,normal
TX-001917,2024-03-01 12:16:00,1979.04,Vendor_073,Marketing,IT,ACH,Emp_053,INV-2024-0001732,0,normal
TX-001918,2024-03-01 12:44:00,1680.38,Vendor_116,Support,Supplies,ACH,Emp_108,INV-2024-0001724,0,normal
TX-001919,2024-03-01 12:55:00,4152.49,Vendor_114,Marketing,Consulting,Check,Emp_046,INV-2024-0001729,0,normal
TX-001920,2024-03-01 13:00:00,628.09,Vendor_115,HR,Payroll,Check,Emp_028,INV-2024-0001733,0,normal
TX-001921,2024-03-01 13:13:00,652.28,Vendor_052,Operations,Supplies,Check,Emp_074,INV-2024-0001727,0,normal
TX-001922,2024-03-01 13:17:00,3350.0,Vendor_058,HR,Payroll,Wire,Emp_024,INV-2024-0001747,0,normal
TX-001923,2024-03-01 13:18:00,656.77,Vendor_091,IT,Travel,Wire,Emp_043,INV-2024-0001740,0,normal
TX-001924,2024-03-01 13:50:00,2863.95,Vendor_113,Support,Consulting,Check,Emp_116,INV-2024-0001748,0,normal
TX-001925,2024-03-01 14:06:00,992.99,Vendor_029,IT,Supplies,Card,Emp_041,INV-2024-0001736,0,normal
TX-001926,2024-03-01 14:07:00,3726.89,Vendor_064,IT,Travel,Wire,Emp_043,INV-2024-0001723,0,normal
TX-001927,2024-03-01 14:10:00,4736.35,Vendor_107,HR,Travel,ACH,Emp_022,INV-2024-0001730,0,normal
TX-001928,2024-03-01 14:20:00,4436.57,Vendor_016,IT,Travel,Check,Emp_032,INV-2024-0001737,0,normal
TX-001929,2024-03-01 14:40:00,1709.11,Vendor_073,Marketing,Operations,ACH,Emp_048,INV-2024-0001735,0,normal
TX-001930,2024-03-01 15:52:00,20857.94,Vendor_033,Operations,Operations,ACH,Emp_073,INV-2024-0002336,1,high_amount
TX-001931,2024-03-01 16:30:00,1226.59,Vendor_045,IT,Supplies,Check,Emp_032,INV-2024-0001743,0,normal
TX-001932,2024-03-01 16:50:00,3294.82,Vendor_055,Finance,Travel,Card,Emp_013,INV-2024-0001728,0,normal
TX-001933,2024-03-01 16:50:00,1159.74,Vendor_099,Finance,IT,Wire,Emp_010,INV-2024-0001725,0,normal
TX-001934,2024-03-01 16:52:00,2300.0,Vendor_067,Support,Supplies,ACH,Emp_107,INV-2024-0002258,1,split_payment
TX-001935,2024-03-01 17:20:00,6554.01,Vendor_017,Legal,Operations,Card,Emp_081,INV-2024-0001746,0,normal
TX-001936,2024-03-02 06:18:00,554.69,Vendor_013,Legal,IT,Wire,Emp_082,INV-2024-0001673,1,duplicate_invoice
TX-001937,2024-03-02 07:49:00,4410.38,Vendor_109,HR,Supplies,ACH,Emp_020,INV-2024-0001760,0,normal
TX-001938,2024-03-02 08:38:00,2399.35,Vendor_117,Operations,Supplies,Card,Emp_073,INV-2024-0001754,0,normal
TX-001939,2024-03-02 09:26:00,6887.0,Vendor_092,Legal,Consulting,ACH,Emp_081,INV-2024-0001755,0,normal
TX-001940,2024-03-02 09:27:00,953.94,Vendor_035,Sales,Supplies,ACH,Emp_105,INV-2024-0001751,0,normal
TX-001941,2024-03-02 09:49:00,4100.63,Vendor_016,Operations,Travel,Check,Emp_068,INV-2024-0001757,0,normal
TX-001942,2024-03-02 10:32:00,937.12,Vendor_032,Sales,Operations,ACH,Emp_102,INV-2024-0001758,0,normal
TX-001943,2024-03-02 11:25:00,708.72,Vendor_119,Sales,Consulting,Wire,Emp_096,INV-2024-0001749,0,normal
TX-001944,2024-03-02 11:34:00,3232.03,Vendor_039,Marketing,Consulting,ACH,Emp_050,INV-2024-0001752,0,normal
TX-001945,2024-03-02 11:52:00,5114.94,Vendor_062,Sales,Supplies,ACH,Emp_103,INV-2024-0001750,0,normal
TX-001946,2024-03-02 12:41:00,2221.06,Vendor_012,Operations,Supplies,Card,Emp_064,INV-2024-0001761,0,normal
TX-001947,2024-03-02 13:51:00,4431.04,Vendor_112,Operations,Payroll,Wire,Emp_075,INV-2024-0001753,0,normal
TX-001948,2024-03-02 14:18:00,2413.03,Vendor_112,Operations,Travel,Check,Emp_067,INV-2024-0001763,0,normal
TX-001949,2024-03-02 14:39:00,3877.33,Vendor_081,Support,Travel,Check,Emp_120,INV-2024-0001762,0,normal
TX-001950,2024-03-02 15:58:00,2457.1,Vendor_112,Operations,Operations,Wire,Emp_071,INV-2024-0001756,0,normal
TX-001951,2024-03-02 16:01:00,9800.0,Vendor_081,Support,Travel,ACH,Emp_120,INV-2024-0002379,1,split_payment
TX-001952,2024-03-02 16:02:00,734.35,Vendor_022,Sales,Supplies,Check,Emp_091,INV-2024-0001766,0,normal
TX-001953,2024-03-02 16:04:00,1978.82,Vendor_101,Operations,Supplies,ACH,Emp_067,INV-2024-0001765,0,normal
TX-001954,2024-03-02 17:07:00,1537.2,Vendor_089,Finance,Operations,Wire,Emp_008,INV-2024-0001764,0,normal
TX-001955,2024-03-02 17:31:00,3355.31,Vendor_061,Marketing,Consulting,Wire,Emp_053,INV-2024-0001759,0,normal
TX-001956,2024-03-02 19:18:00,2373.96,Vendor_112,Operations,Operations,Wire,Emp_071,INV-2024-0002301,1,same_day_burst
TX-001957,2024-03-03 10:47:00,518.48,Vendor_052,Operations,Consulting,Check,Emp_063,INV-2024-0001772,0,normal
TX-001958,2024-03-03 11:00:00,1896.96,Vendor_101,Operations,Supplies,ACH,Emp_065,INV-2024-0001781,0,normal
TX-001959,2024-03-03 11:28:00,596.67,Vendor_108,Legal,Payroll,Card,Emp_090,INV-2024-0001779,0,normal
TX-001960,2024-03-03 11:32:00,7262.42,Vendor_001,HR,Supplies,Card,Emp_029,INV-2024-0001767,0,normal
TX-001961,2024-03-03 11:34:00,973.96,Vendor_004,Finance,Consulting,ACH,Emp_013,INV-2024-0001769,0,normal
TX-001962,2024-03-03 11:54:00,1467.01,Vendor_087,Support,Supplies,ACH,Emp_118,INV-2024-0001771,0,normal
TX-001963,2024-03-03 12:28:00,906.04,Vendor_032,Sales,IT,Wire,Emp_102,INV-2024-0001768,0,normal
TX-001964,2024-03-03 13:12:00,633.8,Vendor_108,Legal,Payroll,ACH,Emp_085,INV-2024-0001782,0,normal
TX-001965,2024-03-03 13:47:00,1020.57,Vendor_082,Operations,IT,Card,Emp_071,INV-2024-0001770,0,normal
TX-001966,2024-03-03 14:01:00,2008.43,Vendor_103,Legal,Supplies,ACH,Emp_079,INV-2024-0001780,0,normal
TX-001967,2024-03-03 14:46:00,836.1,Vendor_029,IT,Supplies,Card,Emp_041,INV-2024-0001777,0,normal
TX-001968,2024-03-03 15:10:00,1971.33,Vendor_038,HR,Supplies,Wire,Emp_020,INV-2024-0001778,0,normal
TX-001969,2024-03-03 15:29:00,846.69,Vendor_043,Operations,Operations,Check,Emp_062,INV-2024-0001773,0,normal
TX-001970,2024-03-03 16:38:00,2365.23,Vendor_117,Operations,Supplies,Card,Emp_069,INV-2024-0001754,1,duplicate_invoice
TX-001971,2024-03-03 16:39:00,4027.53,Vendor_057,Finance,IT,Card,Emp_006,INV-2024-0001776,0,normal
TX-001972,2024-03-03 16:57:00,1052.79,Vendor_056,Sales,Supplies,Wire,Emp_091,INV-2024-0001775,0,normal
TX-001973,2024-03-03 18:38:00,7136.1,Vendor_102,IT,Payroll,Wire,Emp_043,INV-2024-0001774,0,normal
TX-001974,2024-03-04 02:55:00,5760.37,Vendor_089,Finance,Operations,Check,Emp_008,INV-2024-0002392,1,high_amount
TX-001975,2024-03-04 07:05:00,5173.78,Vendor_098,Legal,Travel,Card,Emp_084,INV-2024-0001803,0,normal
TX-001976,2024-03-04 07:20:00,2765.11,Vendor_038,HR,Payroll,Card,Emp_030,INV-2024-0001812,0,normal
TX-001977,2024-03-04 08:12:00,2042.39,Vendor_117,Operations,Payroll,Wire,Emp_061,INV-2024-0001789,0,normal
TX-001978,2024-03-04 08:13:00,305.1,Vendor_093,IT,Consulting,Check,Emp_038,INV-2024-0001807,0,normal
TX-001979,2024-03-04 08:46:00,5196.67,Vendor_042,Marketing,Travel,Card,Emp_047,INV-2024-0001810,0,normal
TX-001980,2024-03-04 08:49:00,3195.5,Vendor_105,Finance,IT,Check,Emp_004,INV-2024-0001799,0,normal
TX-001981,2024-03-04 09:13:00,3565.68,Vendor_031,Finance,Operations,Card,Emp_015,INV-2024-0001815,0,normal
TX-001982,2024-03-04 09:20:00,1617.16,Vendor_110,Operations,Consulting,Wire,Emp_067,INV-2024-0001802,0,normal
TX-001983,2024-03-04 09:35:00,2908.92,Vendor_021,Marketing,Consulting,ACH,Emp_057,INV-2024-0001784,0,normal
TX-001984,2024-03-04 10:13:00,1265.42,Vendor_010,Marketing,Consulting,Wire,Emp_056,INV-2024-0001805,0,normal
TX-001985,2024-03-04 10:30:00,1475.06,Vendor_074,IT,Travel,ACH,Emp_041,INV-2024-0001809,0,normal
TX-001986,2024-03-04 10:56:00,2254.7,Vendor_070,Finance,Consulting,ACH,Emp_006,INV-2024-0001801,0,normal
TX-001987,2024-03-04 10:57:00,3185.43,Vendor_061,Sales,Travel,Wire,Emp_098,INV-2024-0001813,0,normal
TX-001988,2024-03-04 11:03:00,17371.16,Vendor_096,IT,Travel,Wire,Emp_043,INV-2024-0001794,0,normal
TX-001989,2024-03-04 11:24:00,9930.0,Vendor_021,Marketing,Consulting,Wire,Emp_057,INV-2024-0002419,1,split_payment
TX-001990,2024-03-04 11:42:00,3728.74,Vendor_055,Finance,IT,ACH,Emp_002,INV-2024-0001817,0,normal
TX-001991,2024-03-04 11:48:00,4237.39,Vendor_026,IT,Consulting,Check,Emp_035,INV-2024-0001790,0,normal
TX-001992,2024-03-04 11:52:00,3037.87,Vendor_021,Sales,Supplies,ACH,Emp_095,INV-2024-0001786,0,normal
TX-001993,2024-03-04 11:53:00,6048.1,Vendor_042,Marketing,Supplies,ACH,Emp_058,INV-2024-0001791,0,normal
TX-001994,2024-03-04 12:16:00,2770.05,Vendor_042,Marketing,Payroll,ACH,Emp_052,INV-2024-0001785,0,normal
TX-001995,2024-03-04 12:59:00,4701.91,Vendor_042,Marketing,Payroll,Check,Emp_060,INV-2024-0001819,0,normal
TX-001996,2024-03-04 13:02:00,5753.57,Vendor_015,Marketing,Payroll,Check,Emp_058,INV-2024-0001787,0,normal
TX-001997,2024-03-04 13:28:00,4014.65,Vendor_072,Sales,Supplies,Card,Emp_098,INV-2024-0001806,0,normal
TX-001998,2024-03-04 13:28:00,4233.6,Vendor_015,Marketing,Operations,ACH,Emp_052,INV-2024-0001804,0,normal
TX-001999,2024-03-04 13:30:00,2944.76,Vendor_021,Marketing,Supplies,Card,Emp_060,INV-2024-0001795,0,normal
TX-002000,2024-03-04 13:53:00,621.48,Vendor_067,Sales,Consulting,Card,Emp_100,INV-2024-0001814,0,normal
TX-002001,2024-03-04 13:54:00,866.7,Vendor_029,IT,Supplies,Card,Emp_035,INV-2024-0001792,0,normal
TX-002002,2024-03-04 13:57:00,1673.09,Vendor_049,Legal,Operations,Card,Emp_076,INV-2024-0001811,0,normal
TX-002003,2024-03-04 13:59:00,272.98,Vendor_093,IT,IT,Check,Emp_039,INV-2024-0001793,0,normal
TX-002004,2024-03-04 14:06:00,896.09,Vendor_091,Marketing,Operations,Card,Emp_052,INV-2024-0001820,0,normal
TX-002005,2024-03-04 14:10:00,469.55,Vendor_115,HR,Consulting,Check,Emp_030,INV-2024-0001798,0,normal
TX-002006,2024-03-04 14:16:00,5988.45,Vendor_102,Marketing,Travel,Wire,Emp_052,INV-2024-0001796,0,normal
TX-002007,2024-03-04 14:27:00,2442.19,Vendor_053,Legal,Consulting,ACH,Emp_079,INV-2024-0001800,0,normal
TX-002008,2024-03-04 14:49:00,4007.4,Vendor_042,Marketing,Payroll,Check,Emp_060,INV-2024-0002391,1,same_day_burst
TX-002009,2024-03-04 14:50:00,4218.69,Vendor_003,Support,Payroll,Wire,Emp_115,INV-2024-0001783,0,normal
TX-002010,2024-03-04 15:59:00,696.69,Vendor_032,Sales,Payroll,Wire,Emp_105,INV-2024-0001816,0,normal
TX-002011,2024-03-04 16:12:00,15344.65,Vendor_044,Sales,IT,Wire,Emp_099,INV-2024-0001797,0,normal
TX-002012,2024-03-04 16:22:00,784.98,Vendor_022,Sales,Supplies,Check,Emp_101,INV-2024-0001818,0,normal
TX-002013,2024-03-04 16:41:00,2752.75,Vendor_079,Finance,Supplies,Wire,Emp_003,INV-2024-0001788,0,normal
TX-002014,2024-03-04 18:18:00,5311.74,Vendor_058,HR,Payroll,Wire,Emp_030,INV-2024-0001808,0,normal
TX-002015,2024-03-04 18:18:00,1770.46,Vendor_056,Sales,Supplies,Wire,Emp_099,INV-2024-0002375,1,payment_method_switch
TX-002016,2024-03-05 07:02:00,3006.02,Vendor_007,Support,Operations,Card,Emp_106,INV-2024-0001849,0,normal
TX-002017,2024-03-05 07:42:00,1334.43,Vendor_056,Sales,Consulting,Card,Emp_098,INV-2024-0001835,0,normal
TX-002018,2024-03-05 08:53:00,613.09,Vendor_067,Sales,Consulting,Wire,Emp_099,INV-2024-0001814,1,duplicate_invoice
TX-002019,2024-03-05 09:10:00,1086.34,Vendor_020,Sales,Travel,Card,Emp_096,INV-2024-0001828,0,normal
TX-002020,2024-03-05 09:11:00,4352.24,Vendor_033,Operations,Operations,Wire,Emp_064,INV-2024-0001823,0,normal
TX-002021,2024-03-05 10:34:00,1279.64,Vendor_101,Operations,Supplies,ACH,Emp_067,INV-2024-0001844,0,normal
TX-002022,2024-03-05 11:14:00,5031.36,Vendor_109,HR,Supplies,ACH,Emp_022,INV-2024-0001851,0,normal
TX-002023,2024-03-05 11:37:00,2999.26,Vendor_117,HR,IT,Wire,Emp_019,INV-2024-0001842,0,normal
TX-002024,2024-03-05 11:43:00,709.9,Vendor_067,Sales,Supplies,Check,Emp_095,INV-2024-0001848,0,normal
TX-002025,2024-03-05 11:46:00,1333.98,Vendor_091,IT,IT,Check,Emp_041,INV-2024-0001846,0,normal
TX-002026,2024-03-05 11:55:00,820.92,Vendor_082,Operations,Consulting,ACH,Emp_070,INV-2024-0001831,0,normal
TX-002027,2024-03-05 12:38:00,5528.72,Vendor_033,Operations,IT,Card,Emp_069,INV-2024-0001830,0,normal
TX-002028,2024-03-05 12:42:00,872.98,Vendor_067,Sales,Supplies,ACH,Emp_095,INV-2024-0001832,0,normal
TX-002029,2024-03-05 12:48:00,1042.48,Vendor_023,IT,Operations,Wire,Emp_044,INV-2024-0001822,0,normal
TX-002030,2024-03-05 13:00:00,3909.55,Vendor_060,Marketing,Consulting,Wire,Emp_055,INV-2024-0001837,0,normal
TX-002031,2024-03-05 13:08:00,3290.75,Vendor_021,Finance,Consulting,Check,Emp_005,INV-2024-0001826,0,normal
TX-002032,2024-03-05 13:11:00,295.97,Vendor_018,IT,IT,Wire,Emp_043,INV-2024-0001845,0,normal
TX-002033,2024-03-05 13:20:00,2458.42,Vendor_006,Legal,Payroll,Check,Emp_090,INV-2024-0001840,0,normal
TX-002034,2024-03-05 13:39:00,4983.28,Vendor_100,Support,IT,Check,Emp_115,INV-2024-0001824,0,normal
TX-002035,2024-03-05 13:40:00,1217.88,Vendor_099,Marketing,Travel,ACH,Emp_047,INV-2024-0001827,0,normal
TX-002036,2024-03-05 13:47:00,1459.57,Vendor_036,Sales,Travel,Card,Emp_104,INV-2024-0001841,0,normal
TX-002037,2024-03-05 13:48:00,2721.32,Vendor_117,Operations,Supplies,Check,Emp_066,INV-2024-0001836,0,normal
TX-002038,2024-03-05 13:57:00,6329.43,Vendor_062,Sales,Travel,ACH,Emp_100,INV-2024-0001847,0,normal
TX-002039,2024-03-05 14:00:00,2327.03,Vendor_053,Finance,Consulting,ACH,Emp_005,INV-2024-0001833,0,normal
TX-002040,2024-03-05 14:15:00,11550.0,Vendor_044,Sales,Supplies,Check,Emp_093,INV-2024-0001834,0,normal
TX-002041,2024-03-05 14:16:00,1051.04,Vendor_056,Sales,Consulting,Card,Emp_092,INV-2024-0001839,0,normal
TX-002042,2024-03-05 14:17:00,1850.31,Vendor_038,HR,Supplies,Card,Emp_030,INV-2024-0001825,0,normal
TX-002043,2024-03-05 14:31:00,489.69,Vendor_052,Operations,Supplies,Check,Emp_071,INV-2024-0001829,0,normal
TX-002044,2024-03-05 15:32:00,1097.98,Vendor_119,Operations,Consulting,Wire,Emp_066,INV-2024-0001850,0,normal
TX-002045,2024-03-05 16:54:00,1756.96,Vendor_065,Support,Consulting,Card,Emp_115,INV-2024-0001838,0,normal
TX-002046,2024-03-05 17:02:00,1202.84,Vendor_010,Marketing,Operations,Wire,Emp_047,INV-2024-0001821,0,normal
TX-002047,2024-03-05 17:36:00,4950.0,Vendor_033,Operations,Operations,Check,Emp_064,INV-2024-0002389,1,split_payment
TX-002048,2024-03-05 17:49:00,1136.61,Vendor_029,IT,Supplies,Card,Emp_045,INV-2024-0001843,0,normal
TX-002049,2024-03-06 00:16:00,1062.28,Vendor_056,Sales,Consulting,Wire,Emp_097,INV-2024-0001839,1,duplicate_invoice
TX-002050,2024-03-06 03:01:00,4041.45,Vendor_038,Operations,Payroll,Wire,Emp_067,INV-2024-0002303,1,vendor_department_shift
TX-002051,2024-03-06 07:09:00,1295.65,Vendor_089,Finance,Supplies,ACH,Emp_002,INV-2024-0001852,0,normal
TX-002052,2024-03-06 07:32:00,5913.19,Vendor_062,Sales,Supplies,ACH,Emp_102,INV-2024-0001868,0,normal
TX-002053,2024-03-06 07:43:00,7897.21,Vendor_034,Sales,Payroll,Card,Emp_098,INV-2024-0001879,0,normal
TX-002054,2024-03-06 08:05:00,2421.68,Vendor_012,Legal,Supplies,ACH,Emp_087,INV-2024-0001862,0,normal
TX-002055,2024-03-06 09:22:00,12550.0,Vendor_096,IT,Payroll,ACH,Emp_041,INV-2024-0001872,0,normal
TX-002056,2024-03-06 09:25:00,4298.15,Vendor_024,IT,Supplies,Check,Emp_039,INV-2024-0001870,0,normal
TX-002057,2024-03-06 10:25:00,2354.21,Vendor_120,Support,Payroll,Wire,Emp_115,INV-2024-0001883,0,normal
TX-002058,2024-03-06 10:45:00,3732.86,Vendor_003,Support,IT,Check,Emp_117,INV-2024-0001886,0,normal
TX-002059,2024-03-06 10:46:00,849.34,Vendor_029,IT,Supplies,Card,Emp_043,INV-2024-0001777,1,duplicate_invoice
TX-002060,2024-03-06 10:58:00,1408.78,Vendor_089,Finance,Travel,ACH,Emp_003,INV-2024-0001878,0,normal
TX-002061,2024-03-06 11:02:00,1292.74,Vendor_089,Finance,Travel,Wire,Emp_010,INV-2024-0001854,0,normal
TX-002062,2024-03-06 11:05:00,1955.85,Vendor_002,Support,Operations,Wire,Emp_106,INV-2024-0001864,0,normal
TX-002063,2024-03-06 11:18:00,4540.66,Vendor_040,IT,Supplies,Card,Emp_040,INV-2024-0001889,0,normal
TX-002064,2024-03-06 11:28:00,850.0,Vendor_035,Support,Supplies,Card,Emp_116,INV-2024-0001858,0,normal
TX-002065,2024-03-06 11:36:00,1012.17,Vendor_004,Finance,Travel,ACH,Emp_007,INV-2024-0001875,0,normal
TX-002066,2024-03-06 11:40:00,1174.69,Vendor_029,Finance,Supplies,ACH,Emp_005,INV-2024-0001855,0,normal
TX-002067,2024-03-06 11:41:00,958.64,Vendor_119,Operations,Consulting,Wire,Emp_062,INV-2024-0001876,0,normal
TX-002068,2024-03-06 12:12:00,1306.95,Vendor_023,Sales,Supplies,Card,Emp_098,INV-2024-0001867,0,normal
TX-002069,2024-03-06 12:17:00,4290.59,Vendor_001,Marketing,IT,ACH,Emp_057,INV-2024-0001853,0,normal
TX-002070,2024-03-06 12:33:00,1096.66,Vendor_014,Sales,Payroll,Check,Emp_099,INV-2024-0001877,0,normal
TX-002071,2024-03-06 12:51:00,6144.5,Vendor_007,Support,Operations,Wire,Emp_116,INV-2024-0001884,0,normal
TX-002072,2024-03-06 13:05:00,1614.43,Vendor_049,Legal,Operations,Wire,Emp_084,INV-2024-0001869,0,normal
TX-002073,2024-03-06 13:12:00,5689.0,Vendor_042,Marketing,Payroll,Check,Emp_054,INV-2024-0001888,0,normal
TX-002074,2024-03-06 13:31:00,8473.66,Vendor_007,Support,Operations,Card,Emp_118,INV-2024-0001866,0,normal
TX-002075,2024-03-06 13:42:00,3075.61,Vendor_016,IT,Operations,ACH,Emp_039,INV-2024-0001857,0,normal
TX-002076,2024-03-06 13:46:00,2917.7,Vendor_120,Support,Payroll,ACH,Emp_112,INV-2024-0001860,0,normal
TX-002077,2024-03-06 13:46:00,1762.1,Vendor_069,Operations,Supplies,Wire,Emp_066,INV-2024-0001873,0,normal
TX-002078,2024-03-06 13:49:00,3495.27,Vendor_033,Operations,Operations,ACH,Emp_074,INV-2024-0001859,0,normal
TX-002079,2024-03-06 14:55:00,1229.81,Vendor_020,Sales,IT,Card,Emp_101,INV-2024-0001874,0,normal
TX-002080,2024-03-06 15:08:00,2104.48,Vendor_036,Sales,Travel,Check,Emp_094,INV-2024-0001880,0,normal
TX-002081,2024-03-06 15:22:00,1177.43,Vendor_020,Sales,Travel,Card,Emp_105,INV-2024-0001871,0,normal
TX-002082,2024-03-06 15:25:00,5333.96,Vendor_109,HR,Supplies,Card,Emp_025,INV-2024-0001887,0,normal
TX-002083,2024-03-06 15:42:00,3789.6,Vendor_097,Marketing,Travel,ACH,Emp_059,INV-2024-0001885,0,normal
TX-002084,2024-03-06 16:04:00,2672.37,Vendor_038,HR,Supplies,Wire,Emp_018,INV-2024-0001861,0,normal
TX-002085,2024-03-06 16:49:00,2828.79,Vendor_006,Sales,Consulting,Wire,Emp_091,INV-2024-0001882,0,normal
TX-002086,2024-03-06 16:50:00,14325.28,Vendor_118,Operations,IT,Check,Emp_062,INV-2024-0001863,0,normal
TX-002087,2024-03-06 17:02:00,883.88,Vendor_115,HR,Consulting,Check,Emp_024,INV-2024-0001856,0,normal
TX-002088,2024-03-06 17:34:00,439.34,Vendor_004,Finance,Travel,ACH,Emp_006,INV-2024-0001881,0,normal
TX-002089,2024-03-06 17:48:00,4288.81,Vendor_026,IT,Consulting,Wire,Emp_032,INV-2024-0001790,1,duplicate_invoice
TX-002090,2024-03-06 17:56:00,5735.42,Vendor_109,HR,Supplies,Check,Emp_021,INV-2024-0001865,0,normal
TX-002091,2024-03-06 21:28:00,2562.49,Vendor_111,Finance,Travel,ACH,Emp_011,INV-2024-0002394,1,vendor_department_shift
TX-002092,2024-03-07 07:14:00,9120.35,Vendor_060,Marketing,Consulting,Card,Emp_054,INV-2024-0001905,0,normal
TX-002093,2024-03-07 08:17:00,5458.21,Vendor_033,Operations,Operations,Card,Emp_062,INV-2024-0001898,0,normal
TX-002094,2024-03-07 09:16:00,1063.08,Vendor_023,IT,Operations,Wire,Emp_034,INV-2024-0001914,0,normal
TX-002095,2024-03-07 10:00:00,28056.17,Vendor_034,Sales,Supplies,ACH,Emp_103,INV-2024-0002330,1,high_amount
TX-002096,2024-03-07 10:16:00,1122.13,Vendor_029,IT,Supplies,Card,Emp_033,INV-2024-0001893,0,normal
TX-002097,2024-03-07 10:39:00,17085.74,Vendor_072,Sales,Supplies,ACH,Emp_098,INV-2024-0002412,1,high_amount
TX-002098,2024-03-07 10:43:00,1551.76,Vendor_100,Support,IT,Check,Emp_116,INV-2024-0001907,0,normal
TX-002099,2024-03-07 11:13:00,1196.65,Vendor_022,Sales,Supplies,Card,Emp_094,INV-2024-0001913,0,normal
TX-002100,2024-03-07 11:19:00,3473.59,Vendor_009,HR,Consulting,Check,Emp_026,INV-2024-0001915,0,normal
TX-002101,2024-03-07 11:19:00,1202.75,Vendor_010,Marketing,IT,Wire,Emp_059,INV-2024-0001896,0,normal
TX-002102,2024-03-07 11:27:00,1237.42,Vendor_032,Marketing,IT,ACH,Emp_058,INV-2024-0001897,0,normal
TX-002103,2024-03-07 11:31:00,1442.6,Vendor_045,IT,Consulting,Check,Emp_037,INV-2024-0001918,0,normal
TX-002104,2024-03-07 11:42:00,2134.83,Vendor_038,HR,Supplies,ACH,Emp_016,INV-2024-0001899,0,normal
TX-002105,2024-03-07 11:59:00,3490.0,Vendor_061,Marketing,Consulting,Check,Emp_051,INV-2024-0001903,0,normal
TX-002106,2024-03-07 12:06:00,4136.79,Vendor_080,IT,Payroll,ACH,Emp_033,INV-2024-0001908,0,normal
TX-002107,2024-03-07 12:24:00,6248.49,Vendor_007,Support,Operations,Card,Emp_117,INV-2024-0001916,0,normal
TX-002108,2024-03-07 12:54:00,6816.59,Vendor_083,Sales,Payroll,Wire,Emp_098,INV-2024-0001911,0,normal
TX-002109,2024-03-07 13:17:00,2381.06,Vendor_005,Support,Operations,Wire,Emp_111,INV-2024-0001902,0,normal
TX-002110,2024-03-07 13:19:00,1087.89,Vendor_082,Finance,Consulting,Card,Emp_001,INV-2024-0001919,0,normal
TX-002111,2024-03-07 13:25:00,769.71,Vendor_011,Marketing,IT,Wire,Emp_053,INV-2024-0001904,0,normal
TX-002112,2024-03-07 13:30:00,1488.14,Vendor_089,Finance,Supplies,Wire,Emp_014,INV-2024-0001910,0,normal
TX-002113,2024-03-07 14:14:00,2617.07,Vendor_063,IT,Supplies,Card,Emp_036,INV-2024-0001891,0,normal
TX-002114,2024-03-07 15:09:00,4950.0,Vendor_089,Finance,Supplies,Check,Emp_014,INV-2024-0002362,1,split_payment
TX-002115,2024-03-07 15:12:00,15740.51,Vendor_044,Sales,IT,Card,Emp_093,INV-2024-0001797,1,duplicate_invoice
TX-002116,2024-03-07 15:16:00,1791.38,Vendor_070,Finance,Consulting,Wire,Emp_009,INV-2024-0001895,0,normal
TX-002117,2024-03-07 15:29:00,3871.97,Vendor_100,Support,IT,Check,Emp_107,INV-2024-0001901,0,normal
TX-002118,2024-03-07 15:41:00,748.47,Vendor_011,Marketing,IT,ACH,Emp_047,INV-2024-0001892,0,normal
TX-002119,2024-03-07 16:13:00,1556.02,Vendor_089,Support,Operations,ACH,Emp_119,INV-2024-0001912,0,normal
TX-002120,2024-03-07 17:21:00,3803.2,Vendor_100,Support,IT,Check,Emp_107,INV-2024-0002260,1,same_day_burst
TX-002121,2024-03-07 17:23:00,1022.6,Vendor_004,Finance,Travel,ACH,Emp_005,INV-2024-0001894,0,normal
TX-002122,2024-03-07 17:25:00,974.68,Vendor_043,Operations,Operations,Check,Emp_074,INV-2024-0001900,0,normal
TX-002123,2024-03-07 17:52:00,703.86,Vendor_018,Marketing,Payroll,Card,Emp_050,INV-2024-0001909,0,normal
TX-002124,2024-03-07 18:21:00,1581.5,Vendor_037,Operations,Consulting,ACH,Emp_063,INV-2024-0001917,0,normal
TX-002125,2024-03-07 18:33:00,1155.95,Vendor_085,Sales,IT,ACH,Emp_105,INV-2024-0001906,0,normal
TX-002126,2024-03-07 18:38:00,1070.79,Vendor_115,HR,Payroll,Check,Emp_030,INV-2024-0001890,0,normal
TX-002127,2024-03-08 07:00:00,3601.08,Vendor_021,Marketing,Payroll,Check,Emp_058,INV-2024-0001923,0,normal
TX-002128,2024-03-08 07:40:00,13456.41,Vendor_118,Operations,IT,Check,Emp_071,INV-2024-0001938,0,normal
TX-002129,2024-03-08 08:05:00,1966.97,Vendor_006,Legal,Operations,Wire,Emp_090,INV-2024-0001920,0,normal
TX-002130,2024-03-08 08:26:00,2450.0,Vendor_088,Finance,Travel,Card,Emp_011,INV-2024-0001947,0,normal
TX-002131,2024-03-08 09:34:00,4703.66,Vendor_109,HR,Supplies,ACH,Emp_023,INV-2024-0001926,0,normal
TX-002132,2024-03-08 09:54:00,1534.33,Vendor_113,Support,Consulting,Wire,Emp_119,INV-2024-0001928,0,normal
TX-002133,2024-03-08 10:41:00,3767.36,Vendor_114,Marketing,Operations,Check,Emp_058,INV-2024-0001950,0,normal
TX-002134,2024-03-08 10:41:00,2900.0,Vendor_072,IT,Operations,ACH,Emp_033,INV-2024-0001953,0,normal
TX-002135,2024-03-08 10:45:00,2442.37,Vendor_117,Operations,IT,Card,Emp_073,INV-2024-0001942,0,normal
TX-002136,2024-03-08 11:03:00,3053.89,Vendor_120,Support,Payroll,ACH,Emp_106,INV-2024-0001925,0,normal
TX-002137,2024-03-08 11:12:00,9860.0,Vendor_088,Finance,Travel,Wire,Emp_011,INV-2024-0002341,1,split_payment
TX-002138,2024-03-08 11:25:00,2927.82,Vendor_055,Finance,IT,ACH,Emp_015,INV-2024-0001944,0,normal
TX-002139,2024-03-08 11:27:00,924.92,Vendor_115,HR,Consulting,Card,Emp_029,INV-2024-0001946,0,normal
TX-002140,2024-03-08 11:44:00,1405.0,Vendor_037,Operations,Payroll,Card,Emp_061,INV-2024-0001932,0,normal
TX-002141,2024-03-08 12:39:00,2961.7,Vendor_009,HR,Consulting,ACH,Emp_029,INV-2024-0001943,0,normal
TX-002142,2024-03-08 12:52:00,614.77,Vendor_011,Marketing,IT,Check,Emp_060,INV-2024-0001954,0,normal
TX-002143,2024-03-08 13:08:00,9337.61,Vendor_102,Legal,Travel,Card,Emp_081,INV-2024-0001924,0,normal
TX-002144,2024-03-08 13:09:00,1747.15,Vendor_019,Operations,Travel,ACH,Emp_073,INV-2024-0001927,0,normal
TX-002145,2024-03-08 13:09:00,1104.52,Vendor_091,IT,Payroll,Wire,Emp_045,INV-2024-0001949,0,normal
TX-002146,2024-03-08 13:10:00,9528.1,Vendor_092,Legal,Consulting,Check,Emp_077,INV-2024-0001935,0,normal
TX-002147,2024-03-08 13:14:00,961.11,Vendor_043,Legal,Operations,Check,Emp_081,INV-2024-0001934,0,normal
TX-002148,2024-03-08 13:17:00,704.82,Vendor_011,Marketing,Consulting,Check,Emp_049,INV-2024-0001922,0,normal
TX-002149,2024-03-08 13:52:00,4096.81,Vendor_056,Sales,Supplies,ACH,Emp_091,INV-2024-0002407,1,high_amount
TX-002150,2024-03-08 14:18:00,4557.96,Vendor_062,Sales,Supplies,Card,Emp_098,INV-2024-0001931,0,normal
TX-002151,2024-03-08 14:29:00,903.73,Vendor_104,Finance,Operations,ACH,Emp_013,INV-2024-0001948,0,normal
TX-002152,2024-03-08 14:30:00,767.38,Vendor_004,Finance,Consulting,Card,Emp_012,INV-2024-0001929,0,normal
TX-002153,2024-03-08 14:47:00,5514.86,Vendor_062,Sales,Travel,Wire,Emp_091,INV-2024-0001940,0,normal
TX-002154,2024-03-08 14:53:00,984.51,Vendor_119,Operations,Operations,Check,Emp_074,INV-2024-0001945,0,normal
TX-002155,2024-03-08 15:06:00,787.28,Vendor_106,Support,IT,Card,Emp_109,INV-2024-0001939,0,normal
TX-002156,2024-03-08 15:10:00,7079.0,Vendor_001,HR,IT,ACH,Emp_030,INV-2024-0001937,0,normal
TX-002157,2024-03-08 15:26:00,831.5,Vendor_014,Sales,Payroll,Check,Emp_095,INV-2024-0001930,0,normal
TX-002158,2024-03-08 15:44:00,6248.23,Vendor_062,Sales,Supplies,ACH,Emp_099,INV-2024-0001936,0,normal
TX-002159,2024-03-08 16:11:00,13983.84,Vendor_044,Sales,Supplies,Card,Emp_098,INV-2024-0001941,0,normal
TX-002160,2024-03-08 16:39:00,2778.95,Vendor_025,Marketing,Supplies,Check,Emp_052,INV-2024-0001933,0,normal
TX-002161,2024-03-08 16:47:00,6516.8,Vendor_098,Legal,Travel,Check,Emp_084,INV-2024-0001951,0,normal
TX-002162,2024-03-08 17:06:00,3451.51,Vendor_064,Support,Supplies,Check,Emp_117,INV-2024-0001921,0,normal
TX-002163,2024-03-08 18:11:00,1950.0,Vendor_070,Operations,Supplies,Wire,Emp_069,INV-2024-0001952,0,normal
TX-002164,2024-03-08 19:58:00,1406.72,Vendor_089,Finance,Travel,Check,Emp_014,INV-2024-0001878,1,duplicate_invoice
TX-002165,2024-03-09 09:24:00,696.81,Vendor_011,IT,Operations,Check,Emp_039,INV-2024-0001955,0,normal
TX-002166,2024-03-09 09:45:00,973.83,Vendor_056,Sales,Operations,Check,Emp_104,INV-2024-0001956,0,normal
TX-002167,2024-03-09 11:08:00,3789.18,Vendor_015,Marketing,Payroll,Check,Emp_055,INV-2024-0001967,0,normal
TX-002168,2024-03-09 11:22:00,3585.44,Vendor_090,Sales,Supplies,Wire,Emp_098,INV-2024-0001958,0,normal
TX-002169,2024-03-09 11:37:00,655.51,Vendor_087,Support,Supplies,ACH,Emp_114,INV-2024-0001962,0,normal
TX-002170,2024-03-09 11:58:00,1831.23,Vendor_116,Support,IT,Wire,Emp_109,INV-2024-0001964,0,normal
TX-002171,2024-03-09 12:15:00,2781.55,Vendor_080,IT,Payroll,Wire,Emp_041,INV-2024-0001965,0,normal
TX-002172,2024-03-09 12:31:00,1059.5,Vendor_073,Marketing,Operations,ACH,Emp_048,INV-2024-0001961,0,normal
TX-002173,2024-03-09 13:59:00,455.1,Vendor_010,Marketing,Consulting,Wire,Emp_057,INV-2024-0001966,0,normal
TX-002174,2024-03-09 14:28:00,3794.96,Vendor_061,Marketing,IT,Check,Emp_051,INV-2024-0001968,0,normal
TX-002175,2024-03-09 15:22:00,935.2,Vendor_010,Support,Consulting,Wire,Emp_108,INV-2024-0001960,0,normal
TX-002176,2024-03-09 16:08:00,1902.02,Vendor_068,Finance,Operations,ACH,Emp_001,INV-2024-0001959,0,normal
TX-002177,2024-03-09 16:25:00,3526.05,Vendor_009,HR,Consulting,Check,Emp_025,INV-2024-0001963,0,normal
TX-002178,2024-03-09 16:30:00,780.18,Vendor_004,Finance,Consulting,Card,Emp_003,INV-2024-0001929,1,duplicate_invoice
TX-002179,2024-03-09 18:15:00,1900.24,Vendor_110,Operations,Consulting,Wire,Emp_071,INV-2024-0001969,0,normal
TX-002180,2024-03-09 18:17:00,3503.94,Vendor_009,HR,Consulting,ACH,Emp_022,INV-2024-0001957,0,normal
TX-002181,2024-03-09 22:59:00,465.01,Vendor_010,Marketing,Consulting,ACH,Emp_046,INV-2024-0001966,1,duplicate_invoice
TX-002182,2024-03-10 07:54:00,2593.08,Vendor_050,Sales,Supplies,ACH,Emp_097,INV-2024-0001983,0,normal
TX-002183,2024-03-10 09:37:00,1376.73,Vendor_014,Sales,Operations,Check,Emp_101,INV-2024-0001970,0,normal
TX-002184,2024-03-10 09:38:00,4900.0,Vendor_109,HR,Supplies,Check,Emp_026,INV-2024-0001982,0,normal
TX-002185,2024-03-10 09:51:00,1621.74,Vendor_085,IT,Operations,ACH,Emp_039,INV-2024-0001975,0,normal
TX-002186,2024-03-10 10:00:00,732.59,Vendor_071,Finance,Travel,Wire,Emp_014,INV-2024-0001984,0,normal
TX-002187,2024-03-10 11:09:00,358.15,Vendor_028,HR,Payroll,Card,Emp_030,INV-2024-0001986,0,normal
TX-002188,2024-03-10 11:32:00,1230.93,Vendor_020,Sales,Travel,ACH,Emp_095,INV-2024-0001985,0,normal
TX-002189,2024-03-10 11:39:00,2976.25,Vendor_059,Marketing,Consulting,Wire,Emp_046,INV-2024-0001972,0,normal
TX-002190,2024-03-10 12:26:00,4717.53,Vendor_042,Marketing,Payroll,ACH,Emp_046,INV-2024-0001978,0,normal
TX-002191,2024-03-10 13:36:00,13637.49,Vendor_118,HR,Consulting,ACH,Emp_016,INV-2024-0001976,0,normal
TX-002192,2024-03-10 13:45:00,2400.0,Vendor_038,HR,Supplies,Card,Emp_029,INV-2024-0001973,0,normal
TX-002193,2024-03-10 14:10:00,2786.0,Vendor_117,Operations,Payroll,Wire,Emp_067,INV-2024-0001979,0,normal
TX-002194,2024-03-10 15:17:00,1085.23,Vendor_056,Sales,Operations,Card,Emp_105,INV-2024-0001971,0,normal
TX-002195,2024-03-10 16:14:00,1572.82,Vendor_008,HR,Supplies,Wire,Emp_025,INV-2024-0001977,0,normal
TX-002196,2024-03-10 16:19:00,1667.14,Vendor_002,HR,Supplies,Check,Emp_018,INV-2024-0001980,0,normal
TX-002197,2024-03-10 16:58:00,2066.08,Vendor_072,Operations,Operations,Card,Emp_065,INV-2024-0001974,0,normal
TX-002198,2024-03-10 17:06:00,819.9,Vendor_010,Marketing,Operations,Check,Emp_049,INV-2024-0001981,0,normal
TX-002199,2024-03-11 07:00:00,1000.34,Vendor_022,Sales,Supplies,Wire,Emp_094,INV-2024-0002016,0,normal
TX-002200,2024-03-11 07:53:00,1904.8,Vendor_065,Support,Operations,Check,Emp_114,INV-2024-0001989,0,normal
TX-002201,2024-03-11 08:05:00,4994.8,Vendor_050,Finance,Operations,Wire,Emp_015,INV-2024-0002339,1,vendor_department_shift
TX-002202,2024-03-11 08:48:00,2771.28,Vendor_012,Legal,Supplies,Card,Emp_082,INV-2024-0002017,0,normal
TX-002203,2024-03-11 09:24:00,2059.17,Vendor_033,Operations,Operations,Wire,Emp_068,INV-2024-0002000,0,normal
TX-002204,2024-03-11 09:27:00,2233.67,Vendor_015,Marketing,Operations,Check,Emp_058,INV-2024-0002008,0,normal
TX-002205,2024-03-11 09:35:00,3606.96,Vendor_021,Marketing,Payroll,Check,Emp_050,INV-2024-0002004,0,normal
TX-002206,2024-03-11 10:28:00,2650.66,Vendor_055,Finance,Payroll,ACH,Emp_013,INV-2024-0001995,0,normal
TX-002207,2024-03-11 10:46:00,3568.69,Vendor_015,Marketing,Payroll,Wire,Emp_054,INV-2024-0002018,0,normal
TX-002208,2024-03-11 10:56:00,2766.95,Vendor_081,Support,Consulting,Check,Emp_110,INV-2024-0002019,0,normal
TX-002209,2024-03-11 11:46:00,1147.53,Vendor_035,Sales,Supplies,ACH,Emp_092,INV-2024-0001988,0,normal
TX-002210,2024-03-11 12:07:00,3029.97,Vendor_040,IT,Consulting,Card,Emp_041,INV-2024-0001997,0,normal
TX-002211,2024-03-11 12:10:00,1022.8,Vendor_022,Sales,Supplies,Card,Emp_091,INV-2024-0001998,0,normal
TX-002212,2024-03-11 12:29:00,2266.16,Vendor_005,HR,Operations,Check,Emp_016,INV-2024-0002022,0,normal
TX-002213,2024-03-11 12:30:00,3905.75,Vendor_003,Support,IT,Wire,Emp_110,INV-2024-0002021,0,normal
TX-002214,2024-03-11 12:39:00,6105.41,Vendor_001,HR,Supplies,Card,Emp_017,INV-2024-0001996,0,normal
TX-002215,2024-03-11 12:49:00,1207.63,Vendor_045,IT,Operations,Check,Emp_045,INV-2024-0002020,0,normal
TX-002216,2024-03-11 12:50:00,3626.03,Vendor_077,IT,Operations,ACH,Emp_044,INV-2024-0002010,0,normal
TX-002217,2024-03-11 12:54:00,5817.21,Vendor_112,Operations,Payroll,Wire,Emp_073,INV-2024-0002005,0,normal
TX-002218,2024-03-11 13:07:00,1959.09,Vendor_036,Sales,Travel,Card,Emp_103,INV-2024-0002014,0,normal
TX-002219,2024-03-11 13:08:00,1461.88,Vendor_085,Sales,Operations,Check,Emp_095,INV-2024-0001999,0,normal
TX-002220,2024-03-11 13:17:00,779.43,Vendor_074,Sales,Payroll,ACH,Emp_092,INV-2024-0001987,0,normal
TX-002221,2024-03-11 13:20:00,776.12,Vendor_119,IT,Consulting,Wire,Emp_044,INV-2024-0002006,0,normal
TX-002222,2024-03-11 13:21:00,5164.08,Vendor_060,IT,Consulting,Card,Emp_039,INV-2024-0002011,0,normal
TX-002223,2024-03-11 13:47:00,8522.54,Vendor_098,Legal,Travel,ACH,Emp_080,INV-2024-0002001,0,normal
TX-002224,2024-03-11 14:16:00,1492.74,Vendor_091,IT,Operations,Wire,Emp_034,INV-2024-0002013,0,normal
TX-002225,2024-03-11 14:22:00,818.8,Vendor_052,Operations,Supplies,Check,Emp_066,INV-2024-0001994,0,normal
TX-002226,2024-03-11 14:42:00,2598.16,Vendor_073,Marketing,Payroll,ACH,Emp_053,INV-2024-0002015,0,normal
TX-002227,2024-03-11 14:49:00,1077.76,Vendor_032,Sales,IT,Check,Emp_095,INV-2024-0002023,0,normal
TX-002228,2024-03-11 14:59:00,3372.39,Vendor_061,Marketing,IT,Check,Emp_055,INV-2024-0001993,0,normal
TX-002229,2024-03-11 15:04:00,1050.0,Vendor_091,IT,Travel,Wire,Emp_033,INV-2024-0002002,0,normal
TX-002230,2024-03-11 15:04:00,1970.36,Vendor_038,HR,Supplies,Check,Emp_017,INV-2024-0002024,0,normal
TX-002231,2024-03-11 15:14:00,3675.25,Vendor_015,IT,Consulting,Check,Emp_039,INV-2024-0002012,0,normal
TX-002232,2024-03-11 16:14:00,3343.77,Vendor_107,Finance,Travel,Wire,Emp_007,INV-2024-0002007,0,normal
TX-002233,2024-03-11 16:16:00,1519.82,Vendor_091,IT,Operations,Wire,Emp_032,INV-2024-0042013,1,fuzzy_duplicate
TX-002234,2024-03-11 16:41:00,1621.05,Vendor_032,Sales,Supplies,Wire,Emp_097,INV-2024-0002009,0,normal
TX-002235,2024-03-11 16:41:00,706.64,Vendor_052,IT,Consulting,Check,Emp_033,INV-2024-0001990,0,normal
TX-002236,2024-03-11 16:42:00,4724.52,Vendor_053,Legal,IT,Check,Emp_090,INV-2024-0002273,1,vendor_department_shift
TX-002237,2024-03-11 16:48:00,1665.26,Vendor_101,Operations,Supplies,Check,Emp_066,INV-2024-0001992,0,normal
TX-002238,2024-03-11 17:54:00,3300.0,Vendor_061,Marketing,Payroll,Check,Emp_048,INV-2024-0001991,0,normal
TX-002239,2024-03-11 18:15:00,837.68,Vendor_056,Sales,Consulting,Card,Emp_098,INV-2024-0002003,0,normal
TX-002240,2024-03-11 21:52:00,700.59,Vendor_052,IT,Consulting,Check,Emp_033,INV-2024-0002360,1,same_day_burst
TX-002241,2024-03-11 21:59:00,803.58,Vendor_052,IT,Consulting,Check,Emp_033,INV-2024-0002343,1,same_day_burst
TX-002242,2024-03-12 07:04:00,1837.31,Vendor_002,Support,Operations,Wire,Emp_117,INV-2024-0002033,0,normal
TX-002243,2024-03-12 08:23:00,1836.75,Vendor_002,Support,Travel,Check,Emp_118,INV-2024-0002026,0,normal
TX-002244,2024-03-12 08:52:00,502.09,Vendor_022,IT,IT,Card,Emp_038,INV-2024-0002036,0,normal
TX-002245,2024-03-12 09:15:00,4598.92,Vendor_016,IT,Operations,Card,Emp_037,INV-2024-0002028,0,normal
TX-002246,2024-03-12 09:19:00,836.78,Vendor_029,IT,Consulting,Card,Emp_031,INV-2024-0002030,0,normal
TX-002247,2024-03-12 09:22:00,2288.6,Vendor_012,Operations,Supplies,Wire,Emp_074,INV-2024-0002031,0,normal
TX-002248,2024-03-12 09:41:00,2616.78,Vendor_028,HR,Payroll,Wire,Emp_030,INV-2024-0002042,0,normal
TX-002249,2024-03-12 10:21:00,491.47,Vendor_004,Finance,Consulting,Card,Emp_012,INV-2024-0002045,0,normal
TX-002250,2024-03-12 10:46:00,3152.2,Vendor_079,Legal,Operations,Wire,Emp_088,INV-2024-0002049,0,normal
TX-002251,2024-03-12 10:49:00,1016.39,Vendor_029,Operations,Supplies,Card,Emp_073,INV-2024-0002052,0,normal
TX-002252,2024-03-12 11:17:00,1449.43,Vendor_036,Sales,Travel,Check,Emp_097,INV-2024-0002035,0,normal
TX-002253,2024-03-12 11:47:00,2004.66,Vendor_110,Operations,Consulting,Wire,Emp_073,INV-2024-0002039,0,normal
TX-002254,2024-03-12 12:28:00,5750.0,Vendor_024,IT,Supplies,Wire,Emp_034,INV-2024-0002048,0,normal
TX-002255,2024-03-12 12:28:00,972.42,Vendor_119,IT,Consulting,Check,Emp_036,INV-2024-0002050,0,normal
TX-002256,2024-03-12 12:29:00,7151.81,Vendor_098,Legal,Travel,ACH,Emp_090,INV-2024-0002038,0,normal
TX-002257,2024-03-12 12:43:00,8371.58,Vendor_098,Legal,Travel,Check,Emp_088,INV-2024-0002051,0,normal
TX-002258,2024-03-12 13:00:00,744.44,Vendor_071,Finance,Travel,Check,Emp_003,INV-2024-0001984,1,duplicate_invoice
TX-002259,2024-03-12 13:14:00,4168.92,Vendor_042,Marketing,Payroll,Wire,Emp_048,INV-2024-0002032,0,normal
TX-002260,2024-03-12 13:21:00,3932.58,Vendor_028,HR,Supplies,Card,Emp_016,INV-2024-0002047,0,normal
TX-002261,2024-03-12 14:07:00,3177.17,Vendor_079,HR,Supplies,Wire,Emp_030,INV-2024-0002027,0,normal
TX-002262,2024-03-12 14:11:00,2159.84,Vendor_070,Finance,Supplies,ACH,Emp_015,INV-2024-0002034,0,normal
TX-002263,2024-03-12 14:15:00,1389.02,Vendor_091,Marketing,Operations,Check,Emp_054,INV-2024-0002046,0,normal
TX-002264,2024-03-12 14:18:00,3171.53,Vendor_021,Marketing,Payroll,Wire,Emp_056,INV-2024-0002040,0,normal
TX-002265,2024-03-12 14:23:00,3866.15,Vendor_031,Finance,Supplies,ACH,Emp_013,INV-2024-0002044,0,normal
TX-002266,2024-03-12 14:31:00,3188.27,Vendor_021,Marketing,Supplies,Card,Emp_056,INV-2024-0002029,0,normal
TX-002267,2024-03-12 14:45:00,5450.45,Vendor_079,Finance,Supplies,Wire,Emp_010,INV-2024-0002037,0,normal
TX-002268,2024-03-12 17:00:00,5127.54,Vendor_062,Sales,Supplies,Card,Emp_104,INV-2024-0002043,0,normal
TX-002269,2024-03-12 17:14:00,2574.73,Vendor_059,Marketing,IT,ACH,Emp_053,INV-2024-0002025,0,normal
TX-002270,2024-03-12 17:26:00,2322.58,Vendor_080,IT,Supplies,ACH,Emp_034,INV-2024-0002041,0,normal
TX-002271,2024-03-13 03:11:00,10033.59,Vendor_083,Legal,Consulting,Wire,Emp_086,INV-2024-0002353,1,vendor_department_shift
TX-002272,2024-03-13 05:26:00,36966.68,Vendor_092,Legal,Consulting,Wire,Emp_081,INV-2024-0002425,1,high_amount
TX-002273,2024-03-13 07:31:00,3267.41,Vendor_061,Marketing,Payroll,ACH,Emp_046,INV-2024-0002065,0,normal
TX-002274,2024-03-13 07:32:00,7549.99,Vendor_083,Finance,Payroll,ACH,Emp_006,INV-2024-0002070,0,normal
TX-002275,2024-03-13 07:36:00,30910.7,Vendor_118,Operations,Travel,Wire,Emp_071,INV-2024-0002255,1,payment_method_switch
TX-002276,2024-03-13 08:06:00,6364.32,Vendor_007,Support,Operations,ACH,Emp_111,INV-2024-0002057,0,normal
TX-002277,2024-03-13 10:08:00,4658.84,Vendor_009,HR,Consulting,Wire,Emp_026,INV-2024-0002055,0,normal
TX-002278,2024-03-13 10:16:00,2389.91,Vendor_079,Finance,Consulting,Check,Emp_006,INV-2024-0002071,0,normal
TX-002279,2024-03-13 10:40:00,12254.96,Vendor_118,Operations,Consulting,Check,Emp_066,INV-2024-0002062,0,normal
TX-002280,2024-03-13 10:49:00,12211.96,Vendor_118,Operations,Operations,Wire,Emp_061,INV-2024-0002063,0,normal
TX-002281,2024-03-13 10:57:00,1440.5,Vendor_073,Marketing,Payroll,ACH,Emp_052,INV-2024-0002078,0,normal
TX-002282,2024-03-13 11:25:00,3011.14,Vendor_038,Marketing,Supplies,ACH,Emp_052,INV-2024-0002077,0,normal
TX-002283,2024-03-13 11:44:00,900.0,Vendor_119,Operations,Supplies,Card,Emp_073,INV-2024-0002054,0,normal
TX-002284,2024-03-13 12:01:00,2032.97,Vendor_012,Operations,Supplies,Check,Emp_070,INV-2024-0002058,0,normal
TX-002285,2024-03-13 12:01:00,3799.47,Vendor_064,Support,Supplies,Check,Emp_112,INV-2024-0002072,0,normal
TX-002286,2024-03-13 12:09:00,937.28,Vendor_018,IT,Payroll,Card,Emp_040,INV-2024-0002069,0,normal
TX-002287,2024-03-13 12:43:00,1450.64,Vendor_019,Operations,Travel,Check,Emp_075,INV-2024-0002059,0,normal
TX-002288,2024-03-13 12:43:00,4960.45,Vendor_016,IT,Operations,Check,Emp_041,INV-2024-0002066,0,normal
TX-002289,2024-03-13 13:00:00,1127.4,Vendor_043,Operations,Operations,Check,Emp_066,INV-2024-0002073,0,normal
TX-002290,2024-03-13 13:10:00,1472.46,Vendor_085,Sales,IT,ACH,Emp_092,INV-2024-0002060,0,normal
TX-002291,2024-03-13 13:24:00,2260.0,Vendor_118,Operations,Consulting,Card,Emp_066,INV-2024-0002289,1,split_payment
TX-002292,2024-03-13 13:55:00,2131.57,Vendor_012,Legal,Supplies,Card,Emp_087,INV-2024-0002064,0,normal
TX-002293,2024-03-13 14:06:00,5268.02,Vendor_100,Sales,Operations,Check,Emp_102,INV-2024-0002061,0,normal
TX-002294,2024-03-13 14:12:00,1286.58,Vendor_087,Support,Supplies,Wire,Emp_115,INV-2024-0002074,0,normal
TX-002295,2024-03-13 14:28:00,1420.66,Vendor_016,IT,Operations,Card,Emp_040,INV-2024-0002056,0,normal
TX-002296,2024-03-13 14:34:00,1704.61,Vendor_036,Sales,Travel,Card,Emp_099,INV-2024-0002075,0,normal
TX-002297,2024-03-13 14:39:00,522.21,Vendor_052,Operations,Consulting,Check,Emp_075,INV-2024-0002053,0,normal
TX-002298,2024-03-13 15:08:00,1086.86,Vendor_087,Support,IT,Wire,Emp_119,INV-2024-0002067,0,normal
TX-002299,2024-03-13 16:48:00,3859.35,Vendor_003,Support,Payroll,Wire,Emp_120,INV-2024-0002076,0,normal
TX-002300,2024-03-13 18:07:00,931.08,Vendor_087,Support,Consulting,Wire,Emp_120,INV-2024-0002068,0,normal
TX-002301,2024-03-13 23:00:00,1962.39,Vendor_012,Legal,Supplies,Card,Emp_087,INV-2024-0002398,1,same_day_burst
TX-002302,2024-03-14 07:08:00,1500.9,Vendor_111,IT,Supplies,Check,Emp_044,INV-2024-0002104,0,normal
TX-002303,2024-03-14 07:49:00,3772.25,Vendor_033,Operations,Operations,Card,Emp_074,INV-2024-0002098,0,normal
TX-002304,2024-03-14 08:21:00,4274.53,Vendor_039,Legal,IT,Card,Emp_079,INV-2024-0002102,0,normal
TX-002305,2024-03-14 08:34:00,913.56,Vendor_022,Sales,Supplies,Check,Emp_094,INV-2024-0002082,0,normal
TX-002306,2024-03-14 08:37:00,1404.05,Vendor_101,Sales,Supplies,Card,Emp_102,INV-2024-0002089,0,normal
TX-002307,2024-03-14 08:54:00,1003.98,Vendor_115,Finance,Consulting,ACH,Emp_006,INV-2024-0002096,0,normal
TX-002308,2024-03-14 09:04:00,3869.52,Vendor_079,Finance,Supplies,Wire,Emp_005,INV-2024-0002083,0,normal
TX-002309,2024-03-14 09:13:00,6552.15,Vendor_089,Finance,Travel,Card,Emp_010,INV-2024-0002421,1,high_amount
TX-002310,2024-03-14 09:14:00,3459.98,Vendor_003,Support,Payroll,Check,Emp_111,INV-2024-0002097,0,normal
TX-002311,2024-03-14 09:20:00,782.72,Vendor_104,Marketing,Operations,ACH,Emp_047,INV-2024-0002103,0,normal
TX-002312,2024-03-14 09:27:00,1731.84,Vendor_012,Legal,Supplies,Check,Emp_084,INV-2024-0002079,0,normal
TX-002313,2024-03-14 09:39:00,2724.07,Vendor_025,Marketing,Supplies,Card,Emp_049,INV-2024-0002081,0,normal
TX-002314,2024-03-14 09:43:00,1321.34,Vendor_087,Support,IT,Wire,Emp_117,INV-2024-0002100,0,normal
TX-002315,2024-03-14 10:03:00,977.56,Vendor_104,Marketing,Operations,Card,Emp_051,INV-2024-0002093,0,normal
TX-002316,2024-03-14 10:07:00,746.16,Vendor_104,Marketing,Supplies,Check,Emp_060,INV-2024-0002088,0,normal
TX-002317,2024-03-14 10:23:00,3777.83,Vendor_003,Support,Payroll,Check,Emp_114,INV-2024-0002099,0,normal
TX-002318,2024-03-14 10:32:00,173.69,Vendor_067,Sales,Payroll,Wire,Emp_097,INV-2024-0002091,0,normal
TX-002319,2024-03-14 10:58:00,428.39,Vendor_013,Legal,IT,Check,Emp_089,INV-2024-0002107,0,normal
TX-002320,2024-03-14 11:11:00,1100.83,Vendor_023,IT,IT,Check,Emp_036,INV-2024-0002086,0,normal
TX-002321,2024-03-14 11:20:00,908.87,Vendor_004,Finance,Consulting,ACH,Emp_007,INV-2024-0002084,0,normal
TX-002322,2024-03-14 11:34:00,8596.91,Vendor_083,Finance,Payroll,ACH,Emp_007,INV-2024-0002106,0,normal
TX-002323,2024-03-14 11:47:00,2782.93,Vendor_055,Finance,IT,ACH,Emp_012,INV-2024-0002105,0,normal
TX-002324,2024-03-14 12:07:00,2063.69,Vendor_070,Finance,Supplies,ACH,Emp_008,INV-2024-0002094,0,normal
TX-002325,2024-03-14 12:44:00,5347.64,Vendor_031,Finance,IT,Card,Emp_002,INV-2024-0002085,0,normal
TX-002326,2024-03-14 12:44:00,6346.99,Vendor_048,Finance,Travel,Wire,Emp_007,INV-2024-0002092,0,normal
TX-002327,2024-03-14 13:47:00,450.0,Vendor_004,Finance,Consulting,Card,Emp_008,INV-2024-0002110,0,normal
TX-002328,2024-03-14 14:14:00,1962.85,Vendor_012,Legal,Supplies,Card,Emp_089,INV-2024-0002095,0,normal
TX-002329,2024-03-14 14:20:00,1709.06,Vendor_064,Support,Operations,Check,Emp_114,INV-2024-0002090,0,normal
TX-002330,2024-03-14 14:29:00,3314.43,Vendor_117,HR,Supplies,Card,Emp_029,INV-2024-0002080,0,normal
TX-002331,2024-03-14 15:00:00,1012.75,Vendor_032,Sales,Supplies,Wire,Emp_103,INV-2024-0002101,0,normal
TX-002332,2024-03-14 15:00:00,1579.51,Vendor_085,Sales,IT,ACH,Emp_098,INV-2024-0002087,0,normal
TX-002333,2024-03-14 15:47:00,3725.52,Vendor_021,Marketing,Supplies,Check,Emp_046,INV-2024-0002108,0,normal
TX-002334,2024-03-14 16:02:00,1250.75,Vendor_032,Sales,IT,Wire,Emp_094,INV-2024-0002109,0,normal
TX-002335,2024-03-14 19:32:00,7527.14,Vendor_083,Finance,Payroll,Card,Emp_002,INV-2024-0002070,1,duplicate_invoice
TX-002336,2024-03-15 09:00:00,1224.22,Vendor_045,IT,Operations,Check,Emp_033,INV-2024-0002116,0,normal
TX-002337,2024-03-15 09:00:00,5228.04,Vendor_114,Marketing,Operations,Wire,Emp_051,INV-2024-0002141,0,normal
TX-002338,2024-03-15 09:16:00,2380.66,Vendor_113,Marketing,Consulting,ACH,Emp_050,INV-2024-0002122,0,normal
TX-002339,2024-03-15 10:00:00,1190.68,Vendor_051,Legal,Operations,Check,Emp_078,INV-2024-0002129,0,normal
TX-002340,2024-03-15 10:44:00,3249.76,Vendor_072,Sales,Operations,Wire,Emp_093,INV-2024-0002140,0,normal
TX-002341,2024-03-15 10:49:00,3363.08,Vendor_061,Marketing,Payroll,Check,Emp_046,INV-2024-0002127,0,normal
TX-002342,2024-03-15 10:55:00,6143.63,Vendor_042,Marketing,Payroll,ACH,Emp_049,INV-2024-0002117,0,normal
TX-002343,2024-03-15 10:56:00,3838.04,Vendor_025,Marketing,Supplies,ACH,Emp_050,INV-2024-0002130,0,normal
TX-002344,2024-03-15 11:13:00,988.35,Vendor_011,Marketing,Supplies,Check,Emp_055,INV-2024-0002138,0,normal
TX-002345,2024-03-15 11:17:00,1875.11,Vendor_084,Marketing,Supplies,Wire,Emp_053,INV-2024-0002126,0,normal
TX-002346,2024-03-15 11:26:00,448.66,Vendor_058,HR,Payroll,Check,Emp_029,INV-2024-0002134,0,normal
TX-002347,2024-03-15 12:07:00,975.53,Vendor_029,Operations,Supplies,Wire,Emp_070,INV-2024-0002124,0,normal
TX-002348,2024-03-15 12:18:00,5286.7,Vendor_109,HR,Supplies,ACH,Emp_019,INV-2024-0002135,0,normal
TX-002349,2024-03-15 12:31:00,1174.45,Vendor_014,Sales,Operations,ACH,Emp_095,INV-2024-0002136,0,normal
TX-002350,2024-03-15 12:48:00,1254.92,Vendor_020,Sales,IT,ACH,Emp_096,INV-2024-0002139,0,normal
TX-002351,2024-03-15 13:17:00,5439.89,Vendor_042,Marketing,Supplies,Check,Emp_049,INV-2024-0002133,0,normal
TX-002352,2024-03-15 13:20:00,2674.53,Vendor_016,IT,Operations,Card,Emp_037,INV-2024-0002112,0,normal
TX-002353,2024-03-15 13:34:00,1850.75,Vendor_036,Sales,Travel,Check,Emp_092,INV-2024-0002142,0,normal
TX-002354,2024-03-15 13:50:00,4651.1,Vendor_114,Marketing,Travel,ACH,Emp_059,INV-2024-0002111,0,normal
TX-002355,2024-03-15 13:57:00,1079.98,Vendor_043,Operations,Payroll,Wire,Emp_071,INV-2024-0002114,0,normal
TX-002356,2024-03-15 13:57:00,2423.61,Vendor_005,Support,Operations,Card,Emp_114,INV-2024-0002113,0,normal
TX-002357,2024-03-15 14:11:00,7920.81,Vendor_098,Legal,Travel,Wire,Emp_087,INV-2024-0002125,0,normal
TX-002358,2024-03-15 14:11:00,1047.01,Vendor_087,Support,Consulting,Wire,Emp_118,INV-2024-0002123,0,normal
TX-002359,2024-03-15 14:19:00,2188.07,Vendor_117,IT,Payroll,Wire,Emp_032,INV-2024-0002120,0,normal
TX-002360,2024-03-15 14:21:00,2654.13,Vendor_059,Marketing,Consulting,Check,Emp_058,INV-2024-0002121,0,normal
TX-002361,2024-03-15 14:32:00,4927.6,Vendor_100,Support,IT,Wire,Emp_110,INV-2024-0002115,0,normal
TX-002362,2024-03-15 15:43:00,5259.58,Vendor_042,Marketing,Supplies,Check,Emp_049,INV-2024-0002413,1,same_day_burst
TX-002363,2024-03-15 15:50:00,9171.58,Vendor_094,HR,Consulting,Wire,Emp_030,INV-2024-0002132,0,normal
TX-002364,2024-03-15 15:52:00,219.7,Vendor_093,IT,Consulting,Check,Emp_038,INV-2024-0002131,0,normal
TX-002365,2024-03-15 16:28:00,1903.41,Vendor_019,Operations,IT,Card,Emp_063,INV-2024-0002119,0,normal
TX-002366,2024-03-15 16:37:00,1092.76,Vendor_104,Marketing,Operations,ACH,Emp_050,INV-2024-0002118,0,normal
TX-002367,2024-03-15 17:02:00,9304.9,Vendor_096,Operations,Payroll,Wire,Emp_064,INV-2024-0002128,0,normal
TX-002368,2024-03-15 17:19:00,912.9,Vendor_119,Operations,Consulting,Check,Emp_075,INV-2024-0002137,0,normal
TX-002369,2024-03-15 19:13:00,985.19,Vendor_011,Marketing,Supplies,Check,Emp_048,INV-2024-0002138,1,duplicate_invoice
TX-002370,2024-03-15 20:06:00,4349.16,Vendor_004,Finance,Travel,Check,Emp_006,INV-2024-0002272,1,high_amount
TX-002371,2024-03-16 07:43:00,1660.77,Vendor_058,HR,IT,Wire,Emp_023,INV-2024-0002151,0,normal
TX-002372,2024-03-16 09:34:00,3003.04,Vendor_051,Legal,Operations,Check,Emp_077,INV-2024-0002150,0,normal
TX-002373,2024-03-16 09:51:00,2432.19,Vendor_033,Operations,Operations,Card,Emp_075,INV-2024-0002146,0,normal
TX-002374,2024-03-16 10:44:00,989.94,Vendor_004,Marketing,Travel,Check,Emp_046,INV-2024-0002148,0,normal
TX-002375,2024-03-16 11:14:00,22284.58,Vendor_062,Sales,Supplies,Wire,Emp_098,INV-2024-0002399,1,high_amount
TX-002376,2024-03-16 11:19:00,1334.81,Vendor_064,Support,Travel,Wire,Emp_118,INV-2024-0002157,0,normal
TX-002377,2024-03-16 12:28:00,8891.99,Vendor_060,Marketing,Consulting,Card,Emp_056,INV-2024-0002144,0,normal
TX-002378,2024-03-16 12:42:00,978.18,Vendor_104,Marketing,Operations,ACH,Emp_056,INV-2024-0002147,0,normal
TX-002379,2024-03-16 13:29:00,2356.09,Vendor_003,Support,IT,Wire,Emp_113,INV-2024-0002149,0,normal
TX-002380,2024-03-16 13:42:00,2498.58,Vendor_006,Legal,Payroll,Check,Emp_078,INV-2024-0002156,0,normal
TX-002381,2024-03-16 13:45:00,8300.17,Vendor_096,IT,Travel,Check,Emp_038,INV-2024-0002154,0,normal
TX-002382,2024-03-16 13:55:00,3691.02,Vendor_109,Operations,Supplies,ACH,Emp_068,INV-2024-0002145,0,normal
TX-002383,2024-03-16 14:46:00,790.39,Vendor_115,HR,Payroll,Card,Emp_018,INV-2024-0002152,0,normal
TX-002384,2024-03-16 15:25:00,1633.84,Vendor_041,HR,Supplies,ACH,Emp_025,INV-2024-0002155,0,normal
TX-002385,2024-03-16 15:57:00,1251.64,Vendor_099,Marketing,IT,Card,Emp_060,INV-2024-0002153,0,normal
TX-002386,2024-03-16 16:06:00,4911.48,Vendor_016,IT,Travel,Card,Emp_040,INV-2024-0002143,0,normal
TX-002387,2024-03-16 20:51:00,6319.0,Vendor_002,HR,Supplies,Card,Emp_018,INV-2024-0002404,1,high_amount
TX-002388,2024-03-17 00:04:00,5108.83,Vendor_073,Legal,Consulting,ACH,Emp_079,INV-2024-0002356,1,vendor_department_shift
TX-002389,2024-03-17 05:57:00,14485.96,Vendor_024,IT,Supplies,Card,Emp_039,INV-2024-0002380,1,high_amount
TX-002390,2024-03-17 08:54:00,3086.76,Vendor_086,Sales,Travel,ACH,Emp_094,INV-2024-0002162,0,normal
TX-002391,2024-03-17 08:56:00,3814.73,Vendor_061,Marketing,Payroll,Check,Emp_053,INV-2024-0002160,0,normal
TX-002392,2024-03-17 09:00:00,8131.74,Vendor_060,Marketing,Payroll,Check,Emp_047,INV-2024-0002173,0,normal
TX-002393,2024-03-17 09:34:00,3110.42,Vendor_113,Support,Travel,Card,Emp_106,INV-2024-0002164,0,normal
TX-002394,2024-03-17 10:43:00,985.49,Vendor_056,Sales,Operations,Card,Emp_095,INV-2024-0002166,0,normal
TX-002395,2024-03-17 10:44:00,3600.0,Vendor_057,HR,IT,Card,Emp_026,INV-2024-0002172,0,normal
TX-002396,2024-03-17 11:47:00,4226.64,Vendor_109,HR,Supplies,ACH,Emp_023,INV-2024-0002161,0,normal
TX-002397,2024-03-17 12:47:00,8062.29,Vendor_102,Marketing,Consulting,Check,Emp_049,INV-2024-0002167,0,normal
TX-002398,2024-03-17 13:13:00,7815.08,Vendor_118,Operations,Consulting,ACH,Emp_064,INV-2024-0002159,0,normal
TX-002399,2024-03-17 13:20:00,4512.92,Vendor_058,Marketing,Payroll,Check,Emp_051,INV-2024-0002170,0,normal
TX-002400,2024-03-17 13:31:00,3200.0,Vendor_021,Marketing,Consulting,Check,Emp_046,INV-2024-0002163,0,normal
TX-002401,2024-03-17 13:32:00,6607.59,Vendor_017,Legal,Operations,Card,Emp_085,INV-2024-0002169,0,normal
TX-002402,2024-03-17 13:54:00,3218.77,Vendor_009,HR,Consulting,ACH,Emp_026,INV-2024-0002171,0,normal
TX-002403,2024-03-17 14:25:00,781.66,Vendor_027,Legal,Consulting,ACH,Emp_090,INV-2024-0002168,0,normal
TX-002404,2024-03-17 14:46:00,10531.16,Vendor_118,HR,Operations,ACH,Emp_025,INV-2024-0002165,0,normal
TX-002405,2024-03-17 17:30:00,1896.77,Vendor_076,Legal,Payroll,Check,Emp_086,INV-2024-0002158,0,normal
TX-002406,2024-03-18 07:36:00,628.24,Vendor_010,Marketing,IT,ACH,Emp_060,INV-2024-0002189,0,normal
TX-002407,2024-03-18 08:36:00,2277.55,Vendor_073,Marketing,Operations,ACH,Emp_056,INV-2024-0002212,0,normal
TX-002408,2024-03-18 09:16:00,9631.98,Vendor_102,Legal,IT,ACH,Emp_082,INV-2024-0002201,0,normal
TX-002409,2024-03-18 09:30:00,1615.96,Vendor_089,Finance,Supplies,ACH,Emp_014,INV-2024-0002174,0,normal
TX-002410,2024-03-18 09:43:00,806.96,Vendor_027,IT,Supplies,Wire,Emp_044,INV-2024-0002178,0,normal
TX-002411,2024-03-18 09:45:00,1145.53,Vendor_116,Support,Operations,ACH,Emp_109,INV-2024-0002175,0,normal
TX-002412,2024-03-18 10:06:00,4399.05,Vendor_048,Finance,Travel,Check,Emp_001,INV-2024-0002209,0,normal
TX-002413,2024-03-18 10:12:00,711.3,Vendor_011,Marketing,Operations,Card,Emp_046,INV-2024-0002188,0,normal
TX-002414,2024-03-18 10:21:00,2308.41,Vendor_012,Legal,Supplies,Card,Emp_082,INV-2024-0002197,0,normal
TX-002415,2024-03-18 10:24:00,857.85,Vendor_115,HR,Consulting,Check,Emp_025,INV-2024-0002205,0,normal
TX-002416,2024-03-18 10:25:00,4528.47,Vendor_062,Sales,Supplies,ACH,Emp_104,INV-2024-0002207,0,normal
TX-002417,2024-03-18 10:33:00,576.35,Vendor_067,IT,Consulting,Check,Emp_040,INV-2024-0002211,0,normal
TX-002418,2024-03-18 10:45:00,1504.69,Vendor_076,Legal,Payroll,ACH,Emp_089,INV-2024-0002202,0,normal
TX-002419,2024-03-18 10:54:00,3999.17,Vendor_120,Support,Payroll,ACH,Emp_115,INV-2024-0002183,0,normal
TX-002420,2024-03-18 11:04:00,2014.27,Vendor_012,Operations,Supplies,Card,Emp_063,INV-2024-0002213,0,normal
TX-002421,2024-03-18 11:11:00,626.55,Vendor_106,Support,Travel,Card,Emp_113,INV-2024-0002219,0,normal
TX-002422,2024-03-18 11:29:00,2490.87,Vendor_080,Marketing,Payroll,Card,Emp_051,INV-2024-0002218,0,normal
TX-002423,2024-03-18 11:31:00,4052.55,Vendor_021,Marketing,Consulting,Check,Emp_060,INV-2024-0002191,0,normal
TX-002424,2024-03-18 11:38:00,2331.46,Vendor_117,Legal,IT,Card,Emp_083,INV-2024-0002214,0,normal
TX-002425,2024-03-18 11:52:00,1100.86,Vendor_029,Marketing,Supplies,Wire,Emp_054,INV-2024-0002192,0,normal
TX-002426,2024-03-18 11:58:00,6201.75,Vendor_083,Finance,Payroll,Check,Emp_009,INV-2024-0002216,0,normal
TX-002427,2024-03-18 12:02:00,13339.92,Vendor_096,IT,Payroll,ACH,Emp_044,INV-2024-0002196,0,normal
TX-002428,2024-03-18 12:16:00,4350.0,Vendor_112,Operations,Payroll,Card,Emp_068,INV-2024-0002186,0,normal
TX-002429,2024-03-18 12:20:00,9361.55,Vendor_060,Marketing,Consulting,Check,Emp_055,INV-2024-0002204,0,normal
TX-002430,2024-03-18 12:25:00,3292.48,Vendor_061,IT,Payroll,Wire,Emp_031,INV-2024-0002200,0,normal
TX-002431,2024-03-18 12:36:00,3069.56,Vendor_016,IT,Operations,ACH,Emp_039,INV-2024-0002195,0,normal
TX-002432,2024-03-18 12:48:00,1671.52,Vendor_012,Legal,Supplies,Card,Emp_079,INV-2024-0002185,0,normal
TX-002433,2024-03-18 13:39:00,557.25,Vendor_036,Sales,Travel,Check,Emp_091,INV-2024-0002217,0,normal
TX-002434,2024-03-18 13:47:00,4081.39,Vendor_042,Marketing,Payroll,Check,Emp_049,INV-2024-0002182,0,normal
TX-002435,2024-03-18 13:51:00,1900.65,Vendor_111,Operations,Operations,ACH,Emp_062,INV-2024-0002187,0,normal
TX-002436,2024-03-18 14:02:00,1703.51,Vendor_065,Support,Operations,Wire,Emp_111,INV-2024-0002177,0,normal
TX-002437,2024-03-18 14:05:00,3340.23,Vendor_053,IT,Payroll,ACH,Emp_039,INV-2024-0002181,0,normal
TX-002438,2024-03-18 14:29:00,19028.89,Vendor_062,Sales,Supplies,Wire,Emp_098,INV-2024-0002251,1,high_amount
TX-002439,2024-03-18 14:39:00,2588.33,Vendor_086,Sales,Consulting,Wire,Emp_092,INV-2024-0002203,0,normal
TX-002440,2024-03-18 14:40:00,2578.93,Vendor_120,Operations,Payroll,ACH,Emp_067,INV-2024-0002193,0,normal
TX-002441,2024-03-18 14:42:00,3028.5,Vendor_021,Marketing,Consulting,ACH,Emp_054,INV-2024-0002198,0,normal
TX-002442,2024-03-18 14:44:00,3763.54,Vendor_006,Legal,Consulting,Check,Emp_084,INV-2024-0002199,0,normal
TX-002443,2024-03-18 15:07:00,6747.49,Vendor_060,Marketing,Travel,ACH,Emp_051,INV-2024-0002208,0,normal
TX-002444,2024-03-18 15:13:00,3762.55,Vendor_042,Marketing,Payroll,ACH,Emp_050,INV-2024-0002176,0,normal
TX-002445,2024-03-18 15:19:00,2401.49,Vendor_012,Operations,Supplies,Card,Emp_063,INV-2024-0002335,1,same_day_burst
TX-002446,2024-03-18 15:36:00,1310.39,Vendor_037,Operations,Consulting,Wire,Emp_065,INV-2024-0002179,0,normal
TX-002447,2024-03-18 16:12:00,888.29,Vendor_004,Finance,Consulting,ACH,Emp_011,INV-2024-0002180,0,normal
TX-002448,2024-03-18 16:23:00,2275.11,Vendor_120,Operations,Payroll,ACH,Emp_067,INV-2024-0002406,1,same_day_burst
TX-002449,2024-03-18 16:30:00,2698.06,Vendor_066,Legal,Payroll,Wire,Emp_085,INV-2024-0002215,0,normal
TX-002450,2024-03-18 16:44:00,8162.24,Vendor_094,Support,Consulting,Wire,Emp_107,INV-2024-0002210,0,normal
TX-002451,2024-03-18 17:44:00,1414.68,Vendor_041,Operations,Operations,ACH,Emp_069,INV-2024-0002184,0,normal
TX-002452,2024-03-18 17:46:00,2801.02,Vendor_113,Support,Payroll,ACH,Emp_112,INV-2024-0002190,0,normal
TX-002453,2024-03-18 17:54:00,11551.77,Vendor_096,IT,Supplies,ACH,Emp_040,INV-2024-0002194,0,normal
TX-002454,2024-03-18 18:06:00,2916.52,Vendor_113,Finance,Travel,Card,Emp_008,INV-2024-0002206,0,normal
TX-002455,2024-03-18 19:47:00,2430.0,Vendor_066,Legal,Payroll,ACH,Emp_085,INV-2024-0002369,1,split_payment
TX-002456,2024-03-18 20:50:00,1405.27,Vendor_012,Legal,Supplies,Card,Emp_079,INV-2024-0002409,1,same_day_burst
TX-002457,2024-03-18 21:06:00,1676.03,Vendor_012,Operations,Supplies,Card,Emp_063,INV-2024-0002267,1,same_day_burst
TX-002458,2024-03-19 02:06:00,2939.36,Vendor_113,Finance,Travel,Wire,Emp_015,INV-2024-0002206,1,duplicate_invoice
TX-002459,2024-03-19 07:22:00,10400.0,Vendor_083,Finance,Payroll,ACH,Emp_013,INV-2024-0002244,0,normal
TX-002460,2024-03-19 08:10:00,3340.81,Vendor_024,IT,Supplies,Check,Emp_036,INV-2024-0002226,0,normal
TX-002461,2024-03-19 08:50:00,2118.7,Vendor_101,Operations,Supplies,ACH,Emp_071,INV-2024-0002245,0,normal
TX-002462,2024-03-19 09:17:00,2788.52,Vendor_063,IT,Supplies,Card,Emp_032,INV-2024-0002225,0,normal
TX-002463,2024-03-19 09:26:00,1462.16,Vendor_089,Finance,Travel,Wire,Emp_014,INV-2024-0002230,0,normal
TX-002464,2024-03-19 09:53:00,2824.4,Vendor_120,Support,Payroll,ACH,Emp_113,INV-2024-0002223,0,normal
TX-002465,2024-03-19 10:28:00,4634.68,Vendor_100,Support,IT,ACH,Emp_115,INV-2024-0002234,0,normal
TX-002466,2024-03-19 10:32:00,1696.18,Vendor_049,Legal,Operations,Card,Emp_082,INV-2024-0002237,0,normal
TX-002467,2024-03-19 10:34:00,6285.97,Vendor_001,HR,Supplies,ACH,Emp_019,INV-2024-0002233,0,normal
TX-002468,2024-03-19 10:43:00,1267.36,Vendor_089,Finance,IT,Wire,Emp_006,INV-2024-0002242,0,normal
TX-002469,2024-03-19 11:32:00,3168.24,Vendor_088,Finance,Travel,Check,Emp_011,INV-2024-0002246,0,normal
TX-002470,2024-03-19 11:43:00,8447.01,Vendor_098,Operations,Travel,Check,Emp_067,INV-2024-0002241,0,normal
TX-002471,2024-03-19 11:45:00,4100.96,Vendor_112,Operations,Operations,Wire,Emp_074,INV-2024-0002231,0,normal
TX-002472,2024-03-19 12:15:00,3855.97,Vendor_039,Marketing,Operations,ACH,Emp_057,INV-2024-0002249,0,normal
TX-002473,2024-03-19 12:31:00,4910.0,Vendor_100,Support,IT,Card,Emp_115,INV-2024-0002346,1,split_payment
TX-002474,2024-03-19 12:33:00,757.59,Vendor_071,Finance,Travel,Card,Emp_008,INV-2024-0002235,0,normal
TX-002475,2024-03-19 12:53:00,3044.54,Vendor_113,Support,Payroll,Wire,Emp_112,INV-2024-0002243,0,normal
TX-002476,2024-03-19 12:56:00,819.89,Vendor_052,Operations,Supplies,ACH,Emp_073,INV-2024-0002232,0,normal
TX-002477,2024-03-19 13:17:00,10929.27,Vendor_118,Marketing,Payroll,ACH,Emp_047,INV-2024-0002236,0,normal
TX-002478,2024-03-19 13:27:00,3015.47,Vendor_025,Marketing,Supplies,Check,Emp_048,INV-2024-0002220,0,normal
TX-002479,2024-03-19 13:38:00,2106.89,Vendor_053,Finance,Operations,Check,Emp_009,INV-2024-0002221,0,normal
TX-002480,2024-03-19 13:39:00,2309.2,Vendor_064,Support,Travel,Wire,Emp_109,INV-2024-0002247,0,normal
TX-002481,2024-03-19 14:10:00,2277.16,Vendor_107,HR,Travel,ACH,Emp_024,INV-2024-0002224,0,normal
TX-002482,2024-03-19 14:18:00,2962.46,Vendor_120,Support,Payroll,ACH,Emp_114,INV-2024-0002239,0,normal
TX-002483,2024-03-19 15:00:00,693.44,Vendor_018,IT,Operations,Card,Emp_041,INV-2024-0002229,0,normal
TX-002484,2024-03-19 15:01:00,1716.69,Vendor_037,Operations,Consulting,Card,Emp_073,INV-2024-0002238,0,normal
TX-002485,2024-03-19 15:08:00,1056.94,Vendor_037,Operations,Consulting,Wire,Emp_073,INV-2024-0002227,0,normal
TX-002486,2024-03-19 15:14:00,2747.59,Vendor_081,Support,Supplies,ACH,Emp_116,INV-2024-0002240,0,normal
TX-002487,2024-03-19 15:19:00,2104.24,Vendor_012,Legal,Supplies,Card,Emp_088,INV-2024-0002228,0,normal
TX-002488,2024-03-19 16:43:00,1628.3,Vendor_065,Support,Operations,Wire,Emp_116,INV-2024-0002250,0,normal
TX-002489,2024-03-19 16:51:00,8423.08,Vendor_092,Legal,Consulting,Check,Emp_082,INV-2024-0002222,0,normal
TX-002490,2024-03-19 18:20:00,7434.61,Vendor_062,Operations,Operations,Card,Emp_071,INV-2024-0002326,1,vendor_department_shift
TX-002491,2024-03-19 18:38:00,1157.25,Vendor_056,Sales,Consulting,Wire,Emp_100,INV-2024-0002248,0,normal
TX-002492,2024-03-20 11:54:00,16173.8,Vendor_061,Marketing,Payroll,ACH,Emp_046,INV-2024-0002347,1,high_amount
TX-002493,2024-03-20 12:29:00,18647.04,Vendor_058,Marketing,Payroll,ACH,Emp_051,INV-2024-0002328,1,high_amount
TX-002494,2024-03-21 17:33:00,777.09,Vendor_071,Finance,Travel,Card,Emp_012,INV-2024-0002235,1,duplicate_invoice
TX-002495,2024-03-23 11:08:00,2599.4,Vendor_012,Support,Consulting,Wire,Emp_116,INV-2024-0002316,1,vendor_department_shift
TX-002496,2024-03-24 09:56:00,13205.84,Vendor_058,HR,Payroll,Card,Emp_029,INV-2024-0002384,1,high_amount
TX-002497,2024-03-27 11:28:00,3048.37,Vendor_111,Operations,Travel,Card,Emp_062,INV-2024-0002294,1,payment_method_switch
TX-002498,2024-03-27 16:14:00,1305.45,Vendor_119,Marketing,Supplies,ACH,Emp_055,INV-2024-0002299,1,vendor_department_shift
TX-002499,2024-03-28 19:43:00,10816.55,Vendor_079,Marketing,Travel,Wire,Emp_055,INV-2024-0002274,1,vendor_department_shift
TX-002500,2024-04-01 06:37:00,4522.38,Vendor_086,Support,Payroll,ACH,Emp_113,INV-2024-0002257,1,vendor_department_shift
