transaction_id,date,amount,vendor,department,account_type,payment_method,employee,invoice_id,fraud_label,fraud_type
TX-000001,2024-01-01 08:11:00,3919.42,Vendor_037,Sales,Supplies,Check,Emp_103,INV-2024-0000015,0,normal
TX-000002,2024-01-01 08:21:00,849.54,Vendor_010,Finance,IT,Wire,Emp_007,INV-2024-0000003,0,normal
TX-000003,2024-01-01 08:28:00,6180.68,Vendor_120,HR,Travel,Card,Emp_030,INV-2024-0000014,0,normal
TX-000004,2024-01-01 09:14:00,2846.73,Vendor_104,Sales,Operations,Wire,Emp_103,INV-2024-0000006,0,normal
TX-000005,2024-01-01 09:20:00,5212.29,Vendor_015,Support,Supplies,ACH,Emp_118,INV-2024-0000023,0,normal
TX-000006,2024-01-01 10:23:00,731.92,Vendor_108,Operations,IT,Card,Emp_063,INV-2024-0000010,0,normal
TX-000007,2024-01-01 10:46:00,2210.65,Vendor_006,Finance,Operations,ACH,Emp_005,INV-2024-0000024,0,normal
TX-000008,2024-01-01 10:57:00,1397.55,Vendor_066,Support,Consulting,ACH,Emp_107,INV-2024-0000018,0,normal
TX-000009,2024-01-01 11:07:00,3434.28,Vendor_063,Finance,Supplies,Wire,Emp_009,INV-2024-0000011,0,normal
TX-000010,2024-01-01 11:12:00,1206.66,Vendor_008,Finance,Consulting,Wire,Emp_011,INV-2024-0000020,0,normal
TX-000011,2024-01-01 11:15:00,5682.08,Vendor_038,Operations,IT,Check,Emp_061,INV-2024-0000001,0,normal
TX-000012,2024-01-01 11:26:00,1093.93,Vendor_079,Finance,Operations,ACH,Emp_012,INV-2024-0000021,0,normal
TX-000013,2024-01-01 11:31:00,1204.98,Vendor_070,Support,Operations,Wire,Emp_116,INV-2024-0000022,0,normal
TX-000014,2024-01-01 11:44:00,2347.14,Vendor_114,HR,Consulting,Wire,Emp_019,INV-2024-0000031,0,normal
TX-000015,2024-01-01 12:05:00,2880.41,Vendor_095,Finance,Payroll,Check,Emp_004,INV-2024-0000026,0,normal
TX-000016,2024-01-01 12:10:00,1049.78,Vendor_017,IT,Operations,Card,Emp_042,INV-2024-0000009,0,normal
TX-000017,2024-01-01 12:16:00,6147.97,Vendor_082,Finance,Travel,ACH,Emp_009,INV-2024-0000030,0,normal
TX-000018,2024-01-01 12:20:00,1177.15,Vendor_046,Sales,Travel,Check,Emp_093,INV-2024-0000033,0,normal
TX-000019,2024-01-01 12:23:00,739.8,Vendor_108,Operations,IT,Card,Emp_063,INV-2026-0000910,1,fuzzy_duplicate
TX-000020,2024-01-01 12:42:00,3381.65,Vendor_100,IT,Supplies,Wire,Emp_036,INV-2024-0000025,0,normal
TX-000021,2024-01-01 12:45:00,4869.38,Vendor_106,Legal,Consulting,Wire,Emp_085,INV-2024-0000028,0,normal
TX-000022,2024-01-01 12:56:00,1872.3,Vendor_051,Legal,Travel,ACH,Emp_080,INV-2024-0000005,0,normal
TX-000023,2024-01-01 13:17:00,6050.0,Vendor_097,Legal,IT,Check,Emp_088,INV-2024-0000013,0,normal
TX-000024,2024-01-01 13:20:00,1877.28,Vendor_056,Legal,IT,ACH,Emp_078,INV-2024-0000007,0,normal
TX-000025,2024-01-01 13:21:00,1551.23,Vendor_008,Finance,Travel,Wire,Emp_006,INV-2024-0000012,0,normal
TX-000026,2024-01-01 13:29:00,2087.36,Vendor_007,HR,Consulting,ACH,Emp_030,INV-2024-0000002,0,normal
TX-000027,2024-01-01 14:01:00,764.24,Vendor_111,Sales,Consulting,Wire,Emp_096,INV-2024-0000019,0,normal
TX-000028,2024-01-01 14:06:00,3116.8,Vendor_006,Finance,Travel,Check,Emp_015,INV-2024-0000027,0,normal
TX-000029,2024-01-01 14:37:00,3951.44,Vendor_015,Support,Supplies,Card,Emp_114,INV-2024-0000029,0,normal
TX-000030,2024-01-01 15:16:00,5757.22,Vendor_120,Sales,Travel,Wire,Emp_103,INV-2024-0000008,0,normal
TX-000031,2024-01-01 15:23:00,2737.04,Vendor_118,Operations,Payroll,ACH,Emp_072,INV-2024-0000004,0,normal
TX-000032,2024-01-01 15:39:00,2554.91,Vendor_007,Marketing,Consulting,Check,Emp_047,INV-2024-0000017,0,normal
TX-000033,2024-01-01 15:54:00,1013.21,Vendor_053,Sales,Supplies,Wire,Emp_102,INV-2024-0000032,0,normal
TX-000034,2024-01-01 15:54:00,1826.18,Vendor_008,Finance,Travel,Wire,Emp_006,INV-2024-0002028,1,same_day_burst
TX-000035,2024-01-01 16:39:00,6534.73,Vendor_007,Marketing,Consulting,Wire,Emp_047,INV-2024-0002289,1,low_history_high_amount
TX-000036,2024-01-01 18:41:00,2276.21,Vendor_042,IT,Operations,Wire,Emp_043,INV-2024-0000016,0,normal
TX-000037,2024-01-01 20:05:00,12086.55,Vendor_095,Finance,Payroll,Card,Emp_004,INV-2024-0002074,1,low_history_high_amount
TX-000038,2024-01-02 05:54:00,1009.71,Vendor_053,Sales,Supplies,Wire,Emp_100,INV-2024-0000032,1,duplicate_invoice
TX-000039,2024-01-02 08:01:00,632.76,Vendor_096,Finance,IT,Check,Emp_007,INV-2024-0000057,0,normal
TX-000040,2024-01-02 09:22:00,696.64,Vendor_062,HR,IT,ACH,Emp_026,INV-2024-0000052,0,normal
TX-000041,2024-01-02 09:28:00,1456.26,Vendor_053,Sales,Supplies,Card,Emp_092,INV-2024-0000035,0,normal
TX-000042,2024-01-02 09:30:00,1344.77,Vendor_070,Support,Supplies,ACH,Emp_114,INV-2024-0000047,0,normal
TX-000043,2024-01-02 09:50:00,1307.17,Vendor_092,Support,Payroll,Card,Emp_106,INV-2024-0000058,0,normal
TX-000044,2024-01-02 10:12:00,913.41,Vendor_074,Support,IT,Card,Emp_111,INV-2024-0000051,0,normal
TX-000045,2024-01-02 10:15:00,831.96,Vendor_110,Legal,Travel,ACH,Emp_090,INV-2024-0000048,0,normal
TX-000046,2024-01-02 11:00:00,1278.06,Vendor_005,Sales,Consulting,Card,Emp_092,INV-2024-0000050,0,normal
TX-000047,2024-01-02 11:06:00,517.24,Vendor_036,HR,Operations,Card,Emp_023,INV-2024-0000036,0,normal
TX-000048,2024-01-02 11:12:00,3170.97,Vendor_060,Support,Consulting,Check,Emp_119,INV-2024-0000053,0,normal
TX-000049,2024-01-02 11:28:00,4510.35,Vendor_014,Sales,Travel,Check,Emp_092,INV-2024-0000049,0,normal
TX-000050,2024-01-02 11:57:00,3621.59,Vendor_007,Marketing,Consulting,Check,Emp_051,INV-2024-0000039,0,normal
TX-000051,2024-01-02 12:05:00,858.39,Vendor_107,Finance,IT,Card,Emp_014,INV-2024-0000043,0,normal
TX-000052,2024-01-02 12:19:00,4561.24,Vendor_047,IT,Travel,Wire,Emp_041,INV-2024-0000041,0,normal
TX-000053,2024-01-02 12:28:00,1563.32,Vendor_011,Marketing,Supplies,Check,Emp_056,INV-2024-0000046,0,normal
TX-000054,2024-01-02 12:37:00,4747.43,Vendor_101,Operations,Operations,ACH,Emp_065,INV-2024-0000045,0,normal
TX-000055,2024-01-02 12:40:00,1192.68,Vendor_011,Marketing,Supplies,ACH,Emp_056,INV-2024-0000042,0,normal
TX-000056,2024-01-02 12:57:00,4123.09,Vendor_093,Finance,Payroll,Wire,Emp_009,INV-2024-0000034,0,normal
TX-000057,2024-01-02 13:02:00,1074.53,Vendor_079,Finance,Operations,ACH,Emp_013,INV-2024-0000044,0,normal
TX-000058,2024-01-02 13:23:00,2353.07,Vendor_059,IT,IT,Check,Emp_041,INV-2024-0000040,0,normal
TX-000059,2024-01-02 13:50:00,685.28,Vendor_096,Operations,IT,Check,Emp_072,INV-2024-0000059,0,normal
TX-000060,2024-01-02 13:56:00,722.94,Vendor_079,Finance,IT,Check,Emp_008,INV-2024-0000060,0,normal
TX-000061,2024-01-02 13:56:00,5057.35,Vendor_101,Operations,Operations,ACH,Emp_064,INV-2024-0000056,0,normal
TX-000062,2024-01-02 14:04:00,3629.28,Vendor_071,Operations,Operations,Card,Emp_066,INV-2024-0000061,0,normal
TX-000063,2024-01-02 15:02:00,4189.35,Vendor_100,IT,Supplies,ACH,Emp_042,INV-2024-0000055,0,normal
TX-000064,2024-01-02 15:51:00,1144.31,Vendor_065,Operations,Payroll,ACH,Emp_066,INV-2024-0000037,0,normal
TX-000065,2024-01-02 16:01:00,2368.15,Vendor_096,Finance,IT,Card,Emp_007,INV-2024-0002239,1,low_history_high_amount
TX-000066,2024-01-02 16:15:00,1002.32,Vendor_077,Legal,IT,Card,Emp_080,INV-2024-0000038,0,normal
TX-000067,2024-01-02 16:16:00,816.83,Vendor_096,Operations,IT,Check,Emp_072,INV-2024-0002105,1,same_day_burst
TX-000068,2024-01-02 16:19:00,17606.91,Vendor_047,IT,Travel,Card,Emp_041,INV-2024-0002067,1,low_history_high_amount
TX-000069,2024-01-02 16:57:00,1413.7,Vendor_066,Support,Consulting,Wire,Emp_120,INV-2024-0000048,1,fuzzy_duplicate
TX-000070,2024-01-02 17:50:00,4002.56,Vendor_037,IT,Supplies,Card,Emp_038,INV-2024-0000054,0,normal
TX-000071,2024-01-02 18:37:00,4683.33,Vendor_101,Operations,Operations,ACH,Emp_071,INV-2024-0000045,1,duplicate_invoice
TX-000072,2024-01-02 19:20:00,3027.44,Vendor_046,Sales,Travel,Card,Emp_093,INV-2024-0001964,1,low_history_high_amount
TX-000073,2024-01-03 05:06:00,3833.05,Vendor_036,HR,Operations,Wire,Emp_023,INV-2024-0002334,1,low_history_high_amount
TX-000074,2024-01-03 07:40:00,3263.99,Vendor_011,Marketing,Supplies,Wire,Emp_056,INV-2024-0002041,1,low_history_high_amount
TX-000075,2024-01-03 07:40:00,1191.56,Vendor_011,Marketing,Supplies,ACH,Emp_058,INV-2024-0000042,1,duplicate_invoice
TX-000076,2024-01-03 07:54:00,472.34,Vendor_085,Operations,Consulting,ACH,Emp_073,INV-2024-0000075,0,normal
TX-000077,2024-01-03 08:08:00,4721.74,Vendor_004,IT,Operations,Check,Emp_034,INV-2024-0000090,0,normal
TX-000078,2024-01-03 09:06:00,715.21,Vendor_108,Operations,Operations,ACH,Emp_071,INV-2024-0000072,0,normal
TX-000079,2024-01-03 09:16:00,790.07,Vendor_070,Marketing,Operations,Wire,Emp_060,INV-2024-0000070,0,normal
TX-000080,2024-01-03 09:50:00,958.66,Vendor_070,Support,Operations,Wire,Emp_109,INV-2024-0000068,0,normal
TX-000081,2024-01-03 10:05:00,2349.14,Vendor_007,Marketing,Consulting,Check,Emp_057,INV-2024-0000066,0,normal
TX-000082,2024-01-03 10:17:00,1923.88,Vendor_029,Marketing,Consulting,Card,Emp_055,INV-2024-0000067,0,normal
TX-000083,2024-01-03 10:38:00,825.19,Vendor_079,Finance,Operations,ACH,Emp_013,INV-2024-0000063,0,normal
TX-000084,2024-01-03 10:41:00,3127.38,Vendor_006,Finance,Travel,Check,Emp_013,INV-2024-0000078,0,normal
TX-000085,2024-01-03 10:50:00,3472.39,Vendor_028,Support,Payroll,Wire,Emp_117,INV-2024-0000079,0,normal
TX-000086,2024-01-03 10:50:00,2054.6,Vendor_096,Operations,IT,Card,Emp_072,INV-2024-0001993,1,low_history_high_amount
TX-000087,2024-01-03 10:59:00,3226.54,Vendor_100,Legal,Supplies,Wire,Emp_087,INV-2024-0000080,0,normal
TX-000088,2024-01-03 11:19:00,3511.05,Vendor_093,Finance,Consulting,Card,Emp_003,INV-2024-0000076,0,normal
TX-000089,2024-01-03 11:20:00,12371.81,Vendor_103,Marketing,Travel,Check,Emp_052,INV-2024-0000084,0,normal
TX-000090,2024-01-03 11:38:00,3625.37,Vendor_014,Sales,Supplies,Check,Emp_095,INV-2024-0000065,0,normal
TX-000091,2024-01-03 12:02:00,5147.06,Vendor_097,Legal,IT,Wire,Emp_078,INV-2024-0000064,0,normal
TX-000092,2024-01-03 12:05:00,2881.76,Vendor_107,Finance,IT,Check,Emp_014,INV-2024-0002058,1,low_history_high_amount
TX-000093,2024-01-03 12:06:00,3223.03,Vendor_063,Legal,Supplies,Wire,Emp_081,INV-2024-0000081,0,normal
TX-000094,2024-01-03 12:14:00,10758.78,Vendor_038,IT,IT,Card,Emp_041,INV-2024-0000087,0,normal
TX-000095,2024-01-03 12:37:00,2276.57,Vendor_042,Legal,IT,ACH,Emp_078,INV-2024-0000082,0,normal
TX-000096,2024-01-03 12:50:00,3163.84,Vendor_072,Sales,Operations,Wire,Emp_095,INV-2024-0000073,0,normal
TX-000097,2024-01-03 12:58:00,3795.78,Vendor_035,HR,IT,Card,Emp_023,INV-2024-0000074,0,normal
TX-000098,2024-01-03 13:03:00,5963.53,Vendor_097,Legal,IT,Wire,Emp_076,INV-2024-0000069,0,normal
TX-000099,2024-01-03 13:04:00,422.52,Vendor_085,Operations,Supplies,ACH,Emp_070,INV-2024-0000077,0,normal
TX-000100,2024-01-03 13:22:00,987.81,Vendor_077,Legal,IT,Check,Emp_079,INV-2024-0000085,0,normal
TX-000101,2024-01-03 13:45:00,4642.6,Vendor_031,IT,Payroll,Wire,Emp_031,INV-2024-0000086,0,normal
TX-000102,2024-01-03 13:47:00,2140.77,Vendor_050,Support,Operations,Wire,Emp_115,INV-2024-0000088,0,normal
TX-000103,2024-01-03 14:09:00,1042.28,Vendor_043,Finance,Travel,Check,Emp_009,INV-2024-0000062,0,normal
TX-000104,2024-01-03 14:13:00,2478.23,Vendor_030,HR,Supplies,ACH,Emp_028,INV-2024-0000089,0,normal
TX-000105,2024-01-03 14:53:00,543.31,Vendor_089,Finance,Operations,ACH,Emp_003,INV-2024-0000071,0,normal
TX-000106,2024-01-03 14:54:00,466.97,Vendor_085,Operations,Consulting,ACH,Emp_066,INV-2024-0000075,1,duplicate_invoice
TX-000107,2024-01-03 16:36:00,4050.0,Vendor_037,Sales,Supplies,Check,Emp_095,INV-2024-0000083,0,normal
TX-000108,2024-01-04 01:02:00,1106.47,Vendor_079,Finance,Operations,Wire,Emp_010,INV-2024-0000044,1,duplicate_invoice
TX-000109,2024-01-04 06:06:00,9609.68,Vendor_063,Legal,Supplies,Check,Emp_081,INV-2024-0002168,1,low_history_high_amount
TX-000110,2024-01-04 08:34:00,3801.69,Vendor_004,Marketing,Travel,Wire,Emp_053,INV-2024-0000119,0,normal
TX-000111,2024-01-04 09:09:00,1209.96,Vendor_080,Legal,IT,Check,Emp_088,INV-2024-0000102,0,normal
TX-000112,2024-01-04 09:09:00,3291.29,Vendor_098,HR,IT,Card,Emp_027,INV-2024-0000118,0,normal
TX-000113,2024-01-04 09:13:00,3889.97,Vendor_047,IT,Travel,Wire,Emp_039,INV-2024-0000121,0,normal
TX-000114,2024-01-04 09:16:00,5211.94,Vendor_004,Marketing,Operations,ACH,Emp_060,INV-2024-0000094,0,normal
TX-000115,2024-01-04 09:58:00,2626.9,Vendor_015,Support,Payroll,Check,Emp_111,INV-2024-0000127,0,normal
TX-000116,2024-01-04 10:15:00,1466.62,Vendor_094,Finance,IT,Check,Emp_004,INV-2024-0000131,0,normal
TX-000117,2024-01-04 10:29:00,1761.05,Vendor_119,Marketing,Travel,ACH,Emp_060,INV-2024-0000115,0,normal
TX-000118,2024-01-04 10:54:00,2201.5,Vendor_049,Legal,Supplies,ACH,Emp_078,INV-2024-0000116,0,normal
TX-000119,2024-01-04 11:02:00,1880.79,Vendor_013,Finance,Consulting,Wire,Emp_006,INV-2024-0000095,0,normal
TX-000120,2024-01-04 11:12:00,931.42,Vendor_052,Operations,Consulting,Check,Emp_071,INV-2024-0000106,0,normal
TX-000121,2024-01-04 11:26:00,4888.06,Vendor_021,Finance,Travel,Check,Emp_013,INV-2024-0000099,0,normal
TX-000122,2024-01-04 11:27:00,4695.65,Vendor_078,Support,Travel,Check,Emp_109,INV-2024-0000117,0,normal
TX-000123,2024-01-04 11:27:00,1710.59,Vendor_029,Sales,Consulting,Check,Emp_100,INV-2024-0000112,0,normal
TX-000124,2024-01-04 11:32:00,5740.84,Vendor_004,Marketing,Operations,Check,Emp_055,INV-2024-0000097,0,normal
TX-000125,2024-01-04 11:48:00,6430.74,Vendor_004,Marketing,Operations,ACH,Emp_060,INV-2024-0002113,1,same_day_burst
TX-000126,2024-01-04 11:54:00,4888.17,Vendor_014,HR,Travel,ACH,Emp_027,INV-2024-0000125,0,normal
TX-000127,2024-01-04 12:00:00,1492.71,Vendor_032,HR,Travel,Wire,Emp_025,INV-2024-0000100,0,normal
TX-000128,2024-01-04 12:08:00,1780.45,Vendor_008,Finance,Consulting,Card,Emp_010,INV-2024-0000113,0,normal
TX-000129,2024-01-04 12:08:00,2397.73,Vendor_002,Operations,Supplies,Check,Emp_069,INV-2024-0000108,0,normal
TX-000130,2024-01-04 12:21:00,2536.67,Vendor_099,Sales,Consulting,Card,Emp_091,INV-2024-0000093,0,normal
TX-000131,2024-01-04 12:35:00,766.36,Vendor_096,Finance,IT,Check,Emp_004,INV-2024-0000114,0,normal
TX-000132,2024-01-04 12:43:00,3702.18,Vendor_016,HR,Supplies,ACH,Emp_026,INV-2024-0000092,0,normal
TX-000133,2024-01-04 12:47:00,846.7,Vendor_092,Support,Payroll,Card,Emp_113,INV-2024-0000124,0,normal
TX-000134,2024-01-04 13:28:00,5647.99,Vendor_004,Marketing,Operations,ACH,Emp_060,INV-2024-0002160,1,same_day_burst
TX-000135,2024-01-04 13:55:00,5838.57,Vendor_120,HR,Travel,Wire,Emp_019,INV-2024-0000091,0,normal
TX-000136,2024-01-04 14:08:00,2346.69,Vendor_051,Legal,Travel,Check,Emp_082,INV-2024-0000096,0,normal
TX-000137,2024-01-04 14:23:00,883.55,Vendor_091,HR,Operations,Check,Emp_029,INV-2024-0000129,0,normal
TX-000138,2024-01-04 14:31:00,904.49,Vendor_055,Sales,Supplies,Wire,Emp_102,INV-2024-0000109,0,normal
TX-000139,2024-01-04 14:47:00,5534.39,Vendor_038,IT,IT,Card,Emp_038,INV-2024-0000103,0,normal
TX-000140,2024-01-04 14:54:00,8951.96,Vendor_049,Legal,Supplies,Check,Emp_078,INV-2024-0002192,1,low_history_high_amount
TX-000141,2024-01-04 15:19:00,2205.66,Vendor_028,Support,Supplies,ACH,Emp_118,INV-2024-0000126,0,normal
TX-000142,2024-01-04 15:35:00,923.04,Vendor_111,Sales,Travel,Wire,Emp_098,INV-2024-0000101,0,normal
TX-000143,2024-01-04 15:40:00,2315.51,Vendor_012,Finance,Travel,Wire,Emp_002,INV-2024-0000105,0,normal
TX-000144,2024-01-04 15:56:00,4156.04,Vendor_016,HR,Supplies,ACH,Emp_023,INV-2024-0000098,0,normal
TX-000145,2024-01-04 16:22:00,6474.25,Vendor_057,Support,Travel,Card,Emp_112,INV-2024-0000107,0,normal
TX-000146,2024-01-04 16:34:00,7741.5,Vendor_041,Support,Supplies,Wire,Emp_112,INV-2024-0000104,0,normal
TX-000147,2024-01-04 17:05:00,2535.27,Vendor_049,Legal,Supplies,Card,Emp_077,INV-2024-0000128,0,normal
TX-000148,2024-01-04 17:14:00,6095.43,Vendor_004,Sales,Operations,ACH,Emp_099,INV-2024-0000111,0,normal
TX-000149,2024-01-04 17:16:00,1424.9,Vendor_075,Operations,Supplies,Wire,Emp_065,INV-2024-0000130,0,normal
TX-000150,2024-01-04 17:18:00,1252.79,Vendor_107,Legal,Consulting,Wire,Emp_083,INV-2024-0000122,0,normal
TX-000151,2024-01-04 17:20:00,4206.63,Vendor_097,Legal,IT,Wire,Emp_085,INV-2024-0000110,0,normal
TX-000152,2024-01-04 17:36:00,1811.23,Vendor_056,Legal,Payroll,ACH,Emp_078,INV-2024-0000120,0,normal
TX-000153,2024-01-04 17:55:00,619.85,Vendor_096,Finance,IT,Check,Emp_014,INV-2024-0000123,0,normal
TX-000154,2024-01-04 22:23:00,885.03,Vendor_091,HR,Operations,Check,Emp_028,INV-2024-0000129,1,duplicate_invoice
TX-000155,2024-01-05 07:08:00,2150.0,Vendor_083,HR,IT,Check,Emp_021,INV-2024-0000144,0,normal
TX-000156,2024-01-05 07:08:00,3032.74,Vendor_026,IT,Consulting,Check,Emp_041,INV-2024-0000137,0,normal
TX-000157,2024-01-05 07:19:00,4613.11,Vendor_047,IT,Travel,Check,Emp_034,INV-2024-0000041,1,duplicate_invoice
TX-000158,2024-01-05 07:50:00,2685.66,Vendor_104,Sales,Operations,ACH,Emp_104,INV-2024-0000140,0,normal
TX-000159,2024-01-05 07:50:00,3188.92,Vendor_072,Sales,Operations,Check,Emp_101,INV-2024-0000073,1,duplicate_invoice
TX-000160,2024-01-05 08:12:00,2082.5,Vendor_049,Legal,Supplies,ACH,Emp_078,INV-2024-0000150,0,normal
TX-000161,2024-01-05 08:23:00,2397.65,Vendor_059,IT,IT,Check,Emp_040,INV-2024-0000040,1,duplicate_invoice
TX-000162,2024-01-05 08:43:00,2036.61,Vendor_116,IT,IT,ACH,Emp_032,INV-2024-0000161,0,normal
TX-000163,2024-01-05 08:55:00,5033.9,Vendor_047,IT,Operations,Wire,Emp_044,INV-2024-0000149,0,normal
TX-000164,2024-01-05 09:00:00,3542.2,Vendor_015,Operations,Travel,Card,Emp_065,INV-2024-0000152,0,normal
TX-000165,2024-01-05 09:47:00,928.6,Vendor_010,Finance,IT,Wire,Emp_013,INV-2024-0000162,0,normal
TX-000166,2024-01-05 10:00:00,2200.94,Vendor_090,HR,Consulting,Check,Emp_029,INV-2024-0000141,0,normal
TX-000167,2024-01-05 10:07:00,3049.44,Vendor_073,Support,Travel,ACH,Emp_118,INV-2024-0000133,0,normal
TX-000168,2024-01-05 10:42:00,998.34,Vendor_065,Operations,Supplies,Wire,Emp_063,INV-2024-0000139,0,normal
TX-000169,2024-01-05 10:52:00,3551.54,Vendor_025,HR,Payroll,Check,Emp_022,INV-2024-0000136,0,normal
TX-000170,2024-01-05 11:24:00,1035.64,Vendor_036,Support,Payroll,ACH,Emp_116,INV-2024-0000135,0,normal
TX-000171,2024-01-05 11:29:00,2234.56,Vendor_071,Operations,Operations,Card,Emp_075,INV-2024-0000156,0,normal
TX-000172,2024-01-05 11:45:00,3286.09,Vendor_093,Finance,Travel,Wire,Emp_005,INV-2024-0000158,0,normal
TX-000173,2024-01-05 11:53:00,1995.65,Vendor_042,Legal,Operations,ACH,Emp_088,INV-2024-0000134,0,normal
TX-000174,2024-01-05 12:06:00,11260.48,Vendor_038,Finance,IT,Wire,Emp_010,INV-2024-0000142,0,normal
TX-000175,2024-01-05 12:07:00,2320.66,Vendor_042,Legal,IT,ACH,Emp_090,INV-2024-0000157,0,normal
TX-000176,2024-01-05 13:08:00,1766.27,Vendor_043,Finance,Payroll,Check,Emp_012,INV-2024-0000138,0,normal
TX-000177,2024-01-05 13:12:00,931.99,Vendor_052,Operations,Consulting,Check,Emp_066,INV-7024-0000107,1,fuzzy_duplicate
TX-000178,2024-01-05 13:36:00,666.68,Vendor_084,HR,Travel,Wire,Emp_024,INV-2024-0000148,0,normal
TX-000179,2024-01-05 13:38:00,592.99,Vendor_089,Legal,Operations,Wire,Emp_083,INV-2024-0000153,0,normal
TX-000180,2024-01-05 13:39:00,2927.83,Vendor_006,Finance,Operations,ACH,Emp_011,INV-2024-0000143,0,normal
TX-000181,2024-01-05 14:03:00,1663.89,Vendor_119,HR,Payroll,ACH,Emp_021,INV-2024-0000146,0,normal
TX-000182,2024-01-05 14:30:00,8610.54,Vendor_120,HR,Travel,Wire,Emp_027,INV-2024-0000147,0,normal
TX-000183,2024-01-05 14:39:00,3938.12,Vendor_018,Legal,Supplies,Wire,Emp_088,INV-2024-0000159,0,normal
TX-000184,2024-01-05 14:41:00,4770.3,Vendor_004,HR,Operations,Card,Emp_021,INV-2024-0000145,0,normal
TX-000185,2024-01-05 14:49:00,2644.89,Vendor_035,HR,IT,Wire,Emp_017,INV-2024-0000154,0,normal
TX-000186,2024-01-05 15:26:00,1393.41,Vendor_112,HR,Supplies,Card,Emp_028,INV-2024-0000132,0,normal
TX-000187,2024-01-05 15:32:00,655.31,Vendor_077,Legal,Supplies,Check,Emp_089,INV-2024-0000155,0,normal
TX-000188,2024-01-05 15:33:00,4840.0,Vendor_042,Legal,IT,Check,Emp_090,INV-2024-0002242,1,split_payment
TX-000189,2024-01-05 15:38:00,2750.0,Vendor_024,Support,IT,ACH,Emp_115,INV-2024-0000151,0,normal
TX-000190,2024-01-05 15:58:00,3800.05,Vendor_035,HR,IT,Card,Emp_029,INV-2024-0000074,1,duplicate_invoice
TX-000191,2024-01-05 16:02:00,5742.66,Vendor_013,Finance,Consulting,ACH,Emp_006,INV-2024-0002130,1,low_history_high_amount
TX-000192,2024-01-05 16:03:00,8625.77,Vendor_103,Marketing,Travel,Card,Emp_048,INV-2024-0000160,0,normal
TX-000193,2024-01-05 23:36:00,1855.35,Vendor_056,Legal,Payroll,Check,Emp_077,INV-2024-0000120,1,duplicate_invoice
TX-000194,2024-01-06 08:03:00,8519.45,Vendor_103,Marketing,Travel,Card,Emp_057,INV-2024-0000160,1,duplicate_invoice
TX-000195,2024-01-06 08:14:00,1141.85,Vendor_107,Finance,Consulting,ACH,Emp_011,INV-2024-0000172,0,normal
TX-000196,2024-01-06 08:32:00,16654.31,Vendor_103,IT,Travel,ACH,Emp_037,INV-2024-0000183,0,normal
TX-000197,2024-01-06 08:39:00,2990.1,Vendor_015,Operations,IT,Wire,Emp_068,INV-2024-0000169,0,normal
TX-000198,2024-01-06 08:57:00,2089.7,Vendor_002,IT,Supplies,Check,Emp_043,INV-2024-0000182,0,normal
TX-000199,2024-01-06 09:12:00,335.52,Vendor_029,Marketing,Consulting,Card,Emp_060,INV-2024-0000164,0,normal
TX-000200,2024-01-06 09:27:00,1714.06,Vendor_029,Sales,Consulting,Check,Emp_099,INV-2064-4000112,1,fuzzy_duplicate
TX-000201,2024-01-06 11:03:00,1138.55,Vendor_061,Sales,IT,Wire,Emp_098,INV-2024-0000177,0,normal
TX-000202,2024-01-06 11:14:00,3565.31,Vendor_101,Operations,Consulting,Check,Emp_066,INV-2024-0000184,0,normal
TX-000203,2024-01-06 11:24:00,1061.33,Vendor_055,Sales,Travel,Card,Emp_100,INV-2024-0000176,0,normal
TX-000204,2024-01-06 12:01:00,3826.89,Vendor_023,Operations,IT,Card,Emp_061,INV-2024-0000171,0,normal
TX-000205,2024-01-06 12:03:00,5290.37,Vendor_004,Operations,Operations,Card,Emp_070,INV-2024-0000168,0,normal
TX-000206,2024-01-06 12:04:00,679.68,Vendor_034,Legal,Payroll,ACH,Emp_085,INV-2024-0000175,0,normal
TX-000207,2024-01-06 12:50:00,1127.26,Vendor_110,Marketing,Payroll,Check,Emp_047,INV-2024-0000166,0,normal
TX-000208,2024-01-06 13:38:00,1673.68,Vendor_043,Finance,Travel,Check,Emp_007,INV-2024-0000167,0,normal
TX-000209,2024-01-06 13:49:00,11901.86,Vendor_038,IT,IT,Check,Emp_045,INV-2024-0000165,0,normal
TX-000210,2024-01-06 13:50:00,1333.26,Vendor_120,HR,Travel,ACH,Emp_019,INV-2024-0000174,0,normal
TX-000211,2024-01-06 13:58:00,2345.07,Vendor_105,Sales,Payroll,ACH,Emp_097,INV-2024-0000163,0,normal
TX-000212,2024-01-06 13:59:00,3235.81,Vendor_006,Finance,Operations,Card,Emp_012,INV-2024-0000170,0,normal
TX-000213,2024-01-06 14:27:00,2265.57,Vendor_116,IT,IT,ACH,Emp_040,INV-2024-0000178,0,normal
TX-000214,2024-01-06 14:58:00,1107.89,Vendor_077,Legal,IT,Check,Emp_088,INV-2024-0000181,0,normal
TX-000215,2024-01-06 15:09:00,4970.0,Vendor_120,HR,Travel,Check,Emp_019,INV-2024-0002253,1,split_payment
TX-000216,2024-01-06 16:26:00,4860.0,Vendor_120,HR,Travel,Card,Emp_019,INV-2024-0002299,1,split_payment
TX-000217,2024-01-06 16:26:00,3395.25,Vendor_072,Operations,Operations,Wire,Emp_067,INV-2024-0000180,0,normal
TX-000218,2024-01-06 16:33:00,2818.07,Vendor_095,Finance,Travel,Wire,Emp_008,INV-2024-0000179,0,normal
TX-000219,2024-01-06 17:28:00,1178.25,Vendor_029,Marketing,Consulting,Wire,Emp_060,INV-2024-0000173,0,normal
TX-000220,2024-01-06 20:23:00,1426.37,Vendor_029,Marketing,Consulting,Wire,Emp_060,INV-2024-0001955,1,same_day_burst
TX-000221,2024-01-06 20:54:00,4944.17,Vendor_014,HR,Travel,ACH,Emp_030,INV-2024-0000125,1,duplicate_invoice
TX-000222,2024-01-07 03:14:00,6232.46,Vendor_004,Sales,Operations,ACH,Emp_094,INV-2024-0000111,1,duplicate_invoice
TX-000223,2024-01-07 07:43:00,667.24,Vendor_052,Operations,Consulting,Check,Emp_066,INV-2024-0000186,0,normal
TX-000224,2024-01-07 08:10:00,982.47,Vendor_084,HR,Travel,Wire,Emp_024,INV-2024-0000194,0,normal
TX-000225,2024-01-07 09:56:00,1552.07,Vendor_119,HR,Payroll,Card,Emp_018,INV-2024-0000187,0,normal
TX-000226,2024-01-07 10:03:00,1653.54,Vendor_049,Legal,Supplies,Wire,Emp_089,INV-2024-0000190,0,normal
TX-000227,2024-01-07 10:26:00,3461.43,Vendor_072,Operations,Operations,Check,Emp_072,INV-2024-0000180,1,duplicate_invoice
TX-000228,2024-01-07 12:26:00,1459.23,Vendor_075,Finance,Supplies,Wire,Emp_009,INV-2024-0000192,0,normal
TX-000229,2024-01-07 14:03:00,1535.68,Vendor_056,Support,IT,Card,Emp_116,INV-2024-0000193,0,normal
TX-000230,2024-01-07 14:35:00,554.07,Vendor_062,HR,Consulting,Wire,Emp_024,INV-2024-0000185,0,normal
TX-000231,2024-01-07 14:37:00,2656.76,Vendor_105,Sales,Payroll,Wire,Emp_102,INV-2024-0000189,0,normal
TX-000232,2024-01-07 14:52:00,992.03,Vendor_046,Sales,Travel,ACH,Emp_097,INV-2024-0000191,0,normal
TX-000233,2024-01-07 15:51:00,3243.08,Vendor_006,Finance,Travel,Check,Emp_015,INV-2024-0000195,0,normal
TX-000234,2024-01-07 17:05:00,720.2,Vendor_053,Sales,Supplies,ACH,Emp_105,INV-2024-0000188,0,normal
TX-000235,2024-01-08 07:13:00,204.35,Vendor_052,Operations,Payroll,Check,Emp_063,INV-2024-0000215,0,normal
TX-000236,2024-01-08 07:33:00,2711.22,Vendor_025,HR,Payroll,Card,Emp_028,INV-2024-0000213,0,normal
TX-000237,2024-01-08 08:44:00,2032.8,Vendor_059,IT,IT,Check,Emp_042,INV-2024-0000209,0,normal
TX-000238,2024-01-08 09:08:00,2102.87,Vendor_019,HR,Operations,Wire,Emp_019,INV-2024-0000223,0,normal
TX-000239,2024-01-08 09:24:00,691.56,Vendor_019,HR,Operations,Check,Emp_025,INV-2024-0000231,0,normal
TX-000240,2024-01-08 09:37:00,2721.22,Vendor_071,IT,Operations,Card,Emp_039,INV-2024-0000216,0,normal
TX-000241,2024-01-08 10:02:00,5224.93,Vendor_001,IT,Payroll,Card,Emp_045,INV-2024-0000225,0,normal
TX-000242,2024-01-08 10:20:00,1790.04,Vendor_086,Support,Travel,Card,Emp_118,INV-2024-0000229,0,normal
TX-000243,2024-01-08 10:29:00,3193.92,Vendor_025,HR,Travel,Card,Emp_025,INV-2024-0000208,0,normal
TX-000244,2024-01-08 10:32:00,4457.75,Vendor_097,Legal,IT,Wire,Emp_079,INV-2024-0000222,0,normal
TX-000245,2024-01-08 10:59:00,2101.67,Vendor_114,Legal,Travel,Check,Emp_089,INV-2024-0000214,0,normal
TX-000246,2024-01-08 11:17:00,3184.72,Vendor_047,IT,Operations,Wire,Emp_045,INV-2024-0000196,0,normal
TX-000247,2024-01-08 11:23:00,2599.95,Vendor_056,Legal,Payroll,Card,Emp_082,INV-2024-0000206,0,normal
TX-000248,2024-01-08 11:38:00,835.62,Vendor_084,HR,IT,Check,Emp_027,INV-2024-0000220,0,normal
TX-000249,2024-01-08 11:52:00,398.97,Vendor_085,Legal,Travel,Check,Emp_077,INV-2024-0000218,0,normal
TX-000250,2024-01-08 11:57:00,3620.24,Vendor_098,HR,IT,ACH,Emp_028,INV-2024-0000204,0,normal
TX-000251,2024-01-08 12:02:00,1671.29,Vendor_009,Legal,Operations,Card,Emp_090,INV-2024-0000207,0,normal
TX-000252,2024-01-08 12:09:00,3639.98,Vendor_041,Support,Consulting,Wire,Emp_116,INV-2024-0000211,0,normal
TX-000253,2024-01-08 12:18:00,672.87,Vendor_052,Finance,Supplies,Check,Emp_007,INV-2024-0000230,0,normal
TX-000254,2024-01-08 12:21:00,898.04,Vendor_108,Operations,Operations,ACH,Emp_070,INV-2024-0000202,0,normal
TX-000255,2024-01-08 12:23:00,10090.15,Vendor_082,Finance,Consulting,ACH,Emp_009,INV-2024-0000228,0,normal
TX-000256,2024-01-08 12:51:00,1315.53,Vendor_109,IT,Supplies,Card,Emp_033,INV-2024-0000212,0,normal
TX-000257,2024-01-08 13:09:00,680.25,Vendor_096,Finance,IT,Check,Emp_006,INV-2024-0000210,0,normal
TX-000258,2024-01-08 13:23:00,1633.74,Vendor_022,Sales,Travel,Card,Emp_101,INV-2024-0000221,0,normal
TX-000259,2024-01-08 13:24:00,578.26,Vendor_108,Operations,IT,Card,Emp_061,INV-2024-0000219,0,normal
TX-000260,2024-01-08 14:07:00,1048.03,Vendor_055,Support,Supplies,Card,Emp_112,INV-2024-0000198,0,normal
TX-000261,2024-01-08 14:39:00,574.71,Vendor_089,Finance,Operations,ACH,Emp_002,INV-2024-0000197,0,normal
TX-000262,2024-01-08 14:54:00,4450.12,Vendor_097,Legal,IT,ACH,Emp_076,INV-2024-0000217,0,normal
TX-000263,2024-01-08 15:01:00,2019.62,Vendor_024,Support,IT,Card,Emp_108,INV-2024-0000201,0,normal
TX-000264,2024-01-08 15:06:00,903.04,Vendor_010,Finance,IT,Wire,Emp_007,INV-2024-0000205,0,normal
TX-000265,2024-01-08 15:33:00,758.32,Vendor_077,Legal,IT,Wire,Emp_084,INV-2024-0000203,0,normal
TX-000266,2024-01-08 16:25:00,4529.07,Vendor_049,Operations,Supplies,ACH,Emp_074,INV-2024-0000200,0,normal
TX-000267,2024-01-08 17:25:00,4820.0,Vendor_049,Operations,Supplies,Card,Emp_074,INV-2024-0002077,1,split_payment
TX-000268,2024-01-08 17:47:00,1137.38,Vendor_074,Support,Travel,Wire,Emp_120,INV-2024-0000226,0,normal
TX-000269,2024-01-08 17:48:00,438.74,Vendor_096,Finance,IT,Card,Emp_002,INV-2024-0000227,0,normal
TX-000270,2024-01-08 17:55:00,2391.68,Vendor_021,Sales,Travel,Check,Emp_096,INV-2024-0000224,0,normal
TX-000271,2024-01-08 18:59:00,3136.37,Vendor_113,Finance,IT,Wire,Emp_002,INV-2024-0000199,0,normal
TX-000272,2024-01-08 19:52:00,2737.03,Vendor_025,HR,Travel,Card,Emp_025,INV-2024-0002020,1,same_day_burst
TX-000273,2024-01-09 01:29:00,3178.02,Vendor_025,HR,Travel,Card,Emp_017,INV-2023-0000209,1,fuzzy_duplicate
TX-000274,2024-01-09 03:18:00,678.23,Vendor_052,Finance,Supplies,Check,Emp_002,INV-2022-0000930,1,fuzzy_duplicate
TX-000275,2024-01-09 08:11:00,2947.45,Vendor_021,Sales,Travel,Card,Emp_099,INV-2024-0000240,0,normal
TX-000276,2024-01-09 09:20:00,1376.47,Vendor_053,Finance,Supplies,Wire,Emp_001,INV-2024-0000243,0,normal
TX-000277,2024-01-09 09:21:00,1327.49,Vendor_065,Operations,Supplies,ACH,Emp_075,INV-2024-0000239,0,normal
TX-000278,2024-01-09 09:52:00,1151.07,Vendor_092,Support,Consulting,ACH,Emp_117,INV-2024-0000242,0,normal
TX-000279,2024-01-09 10:14:00,866.13,Vendor_010,Finance,Travel,Wire,Emp_001,INV-2024-0000250,0,normal
TX-000280,2024-01-09 10:19:00,1212.96,Vendor_051,Support,Travel,Check,Emp_119,INV-2024-0000232,0,normal
TX-000281,2024-01-09 11:15:00,881.18,Vendor_074,Support,Travel,Wire,Emp_106,INV-2024-0000252,0,normal
TX-000282,2024-01-09 11:17:00,3565.81,Vendor_047,IT,Consulting,Wire,Emp_035,INV-2024-0000245,0,normal
TX-000283,2024-01-09 11:34:00,1223.92,Vendor_053,Sales,IT,Card,Emp_091,INV-2024-0000244,0,normal
TX-000284,2024-01-09 11:36:00,925.05,Vendor_111,Finance,Supplies,Check,Emp_011,INV-2024-0000247,0,normal
TX-000285,2024-01-09 11:37:00,5905.76,Vendor_001,IT,Payroll,Wire,Emp_045,INV-2024-0000236,0,normal
TX-000286,2024-01-09 11:49:00,6795.15,Vendor_054,IT,Supplies,ACH,Emp_039,INV-2024-0000255,0,normal
TX-000287,2024-01-09 12:25:00,2507.67,Vendor_033,IT,Payroll,Wire,Emp_033,INV-2024-0000248,0,normal
TX-000288,2024-01-09 12:34:00,2230.21,Vendor_012,IT,Travel,Wire,Emp_033,INV-2024-0000241,0,normal
TX-000289,2024-01-09 13:13:00,995.4,Vendor_055,Marketing,Supplies,Card,Emp_054,INV-2024-0000253,0,normal
TX-000290,2024-01-09 13:22:00,1721.38,Vendor_048,Operations,Operations,Card,Emp_063,INV-2024-0000238,0,normal
TX-000291,2024-01-09 13:26:00,8040.72,Vendor_054,Marketing,Supplies,Card,Emp_056,INV-2024-0000246,0,normal
TX-000292,2024-01-09 13:36:00,1034.57,Vendor_046,Sales,Travel,ACH,Emp_100,INV-2024-0000251,0,normal
TX-000293,2024-01-09 13:50:00,3063.11,Vendor_098,HR,IT,Check,Emp_023,INV-2024-0000254,0,normal
TX-000294,2024-01-09 14:33:00,3357.63,Vendor_099,Sales,Travel,Check,Emp_092,INV-2024-0000235,0,normal
TX-000295,2024-01-09 14:46:00,1431.89,Vendor_074,Support,Travel,Wire,Emp_119,INV-2024-0000237,0,normal
TX-000296,2024-01-09 15:22:00,5578.29,Vendor_120,IT,Travel,Card,Emp_041,INV-2024-0000234,0,normal
TX-000297,2024-01-09 17:44:00,1178.38,Vendor_058,Sales,Travel,Card,Emp_105,INV-2024-0000233,0,normal
TX-000298,2024-01-09 18:33:00,10107.19,Vendor_099,Sales,Travel,Card,Emp_092,INV-2024-0002132,1,low_history_high_amount
TX-000299,2024-01-09 18:41:00,559.32,Vendor_065,Operations,Payroll,ACH,Emp_071,INV-2024-0000249,0,normal
TX-000300,2024-01-09 20:37:00,17508.46,Vendor_001,IT,Payroll,ACH,Emp_045,INV-2024-0002296,1,low_history_high_amount
TX-000301,2024-01-09 23:02:00,10669.63,Vendor_001,IT,Payroll,Wire,Emp_045,INV-2024-0001984,1,low_history_high_amount
TX-000302,2024-01-10 07:14:00,2522.52,Vendor_027,Legal,Payroll,Card,Emp_088,INV-2024-0000287,0,normal
TX-000303,2024-01-10 08:00:00,2066.65,Vendor_040,Marketing,Consulting,Card,Emp_057,INV-2024-0000276,0,normal
TX-000304,2024-01-10 08:10:00,1454.73,Vendor_105,Sales,Consulting,Card,Emp_102,INV-2024-0000292,0,normal
TX-000305,2024-01-10 08:59:00,939.31,Vendor_115,Operations,Travel,ACH,Emp_075,INV-2024-0000266,0,normal
TX-000306,2024-01-10 09:12:00,5178.54,Vendor_004,Marketing,Operations,Card,Emp_059,INV-2024-0000262,0,normal
TX-000307,2024-01-10 09:45:00,1129.51,Vendor_025,IT,Operations,Check,Emp_038,INV-2024-0000291,0,normal
TX-000308,2024-01-10 09:49:00,655.12,Vendor_115,Operations,Supplies,ACH,Emp_069,INV-2024-0000293,0,normal
TX-000309,2024-01-10 09:58:00,3087.56,Vendor_049,Legal,Operations,ACH,Emp_077,INV-2024-0000270,0,normal
TX-000310,2024-01-10 09:59:00,2680.06,Vendor_115,Operations,Travel,Card,Emp_075,INV-2024-0002286,1,low_history_high_amount
TX-000311,2024-01-10 10:28:00,3487.82,Vendor_026,Support,Operations,Wire,Emp_109,INV-2024-0000264,0,normal
TX-000312,2024-01-10 10:29:00,930.14,Vendor_107,Legal,IT,Check,Emp_078,INV-2024-0000282,0,normal
TX-000313,2024-01-10 10:39:00,2412.19,Vendor_006,Finance,Operations,ACH,Emp_012,INV-2024-0000281,0,normal
TX-000314,2024-01-10 11:05:00,2611.15,Vendor_027,Legal,Payroll,Card,Emp_082,INV-2024-0000273,0,normal
TX-000315,2024-01-10 11:25:00,2371.05,Vendor_042,Legal,IT,ACH,Emp_085,INV-2024-0000268,0,normal
TX-000316,2024-01-10 11:29:00,4355.03,Vendor_047,IT,Operations,Wire,Emp_035,INV-2024-0000258,0,normal
TX-000317,2024-01-10 11:32:00,3016.61,Vendor_015,IT,IT,Card,Emp_033,INV-2024-0000256,0,normal
TX-000318,2024-01-10 12:02:00,363.81,Vendor_085,Legal,Travel,ACH,Emp_084,INV-2024-0000285,0,normal
TX-000319,2024-01-10 12:51:00,5290.01,Vendor_041,Support,Consulting,Wire,Emp_114,INV-2024-0000284,0,normal
TX-000320,2024-01-10 13:05:00,3410.66,Vendor_095,Finance,Supplies,Wire,Emp_012,INV-2024-0000272,0,normal
TX-000321,2024-01-10 13:08:00,1345.78,Vendor_017,Finance,Consulting,ACH,Emp_008,INV-2024-0000278,0,normal
TX-000322,2024-01-10 13:16:00,671.55,Vendor_022,Sales,Supplies,Card,Emp_099,INV-2024-0000277,0,normal
TX-000323,2024-01-10 13:47:00,3080.9,Vendor_018,Legal,Supplies,ACH,Emp_082,INV-2024-0000261,0,normal
TX-000324,2024-01-10 13:50:00,3339.36,Vendor_071,Operations,Operations,ACH,Emp_072,INV-2024-0000294,0,normal
TX-000325,2024-01-10 14:00:00,1223.19,Vendor_049,Legal,Supplies,ACH,Emp_077,INV-2024-0000271,0,normal
TX-000326,2024-01-10 14:10:00,1121.79,Vendor_084,HR,IT,Check,Emp_026,INV-2024-0000289,0,normal
TX-000327,2024-01-10 14:20:00,4333.8,Vendor_068,Sales,Supplies,ACH,Emp_091,INV-2024-0000275,0,normal
TX-000328,2024-01-10 14:24:00,2108.21,Vendor_075,Operations,Supplies,Card,Emp_072,INV-2024-0000288,0,normal
TX-000329,2024-01-10 14:28:00,9728.7,Vendor_026,Support,Operations,ACH,Emp_109,INV-2024-0002279,1,low_history_high_amount
TX-000330,2024-01-10 14:32:00,594.93,Vendor_089,Finance,Operations,ACH,Emp_004,INV-2024-0000259,0,normal
TX-000331,2024-01-10 14:59:00,928.49,Vendor_088,Sales,Travel,Check,Emp_101,INV-2024-0000290,0,normal
TX-000332,2024-01-10 15:21:00,4939.42,Vendor_004,Marketing,Travel,ACH,Emp_060,INV-2024-0000260,0,normal
TX-000333,2024-01-10 15:39:00,2772.63,Vendor_104,Sales,Consulting,ACH,Emp_097,INV-2024-0000265,0,normal
TX-000334,2024-01-10 15:44:00,749.17,Vendor_111,Sales,Supplies,Wire,Emp_104,INV-2024-0000279,0,normal
TX-000335,2024-01-10 15:50:00,1580.31,Vendor_013,Finance,Operations,Card,Emp_008,INV-2024-0000286,0,normal
TX-000336,2024-01-10 16:00:00,1764.31,Vendor_114,HR,Travel,Check,Emp_020,INV-2024-0000269,0,normal
TX-000337,2024-01-10 16:09:00,1204.44,Vendor_107,Legal,Consulting,Wire,Emp_077,INV-2024-0000263,0,normal
TX-000338,2024-01-10 16:21:00,1324.34,Vendor_065,Operations,Supplies,ACH,Emp_073,INV-2024-0000239,1,duplicate_invoice
TX-000339,2024-01-10 16:34:00,1627.79,Vendor_056,Legal,Payroll,ACH,Emp_084,INV-2024-0000257,0,normal
TX-000340,2024-01-10 16:38:00,1006.79,Vendor_051,Legal,Travel,Check,Emp_087,INV-2024-0000274,0,normal
TX-000341,2024-01-10 16:54:00,1981.4,Vendor_045,IT,IT,ACH,Emp_037,INV-2024-0000280,0,normal
TX-000342,2024-01-10 17:44:00,5668.91,Vendor_058,Sales,Travel,Wire,Emp_105,INV-2024-0002228,1,low_history_high_amount
TX-000343,2024-01-10 18:03:00,1026.43,Vendor_055,Marketing,Payroll,Card,Emp_057,INV-2024-0000283,0,normal
TX-000344,2024-01-10 18:28:00,2384.09,Vendor_042,IT,Supplies,Card,Emp_044,INV-2024-0000267,0,normal
TX-000345,2024-01-10 18:47:00,2330.0,Vendor_107,Legal,Consulting,Check,Emp_077,INV-2024-0002095,1,split_payment
TX-000346,2024-01-10 20:00:00,2129.72,Vendor_042,IT,Supplies,Card,Emp_044,INV-2024-0002153,1,same_day_burst
TX-000347,2024-01-11 07:21:00,2720.96,Vendor_006,Finance,Travel,Card,Emp_004,INV-2024-0000300,0,normal
TX-000348,2024-01-11 07:40:00,1569.22,Vendor_045,IT,IT,Wire,Emp_033,INV-2024-0000315,0,normal
TX-000349,2024-01-11 07:58:00,4259.0,Vendor_028,Support,Consulting,Wire,Emp_112,INV-2024-0000312,0,normal
TX-000350,2024-01-11 08:55:00,1446.04,Vendor_005,Sales,Travel,Card,Emp_091,INV-2024-0000325,0,normal
TX-000351,2024-01-11 09:16:00,1971.83,Vendor_022,Sales,Supplies,Card,Emp_096,INV-2024-0000306,0,normal
TX-000352,2024-01-11 09:34:00,1578.33,Vendor_114,HR,Travel,ACH,Emp_023,INV-2024-0000332,0,normal
TX-000353,2024-01-11 10:08:00,2249.53,Vendor_059,IT,Consulting,Wire,Emp_039,INV-2024-0000331,0,normal
TX-000354,2024-01-11 10:19:00,2786.23,Vendor_024,Support,IT,ACH,Emp_107,INV-2024-0000329,0,normal
TX-000355,2024-01-11 10:35:00,2640.74,Vendor_081,IT,Supplies,Card,Emp_040,INV-2024-0000334,0,normal
TX-000356,2024-01-11 10:44:00,2482.27,Vendor_033,Finance,Payroll,Card,Emp_012,INV-2024-0000317,0,normal
TX-000357,2024-01-11 10:45:00,500.0,Vendor_085,Legal,Travel,Card,Emp_082,INV-2024-0000316,0,normal
TX-000358,2024-01-11 10:56:00,5016.55,Vendor_049,Marketing,Consulting,Card,Emp_055,INV-2024-0002345,1,vendor_department_shift
TX-000359,2024-01-11 11:39:00,637.26,Vendor_108,Operations,Operations,Card,Emp_074,INV-2024-0000328,0,normal
TX-000360,2024-01-11 11:39:00,4258.61,Vendor_049,Legal,Supplies,Card,Emp_089,INV-2024-0000305,0,normal
TX-000361,2024-01-11 12:15:00,3671.0,Vendor_097,Legal,IT,Wire,Emp_089,INV-2024-0000320,0,normal
TX-000362,2024-01-11 12:39:00,3449.23,Vendor_067,Finance,Operations,Wire,Emp_002,INV-2024-0000333,0,normal
TX-000363,2024-01-11 12:55:00,3562.74,Vendor_018,Legal,Payroll,Wire,Emp_082,INV-2024-0000327,0,normal
TX-000364,2024-01-11 13:03:00,1897.64,Vendor_092,Support,Payroll,Card,Emp_108,INV-2024-0000309,0,normal
TX-000365,2024-01-11 13:19:00,2272.28,Vendor_114,HR,Travel,Check,Emp_019,INV-2024-0000308,0,normal
TX-000366,2024-01-11 13:41:00,2363.24,Vendor_008,Operations,Operations,Check,Emp_067,INV-2024-0000326,0,normal
TX-000367,2024-01-11 13:47:00,1207.53,Vendor_091,HR,Operations,Wire,Emp_026,INV-2024-0000298,0,normal
TX-000368,2024-01-11 13:49:00,1227.08,Vendor_069,Sales,Payroll,Check,Emp_098,INV-2024-0000307,0,normal
TX-000369,2024-01-11 13:54:00,6375.91,Vendor_054,Marketing,Supplies,ACH,Emp_055,INV-2024-0000330,0,normal
TX-000370,2024-01-11 13:57:00,1431.44,Vendor_066,Support,IT,Check,Emp_120,INV-2024-0000319,0,normal
TX-000371,2024-01-11 14:01:00,397.06,Vendor_085,Legal,Supplies,Check,Emp_077,INV-2024-0000335,0,normal
TX-000372,2024-01-11 14:28:00,4606.45,Vendor_097,Legal,IT,ACH,Emp_087,INV-2024-0000297,0,normal
TX-000373,2024-01-11 14:34:00,5256.35,Vendor_072,Operations,Operations,Wire,Emp_071,INV-2024-0000321,0,normal
TX-000374,2024-01-11 14:38:00,1152.92,Vendor_056,Support,Payroll,Check,Emp_120,INV-2024-0000318,0,normal
TX-000375,2024-01-11 14:39:00,830.42,Vendor_055,Marketing,IT,Card,Emp_054,INV-2024-0000313,0,normal
TX-000376,2024-01-11 14:53:00,643.9,Vendor_052,Operations,Payroll,Check,Emp_063,INV-2024-0000324,0,normal
TX-000377,2024-01-11 15:03:00,3213.36,Vendor_072,Operations,Operations,Check,Emp_067,INV-2024-0000314,0,normal
TX-000378,2024-01-11 15:19:00,1225.78,Vendor_051,Support,Travel,Card,Emp_109,INV-2024-0000232,1,duplicate_invoice
TX-000379,2024-01-11 15:19:00,3514.54,Vendor_031,Support,Payroll,Wire,Emp_118,INV-2024-0000303,0,normal
TX-000380,2024-01-11 15:19:00,1504.41,Vendor_005,Sales,Travel,Card,Emp_101,INV-2024-0000295,0,normal
TX-000381,2024-01-11 15:20:00,5105.09,Vendor_001,IT,Payroll,Check,Emp_040,INV-2024-0000311,0,normal
TX-000382,2024-01-11 15:21:00,3054.79,Vendor_093,Support,Payroll,Wire,Emp_106,INV-2024-0000296,0,normal
TX-000383,2024-01-11 15:22:00,2422.87,Vendor_047,Marketing,Consulting,Wire,Emp_048,INV-2024-0000304,0,normal
TX-000384,2024-01-11 15:24:00,1753.67,Vendor_019,HR,Operations,Check,Emp_027,INV-2024-0000299,0,normal
TX-000385,2024-01-11 15:39:00,1852.49,Vendor_083,Marketing,IT,Check,Emp_054,INV-2024-0000322,0,normal
TX-000386,2024-01-11 15:53:00,834.54,Vendor_074,Support,Payroll,Wire,Emp_106,INV-2024-0000301,0,normal
TX-000387,2024-01-11 15:59:00,1502.14,Vendor_036,Support,IT,Card,Emp_119,INV-2024-0000302,0,normal
TX-000388,2024-01-11 16:54:00,383.38,Vendor_085,Support,Travel,Check,Emp_117,INV-2024-0000323,0,normal
TX-000389,2024-01-11 18:30:00,3674.5,Vendor_016,HR,Supplies,ACH,Emp_027,INV-2024-0000310,0,normal
TX-000390,2024-01-11 19:15:00,3858.76,Vendor_072,Operations,Operations,Check,Emp_067,INV-2024-0002144,1,same_day_burst
TX-000391,2024-01-11 19:16:00,5036.92,Vendor_022,Sales,Supplies,ACH,Emp_099,INV-2024-0001951,1,low_history_high_amount
TX-000392,2024-01-11 19:34:00,1564.96,Vendor_005,Sales,Travel,Card,Emp_101,INV-2024-0002068,1,same_day_burst
TX-000393,2024-01-11 20:59:00,2777.1,Vendor_115,Operations,Travel,Card,Emp_075,INV-2024-0002218,1,low_history_high_amount
TX-000394,2024-01-12 00:49:00,660.24,Vendor_115,Operations,Supplies,ACH,Emp_065,INV-2024-0600293,1,fuzzy_duplicate
TX-000395,2024-01-12 03:40:00,1612.57,Vendor_045,IT,IT,Wire,Emp_039,INV-2024-0000315,1,duplicate_invoice
TX-000396,2024-01-12 06:21:00,1302.22,Vendor_065,Operations,Supplies,ACH,Emp_064,INV-2024-0000239,1,duplicate_invoice
TX-000397,2024-01-12 07:01:00,1574.04,Vendor_053,Sales,Supplies,Wire,Emp_104,INV-2024-0000359,0,normal
TX-000398,2024-01-12 07:17:00,2154.82,Vendor_083,HR,IT,ACH,Emp_023,INV-2024-0000339,0,normal
TX-000399,2024-01-12 07:53:00,1635.55,Vendor_119,HR,Payroll,ACH,Emp_019,INV-2024-0000337,0,normal
TX-000400,2024-01-12 08:00:00,1259.53,Vendor_008,Operations,Consulting,Card,Emp_062,INV-2024-0000340,0,normal
TX-000401,2024-01-12 08:03:00,2034.12,Vendor_071,Operations,Operations,Card,Emp_066,INV-2024-0000362,0,normal
TX-000402,2024-01-12 08:25:00,2536.65,Vendor_033,IT,Payroll,Wire,Emp_043,INV-2024-0000248,1,duplicate_invoice
TX-000403,2024-01-12 08:39:00,890.84,Vendor_096,Finance,IT,ACH,Emp_001,INV-2024-0000371,0,normal
TX-000404,2024-01-12 09:20:00,694.64,Vendor_079,Finance,Travel,ACH,Emp_006,INV-2024-0000364,0,normal
TX-000405,2024-01-12 09:57:00,856.1,Vendor_110,Legal,Consulting,ACH,Emp_087,INV-2024-0000372,0,normal
TX-000406,2024-01-12 10:03:00,706.07,Vendor_096,Finance,IT,Check,Emp_010,INV-2024-0000373,0,normal
TX-000407,2024-01-12 10:05:00,2626.34,Vendor_014,HR,Travel,ACH,Emp_016,INV-2024-0000367,0,normal
TX-000408,2024-01-12 10:08:00,3301.41,Vendor_101,Operations,Operations,Card,Emp_065,INV-2024-0000341,0,normal
TX-000409,2024-01-12 10:13:00,1062.75,Vendor_114,Support,Travel,Wire,Emp_109,INV-2024-0000366,0,normal
TX-000410,2024-01-12 10:19:00,3149.71,Vendor_018,Legal,Supplies,Wire,Emp_078,INV-2024-0000354,0,normal
TX-000411,2024-01-12 10:41:00,1289.31,Vendor_070,Marketing,Payroll,ACH,Emp_053,INV-2024-0000360,0,normal
TX-000412,2024-01-12 10:50:00,504.59,Vendor_089,Finance,Operations,ACH,Emp_006,INV-2024-0000356,0,normal
TX-000413,2024-01-12 10:53:00,2869.48,Vendor_004,Marketing,Operations,ACH,Emp_056,INV-2024-0000343,0,normal
TX-000414,2024-01-12 11:10:00,4561.41,Vendor_097,Legal,IT,ACH,Emp_078,INV-2024-0000351,0,normal
TX-000415,2024-01-12 11:13:00,1360.7,Vendor_119,HR,Payroll,Card,Emp_023,INV-2024-0000345,0,normal
TX-000416,2024-01-12 11:19:00,2989.31,Vendor_012,Finance,Travel,Check,Emp_013,INV-2024-0000358,0,normal
TX-000417,2024-01-12 11:49:00,2046.9,Vendor_064,Finance,Consulting,Check,Emp_010,INV-2024-0000363,0,normal
TX-000418,2024-01-12 12:03:00,3196.35,Vendor_072,Operations,Operations,Check,Emp_064,INV-0024-0300314,1,fuzzy_duplicate
TX-000419,2024-01-12 12:07:00,2963.38,Vendor_012,Sales,Travel,Card,Emp_093,INV-2024-0000349,0,normal
TX-000420,2024-01-12 12:08:00,4671.48,Vendor_106,Legal,Consulting,Wire,Emp_087,INV-2024-0000338,0,normal
TX-000421,2024-01-12 12:28:00,834.02,Vendor_046,Sales,Travel,Wire,Emp_091,INV-2024-0000342,0,normal
TX-000422,2024-01-12 12:36:00,733.09,Vendor_108,Operations,IT,ACH,Emp_072,INV-2024-0000355,0,normal
TX-000423,2024-01-12 12:38:00,5676.19,Vendor_097,Legal,IT,Wire,Emp_079,INV-2024-0000336,0,normal
TX-000424,2024-01-12 13:05:00,4127.78,Vendor_097,Legal,IT,Wire,Emp_089,INV-2024-0000353,0,normal
TX-000425,2024-01-12 13:11:00,1008.76,Vendor_010,Finance,IT,Wire,Emp_005,INV-2024-0000344,0,normal
TX-000426,2024-01-12 13:18:00,760.8,Vendor_077,Legal,IT,Check,Emp_090,INV-2024-0000346,0,normal
TX-000427,2024-01-12 13:27:00,4869.11,Vendor_060,Support,Consulting,Check,Emp_106,INV-2024-0000361,0,normal
TX-000428,2024-01-12 13:59:00,788.56,Vendor_096,Finance,IT,Check,Emp_010,INV-2024-0002091,1,same_day_burst
TX-000429,2024-01-12 14:11:00,2483.1,Vendor_093,Support,Payroll,Card,Emp_117,INV-2024-0000352,0,normal
TX-000430,2024-01-12 14:24:00,2150.0,Vendor_114,HR,Travel,Check,Emp_023,INV-2024-0000374,0,normal
TX-000431,2024-01-12 14:30:00,787.11,Vendor_084,Sales,IT,Wire,Emp_102,INV-2024-0000348,0,normal
TX-000432,2024-01-12 14:57:00,1840.05,Vendor_032,Finance,Consulting,Wire,Emp_015,INV-2024-0000368,0,normal
TX-000433,2024-01-12 15:13:00,2470.0,Vendor_077,Legal,IT,Wire,Emp_090,INV-2024-0002076,1,split_payment
TX-000434,2024-01-12 15:18:00,1800.26,Vendor_075,Legal,Travel,Wire,Emp_082,INV-2024-0000365,0,normal
TX-000435,2024-01-12 15:50:00,2478.39,Vendor_033,Finance,Payroll,Wire,Emp_001,INV-2024-0000347,0,normal
TX-000436,2024-01-12 15:58:00,3088.08,Vendor_049,Legal,Operations,Check,Emp_080,INV-2024-0000270,1,duplicate_invoice
TX-000437,2024-01-12 16:21:00,9970.0,Vendor_008,Operations,Consulting,ACH,Emp_062,INV-2024-0002230,1,split_payment
TX-000438,2024-01-12 16:22:00,548.55,Vendor_089,Finance,Consulting,ACH,Emp_003,INV-2024-0000350,0,normal
TX-000439,2024-01-12 16:32:00,651.58,Vendor_084,Finance,IT,ACH,Emp_015,INV-2024-0000369,0,normal
TX-000440,2024-01-12 17:52:00,747.12,Vendor_088,Sales,IT,Check,Emp_093,INV-2024-0000357,0,normal
TX-000441,2024-01-12 18:36:00,2284.92,Vendor_114,HR,Travel,Check,Emp_020,INV-2024-0000370,0,normal
TX-000442,2024-01-12 19:45:00,755.23,Vendor_084,Finance,IT,ACH,Emp_015,INV-2024-0001959,1,same_day_burst
TX-000443,2024-01-12 22:50:00,635.37,Vendor_089,Finance,Consulting,ACH,Emp_003,INV-2024-0002137,1,same_day_burst
TX-000444,2024-01-12 23:01:00,3844.87,Vendor_097,Legal,IT,Wire,Emp_089,INV-2024-0002256,1,same_day_burst
TX-000445,2024-01-13 00:39:00,9544.4,Vendor_067,Finance,Operations,ACH,Emp_002,INV-2024-0002126,1,low_history_high_amount
TX-000446,2024-01-13 01:03:00,1933.66,Vendor_092,Support,Payroll,ACH,Emp_115,INV-2024-0000309,1,duplicate_invoice
TX-000447,2024-01-13 08:22:00,832.44,Vendor_084,HR,Travel,Wire,Emp_021,INV-2024-0000385,0,normal
TX-000448,2024-01-13 08:27:00,2439.44,Vendor_081,Finance,Supplies,Card,Emp_007,INV-2024-0000393,0,normal
TX-000449,2024-01-13 09:33:00,2391.51,Vendor_045,IT,IT,Check,Emp_031,INV-2024-0000376,0,normal
TX-000450,2024-01-13 09:39:00,2444.58,Vendor_092,Finance,Supplies,ACH,Emp_004,INV-2024-0002277,1,vendor_department_shift
TX-000451,2024-01-13 09:54:00,2667.01,Vendor_009,Legal,Payroll,ACH,Emp_085,INV-2024-0000384,0,normal
TX-000452,2024-01-13 10:33:00,3786.82,Vendor_071,Operations,Operations,Card,Emp_065,INV-2024-0000391,0,normal
TX-000453,2024-01-13 10:40:00,1301.77,Vendor_025,HR,Payroll,Card,Emp_029,INV-2024-0000390,0,normal
TX-000454,2024-01-13 11:08:00,3302.16,Vendor_101,Operations,Operations,Check,Emp_061,INV-2024-0000341,1,duplicate_invoice
TX-000455,2024-01-13 11:25:00,1568.71,Vendor_058,Sales,Payroll,Card,Emp_100,INV-2024-0000383,0,normal
TX-000456,2024-01-13 12:09:00,5838.47,Vendor_120,HR,Travel,ACH,Emp_017,INV-2024-0000387,0,normal
TX-000457,2024-01-13 12:33:00,7065.85,Vendor_101,Sales,Travel,Check,Emp_099,INV-2024-0002073,1,vendor_department_shift
TX-000458,2024-01-13 12:39:00,2746.25,Vendor_102,IT,Operations,Card,Emp_045,INV-2024-0000394,0,normal
TX-000459,2024-01-13 13:32:00,3709.79,Vendor_047,IT,Consulting,Wire,Emp_034,INV-2024-0000382,0,normal
TX-000460,2024-01-13 13:34:00,2697.09,Vendor_003,Operations,IT,Check,Emp_062,INV-2024-0000375,0,normal
TX-000461,2024-01-13 14:38:00,7172.29,Vendor_076,Finance,Travel,ACH,Emp_001,INV-2024-0000377,0,normal
TX-000462,2024-01-13 15:19:00,946.98,Vendor_111,Finance,Consulting,Check,Emp_013,INV-2024-0000379,0,normal
TX-000463,2024-01-13 15:24:00,2524.56,Vendor_042,Legal,Payroll,ACH,Emp_083,INV-2024-0000392,0,normal
TX-000464,2024-01-13 16:45:00,4147.08,Vendor_049,Legal,Supplies,Wire,Emp_090,INV-2024-0000378,0,normal
TX-000465,2024-01-13 16:49:00,4115.94,Vendor_060,Operations,Consulting,Check,Emp_062,INV-2024-0000381,0,normal
TX-000466,2024-01-13 16:52:00,4485.09,Vendor_010,Finance,IT,ACH,Emp_005,INV-2024-0002214,1,high_amount
TX-000467,2024-01-13 16:55:00,432.18,Vendor_085,Marketing,Travel,Check,Emp_059,INV-2024-0000380,0,normal
TX-000468,2024-01-13 17:17:00,18657.4,Vendor_004,Operations,Operations,Wire,Emp_070,INV-2024-0002086,1,high_amount
TX-000469,2024-01-13 17:30:00,2766.46,Vendor_093,Finance,Payroll,Wire,Emp_009,INV-2024-0000388,0,normal
TX-000470,2024-01-13 17:32:00,2798.84,Vendor_003,Operations,IT,ACH,Emp_074,INV-2024-0000386,0,normal
TX-000471,2024-01-13 18:11:00,1183.94,Vendor_019,HR,Operations,ACH,Emp_024,INV-2024-0000389,0,normal
TX-000472,2024-01-13 19:53:00,4760.0,Vendor_019,HR,Operations,Card,Emp_024,INV-2024-0002013,1,split_payment
TX-000473,2024-01-14 03:19:00,928.35,Vendor_111,Finance,Consulting,ACH,Emp_011,INV-2024-0000379,1,duplicate_invoice
TX-000474,2024-01-14 05:05:00,2578.61,Vendor_014,HR,Travel,Card,Emp_025,INV-2024-0000367,1,duplicate_invoice
TX-000475,2024-01-14 05:08:00,2236.11,Vendor_059,IT,Consulting,ACH,Emp_035,INV-2024-0000331,1,duplicate_invoice
TX-000476,2024-01-14 07:28:00,833.48,Vendor_046,Sales,Travel,Wire,Emp_097,INV-2024-0000342,1,duplicate_invoice
TX-000477,2024-01-14 07:40:00,1302.11,Vendor_025,HR,Payroll,Wire,Emp_030,INV-2024-0000090,1,fuzzy_duplicate
TX-000478,2024-01-14 07:53:00,846.51,Vendor_074,Support,Payroll,Wire,Emp_109,INV-2024-0000301,1,duplicate_invoice
TX-000479,2024-01-14 08:25:00,2707.39,Vendor_015,Support,IT,Card,Emp_114,INV-2024-0000398,0,normal
TX-000480,2024-01-14 09:11:00,939.46,Vendor_069,Sales,Supplies,Card,Emp_094,INV-2024-0000405,0,normal
TX-000481,2024-01-14 10:42:00,1338.09,Vendor_043,Finance,Travel,Check,Emp_012,INV-2024-0000399,0,normal
TX-000482,2024-01-14 12:13:00,982.05,Vendor_091,HR,Operations,Check,Emp_019,INV-2024-0000408,0,normal
TX-000483,2024-01-14 12:25:00,2062.92,Vendor_013,Finance,Operations,Card,Emp_008,INV-2024-0000403,0,normal
TX-000484,2024-01-14 12:47:00,2662.29,Vendor_045,HR,IT,Wire,Emp_028,INV-2024-0000407,0,normal
TX-000485,2024-01-14 12:51:00,1022.21,Vendor_088,Sales,IT,Card,Emp_102,INV-2024-0000397,0,normal
TX-000486,2024-01-14 13:09:00,7217.82,Vendor_038,IT,IT,Card,Emp_045,INV-2024-0000395,0,normal
TX-000487,2024-01-14 13:11:00,1220.62,Vendor_043,Finance,Travel,Check,Emp_006,INV-2024-0000396,0,normal
TX-000488,2024-01-14 13:13:00,2739.93,Vendor_104,Sales,Consulting,ACH,Emp_098,INV-2024-0000409,0,normal
TX-000489,2024-01-14 13:48:00,2721.64,Vendor_098,HR,Supplies,Check,Emp_016,INV-2024-0000401,0,normal
TX-000490,2024-01-14 14:11:00,1845.53,Vendor_008,Finance,Payroll,Card,Emp_010,INV-2024-0000404,0,normal
TX-000491,2024-01-14 14:36:00,746.89,Vendor_087,Marketing,Operations,ACH,Emp_054,INV-2024-0000400,0,normal
TX-000492,2024-01-14 14:52:00,1803.11,Vendor_083,Marketing,IT,Check,Emp_046,INV-2024-0000406,0,normal
TX-000493,2024-01-14 14:54:00,9129.01,Vendor_009,Legal,Payroll,Wire,Emp_085,INV-2024-0002072,1,low_history_high_amount
TX-000494,2024-01-14 15:19:00,2495.49,Vendor_003,Operations,IT,ACH,Emp_075,INV-2024-0000402,0,normal
TX-000495,2024-01-14 18:08:00,3118.92,Vendor_120,Support,Payroll,Check,Emp_120,INV-2024-0002049,1,vendor_department_shift
TX-000496,2024-01-14 19:18:00,753.97,Vendor_077,Legal,IT,ACH,Emp_084,INV-2024-0000382,1,fuzzy_duplicate
TX-000497,2024-01-15 00:10:00,4503.98,Vendor_097,Legal,IT,Check,Emp_079,INV-2024-0000351,1,duplicate_invoice
TX-000498,2024-01-15 03:44:00,3584.09,Vendor_096,Finance,IT,Card,Emp_014,INV-2024-0002100,1,high_amount
TX-000499,2024-01-15 07:16:00,4700.0,Vendor_015,Support,Supplies,ACH,Emp_107,INV-2024-0000414,0,normal
TX-000500,2024-01-15 07:42:00,1293.62,Vendor_056,Legal,Payroll,Card,Emp_076,INV-2024-0000425,0,normal
TX-000501,2024-01-15 08:33:00,3091.48,Vendor_098,HR,IT,Card,Emp_024,INV-2024-0000417,0,normal
TX-000502,2024-01-15 09:13:00,898.62,Vendor_074,Support,Consulting,Wire,Emp_114,INV-2024-0000411,0,normal
TX-000503,2024-01-15 09:28:00,3649.22,Vendor_018,Legal,Supplies,ACH,Emp_089,INV-2024-0000432,0,normal
TX-000504,2024-01-15 10:01:00,2406.52,Vendor_032,Finance,Consulting,Check,Emp_004,INV-2024-0000428,0,normal
TX-000505,2024-01-15 10:22:00,280.68,Vendor_085,Legal,Travel,Wire,Emp_082,INV-2024-0000422,0,normal
TX-000506,2024-01-15 11:37:00,1706.41,Vendor_116,IT,IT,Wire,Emp_044,INV-2024-0000420,0,normal
TX-000507,2024-01-15 12:14:00,1137.5,Vendor_091,HR,IT,ACH,Emp_023,INV-2024-0000433,0,normal
TX-000508,2024-01-15 12:24:00,2048.15,Vendor_032,HR,Consulting,ACH,Emp_027,INV-2024-0000431,0,normal
TX-000509,2024-01-15 12:29:00,4099.4,Vendor_047,IT,Consulting,Wire,Emp_041,INV-2024-0000418,0,normal
TX-000510,2024-01-15 12:33:00,3478.88,Vendor_016,HR,Supplies,ACH,Emp_022,INV-2024-0000430,0,normal
TX-000511,2024-01-15 12:42:00,3746.07,Vendor_101,Operations,Consulting,Card,Emp_065,INV-2024-0000412,0,normal
TX-000512,2024-01-15 12:46:00,4529.53,Vendor_001,IT,Operations,ACH,Emp_041,INV-2024-0000423,0,normal
TX-000513,2024-01-15 13:14:00,2460.3,Vendor_006,Finance,Operations,Wire,Emp_001,INV-2024-0000424,0,normal
TX-000514,2024-01-15 13:52:00,7615.77,Vendor_038,Finance,IT,Check,Emp_014,INV-2024-0000415,0,normal
TX-000515,2024-01-15 14:11:00,2872.13,Vendor_026,IT,Consulting,Check,Emp_042,INV-2024-0000413,0,normal
TX-000516,2024-01-15 14:12:00,1340.33,Vendor_029,Marketing,Consulting,Wire,Emp_052,INV-2024-0000427,0,normal
TX-000517,2024-01-15 14:43:00,2360.0,Vendor_091,HR,IT,Wire,Emp_023,INV-2024-0002184,1,split_payment
TX-000518,2024-01-15 14:49:00,3897.96,Vendor_021,Marketing,Travel,Check,Emp_047,INV-2024-0000416,0,normal
TX-000519,2024-01-15 14:56:00,2790.58,Vendor_049,Legal,Supplies,ACH,Emp_087,INV-2024-0000435,0,normal
TX-000520,2024-01-15 15:09:00,1123.74,Vendor_053,Sales,IT,Wire,Emp_099,INV-2024-0000410,0,normal
TX-000521,2024-01-15 15:16:00,1486.53,Vendor_027,Legal,Payroll,Card,Emp_081,INV-2024-0000434,0,normal
TX-000522,2024-01-15 15:35:00,1228.16,Vendor_043,Finance,Travel,Card,Emp_008,INV-2024-0000429,0,normal
TX-000523,2024-01-15 16:00:00,1480.9,Vendor_029,Marketing,Consulting,Card,Emp_052,INV-2024-0000421,0,normal
TX-000524,2024-01-15 16:12:00,4302.5,Vendor_001,IT,Operations,Card,Emp_040,INV-2024-0000419,0,normal
TX-000525,2024-01-15 18:42:00,1148.42,Vendor_091,HR,IT,ACH,Emp_018,INV-2024-0000426,0,normal
TX-000526,2024-01-15 20:50:00,1268.58,Vendor_091,HR,IT,ACH,Emp_018,INV-2024-0002220,1,same_day_burst
TX-000527,2024-01-15 22:35:00,1595.91,Vendor_029,Marketing,Consulting,Card,Emp_052,INV-2024-0002026,1,same_day_burst
TX-000528,2024-01-16 05:18:00,2602.6,Vendor_114,Finance,Operations,Wire,Emp_014,INV-2024-0002321,1,vendor_department_shift
TX-000529,2024-01-16 07:05:00,2327.58,Vendor_040,Marketing,IT,ACH,Emp_058,INV-2024-0000439,0,normal
TX-000530,2024-01-16 07:13:00,2380.64,Vendor_033,Finance,Payroll,Check,Emp_012,INV-2024-0000456,0,normal
TX-000531,2024-01-16 07:43:00,1332.56,Vendor_036,Support,Operations,Card,Emp_120,INV-2024-0000436,0,normal
TX-000532,2024-01-16 08:34:00,5760.37,Vendor_015,Support,IT,ACH,Emp_113,INV-2024-0000461,0,normal
TX-000533,2024-01-16 08:36:00,423.44,Vendor_085,Legal,Travel,Check,Emp_078,INV-2024-0000465,0,normal
TX-000534,2024-01-16 08:56:00,6936.82,Vendor_004,Marketing,IT,Wire,Emp_056,INV-2024-0002171,1,payment_method_switch
TX-000535,2024-01-16 09:06:00,1984.53,Vendor_090,HR,Consulting,ACH,Emp_021,INV-2024-0000458,0,normal
TX-000536,2024-01-16 09:08:00,2057.78,Vendor_032,Marketing,Operations,Check,Emp_049,INV-2024-0000447,0,normal
TX-000537,2024-01-16 09:15:00,4590.88,Vendor_015,Support,Supplies,Card,Emp_118,INV-2024-0000445,0,normal
TX-000538,2024-01-16 10:44:00,3637.15,Vendor_037,Sales,Supplies,Check,Emp_104,INV-2024-0000442,0,normal
TX-000539,2024-01-16 10:46:00,1328.04,Vendor_043,Finance,Travel,Card,Emp_001,INV-2024-0000451,0,normal
TX-000540,2024-01-16 11:01:00,3540.89,Vendor_028,Support,Consulting,Check,Emp_116,INV-2024-0000448,0,normal
TX-000541,2024-01-16 11:02:00,2328.01,Vendor_050,Operations,IT,ACH,Emp_070,INV-2024-0000457,0,normal
TX-000542,2024-01-16 11:08:00,1885.18,Vendor_048,Legal,IT,Check,Emp_077,INV-2024-0000443,0,normal
TX-000543,2024-01-16 11:16:00,4686.05,Vendor_015,Support,Supplies,ACH,Emp_117,INV-2024-0000414,1,duplicate_invoice
TX-000544,2024-01-16 11:24:00,3757.27,Vendor_047,IT,Operations,Wire,Emp_037,INV-2024-0000450,0,normal
TX-000545,2024-01-16 12:29:00,7449.54,Vendor_004,Legal,Consulting,Wire,Emp_077,INV-2024-0002094,1,vendor_department_shift
TX-000546,2024-01-16 12:35:00,2926.13,Vendor_098,Operations,IT,Card,Emp_072,INV-2024-0000453,0,normal
TX-000547,2024-01-16 12:48:00,1037.78,Vendor_055,Marketing,Payroll,Card,Emp_047,INV-2024-0000463,0,normal
TX-000548,2024-01-16 13:01:00,4037.79,Vendor_016,HR,Supplies,ACH,Emp_016,INV-2024-0000452,0,normal
TX-000549,2024-01-16 13:05:00,4636.07,Vendor_098,HR,IT,ACH,Emp_021,INV-2024-0000441,0,normal
TX-000550,2024-01-16 13:28:00,1374.97,Vendor_036,HR,Operations,ACH,Emp_026,INV-2024-0000459,0,normal
TX-000551,2024-01-16 14:14:00,4685.56,Vendor_101,Operations,Travel,ACH,Emp_064,INV-2024-0000460,0,normal
TX-000552,2024-01-16 14:16:00,2225.67,Vendor_024,Support,IT,Wire,Emp_111,INV-2024-0000444,0,normal
TX-000553,2024-01-16 14:35:00,1507.63,Vendor_051,Legal,Supplies,Check,Emp_086,INV-2024-0000455,0,normal
TX-000554,2024-01-16 14:48:00,2321.25,Vendor_059,IT,IT,Check,Emp_032,INV-2024-0000466,0,normal
TX-000555,2024-01-16 14:49:00,863.97,Vendor_110,IT,Consulting,Card,Emp_042,INV-2024-0000446,0,normal
TX-000556,2024-01-16 14:54:00,2352.69,Vendor_073,Finance,Payroll,Check,Emp_010,INV-2024-0000462,0,normal
TX-000557,2024-01-16 14:55:00,1538.94,Vendor_053,Sales,Supplies,Wire,Emp_101,INV-2024-0000464,0,normal
TX-000558,2024-01-16 15:02:00,3404.12,Vendor_060,Support,Consulting,Check,Emp_110,INV-2024-0000438,0,normal
TX-000559,2024-01-16 15:04:00,3850.0,Vendor_093,Finance,Travel,Card,Emp_013,INV-2024-0000454,0,normal
TX-000560,2024-01-16 15:35:00,739.42,Vendor_074,Support,IT,Wire,Emp_120,INV-2024-0000449,0,normal
TX-000561,2024-01-16 15:35:00,1700.0,Vendor_008,Finance,Operations,Wire,Emp_010,INV-2024-0000440,0,normal
TX-000562,2024-01-16 15:48:00,3931.05,Vendor_037,Sales,Supplies,Wire,Emp_101,INV-2024-0000437,0,normal
TX-000563,2024-01-16 17:25:00,5178.17,Vendor_045,HR,Consulting,ACH,Emp_028,INV-2024-0002024,1,payment_method_switch
TX-000564,2024-01-16 17:46:00,3780.96,Vendor_037,Sales,Supplies,Wire,Emp_101,INV-2024-0002339,1,same_day_burst
TX-000565,2024-01-16 18:25:00,9213.6,Vendor_056,Legal,Payroll,Check,Emp_084,INV-2024-0002102,1,high_amount
TX-000566,2024-01-16 21:44:00,2866.4,Vendor_108,Operations,IT,Check,Emp_072,INV-2024-0002150,1,high_amount
TX-000567,2024-01-16 22:29:00,4686.48,Vendor_015,Support,Supplies,Card,Emp_118,INV-2024-0002206,1,same_day_burst
TX-000568,2024-01-16 23:15:00,5533.29,Vendor_098,HR,IT,ACH,Emp_021,INV-2024-0002328,1,same_day_burst
TX-000569,2024-01-17 07:32:00,2240.33,Vendor_042,Marketing,IT,Card,Emp_046,INV-2024-0000489,0,normal
TX-000570,2024-01-17 07:54:00,8593.16,Vendor_073,Finance,Payroll,Wire,Emp_010,INV-2024-0002208,1,low_history_high_amount
TX-000571,2024-01-17 08:35:00,934.58,Vendor_052,Operations,Travel,Card,Emp_063,INV-2024-0002342,1,payment_method_switch
TX-000572,2024-01-17 08:43:00,1828.8,Vendor_112,IT,Supplies,ACH,Emp_032,INV-2024-0000475,0,normal
TX-000573,2024-01-17 09:59:00,3402.02,Vendor_025,HR,Payroll,ACH,Emp_016,INV-2024-0000487,0,normal
TX-000574,2024-01-17 10:14:00,590.87,Vendor_096,Finance,IT,ACH,Emp_008,INV-2024-0000472,0,normal
TX-000575,2024-01-17 10:23:00,2659.27,Vendor_049,Legal,Supplies,Wire,Emp_089,INV-2024-0000492,0,normal
TX-000576,2024-01-17 10:41:00,3250.32,Vendor_006,Sales,Consulting,Check,Emp_105,INV-2024-0000481,0,normal
TX-000577,2024-01-17 10:59:00,5340.32,Vendor_095,Finance,Payroll,ACH,Emp_006,INV-2024-0000484,0,normal
TX-000578,2024-01-17 11:03:00,3331.31,Vendor_014,HR,Supplies,Check,Emp_018,INV-2024-0000480,0,normal
TX-000579,2024-01-17 11:25:00,15156.55,Vendor_047,IT,Consulting,Check,Emp_034,INV-2024-0002054,1,high_amount
TX-000580,2024-01-17 11:30:00,3327.97,Vendor_028,Support,Payroll,Check,Emp_118,INV-2024-0000485,0,normal
TX-000581,2024-01-17 12:17:00,2158.08,Vendor_051,Legal,Payroll,Card,Emp_080,INV-2024-0000468,0,normal
TX-000582,2024-01-17 12:55:00,1705.62,Vendor_116,IT,IT,ACH,Emp_032,INV-2024-0000486,0,normal
TX-000583,2024-01-17 13:27:00,3175.93,Vendor_001,Legal,Payroll,Card,Emp_086,INV-2024-0000476,0,normal
TX-000584,2024-01-17 13:46:00,543.51,Vendor_077,Legal,IT,Wire,Emp_080,INV-2024-0000469,0,normal
TX-000585,2024-01-17 13:46:00,881.98,Vendor_055,HR,Payroll,Check,Emp_022,INV-2024-0000490,0,normal
TX-000586,2024-01-17 13:58:00,3096.74,Vendor_016,HR,Consulting,Wire,Emp_022,INV-2024-0000479,0,normal
TX-000587,2024-01-17 14:03:00,2932.61,Vendor_012,Operations,Travel,Check,Emp_071,INV-2024-0000478,0,normal
TX-000588,2024-01-17 14:30:00,2467.75,Vendor_009,HR,Payroll,Card,Emp_018,INV-2024-0000470,0,normal
TX-000589,2024-01-17 14:36:00,5785.14,Vendor_004,Marketing,Travel,ACH,Emp_048,INV-2024-0000477,0,normal
TX-000590,2024-01-17 14:48:00,5774.37,Vendor_004,HR,Travel,Wire,Emp_016,INV-2024-0000491,0,normal
TX-000591,2024-01-17 14:51:00,1847.45,Vendor_119,HR,Payroll,ACH,Emp_023,INV-2024-0000473,0,normal
TX-000592,2024-01-17 15:01:00,766.0,Vendor_052,Operations,Operations,Wire,Emp_064,INV-2024-0000474,0,normal
TX-000593,2024-01-17 16:42:00,3589.12,Vendor_021,Support,Travel,Check,Emp_106,INV-2024-0000482,0,normal
TX-000594,2024-01-17 16:45:00,1709.37,Vendor_051,Finance,Payroll,Wire,Emp_007,INV-2024-0000471,0,normal
TX-000595,2024-01-17 17:16:00,2470.0,Vendor_051,Finance,Payroll,Card,Emp_007,INV-2024-0002306,1,split_payment
TX-000596,2024-01-17 17:50:00,2541.25,Vendor_118,Operations,Operations,ACH,Emp_061,INV-2024-0000488,0,normal
TX-000597,2024-01-17 17:55:00,3646.99,Vendor_057,Support,Travel,Card,Emp_116,INV-2024-0000483,0,normal
TX-000598,2024-01-17 18:04:00,2360.0,Vendor_025,HR,Payroll,Card,Emp_016,INV-2024-0002323,1,split_payment
TX-000599,2024-01-17 18:53:00,1921.07,Vendor_024,IT,IT,ACH,Emp_036,INV-2024-0000467,0,normal
TX-000600,2024-01-17 19:17:00,6183.34,Vendor_004,HR,Travel,Wire,Emp_016,INV-2024-0002092,1,same_day_burst
TX-000601,2024-01-17 19:28:00,2277.21,Vendor_055,Marketing,Operations,Check,Emp_054,INV-2024-0002045,1,payment_method_switch
TX-000602,2024-01-18 03:23:00,2616.77,Vendor_049,Legal,Supplies,Wire,Emp_085,INV-2024-0000492,1,duplicate_invoice
TX-000603,2024-01-18 07:42:00,1183.29,Vendor_053,Sales,Consulting,Card,Emp_095,INV-2024-0000518,0,normal
TX-000604,2024-01-18 08:25:00,2971.65,Vendor_037,Sales,Supplies,Check,Emp_095,INV-2024-0000493,0,normal
TX-000605,2024-01-18 09:02:00,590.53,Vendor_089,Finance,Operations,Card,Emp_010,INV-2024-0000513,0,normal
TX-000606,2024-01-18 10:04:00,3677.14,Vendor_072,Operations,Operations,Card,Emp_063,INV-2024-0000503,0,normal
TX-000607,2024-01-18 10:31:00,4255.17,Vendor_037,Sales,Supplies,Check,Emp_100,INV-2024-0000497,0,normal
TX-000608,2024-01-18 10:34:00,1704.5,Vendor_114,HR,IT,Card,Emp_017,INV-2024-0000508,0,normal
TX-000609,2024-01-18 10:35:00,2922.71,Vendor_016,HR,Supplies,Card,Emp_030,INV-2024-0000504,0,normal
TX-000610,2024-01-18 10:52:00,1773.4,Vendor_032,HR,Consulting,Wire,Emp_019,INV-2024-0000516,0,normal
TX-000611,2024-01-18 11:09:00,1923.65,Vendor_048,Sales,IT,Card,Emp_099,INV-2024-0000517,0,normal
TX-000612,2024-01-18 11:16:00,2277.16,Vendor_116,Marketing,IT,Check,Emp_060,INV-2024-0000494,0,normal
TX-000613,2024-01-18 11:21:00,1887.31,Vendor_083,HR,IT,ACH,Emp_025,INV-2024-0000511,0,normal
TX-000614,2024-01-18 11:46:00,740.62,Vendor_096,Finance,IT,Check,Emp_003,INV-2024-0000501,0,normal
TX-000615,2024-01-18 11:49:00,973.96,Vendor_055,Marketing,Payroll,Card,Emp_057,INV-2024-0000496,0,normal
TX-000616,2024-01-18 12:17:00,1037.57,Vendor_084,HR,Operations,Wire,Emp_016,INV-2024-0000505,0,normal
TX-000617,2024-01-18 12:19:00,3396.87,Vendor_016,HR,Payroll,Card,Emp_029,INV-2024-0000525,0,normal
TX-000618,2024-01-18 12:21:00,2212.04,Vendor_114,HR,Payroll,Check,Emp_025,INV-2024-0000495,0,normal
TX-000619,2024-01-18 12:39:00,663.98,Vendor_096,Finance,IT,Check,Emp_009,INV-2024-0000506,0,normal
TX-000620,2024-01-18 13:00:00,2014.86,Vendor_102,IT,Operations,Card,Emp_043,INV-2024-0000521,0,normal
TX-000621,2024-01-18 13:09:00,4825.66,Vendor_101,Operations,Supplies,Card,Emp_064,INV-2024-0000520,0,normal
TX-000622,2024-01-18 13:12:00,623.84,Vendor_052,Operations,Payroll,Card,Emp_069,INV-2024-0000507,0,normal
TX-000623,2024-01-18 13:13:00,3168.73,Vendor_060,Marketing,Consulting,Check,Emp_056,INV-2024-0000514,0,normal
TX-000624,2024-01-18 13:22:00,1313.85,Vendor_011,Marketing,Supplies,ACH,Emp_056,INV-2024-0000524,0,normal
TX-000625,2024-01-18 13:34:00,4860.0,Vendor_016,HR,Payroll,Check,Emp_029,INV-2024-0002332,1,split_payment
TX-000626,2024-01-18 13:47:00,2297.67,Vendor_063,IT,Travel,ACH,Emp_038,INV-2024-0000519,0,normal
TX-000627,2024-01-18 14:00:00,2700.0,Vendor_081,Finance,Supplies,Card,Emp_013,INV-2024-0000500,0,normal
TX-000628,2024-01-18 14:11:00,2259.92,Vendor_107,Legal,Supplies,Check,Emp_077,INV-2024-0002188,1,payment_method_switch
TX-000629,2024-01-18 14:47:00,1578.09,Vendor_040,HR,Consulting,Wire,Emp_022,INV-2024-0000510,0,normal
TX-000630,2024-01-18 15:02:00,1807.29,Vendor_053,Sales,Supplies,Wire,Emp_100,INV-2024-0000502,0,normal
TX-000631,2024-01-18 15:14:00,1453.38,Vendor_040,Marketing,IT,Check,Emp_059,INV-2024-0000509,0,normal
TX-000632,2024-01-18 15:21:00,1769.16,Vendor_083,HR,IT,Wire,Emp_028,INV-2024-0000515,0,normal
TX-000633,2024-01-18 15:35:00,2342.21,Vendor_059,IT,IT,Check,Emp_031,INV-2024-0000512,0,normal
TX-000634,2024-01-18 15:37:00,1982.64,Vendor_045,IT,IT,Wire,Emp_038,INV-2024-0000522,0,normal
TX-000635,2024-01-18 15:49:00,883.57,Vendor_111,Sales,Consulting,Wire,Emp_097,INV-2024-0000498,0,normal
TX-000636,2024-01-18 15:52:00,740.73,Vendor_052,Operations,Consulting,ACH,Emp_068,INV-2024-0000499,0,normal
TX-000637,2024-01-18 17:23:00,2017.72,Vendor_083,HR,IT,Wire,Emp_028,INV-2024-0002327,1,same_day_burst
TX-000638,2024-01-18 17:29:00,771.01,Vendor_111,Sales,Consulting,Wire,Emp_093,INV-2024-0000523,0,normal
TX-000639,2024-01-18 17:42:00,3491.49,Vendor_049,Legal,Supplies,ACH,Emp_087,INV-2024-0000526,0,normal
TX-000640,2024-01-18 17:47:00,1566.48,Vendor_013,Finance,Consulting,Wire,Emp_015,INV-2024-0000527,0,normal
TX-000641,2024-01-19 03:10:00,2577.75,Vendor_036,Support,Travel,Wire,Emp_120,INV-2024-0002287,1,payment_method_switch
TX-000642,2024-01-19 07:47:00,13382.34,Vendor_049,Legal,Supplies,Card,Emp_089,INV-2024-0002146,1,high_amount
TX-000643,2024-01-19 08:58:00,851.24,Vendor_055,Marketing,Payroll,Card,Emp_057,INV-2024-0000551,0,normal
TX-000644,2024-01-19 09:02:00,2363.02,Vendor_050,Operations,IT,ACH,Emp_070,INV-2024-0000457,1,duplicate_invoice
TX-000645,2024-01-19 09:27:00,1494.46,Vendor_119,HR,Operations,ACH,Emp_020,INV-2024-0000550,0,normal
TX-000646,2024-01-19 09:43:00,4203.34,Vendor_068,Sales,Supplies,ACH,Emp_100,INV-2024-0000543,0,normal
TX-000647,2024-01-19 10:15:00,7650.0,Vendor_038,IT,IT,ACH,Emp_045,INV-2024-0000538,0,normal
TX-000648,2024-01-19 10:51:00,833.26,Vendor_046,Sales,Travel,Wire,Emp_103,INV-2024-0000542,0,normal
TX-000649,2024-01-19 11:07:00,20526.92,Vendor_038,Support,Operations,Wire,Emp_109,INV-2024-0002115,1,vendor_department_shift
TX-000650,2024-01-19 11:10:00,22366.86,Vendor_097,Legal,IT,Card,Emp_078,INV-2024-0002262,1,high_amount
TX-000651,2024-01-19 11:14:00,1558.18,Vendor_074,Sales,Supplies,Wire,Emp_094,INV-2024-0002078,1,vendor_department_shift
TX-000652,2024-01-19 11:27:00,1785.38,Vendor_092,Support,Operations,ACH,Emp_115,INV-2024-0000534,0,normal
TX-000653,2024-01-19 11:51:00,1084.7,Vendor_084,HR,Travel,Wire,Emp_020,INV-2024-0000548,0,normal
TX-000654,2024-01-19 12:02:00,1707.04,Vendor_013,Finance,Consulting,Card,Emp_007,INV-2024-0000536,0,normal
TX-000655,2024-01-19 12:04:00,3756.17,Vendor_072,Operations,Operations,Check,Emp_062,INV-2024-0000503,1,duplicate_invoice
TX-000656,2024-01-19 12:08:00,1868.01,Vendor_114,HR,Travel,Check,Emp_028,INV-2024-0000529,0,normal
TX-000657,2024-01-19 12:22:00,2597.36,Vendor_003,Finance,Consulting,Card,Emp_010,INV-2024-0000533,0,normal
TX-000658,2024-01-19 12:38:00,3101.96,Vendor_081,Finance,Supplies,Card,Emp_005,INV-2024-0000537,0,normal
TX-000659,2024-01-19 12:55:00,699.3,Vendor_055,Finance,Supplies,ACH,Emp_015,INV-2024-0000546,0,normal
TX-000660,2024-01-19 13:00:00,1652.7,Vendor_066,Support,Payroll,Card,Emp_117,INV-2024-0000528,0,normal
TX-000661,2024-01-19 13:08:00,2874.98,Vendor_071,Operations,Operations,Card,Emp_075,INV-2024-0000540,0,normal
TX-000662,2024-01-19 13:22:00,2127.2,Vendor_003,Operations,IT,ACH,Emp_062,INV-2024-0000545,0,normal
TX-000663,2024-01-19 13:29:00,3153.52,Vendor_016,HR,Supplies,ACH,Emp_016,INV-2024-0000531,0,normal
TX-000664,2024-01-19 13:50:00,911.11,Vendor_079,Finance,Operations,ACH,Emp_013,INV-2024-0000549,0,normal
TX-000665,2024-01-19 13:51:00,982.36,Vendor_112,IT,Supplies,Wire,Emp_031,INV-2024-0000547,0,normal
TX-000666,2024-01-19 14:06:00,918.75,Vendor_096,Finance,Operations,Card,Emp_013,INV-2024-0000535,0,normal
TX-000667,2024-01-19 14:26:00,912.65,Vendor_055,Marketing,Operations,ACH,Emp_048,INV-2024-0000532,0,normal
TX-000668,2024-01-19 14:30:00,1255.23,Vendor_058,Support,Payroll,Card,Emp_120,INV-2024-0000539,0,normal
TX-000669,2024-01-19 14:31:00,1340.5,Vendor_008,Finance,Operations,Card,Emp_001,INV-2024-0000544,0,normal
TX-000670,2024-01-19 14:34:00,3383.96,Vendor_072,Marketing,Operations,Check,Emp_052,INV-2024-0000541,0,normal
TX-000671,2024-01-19 14:59:00,9800.0,Vendor_092,Support,Operations,Wire,Emp_115,INV-2024-0002180,1,split_payment
TX-000672,2024-01-19 15:46:00,1945.18,Vendor_003,Operations,IT,ACH,Emp_062,INV-2024-0002261,1,same_day_burst
TX-000673,2024-01-19 17:18:00,2997.64,Vendor_063,Legal,Supplies,Card,Emp_081,INV-2024-0000530,0,normal
TX-000674,2024-01-19 19:50:00,9128.85,Vendor_059,IT,IT,Card,Emp_031,INV-2024-0002031,1,high_amount
TX-000675,2024-01-20 01:51:00,1843.38,Vendor_119,HR,Payroll,Check,Emp_029,INV-2024-0000473,1,duplicate_invoice
TX-000676,2024-01-20 06:00:00,22984.6,Vendor_015,Support,IT,Check,Emp_113,INV-2024-0002124,1,high_amount
TX-000677,2024-01-20 07:22:00,2144.65,Vendor_003,Operations,IT,ACH,Emp_067,INV-2024-0000545,1,duplicate_invoice
TX-000678,2024-01-20 07:55:00,2890.41,Vendor_028,Support,Payroll,Check,Emp_120,INV-2024-0000562,0,normal
TX-000679,2024-01-20 08:37:00,3022.11,Vendor_003,Operations,Consulting,Check,Emp_067,INV-2024-0000554,0,normal
TX-000680,2024-01-20 08:57:00,1210.62,Vendor_019,HR,Operations,Wire,Emp_027,INV-2024-0000556,0,normal
TX-000681,2024-01-20 09:15:00,7619.33,Vendor_038,IT,IT,ACH,Emp_038,INV-2024-0000538,1,duplicate_invoice
TX-000682,2024-01-20 09:41:00,1434.3,Vendor_065,Operations,Payroll,ACH,Emp_061,INV-2024-0000557,0,normal
TX-000683,2024-01-20 10:19:00,2572.27,Vendor_009,Legal,Payroll,ACH,Emp_079,INV-2024-0000561,0,normal
TX-000684,2024-01-20 10:45:00,4320.19,Vendor_021,Marketing,Travel,Check,Emp_050,INV-2024-0000552,0,normal
TX-000685,2024-01-20 12:13:00,3516.37,Vendor_068,Sales,Supplies,ACH,Emp_096,INV-2024-0000559,0,normal
TX-000686,2024-01-20 13:07:00,4900.0,Vendor_021,Marketing,Travel,Card,Emp_050,INV-2024-0002273,1,split_payment
TX-000687,2024-01-20 13:45:00,2626.78,Vendor_003,Sales,IT,ACH,Emp_100,INV-2024-0000563,0,normal
TX-000688,2024-01-20 13:50:00,994.9,Vendor_075,Operations,Consulting,Card,Emp_074,INV-2024-0000553,0,normal
TX-000689,2024-01-20 14:18:00,1540.51,Vendor_005,Sales,Consulting,ACH,Emp_102,INV-2024-0000560,0,normal
TX-000690,2024-01-20 14:29:00,1117.31,Vendor_051,Legal,Travel,Check,Emp_088,INV-2024-0000555,0,normal
TX-000691,2024-01-20 15:19:00,1208.65,Vendor_052,Support,IT,Check,Emp_114,INV-2024-0002264,1,vendor_department_shift
TX-000692,2024-01-20 15:39:00,1271.5,Vendor_091,Sales,IT,Wire,Emp_097,INV-2024-0000558,0,normal
TX-000693,2024-01-20 17:11:00,5015.39,Vendor_091,HR,IT,Wire,Emp_018,INV-2024-0001953,1,high_amount
TX-000694,2024-01-21 07:51:00,984.93,Vendor_112,IT,Supplies,Check,Emp_033,INV-2024-7000547,1,fuzzy_duplicate
TX-000695,2024-01-21 11:08:00,2606.08,Vendor_006,Finance,Travel,ACH,Emp_004,INV-2024-0000573,0,normal
TX-000696,2024-01-21 11:11:00,1186.49,Vendor_077,Legal,Supplies,Check,Emp_088,INV-2024-0000571,0,normal
TX-000697,2024-01-21 11:29:00,2074.86,Vendor_042,Legal,Payroll,ACH,Emp_090,INV-2024-0000570,0,normal
TX-000698,2024-01-21 11:57:00,2011.75,Vendor_056,Legal,Payroll,Card,Emp_081,INV-2024-0000569,0,normal
TX-000699,2024-01-21 12:27:00,2270.96,Vendor_104,Sales,Consulting,ACH,Emp_104,INV-2024-0000565,0,normal
TX-000700,2024-01-21 12:48:00,2563.38,Vendor_050,Operations,IT,Wire,Emp_062,INV-2024-0000568,0,normal
TX-000701,2024-01-21 12:50:00,5013.44,Vendor_023,Operations,IT,Check,Emp_065,INV-2024-0000572,0,normal
TX-000702,2024-01-21 13:38:00,1514.16,Vendor_119,Marketing,Payroll,ACH,Emp_058,INV-2024-0000566,0,normal
TX-000703,2024-01-21 14:10:00,4970.0,Vendor_042,Legal,Payroll,Wire,Emp_090,INV-2024-0002084,1,split_payment
TX-000704,2024-01-21 15:39:00,15220.2,Vendor_047,IT,Operations,Check,Emp_037,INV-2024-0002222,1,high_amount
TX-000705,2024-01-21 15:58:00,766.02,Vendor_087,Marketing,Operations,ACH,Emp_052,INV-2024-0000567,0,normal
TX-000706,2024-01-21 16:46:00,3510.25,Vendor_120,HR,Travel,Wire,Emp_020,INV-2024-0000564,0,normal
TX-000707,2024-01-22 09:42:00,3909.67,Vendor_014,HR,Supplies,ACH,Emp_029,INV-2024-0000597,0,normal
TX-000708,2024-01-22 10:45:00,5560.55,Vendor_074,Support,Consulting,ACH,Emp_114,INV-2024-0002081,1,high_amount
TX-000709,2024-01-22 11:08:00,9577.18,Vendor_054,Marketing,Consulting,Wire,Emp_049,INV-2024-0000594,0,normal
TX-000710,2024-01-22 11:39:00,4339.06,Vendor_047,IT,Payroll,ACH,Emp_036,INV-2024-0000598,0,normal
TX-000711,2024-01-22 11:52:00,2750.0,Vendor_099,Sales,Travel,Check,Emp_096,INV-2024-0000593,0,normal
TX-000712,2024-01-22 12:08:00,1894.5,Vendor_024,Legal,Travel,ACH,Emp_089,INV-2024-0000599,0,normal
TX-000713,2024-01-22 12:11:00,2355.04,Vendor_030,HR,Supplies,ACH,Emp_024,INV-2024-0000590,0,normal
TX-000714,2024-01-22 12:50:00,2161.91,Vendor_083,HR,IT,ACH,Emp_030,INV-2024-0000574,0,normal
TX-000715,2024-01-22 12:55:00,4168.28,Vendor_015,Legal,Supplies,ACH,Emp_089,INV-2024-0000575,0,normal
TX-000716,2024-01-22 13:21:00,2000.87,Vendor_059,IT,Operations,Check,Emp_045,INV-2024-0000589,0,normal
TX-000717,2024-01-22 13:38:00,6017.08,Vendor_120,HR,Travel,Wire,Emp_026,INV-2024-0000576,0,normal
TX-000718,2024-01-22 13:59:00,2918.39,Vendor_026,IT,Operations,Check,Emp_033,INV-2024-0000583,0,normal
TX-000719,2024-01-22 14:41:00,5483.5,Vendor_005,Sales,Consulting,Check,Emp_102,INV-2024-0002255,1,high_amount
TX-000720,2024-01-22 14:53:00,1884.23,Vendor_007,Marketing,Payroll,Check,Emp_047,INV-2024-0000586,0,normal
TX-000721,2024-01-22 14:55:00,2510.11,Vendor_093,Finance,IT,Card,Emp_007,INV-2024-0000580,0,normal
TX-000722,2024-01-22 14:56:00,717.31,Vendor_108,Operations,IT,Wire,Emp_070,INV-2024-0000578,0,normal
TX-000723,2024-01-22 15:21:00,1110.68,Vendor_107,HR,IT,Wire,Emp_016,INV-2024-0000577,0,normal
TX-000724,2024-01-22 15:25:00,652.1,Vendor_096,Legal,IT,Card,Emp_082,INV-2024-0000584,0,normal
TX-000725,2024-01-22 15:31:00,1150.67,Vendor_065,Operations,IT,Wire,Emp_063,INV-2024-0000592,0,normal
TX-000726,2024-01-22 15:36:00,994.92,Vendor_005,Sales,Consulting,Card,Emp_097,INV-2024-0000587,0,normal
TX-000727,2024-01-22 15:51:00,2546.41,Vendor_050,Operations,IT,Wire,Emp_072,INV-2024-0000579,0,normal
TX-000728,2024-01-22 15:54:00,850.73,Vendor_034,Finance,Travel,ACH,Emp_002,INV-2024-0000596,0,normal
TX-000729,2024-01-22 15:55:00,1949.47,Vendor_116,IT,Supplies,ACH,Emp_040,INV-2024-0000588,0,normal
TX-000730,2024-01-22 16:03:00,2247.36,Vendor_061,Sales,IT,Card,Emp_100,INV-2024-0000595,0,normal
TX-000731,2024-01-22 16:24:00,5888.87,Vendor_003,Sales,Supplies,Card,Emp_100,INV-2024-0002315,1,payment_method_switch
TX-000732,2024-01-22 16:25:00,2103.12,Vendor_002,IT,Supplies,Wire,Emp_031,INV-2024-0000582,0,normal
TX-000733,2024-01-22 16:26:00,803.33,Vendor_011,Marketing,Payroll,Check,Emp_046,INV-2024-0000591,0,normal
TX-000734,2024-01-22 17:30:00,1074.94,Vendor_070,Operations,Supplies,ACH,Emp_067,INV-2024-0000585,0,normal
TX-000735,2024-01-22 17:55:00,4691.52,Vendor_016,HR,Supplies,Check,Emp_018,INV-2024-0000581,0,normal
TX-000736,2024-01-22 22:23:00,4834.09,Vendor_074,Support,IT,ACH,Emp_120,INV-2024-0001956,1,high_amount
TX-000737,2024-01-23 07:59:00,1687.28,Vendor_032,HR,Consulting,Wire,Emp_025,INV-2024-0000618,0,normal
TX-000738,2024-01-23 08:00:00,1790.08,Vendor_065,Operations,Payroll,ACH,Emp_063,INV-2024-0000619,0,normal
TX-000739,2024-01-23 10:04:00,3538.91,Vendor_028,Support,Supplies,ACH,Emp_113,INV-2024-0000612,0,normal
TX-000740,2024-01-23 10:58:00,596.15,Vendor_079,Finance,Supplies,Check,Emp_010,INV-2024-0000614,0,normal
TX-000741,2024-01-23 11:01:00,1501.91,Vendor_005,Sales,Consulting,Card,Emp_096,INV-2024-0000609,0,normal
TX-000742,2024-01-23 11:07:00,1888.87,Vendor_049,Legal,Supplies,ACH,Emp_090,INV-2024-0000607,0,normal
TX-000743,2024-01-23 11:10:00,1432.19,Vendor_002,Finance,Supplies,Card,Emp_010,INV-2024-0000620,0,normal
TX-000744,2024-01-23 11:30:00,987.21,Vendor_107,Legal,Consulting,Wire,Emp_083,INV-2024-0000617,0,normal
TX-000745,2024-01-23 11:34:00,3421.93,Vendor_031,IT,Payroll,Wire,Emp_032,INV-2024-0000602,0,normal
TX-000746,2024-01-23 11:44:00,1790.35,Vendor_083,Marketing,IT,Check,Emp_048,INV-2024-0000606,0,normal
TX-000747,2024-01-23 13:21:00,2007.69,Vendor_059,IT,Operations,Check,Emp_044,INV-2024-0000589,1,duplicate_invoice
TX-000748,2024-01-23 13:25:00,1031.54,Vendor_080,Legal,IT,Card,Emp_085,INV-2024-0000601,0,normal
TX-000749,2024-01-23 13:42:00,972.03,Vendor_010,Finance,IT,Wire,Emp_009,INV-2024-0000616,0,normal
TX-000750,2024-01-23 13:43:00,3023.29,Vendor_099,Sales,Travel,Check,Emp_101,INV-2024-0000600,0,normal
TX-000751,2024-01-23 13:59:00,2799.25,Vendor_033,Operations,Payroll,ACH,Emp_068,INV-2024-0000610,0,normal
TX-000752,2024-01-23 14:21:00,1167.39,Vendor_079,Finance,Supplies,Card,Emp_008,INV-2024-0000604,0,normal
TX-000753,2024-01-23 15:02:00,3120.32,Vendor_030,HR,Supplies,ACH,Emp_028,INV-2024-0000615,0,normal
TX-000754,2024-01-23 15:06:00,2556.84,Vendor_113,Finance,IT,Check,Emp_004,INV-2024-0000622,0,normal
TX-000755,2024-01-23 15:09:00,2021.52,Vendor_083,HR,IT,Check,Emp_022,INV-2024-0000621,0,normal
TX-000756,2024-01-23 15:32:00,9264.6,Vendor_083,HR,IT,Card,Emp_030,INV-2024-0002034,1,high_amount
TX-000757,2024-01-23 15:37:00,1935.17,Vendor_071,Support,Operations,Card,Emp_108,INV-2024-0000608,0,normal
TX-000758,2024-01-23 15:38:00,4389.2,Vendor_016,HR,Supplies,Check,Emp_030,INV-2024-0000613,0,normal
TX-000759,2024-01-23 15:55:00,2340.09,Vendor_025,HR,Operations,Check,Emp_029,INV-2024-0000611,0,normal
TX-000760,2024-01-23 17:06:00,4229.68,Vendor_004,IT,Travel,Card,Emp_035,INV-2024-0000605,0,normal
TX-000761,2024-01-23 17:11:00,2664.3,Vendor_072,Operations,Operations,ACH,Emp_074,INV-2024-0000603,0,normal
TX-000762,2024-01-24 07:51:00,897.86,Vendor_111,Sales,Consulting,Card,Emp_092,INV-2024-0000645,0,normal
TX-000763,2024-01-24 07:57:00,3292.75,Vendor_049,Legal,Supplies,Wire,Emp_089,INV-2024-0000644,0,normal
TX-000764,2024-01-24 08:00:00,6485.53,Vendor_120,HR,Travel,Wire,Emp_027,INV-2024-0000626,0,normal
TX-000765,2024-01-24 08:51:00,1868.48,Vendor_022,Sales,Supplies,Card,Emp_091,INV-2024-0000642,0,normal
TX-000766,2024-01-24 08:54:00,2006.43,Vendor_030,HR,Consulting,ACH,Emp_020,INV-2024-0000651,0,normal
TX-000767,2024-01-24 09:07:00,1870.79,Vendor_049,Legal,Supplies,ACH,Emp_084,INV-1024-0000607,1,fuzzy_duplicate
TX-000768,2024-01-24 09:10:00,5219.99,Vendor_001,IT,Payroll,Wire,Emp_034,INV-2024-0000633,0,normal
TX-000769,2024-01-24 09:14:00,4760.25,Vendor_016,HR,Supplies,Wire,Emp_026,INV-2024-0000623,0,normal
TX-000770,2024-01-24 09:29:00,3409.39,Vendor_119,Marketing,IT,Check,Emp_058,INV-2024-0002162,1,payment_method_switch
TX-000771,2024-01-24 10:11:00,2897.09,Vendor_016,Marketing,Supplies,Card,Emp_047,INV-2024-0000657,0,normal
TX-000772,2024-01-24 10:33:00,1077.69,Vendor_055,Marketing,Payroll,Card,Emp_052,INV-2024-0000637,0,normal
TX-000773,2024-01-24 10:41:00,5271.85,Vendor_028,IT,Travel,ACH,Emp_044,INV-2024-0002301,1,vendor_department_shift
TX-000774,2024-01-24 10:44:00,3426.76,Vendor_063,Finance,Supplies,Wire,Emp_014,INV-2024-0000647,0,normal
TX-000775,2024-01-24 10:52:00,562.28,Vendor_089,Finance,Operations,ACH,Emp_013,INV-2024-0000656,0,normal
TX-000776,2024-01-24 11:08:00,658.76,Vendor_062,HR,IT,ACH,Emp_022,INV-2024-0000630,0,normal
TX-000777,2024-01-24 11:14:00,1088.36,Vendor_110,Marketing,Payroll,Check,Emp_056,INV-2024-0000639,0,normal
TX-000778,2024-01-24 11:19:00,3926.73,Vendor_057,Support,Travel,Card,Emp_107,INV-2024-0000650,0,normal
TX-000779,2024-01-24 11:34:00,993.09,Vendor_070,Support,Operations,Wire,Emp_106,INV-2024-0000627,0,normal
TX-000780,2024-01-24 11:48:00,2327.26,Vendor_030,HR,Operations,Card,Emp_026,INV-2024-0000628,0,normal
TX-000781,2024-01-24 12:00:00,1818.55,Vendor_065,Operations,Payroll,Card,Emp_063,INV-2024-0000610,1,fuzzy_duplicate
TX-000782,2024-01-24 12:05:00,2182.48,Vendor_033,Finance,Payroll,Wire,Emp_001,INV-2024-0000641,0,normal
TX-000783,2024-01-24 12:14:00,2193.2,Vendor_022,Sales,Supplies,Card,Emp_095,INV-2024-0000634,0,normal
TX-000784,2024-01-24 12:20:00,3484.72,Vendor_068,Sales,Supplies,Check,Emp_099,INV-2024-0000638,0,normal
TX-000785,2024-01-24 12:23:00,1047.97,Vendor_077,Legal,IT,Check,Emp_089,INV-2024-0000652,0,normal
TX-000786,2024-01-24 12:31:00,639.86,Vendor_108,Operations,Supplies,Wire,Emp_075,INV-2024-0000636,0,normal
TX-000787,2024-01-24 12:38:00,385.72,Vendor_089,Finance,Operations,Wire,Emp_010,INV-2024-0000635,0,normal
TX-000788,2024-01-24 12:38:00,1369.21,Vendor_011,Legal,Supplies,Wire,Emp_089,INV-2024-0000624,0,normal
TX-000789,2024-01-24 12:46:00,3479.47,Vendor_120,HR,Travel,Card,Emp_017,INV-2024-0000564,1,duplicate_invoice
TX-000790,2024-01-24 13:01:00,3052.7,Vendor_098,HR,IT,ACH,Emp_017,INV-2024-0000631,0,normal
TX-000791,2024-01-24 13:19:00,4767.42,Vendor_097,Legal,IT,Wire,Emp_087,INV-2024-0000648,0,normal
TX-000792,2024-01-24 13:58:00,6780.57,Vendor_106,Legal,IT,Wire,Emp_082,INV-2024-0000653,0,normal
TX-000793,2024-01-24 14:06:00,4890.0,Vendor_022,Sales,Supplies,ACH,Emp_095,INV-2024-0002121,1,split_payment
TX-000794,2024-01-24 14:10:00,1431.08,Vendor_065,Operations,IT,Card,Emp_066,INV-2024-0000646,0,normal
TX-000795,2024-01-24 14:31:00,2955.69,Vendor_063,Finance,Travel,Check,Emp_012,INV-2024-0000658,0,normal
TX-000796,2024-01-24 14:34:00,2450.0,Vendor_033,Finance,Payroll,Card,Emp_001,INV-2024-0002307,1,split_payment
TX-000797,2024-01-24 14:41:00,5935.89,Vendor_004,Marketing,Travel,Card,Emp_052,INV-2024-0000625,0,normal
TX-000798,2024-01-24 15:06:00,4184.61,Vendor_072,Operations,Operations,Wire,Emp_062,INV-2024-0000629,0,normal
TX-000799,2024-01-24 15:31:00,3326.25,Vendor_016,Marketing,Supplies,Card,Emp_047,INV-2024-0002217,1,same_day_burst
TX-000800,2024-01-24 15:52:00,2380.0,Vendor_068,Sales,Supplies,Card,Emp_099,INV-2024-0001991,1,split_payment
TX-000801,2024-01-24 15:55:00,3425.94,Vendor_037,Sales,Supplies,Check,Emp_103,INV-2024-0000643,0,normal
TX-000802,2024-01-24 16:00:00,4024.14,Vendor_105,Sales,Consulting,Wire,Emp_098,INV-2024-0000654,0,normal
TX-000803,2024-01-24 16:24:00,3564.78,Vendor_095,Finance,Supplies,Check,Emp_013,INV-2024-0000640,0,normal
TX-000804,2024-01-24 16:54:00,3611.31,Vendor_120,HR,Travel,Card,Emp_024,INV-2024-0000632,0,normal
TX-000805,2024-01-24 16:58:00,1319.02,Vendor_008,Finance,Consulting,Card,Emp_015,INV-2024-0000649,0,normal
TX-000806,2024-01-24 17:03:00,11200.69,Vendor_049,Legal,Supplies,Card,Emp_089,INV-2024-0002134,1,high_amount
TX-000807,2024-01-24 17:08:00,2310.25,Vendor_022,Sales,Supplies,Card,Emp_095,INV-2024-0002080,1,same_day_burst
TX-000808,2024-01-24 17:55:00,4650.14,Vendor_016,HR,Supplies,Check,Emp_022,INV-2024-0000581,1,duplicate_invoice
TX-000809,2024-01-24 18:06:00,9770.0,Vendor_008,Finance,Consulting,ACH,Emp_015,INV-2024-0002229,1,split_payment
TX-000810,2024-01-24 18:19:00,3687.35,Vendor_015,Support,IT,ACH,Emp_107,INV-2024-0000655,0,normal
TX-000811,2024-01-24 19:04:00,3563.26,Vendor_028,Support,Supplies,Card,Emp_109,INV-2024-0000612,1,duplicate_invoice
TX-000812,2024-01-25 06:38:00,1374.13,Vendor_011,Legal,Supplies,Card,Emp_082,INV-2024-0000624,1,duplicate_invoice
TX-000813,2024-01-25 08:04:00,2860.52,Vendor_003,Operations,Consulting,Check,Emp_061,INV-2024-0000676,0,normal
TX-000814,2024-01-25 08:25:00,3218.88,Vendor_098,HR,IT,Card,Emp_026,INV-2024-0000687,0,normal
TX-000815,2024-01-25 08:26:00,4060.11,Vendor_004,Marketing,Operations,Card,Emp_055,INV-2024-0000666,0,normal
TX-000816,2024-01-25 08:31:00,860.65,Vendor_075,Operations,Travel,Check,Emp_065,INV-2024-0000688,0,normal
TX-000817,2024-01-25 10:38:00,1375.55,Vendor_008,Finance,Consulting,ACH,Emp_009,INV-2024-0000672,0,normal
TX-000818,2024-01-25 11:13:00,3018.18,Vendor_028,Support,Payroll,ACH,Emp_118,INV-2024-0000685,0,normal
TX-000819,2024-01-25 11:25:00,890.92,Vendor_084,HR,IT,Check,Emp_024,INV-2024-0000681,0,normal
TX-000820,2024-01-25 11:33:00,1840.26,Vendor_048,Sales,Operations,Card,Emp_097,INV-2024-0000675,0,normal
TX-000821,2024-01-25 11:41:00,4408.66,Vendor_057,Sales,Travel,Card,Emp_101,INV-2024-0000674,0,normal
TX-000822,2024-01-25 11:57:00,1478.6,Vendor_061,Sales,Consulting,Card,Emp_100,INV-2024-0000663,0,normal
TX-000823,2024-01-25 12:06:00,3317.57,Vendor_026,IT,Consulting,Check,Emp_036,INV-2024-0000679,0,normal
TX-000824,2024-01-25 12:16:00,2627.92,Vendor_006,Finance,Operations,Card,Emp_010,INV-2024-0000667,0,normal
TX-000825,2024-01-25 12:33:00,3530.77,Vendor_093,Finance,Consulting,ACH,Emp_005,INV-2024-0000669,0,normal
TX-000826,2024-01-25 12:37:00,908.45,Vendor_110,Legal,Consulting,Card,Emp_086,INV-2024-0000673,0,normal
TX-000827,2024-01-25 12:42:00,1830.66,Vendor_002,Operations,Supplies,Card,Emp_075,INV-2024-0000678,0,normal
TX-000828,2024-01-25 12:48:00,1428.29,Vendor_094,Finance,IT,Check,Emp_011,INV-2024-0000689,0,normal
TX-000829,2024-01-25 12:55:00,3215.62,Vendor_093,Finance,Payroll,Card,Emp_010,INV-2024-0000680,0,normal
TX-000830,2024-01-25 13:29:00,628.1,Vendor_096,Finance,IT,Check,Emp_001,INV-2024-0000665,0,normal
TX-000831,2024-01-25 13:30:00,3138.17,Vendor_025,HR,Supplies,Wire,Emp_027,INV-2024-0000682,0,normal
TX-000832,2024-01-25 13:40:00,2446.33,Vendor_060,Support,Consulting,ACH,Emp_107,INV-2024-0000684,0,normal
TX-000833,2024-01-25 13:44:00,2708.0,Vendor_050,Operations,IT,Wire,Emp_072,INV-2024-0000671,0,normal
TX-000834,2024-01-25 14:14:00,1688.81,Vendor_045,IT,Payroll,ACH,Emp_034,INV-2024-0000668,0,normal
TX-000835,2024-01-25 14:33:00,5107.87,Vendor_101,Operations,Payroll,Card,Emp_063,INV-2024-0000677,0,normal
TX-000836,2024-01-25 14:36:00,3262.94,Vendor_006,Finance,Operations,ACH,Emp_007,INV-2024-0000686,0,normal
TX-000837,2024-01-25 14:48:00,2246.04,Vendor_090,HR,Consulting,Wire,Emp_016,INV-2024-0000661,0,normal
TX-000838,2024-01-25 14:51:00,3308.66,Vendor_093,Finance,Payroll,ACH,Emp_005,INV-2024-0000664,0,normal
TX-000839,2024-01-25 14:53:00,2144.9,Vendor_008,IT,Operations,Check,Emp_044,INV-2024-0000683,0,normal
TX-000840,2024-01-25 15:01:00,1680.04,Vendor_065,Operations,IT,ACH,Emp_065,INV-2024-0000670,0,normal
TX-000841,2024-01-25 15:09:00,2450.0,Vendor_093,Finance,Payroll,Check,Emp_005,INV-2024-0002297,1,split_payment
TX-000842,2024-01-25 15:12:00,4770.0,Vendor_075,Operations,Travel,ACH,Emp_065,INV-2024-0002209,1,split_payment
TX-000843,2024-01-25 15:17:00,2215.81,Vendor_117,Sales,Travel,Wire,Emp_100,INV-2024-0000660,0,normal
TX-000844,2024-01-25 15:27:00,921.74,Vendor_065,Operations,Supplies,ACH,Emp_070,INV-2024-0000659,0,normal
TX-000845,2024-01-25 15:45:00,871.39,Vendor_053,Sales,IT,Wire,Emp_098,INV-2024-0000690,0,normal
TX-000846,2024-01-25 16:28:00,4189.79,Vendor_047,IT,Travel,ACH,Emp_043,INV-2024-0000662,0,normal
TX-000847,2024-01-26 08:12:00,1316.97,Vendor_075,Operations,Operations,Card,Emp_075,INV-2024-0000707,0,normal
TX-000848,2024-01-26 08:15:00,1313.36,Vendor_091,HR,Operations,ACH,Emp_021,INV-2024-0000716,0,normal
TX-000849,2024-01-26 08:19:00,1423.18,Vendor_005,HR,Travel,Card,Emp_016,INV-2024-0000695,0,normal
TX-000850,2024-01-26 08:57:00,2231.23,Vendor_050,Support,IT,Wire,Emp_108,INV-2024-0000691,0,normal
TX-000851,2024-01-26 09:13:00,982.57,Vendor_107,Legal,Consulting,Card,Emp_077,INV-2024-0000692,0,normal
TX-000852,2024-01-26 09:24:00,1289.75,Vendor_053,Sales,IT,ACH,Emp_101,INV-2024-0000708,0,normal
TX-000853,2024-01-26 09:58:00,3884.19,Vendor_114,IT,IT,Check,Emp_039,INV-2024-0001954,1,vendor_department_shift
TX-000854,2024-01-26 10:01:00,4529.88,Vendor_072,Marketing,Operations,Wire,Emp_056,INV-2024-0000700,0,normal
TX-000855,2024-01-26 10:15:00,5339.59,Vendor_120,Sales,Travel,Check,Emp_103,INV-2024-0000696,0,normal
TX-000856,2024-01-26 10:21:00,3033.05,Vendor_025,HR,Payroll,Check,Emp_016,INV-2024-0000721,0,normal
TX-000857,2024-01-26 10:25:00,734.6,Vendor_111,Sales,Supplies,Wire,Emp_097,INV-2024-0000719,0,normal
TX-000858,2024-01-26 10:26:00,150.0,Vendor_067,Finance,Operations,Card,Emp_005,INV-2024-0000693,0,normal
TX-000859,2024-01-26 10:37:00,1312.74,Vendor_043,Finance,Travel,ACH,Emp_001,INV-2024-0000704,0,normal
TX-000860,2024-01-26 11:08:00,4556.15,Vendor_120,Support,Travel,Wire,Emp_112,INV-2024-0000718,0,normal
TX-000861,2024-01-26 11:15:00,2211.87,Vendor_071,Operations,Operations,Card,Emp_062,INV-2024-0000714,0,normal
TX-000862,2024-01-26 11:53:00,7864.88,Vendor_120,HR,Travel,Wire,Emp_025,INV-2024-0000713,0,normal
TX-000863,2024-01-26 12:11:00,1175.79,Vendor_061,Sales,Travel,Card,Emp_096,INV-2024-0000697,0,normal
TX-000864,2024-01-26 12:35:00,4228.16,Vendor_023,Operations,IT,Check,Emp_064,INV-2024-0000717,0,normal
TX-000865,2024-01-26 12:37:00,473.2,Vendor_096,Finance,IT,Check,Emp_003,INV-2024-0000706,0,normal
TX-000866,2024-01-26 12:50:00,2237.35,Vendor_071,Finance,Operations,Card,Emp_002,INV-2024-0000705,0,normal
TX-000867,2024-01-26 12:51:00,5715.64,Vendor_004,HR,Operations,ACH,Emp_020,INV-2024-0000709,0,normal
TX-000868,2024-01-26 13:13:00,1891.65,Vendor_064,Finance,Supplies,Check,Emp_005,INV-2024-0000703,0,normal
TX-000869,2024-01-26 13:27:00,2139.05,Vendor_112,IT,Supplies,ACH,Emp_044,INV-2024-0000701,0,normal
TX-000870,2024-01-26 13:37:00,1107.33,Vendor_091,HR,Operations,Card,Emp_027,INV-2024-0000699,0,normal
TX-000871,2024-01-26 13:43:00,4283.1,Vendor_101,Operations,Operations,Card,Emp_063,INV-2024-0000712,0,normal
TX-000872,2024-01-26 13:47:00,3159.03,Vendor_003,Finance,Consulting,ACH,Emp_009,INV-2024-0000702,0,normal
TX-000873,2024-01-26 14:14:00,871.04,Vendor_111,Legal,Supplies,Wire,Emp_076,INV-2024-0000715,0,normal
TX-000874,2024-01-26 14:19:00,4537.58,Vendor_021,Marketing,Travel,Check,Emp_058,INV-2024-0000698,0,normal
TX-000875,2024-01-26 15:04:00,2091.7,Vendor_102,IT,Operations,Card,Emp_042,INV-2024-0000710,0,normal
TX-000876,2024-01-26 15:34:00,5692.23,Vendor_016,HR,Supplies,Card,Emp_023,INV-2024-0000711,0,normal
TX-000877,2024-01-26 15:42:00,1661.97,Vendor_013,Finance,IT,Card,Emp_008,INV-2024-0000720,0,normal
TX-000878,2024-01-26 15:56:00,3655.06,Vendor_014,HR,Supplies,ACH,Emp_017,INV-2024-0000694,0,normal
TX-000879,2024-01-26 16:59:00,2350.0,Vendor_014,HR,Supplies,Card,Emp_017,INV-2024-0002048,1,split_payment
TX-000880,2024-01-26 19:13:00,7610.44,Vendor_064,Finance,Supplies,ACH,Emp_005,INV-2024-0002193,1,low_history_high_amount
TX-000881,2024-01-26 23:47:00,3206.79,Vendor_003,Finance,Consulting,ACH,Emp_008,INV-2594-0000702,1,fuzzy_duplicate
TX-000882,2024-01-27 07:08:00,7177.81,Vendor_028,HR,Operations,ACH,Emp_028,INV-2024-0001992,1,vendor_department_shift
TX-000883,2024-01-27 07:35:00,3208.62,Vendor_018,Legal,Supplies,ACH,Emp_080,INV-2024-0000722,0,normal
TX-000884,2024-01-27 08:45:00,3231.79,Vendor_025,HR,Operations,ACH,Emp_030,INV-2024-0000725,0,normal
TX-000885,2024-01-27 09:43:00,2978.53,Vendor_006,Finance,Travel,ACH,Emp_010,INV-2024-0000724,0,normal
TX-000886,2024-01-27 10:18:00,4942.28,Vendor_004,Marketing,Operations,Card,Emp_051,INV-2024-0000734,0,normal
TX-000887,2024-01-27 11:33:00,5108.73,Vendor_101,Operations,Payroll,Wire,Emp_064,INV-2074-0050677,1,fuzzy_duplicate
TX-000888,2024-01-27 11:40:00,648.05,Vendor_089,Finance,Operations,Card,Emp_010,INV-2024-0000733,0,normal
TX-000889,2024-01-27 11:42:00,5468.13,Vendor_097,Legal,Operations,Wire,Emp_081,INV-2024-0000728,0,normal
TX-000890,2024-01-27 11:44:00,6104.01,Vendor_098,IT,Payroll,ACH,Emp_035,INV-2024-0002163,1,vendor_department_shift
TX-000891,2024-01-27 11:56:00,1404.32,Vendor_112,Support,Supplies,ACH,Emp_113,INV-2024-0000731,0,normal
TX-000892,2024-01-27 12:07:00,2730.28,Vendor_006,Finance,Travel,ACH,Emp_007,INV-2024-0000723,0,normal
TX-000893,2024-01-27 13:17:00,4940.9,Vendor_016,HR,Supplies,Card,Emp_028,INV-2024-0000730,0,normal
TX-000894,2024-01-27 13:42:00,914.32,Vendor_079,Operations,Operations,Card,Emp_071,INV-2024-0000737,0,normal
TX-000895,2024-01-27 13:43:00,3595.61,Vendor_015,Support,Supplies,ACH,Emp_117,INV-2024-0000738,0,normal
TX-000896,2024-01-27 13:58:00,869.01,Vendor_111,Sales,Consulting,Wire,Emp_099,INV-2024-0000732,0,normal
TX-000897,2024-01-27 14:25:00,2281.12,Vendor_007,Marketing,Consulting,Card,Emp_049,INV-2024-0000735,0,normal
TX-000898,2024-01-27 15:15:00,1304.79,Vendor_091,HR,Operations,Wire,Emp_023,INV-6074-0000716,1,fuzzy_duplicate
TX-000899,2024-01-27 16:10:00,993.0,Vendor_096,Finance,IT,ACH,Emp_010,INV-2024-0000729,0,normal
TX-000900,2024-01-27 16:30:00,5732.22,Vendor_035,HR,IT,Wire,Emp_018,INV-2024-0000736,0,normal
TX-000901,2024-01-27 17:13:00,1253.79,Vendor_022,Sales,Operations,Card,Emp_104,INV-2024-0000726,0,normal
TX-000902,2024-01-27 17:24:00,4732.33,Vendor_063,Legal,Travel,Wire,Emp_076,INV-2024-0000727,0,normal
TX-000903,2024-01-27 20:33:00,3563.04,Vendor_093,Finance,Consulting,ACH,Emp_012,INV-2024-2000669,1,fuzzy_duplicate
TX-000904,2024-01-28 02:30:00,5685.06,Vendor_035,HR,IT,Wire,Emp_025,INV-2574-0000736,1,fuzzy_duplicate
TX-000905,2024-01-28 02:33:00,5252.1,Vendor_101,Operations,Payroll,Check,Emp_072,INV-2024-0000677,1,duplicate_invoice
TX-000906,2024-01-28 03:42:00,5535.43,Vendor_097,Legal,Operations,Wire,Emp_079,INV-2024-0000728,1,duplicate_invoice
TX-000907,2024-01-28 07:11:00,1191.01,Vendor_061,Sales,Travel,Card,Emp_095,INV-8024-1000697,1,fuzzy_duplicate
TX-000908,2024-01-28 08:31:00,6940.38,Vendor_057,Sales,IT,ACH,Emp_101,INV-2024-0002238,1,payment_method_switch
TX-000909,2024-01-28 08:35:00,2799.83,Vendor_100,IT,Supplies,Card,Emp_037,INV-2024-0000743,0,normal
TX-000910,2024-01-28 08:36:00,877.74,Vendor_108,Sales,IT,ACH,Emp_103,INV-2024-0000744,0,normal
TX-000911,2024-01-28 08:53:00,1990.12,Vendor_051,Legal,Travel,ACH,Emp_082,INV-2024-0000751,0,normal
TX-000912,2024-01-28 08:59:00,6936.82,Vendor_004,Marketing,Payroll,Wire,Emp_055,INV-2024-0002291,1,payment_method_switch
TX-000913,2024-01-28 09:01:00,3614.48,Vendor_093,Finance,Travel,Wire,Emp_010,INV-2024-0000753,0,normal
TX-000914,2024-01-28 10:05:00,1833.11,Vendor_083,Marketing,Travel,Check,Emp_052,INV-2024-0000740,0,normal
TX-000915,2024-01-28 10:06:00,3277.71,Vendor_026,IT,Consulting,Wire,Emp_031,INV-2024-0000679,1,duplicate_invoice
TX-000916,2024-01-28 10:11:00,705.56,Vendor_079,Finance,Supplies,Card,Emp_015,INV-2024-0000739,0,normal
TX-000917,2024-01-28 10:28:00,4506.16,Vendor_097,Legal,IT,Wire,Emp_078,INV-2024-0000749,0,normal
TX-000918,2024-01-28 10:37:00,484.2,Vendor_096,Finance,IT,Wire,Emp_005,INV-2024-0000706,1,duplicate_invoice
TX-000919,2024-01-28 11:19:00,1213.96,Vendor_112,Support,Supplies,ACH,Emp_107,INV-2024-0000755,0,normal
TX-000920,2024-01-28 11:27:00,3838.63,Vendor_093,Finance,Payroll,Card,Emp_010,INV-2024-0000757,0,normal
TX-000921,2024-01-28 11:37:00,4350.19,Vendor_072,Marketing,Operations,Wire,Emp_047,INV-2024-0000745,0,normal
TX-000922,2024-01-28 12:12:00,5071.7,Vendor_120,HR,Travel,ACH,Emp_029,INV-2024-0000756,0,normal
TX-000923,2024-01-28 12:12:00,3016.36,Vendor_093,Operations,Consulting,Wire,Emp_073,INV-2024-0000752,0,normal
TX-000924,2024-01-28 12:58:00,4093.74,Vendor_097,Legal,Consulting,ACH,Emp_088,INV-2024-0000747,0,normal
TX-000925,2024-01-28 13:13:00,1250.0,Vendor_070,Support,Operations,ACH,Emp_111,INV-2024-0000748,0,normal
TX-000926,2024-01-28 15:21:00,2715.01,Vendor_008,Finance,Operations,Wire,Emp_009,INV-2024-0000741,0,normal
TX-000927,2024-01-28 15:47:00,2280.0,Vendor_093,Operations,Consulting,ACH,Emp_073,INV-2024-0002175,1,split_payment
TX-000928,2024-01-28 15:48:00,972.24,Vendor_087,Marketing,Operations,ACH,Emp_055,INV-2024-0000750,0,normal
TX-000929,2024-01-28 15:56:00,3718.34,Vendor_014,HR,Supplies,ACH,Emp_026,INV-2024-0000694,1,duplicate_invoice
TX-000930,2024-01-28 15:58:00,877.88,Vendor_111,Sales,Consulting,ACH,Emp_099,INV-2024-0000732,1,duplicate_invoice
TX-000931,2024-01-28 16:18:00,3849.23,Vendor_097,Legal,Consulting,ACH,Emp_088,INV-2024-0002241,1,same_day_burst
TX-000932,2024-01-28 16:39:00,2336.13,Vendor_027,Legal,Payroll,Check,Emp_086,INV-2024-0000746,0,normal
TX-000933,2024-01-28 16:45:00,698.24,Vendor_083,Marketing,IT,Check,Emp_048,INV-2024-0000754,0,normal
TX-000934,2024-01-28 17:26:00,2250.43,Vendor_104,Legal,Consulting,ACH,Emp_077,INV-2024-0000742,0,normal
TX-000935,2024-01-29 07:04:00,3167.04,Vendor_060,Support,Operations,Check,Emp_109,INV-2024-0000759,0,normal
TX-000936,2024-01-29 07:12:00,1833.71,Vendor_061,Sales,IT,Card,Emp_105,INV-2024-0000774,0,normal
TX-000937,2024-01-29 07:26:00,2600.04,Vendor_033,Finance,Payroll,Wire,Emp_013,INV-2024-0000773,0,normal
TX-000938,2024-01-29 08:09:00,3257.35,Vendor_106,Legal,Consulting,Wire,Emp_089,INV-2024-0000766,0,normal
TX-000939,2024-01-29 08:46:00,3844.59,Vendor_096,Finance,IT,Wire,Emp_008,INV-2024-0001990,1,high_amount
TX-000940,2024-01-29 10:09:00,4627.84,Vendor_018,Legal,Supplies,ACH,Emp_080,INV-2024-0000776,0,normal
TX-000941,2024-01-29 10:52:00,2798.41,Vendor_049,Legal,Supplies,Wire,Emp_081,INV-2024-0000768,0,normal
TX-000942,2024-01-29 10:55:00,2479.03,Vendor_025,HR,Payroll,ACH,Emp_027,INV-2024-0000781,0,normal
TX-000943,2024-01-29 11:02:00,5030.08,Vendor_004,Marketing,Operations,Card,Emp_050,INV-2024-0000775,0,normal
TX-000944,2024-01-29 11:17:00,1479.54,Vendor_086,Support,Operations,ACH,Emp_115,INV-2024-0000760,0,normal
TX-000945,2024-01-29 11:43:00,418.1,Vendor_089,Finance,Operations,ACH,Emp_012,INV-2024-0000770,0,normal
TX-000946,2024-01-29 11:45:00,4930.0,Vendor_049,Legal,Supplies,Check,Emp_081,INV-2024-0002197,1,split_payment
TX-000947,2024-01-29 11:47:00,1431.07,Vendor_114,Legal,Travel,ACH,Emp_088,INV-2024-0000764,0,normal
TX-000948,2024-01-29 12:15:00,1206.17,Vendor_066,Support,Payroll,Check,Emp_116,INV-2024-0000782,0,normal
TX-000949,2024-01-29 12:17:00,1630.66,Vendor_061,Sales,IT,Wire,Emp_100,INV-2024-0000767,0,normal
TX-000950,2024-01-29 12:21:00,710.03,Vendor_053,Sales,Supplies,Wire,Emp_098,INV-2024-0000772,0,normal
TX-000951,2024-01-29 12:37:00,1126.82,Vendor_075,Operations,Operations,Card,Emp_063,INV-2024-0000779,0,normal
TX-000952,2024-01-29 13:08:00,2653.37,Vendor_104,Sales,Consulting,ACH,Emp_091,INV-2024-0000771,0,normal
TX-000953,2024-01-29 13:13:00,3507.57,Vendor_003,Operations,Consulting,Card,Emp_069,INV-2024-0000765,0,normal
TX-000954,2024-01-29 13:19:00,1233.69,Vendor_112,Support,Supplies,ACH,Emp_115,INV-2024-0000765,1,fuzzy_duplicate
TX-000955,2024-01-29 13:36:00,641.11,Vendor_046,Marketing,Travel,Card,Emp_046,INV-2024-0000777,0,normal
TX-000956,2024-01-29 14:41:00,659.19,Vendor_079,Finance,Travel,Card,Emp_012,INV-2024-0000758,0,normal
TX-000957,2024-01-29 15:08:00,5672.72,Vendor_120,HR,Travel,Card,Emp_030,INV-2024-0000763,0,normal
TX-000958,2024-01-29 15:20:00,3018.95,Vendor_009,Legal,Payroll,Check,Emp_079,INV-2024-0000761,0,normal
TX-000959,2024-01-29 15:27:00,2336.52,Vendor_067,Finance,Consulting,Check,Emp_009,INV-2024-0000778,0,normal
TX-000960,2024-01-29 15:47:00,1960.04,Vendor_119,Marketing,Operations,ACH,Emp_053,INV-2024-0000780,0,normal
TX-000961,2024-01-29 15:59:00,4169.03,Vendor_035,HR,IT,Wire,Emp_027,INV-2024-0000762,0,normal
TX-000962,2024-01-29 16:09:00,4654.79,Vendor_018,Legal,Supplies,Check,Emp_089,INV-4024-0000376,1,fuzzy_duplicate
TX-000963,2024-01-29 16:20:00,1849.65,Vendor_009,Legal,Operations,Wire,Emp_089,INV-2024-0000769,0,normal
TX-000964,2024-01-29 17:46:00,14425.45,Vendor_081,Finance,Supplies,Wire,Emp_005,INV-2024-0002107,1,high_amount
TX-000965,2024-01-30 07:20:00,579.43,Vendor_087,Marketing,Consulting,ACH,Emp_059,INV-2024-0000815,0,normal
TX-000966,2024-01-30 07:41:00,695.26,Vendor_111,Sales,Supplies,Wire,Emp_093,INV-2024-0000813,0,normal
TX-000967,2024-01-30 08:06:00,3086.93,Vendor_003,Operations,Consulting,ACH,Emp_064,INV-2024-0000783,0,normal
TX-000968,2024-01-30 08:36:00,722.72,Vendor_077,Legal,IT,Check,Emp_079,INV-2024-0000804,0,normal
TX-000969,2024-01-30 09:03:00,1546.59,Vendor_040,Marketing,IT,Wire,Emp_054,INV-2024-0000807,0,normal
TX-000970,2024-01-30 09:07:00,960.7,Vendor_010,Finance,IT,Wire,Emp_003,INV-2024-0000787,0,normal
TX-000971,2024-01-30 09:18:00,29973.7,Vendor_120,HR,Travel,Card,Emp_029,INV-2024-0002071,1,high_amount
TX-000972,2024-01-30 09:33:00,1091.62,Vendor_086,Support,Travel,ACH,Emp_111,INV-2024-0000814,0,normal
TX-000973,2024-01-30 10:10:00,4442.84,Vendor_021,Marketing,Travel,Check,Emp_055,INV-2024-0000800,0,normal
TX-000974,2024-01-30 10:21:00,1031.63,Vendor_084,HR,Travel,ACH,Emp_024,INV-2024-0000796,0,normal
TX-000975,2024-01-30 10:24:00,1753.63,Vendor_059,IT,IT,Check,Emp_034,INV-2024-0000811,0,normal
TX-000976,2024-01-30 10:25:00,2663.71,Vendor_001,IT,Payroll,Check,Emp_040,INV-2024-0000790,0,normal
TX-000977,2024-01-30 10:51:00,2871.62,Vendor_104,Sales,Consulting,ACH,Emp_100,INV-2024-0000806,0,normal
TX-000978,2024-01-30 10:59:00,3577.54,Vendor_015,Support,Supplies,ACH,Emp_119,INV-2024-0000785,0,normal
TX-000979,2024-01-30 11:07:00,4016.82,Vendor_025,HR,Operations,ACH,Emp_028,INV-2024-0000819,0,normal
TX-000980,2024-01-30 12:23:00,1198.24,Vendor_086,Operations,Travel,Wire,Emp_066,INV-2024-0000788,0,normal
TX-000981,2024-01-30 12:26:00,1151.34,Vendor_077,Legal,Payroll,Card,Emp_090,INV-2024-0000805,0,normal
TX-000982,2024-01-30 12:34:00,20305.68,Vendor_028,Support,Payroll,Card,Emp_118,INV-2024-0002059,1,high_amount
TX-000983,2024-01-30 12:42:00,1148.25,Vendor_011,Marketing,Supplies,ACH,Emp_056,INV-2024-0000822,0,normal
TX-000984,2024-01-30 12:46:00,2647.69,Vendor_072,Operations,Operations,Wire,Emp_062,INV-2024-0000784,0,normal
TX-000985,2024-01-30 13:08:00,3390.81,Vendor_113,Finance,Consulting,Check,Emp_009,INV-2024-0000793,0,normal
TX-000986,2024-01-30 13:25:00,1166.88,Vendor_110,Marketing,Travel,Card,Emp_056,INV-2024-0000812,0,normal
TX-000987,2024-01-30 13:26:00,2410.88,Vendor_002,IT,Supplies,ACH,Emp_036,INV-2024-0000799,0,normal
TX-000988,2024-01-30 13:28:00,2300.0,Vendor_072,Operations,Operations,Card,Emp_062,INV-2024-0002243,1,split_payment
TX-000989,2024-01-30 13:30:00,1642.09,Vendor_112,Support,Supplies,ACH,Emp_119,INV-2024-0000808,0,normal
TX-000990,2024-01-30 13:38:00,1849.39,Vendor_009,Legal,Operations,Card,Emp_083,INV-2024-0000795,0,normal
TX-000991,2024-01-30 13:40:00,2798.63,Vendor_006,Finance,Travel,Wire,Emp_014,INV-2024-0000801,0,normal
TX-000992,2024-01-30 13:41:00,1238.83,Vendor_107,Legal,IT,Wire,Emp_081,INV-2024-0000821,0,normal
TX-000993,2024-01-30 13:43:00,2360.0,Vendor_059,IT,IT,ACH,Emp_034,INV-2024-0002278,1,split_payment
TX-000994,2024-01-30 13:52:00,4181.66,Vendor_037,Sales,Supplies,Check,Emp_100,INV-2024-0000792,0,normal
TX-000995,2024-01-30 14:00:00,4699.83,Vendor_033,Finance,Operations,Card,Emp_013,INV-2024-0002122,1,payment_method_switch
TX-000996,2024-01-30 14:12:00,3871.6,Vendor_093,Finance,Travel,Wire,Emp_003,INV-2024-0000816,0,normal
TX-000997,2024-01-30 14:13:00,5169.86,Vendor_097,Legal,IT,Check,Emp_085,INV-2024-0000818,0,normal
TX-000998,2024-01-30 14:20:00,866.93,Vendor_055,Marketing,IT,Card,Emp_057,INV-2024-0000803,0,normal
TX-000999,2024-01-30 14:24:00,4643.27,Vendor_095,Operations,Consulting,ACH,Emp_073,INV-2024-0000809,0,normal
TX-001000,2024-01-30 14:24:00,1110.85,Vendor_019,HR,Operations,Card,Emp_017,INV-2024-0000810,0,normal
TX-001001,2024-01-30 14:27:00,2380.0,Vendor_001,IT,Payroll,ACH,Emp_040,INV-2024-0002304,1,split_payment
TX-001002,2024-01-30 14:28:00,900.0,Vendor_052,Marketing,Payroll,Check,Emp_047,INV-2024-0000791,0,normal
TX-001003,2024-01-30 14:32:00,2262.44,Vendor_012,Finance,Supplies,Wire,Emp_013,INV-2024-0000797,0,normal
TX-001004,2024-01-30 14:32:00,3180.47,Vendor_001,IT,Operations,Card,Emp_042,INV-2024-0000817,0,normal
TX-001005,2024-01-30 14:56:00,2440.0,Vendor_087,Marketing,Consulting,Wire,Emp_059,INV-2024-0002148,1,split_payment
TX-001006,2024-01-30 15:23:00,2781.51,Vendor_056,Finance,IT,Wire,Emp_010,INV-2024-0000786,0,normal
TX-001007,2024-01-30 15:23:00,3530.86,Vendor_003,Operations,IT,ACH,Emp_072,INV-2024-0000820,0,normal
TX-001008,2024-01-30 15:40:00,976.29,Vendor_053,Sales,IT,Card,Emp_102,INV-2024-0000802,0,normal
TX-001009,2024-01-30 15:50:00,2534.76,Vendor_090,Operations,Consulting,Card,Emp_069,INV-2024-0000798,0,normal
TX-001010,2024-01-30 16:30:00,2440.0,Vendor_025,HR,Operations,Wire,Emp_028,INV-2024-0002110,1,split_payment
TX-001011,2024-01-30 16:35:00,3944.0,Vendor_003,Operations,IT,ACH,Emp_072,INV-2024-0002314,1,same_day_burst
TX-001012,2024-01-30 17:08:00,1931.19,Vendor_043,Finance,Travel,Check,Emp_008,INV-2024-0000789,0,normal
TX-001013,2024-01-30 17:20:00,2840.92,Vendor_094,Finance,Payroll,Wire,Emp_011,INV-2024-0002221,1,payment_method_switch
TX-001014,2024-01-30 17:28:00,960.13,Vendor_110,Legal,Consulting,Check,Emp_089,INV-2024-0000794,0,normal
TX-001015,2024-01-30 20:13:00,3578.56,Vendor_003,Operations,IT,ACH,Emp_072,INV-2024-0002248,1,same_day_burst
TX-001016,2024-01-30 22:58:00,1356.0,Vendor_086,Operations,Travel,Wire,Emp_066,INV-2024-0002015,1,same_day_burst
TX-001017,2024-01-30 23:53:00,1160.26,Vendor_110,Legal,Consulting,Check,Emp_089,INV-2024-0002064,1,same_day_burst
TX-001018,2024-01-31 05:19:00,1217.21,Vendor_112,Support,Supplies,ACH,Emp_114,INV-2024-0000755,1,duplicate_invoice
TX-001019,2024-01-31 07:30:00,3228.44,Vendor_027,Legal,Payroll,Check,Emp_077,INV-2024-0000826,0,normal
TX-001020,2024-01-31 07:40:00,5692.64,Vendor_101,Operations,Consulting,Card,Emp_064,INV-2024-0000849,0,normal
TX-001021,2024-01-31 08:30:00,3356.68,Vendor_015,Support,IT,ACH,Emp_107,INV-2024-0000832,0,normal
TX-001022,2024-01-31 08:43:00,3064.37,Vendor_025,Marketing,IT,Wire,Emp_046,INV-2024-0001974,1,vendor_department_shift
TX-001023,2024-01-31 08:44:00,1017.31,Vendor_019,HR,Operations,Check,Emp_028,INV-2024-0000850,0,normal
TX-001024,2024-01-31 08:47:00,1035.64,Vendor_020,Sales,IT,ACH,Emp_100,INV-2024-0000843,0,normal
TX-001025,2024-01-31 08:59:00,5500.0,Vendor_068,Sales,Supplies,ACH,Emp_097,INV-2024-0000833,0,normal
TX-001026,2024-01-31 09:14:00,4856.75,Vendor_016,HR,Supplies,ACH,Emp_026,INV-2024-0000840,0,normal
TX-001027,2024-01-31 09:25:00,2006.76,Vendor_061,Sales,Travel,Card,Emp_094,INV-2024-0000829,0,normal
TX-001028,2024-01-31 09:49:00,1936.76,Vendor_083,HR,IT,Check,Emp_029,INV-2024-0000838,0,normal
TX-001029,2024-01-31 10:08:00,4780.0,Vendor_015,Support,IT,Wire,Emp_107,INV-2024-0002247,1,split_payment
TX-001030,2024-01-31 10:15:00,7338.85,Vendor_038,IT,IT,ACH,Emp_038,INV-2024-0000855,0,normal
TX-001031,2024-01-31 10:20:00,6159.55,Vendor_095,Finance,Supplies,Check,Emp_002,INV-2024-0000854,0,normal
TX-001032,2024-01-31 10:21:00,4978.57,Vendor_095,Finance,Payroll,ACH,Emp_001,INV-2024-0000823,0,normal
TX-001033,2024-01-31 10:39:00,8002.8,Vendor_120,Support,Travel,Wire,Emp_115,INV-2024-0000857,0,normal
TX-001034,2024-01-31 10:45:00,2321.43,Vendor_090,HR,Consulting,Wire,Emp_026,INV-2024-0000837,0,normal
TX-001035,2024-01-31 10:55:00,2353.11,Vendor_033,Finance,Payroll,Card,Emp_007,INV-2024-0000851,0,normal
TX-001036,2024-01-31 11:13:00,603.34,Vendor_096,Finance,IT,Check,Emp_013,INV-2024-0000856,0,normal
TX-001037,2024-01-31 11:41:00,1163.55,Vendor_036,Support,IT,Card,Emp_114,INV-2024-0000830,0,normal
TX-001038,2024-01-31 11:43:00,1423.48,Vendor_019,HR,Operations,Check,Emp_016,INV-2024-0000836,0,normal
TX-001039,2024-01-31 11:45:00,2752.59,Vendor_007,Marketing,Payroll,Check,Emp_048,INV-2024-0000835,0,normal
TX-001040,2024-01-31 11:52:00,3746.78,Vendor_060,Support,Consulting,Check,Emp_110,INV-2024-0000831,0,normal
TX-001041,2024-01-31 12:10:00,1407.07,Vendor_022,Sales,Supplies,Card,Emp_100,INV-2024-0000828,0,normal
TX-001042,2024-01-31 12:14:00,5702.26,Vendor_021,Marketing,Travel,Card,Emp_047,INV-2024-0000842,0,normal
TX-001043,2024-01-31 12:24:00,1692.5,Vendor_094,Finance,IT,Check,Emp_003,INV-2024-0000841,0,normal
TX-001044,2024-01-31 12:34:00,838.11,Vendor_079,Finance,Travel,Card,Emp_012,INV-2024-0000839,0,normal
TX-001045,2024-01-31 12:56:00,7545.4,Vendor_076,Finance,Consulting,Wire,Emp_002,INV-2024-0000846,0,normal
TX-001046,2024-01-31 13:11:00,5726.11,Vendor_004,Marketing,Travel,Card,Emp_055,INV-2024-0000848,0,normal
TX-001047,2024-01-31 13:32:00,2331.33,Vendor_050,Operations,IT,Wire,Emp_071,INV-2024-0000827,0,normal
TX-001048,2024-01-31 13:42:00,1274.25,Vendor_019,HR,Operations,Check,Emp_016,INV-2024-0002047,1,same_day_burst
TX-001049,2024-01-31 14:31:00,2361.02,Vendor_006,Finance,Operations,Card,Emp_003,INV-2024-0000844,0,normal
TX-001050,2024-01-31 14:46:00,919.18,Vendor_110,Legal,Consulting,Wire,Emp_084,INV-2024-0000853,0,normal
TX-001051,2024-01-31 14:58:00,3031.93,Vendor_072,Operations,Operations,ACH,Emp_073,INV-2024-0000834,0,normal
TX-001052,2024-01-31 15:01:00,2330.0,Vendor_061,Sales,Travel,ACH,Emp_094,INV-2024-0002268,1,split_payment
TX-001053,2024-01-31 15:17:00,1113.01,Vendor_053,Sales,IT,Wire,Emp_100,INV-2024-0000852,0,normal
TX-001054,2024-01-31 16:10:00,1429.64,Vendor_022,Sales,Supplies,Card,Emp_103,INV-2044-0000828,1,fuzzy_duplicate
TX-001055,2024-01-31 16:31:00,2839.46,Vendor_025,HR,Travel,Check,Emp_029,INV-2024-0000847,0,normal
TX-001056,2024-01-31 16:41:00,667.06,Vendor_079,Finance,Travel,Card,Emp_001,INV-2024-0000758,1,duplicate_invoice
TX-001057,2024-01-31 16:53:00,2472.83,Vendor_050,Operations,IT,Wire,Emp_069,INV-2024-0000825,0,normal
TX-001058,2024-01-31 17:06:00,428.31,Vendor_052,Operations,Consulting,Check,Emp_061,INV-2024-0000845,0,normal
TX-001059,2024-01-31 17:19:00,9950.0,Vendor_004,Marketing,Travel,Check,Emp_055,INV-2024-0002032,1,split_payment
TX-001060,2024-01-31 17:19:00,1289.33,Vendor_008,Finance,Consulting,Wire,Emp_006,INV-2024-0000824,0,normal
TX-001061,2024-01-31 20:11:00,9920.0,Vendor_008,Finance,Consulting,Check,Emp_006,INV-2024-0002276,1,split_payment
TX-001062,2024-02-01 07:05:00,1406.6,Vendor_112,Marketing,Supplies,ACH,Emp_059,INV-2024-0000864,0,normal
TX-001063,2024-02-01 08:24:00,2692.12,Vendor_002,IT,Supplies,Card,Emp_035,INV-2024-0000876,0,normal
TX-001064,2024-02-01 08:31:00,2885.99,Vendor_025,HR,Travel,Wire,Emp_024,INV-2024-8000847,1,fuzzy_duplicate
TX-001065,2024-02-01 08:39:00,1924.32,Vendor_030,HR,Consulting,Card,Emp_022,INV-2024-0000872,0,normal
TX-001066,2024-02-01 08:49:00,4080.28,Vendor_023,Operations,IT,ACH,Emp_063,INV-2024-0000874,0,normal
TX-001067,2024-02-01 09:05:00,1490.28,Vendor_053,Sales,Supplies,Card,Emp_099,INV-2024-0000875,0,normal
TX-001068,2024-02-01 09:06:00,1114.49,Vendor_070,Support,Operations,ACH,Emp_116,INV-2024-0000888,0,normal
TX-001069,2024-02-01 09:19:00,1302.75,Vendor_008,Finance,Consulting,ACH,Emp_015,INV-2024-0000824,1,duplicate_invoice
TX-001070,2024-02-01 09:53:00,843.61,Vendor_107,Finance,IT,Card,Emp_004,INV-2024-0000858,0,normal
TX-001071,2024-02-01 10:02:00,2691.62,Vendor_050,Operations,IT,Wire,Emp_072,INV-2024-0000866,0,normal
TX-001072,2024-02-01 10:13:00,1498.42,Vendor_007,Marketing,Consulting,Check,Emp_052,INV-2024-0000868,0,normal
TX-001073,2024-02-01 11:00:00,2510.41,Vendor_059,Support,Travel,Card,Emp_120,INV-2024-0002012,1,vendor_department_shift
TX-001074,2024-02-01 11:16:00,752.23,Vendor_111,Finance,Supplies,Card,Emp_003,INV-2024-0000867,0,normal
TX-001075,2024-02-01 11:27:00,612.97,Vendor_065,Operations,Payroll,ACH,Emp_072,INV-2024-0000860,0,normal
TX-001076,2024-02-01 11:57:00,4181.24,Vendor_106,Legal,Consulting,Check,Emp_084,INV-2024-0000879,0,normal
TX-001077,2024-02-01 12:13:00,5055.92,Vendor_097,Legal,IT,Wire,Emp_090,INV-2024-0000861,0,normal
TX-001078,2024-02-01 12:20:00,1434.67,Vendor_119,HR,Travel,ACH,Emp_030,INV-2024-0000871,0,normal
TX-001079,2024-02-01 12:42:00,650.0,Vendor_052,Operations,Operations,Check,Emp_063,INV-2024-0000886,0,normal
TX-001080,2024-02-01 12:44:00,2090.1,Vendor_042,HR,Payroll,ACH,Emp_019,INV-2024-0000878,0,normal
TX-001081,2024-02-01 12:50:00,2605.88,Vendor_104,Sales,Operations,ACH,Emp_093,INV-2024-0000865,0,normal
TX-001082,2024-02-01 13:16:00,1286.9,Vendor_013,Finance,Consulting,Card,Emp_002,INV-2024-0000877,0,normal
TX-001083,2024-02-01 13:38:00,1785.49,Vendor_048,Operations,IT,Check,Emp_064,INV-2024-0000887,0,normal
TX-001084,2024-02-01 13:42:00,909.22,Vendor_111,Sales,Consulting,Wire,Emp_105,INV-2024-0000884,0,normal
TX-001085,2024-02-01 14:11:00,881.08,Vendor_111,Legal,Supplies,Check,Emp_077,INV-2024-0000883,0,normal
TX-001086,2024-02-01 14:21:00,4737.45,Vendor_078,Support,Travel,ACH,Emp_117,INV-2024-0000863,0,normal
TX-001087,2024-02-01 14:30:00,4870.0,Vendor_097,Legal,IT,Card,Emp_090,INV-2024-0002177,1,split_payment
TX-001088,2024-02-01 15:03:00,3557.16,Vendor_021,Support,Travel,Check,Emp_120,INV-2024-0000869,0,normal
TX-001089,2024-02-01 15:22:00,2800.84,Vendor_093,Marketing,Travel,Wire,Emp_055,INV-2024-0000880,0,normal
TX-001090,2024-02-01 16:10:00,3134.79,Vendor_026,IT,Consulting,Check,Emp_037,INV-2024-0000873,0,normal
TX-001091,2024-02-01 16:17:00,918.31,Vendor_010,Finance,IT,Wire,Emp_004,INV-2024-0000885,0,normal
TX-001092,2024-02-01 16:17:00,7898.94,Vendor_038,IT,IT,Card,Emp_041,INV-2024-0000870,0,normal
TX-001093,2024-02-01 16:21:00,1630.08,Vendor_094,Finance,Consulting,Wire,Emp_013,INV-2024-0000862,0,normal
TX-001094,2024-02-01 16:34:00,1957.52,Vendor_081,Finance,Supplies,Card,Emp_008,INV-2024-0000859,0,normal
TX-001095,2024-02-01 16:38:00,1375.57,Vendor_053,Sales,IT,ACH,Emp_095,INV-2024-0000889,0,normal
TX-001096,2024-02-01 16:59:00,11158.12,Vendor_103,IT,Supplies,Check,Emp_031,INV-2024-0000881,0,normal
TX-001097,2024-02-01 17:12:00,4830.0,Vendor_097,Legal,IT,Card,Emp_090,INV-2024-0002319,1,split_payment
TX-001098,2024-02-01 17:20:00,4850.0,Vendor_081,Finance,Supplies,Wire,Emp_008,INV-2024-0002035,1,split_payment
TX-001099,2024-02-01 18:24:00,1664.77,Vendor_094,Finance,IT,Wire,Emp_014,INV-2024-0000841,1,duplicate_invoice
TX-001100,2024-02-01 18:39:00,1947.98,Vendor_075,Operations,Consulting,Wire,Emp_065,INV-2024-0000882,0,normal
TX-001101,2024-02-02 03:57:00,4274.53,Vendor_106,Legal,Consulting,Card,Emp_084,INV-2024-0000879,1,duplicate_invoice
TX-001102,2024-02-02 04:10:00,19028.91,Vendor_004,Marketing,Operations,Check,Emp_055,INV-2024-0002005,1,high_amount
TX-001103,2024-02-02 08:01:00,2266.85,Vendor_071,Operations,Operations,Card,Emp_073,INV-2024-0000919,0,normal
TX-001104,2024-02-02 08:09:00,1250.99,Vendor_075,Operations,Travel,Card,Emp_067,INV-2024-0000913,0,normal
TX-001105,2024-02-02 08:25:00,3360.11,Vendor_023,Operations,IT,Wire,Emp_061,INV-2024-0000891,0,normal
TX-001106,2024-02-02 08:36:00,2105.52,Vendor_008,Finance,Payroll,ACH,Emp_007,INV-2024-0000896,0,normal
TX-001107,2024-02-02 09:09:00,3616.96,Vendor_047,IT,Operations,Card,Emp_034,INV-2024-0000930,0,normal
TX-001108,2024-02-02 09:39:00,8427.41,Vendor_076,Support,Travel,ACH,Emp_110,INV-2024-0000910,0,normal
TX-001109,2024-02-02 10:13:00,1057.47,Vendor_053,HR,IT,ACH,Emp_024,INV-2024-0000897,0,normal
TX-001110,2024-02-02 10:21:00,1838.14,Vendor_013,Finance,IT,ACH,Emp_015,INV-2024-0000928,0,normal
TX-001111,2024-02-02 10:24:00,841.28,Vendor_070,Marketing,Supplies,ACH,Emp_049,INV-2024-0000915,0,normal
TX-001112,2024-02-02 10:31:00,3513.4,Vendor_021,Operations,Payroll,ACH,Emp_064,INV-2024-0000905,0,normal
TX-001113,2024-02-02 10:45:00,9027.32,Vendor_095,Marketing,Operations,Card,Emp_054,INV-2024-0002298,1,vendor_department_shift
TX-001114,2024-02-02 10:50:00,393.38,Vendor_089,Finance,Consulting,ACH,Emp_012,INV-2024-0000904,0,normal
TX-001115,2024-02-02 10:52:00,914.11,Vendor_084,Sales,IT,Card,Emp_097,INV-2024-0000895,0,normal
TX-001116,2024-02-02 10:56:00,2603.09,Vendor_007,Marketing,IT,ACH,Emp_060,INV-2024-0000907,0,normal
TX-001117,2024-02-02 11:03:00,2479.75,Vendor_050,Operations,IT,Wire,Emp_061,INV-2024-0000902,0,normal
TX-001118,2024-02-02 11:29:00,2486.17,Vendor_024,Support,Supplies,ACH,Emp_110,INV-2024-0000901,0,normal
TX-001119,2024-02-02 11:36:00,1161.69,Vendor_077,Legal,Supplies,Card,Emp_082,INV-2024-0000925,0,normal
TX-001120,2024-02-02 11:36:00,2212.43,Vendor_009,Legal,Payroll,Card,Emp_086,INV-2024-0000932,0,normal
TX-001121,2024-02-02 11:52:00,2166.24,Vendor_009,Legal,IT,ACH,Emp_087,INV-2024-0000931,0,normal
TX-001122,2024-02-02 12:01:00,3383.38,Vendor_014,HR,Supplies,Check,Emp_016,INV-2024-0000922,0,normal
TX-001123,2024-02-02 12:13:00,5269.24,Vendor_097,Legal,IT,Check,Emp_080,INV-2024-0000818,1,duplicate_invoice
TX-001124,2024-02-02 12:32:00,2285.13,Vendor_012,Finance,Supplies,Wire,Emp_006,INV-2024-0000797,1,duplicate_invoice
TX-001125,2024-02-02 12:35:00,2179.43,Vendor_042,Legal,IT,Card,Emp_076,INV-2024-0000890,0,normal
TX-001126,2024-02-02 12:40:00,3001.21,Vendor_001,IT,Operations,Check,Emp_035,INV-2024-0000923,0,normal
TX-001127,2024-02-02 12:52:00,1315.66,Vendor_029,Marketing,Consulting,Card,Emp_056,INV-2024-0000893,0,normal
TX-001128,2024-02-02 12:53:00,1145.77,Vendor_070,Operations,Operations,ACH,Emp_068,INV-2024-0000908,0,normal
TX-001129,2024-02-02 12:53:00,4898.23,Vendor_004,Marketing,Operations,ACH,Emp_059,INV-2024-0000917,0,normal
TX-001130,2024-02-02 12:53:00,1772.86,Vendor_013,IT,Operations,Card,Emp_034,INV-2024-0000927,0,normal
TX-001131,2024-02-02 12:59:00,821.41,Vendor_079,Finance,Supplies,ACH,Emp_004,INV-2024-0000911,0,normal
TX-001132,2024-02-02 13:13:00,2133.58,Vendor_009,Legal,IT,ACH,Emp_087,INV-2024-0002191,1,same_day_burst
TX-001133,2024-02-02 13:16:00,2867.1,Vendor_105,Sales,IT,Card,Emp_103,INV-2024-0000924,0,normal
TX-001134,2024-02-02 13:25:00,1528.04,Vendor_011,Marketing,Supplies,ACH,Emp_055,INV-2024-0000921,0,normal
TX-001135,2024-02-02 13:30:00,3009.53,Vendor_100,IT,Supplies,ACH,Emp_036,INV-2024-0000933,0,normal
TX-001136,2024-02-02 13:46:00,3875.01,Vendor_047,IT,Travel,ACH,Emp_032,INV-2024-0000926,0,normal
TX-001137,2024-02-02 13:56:00,4042.34,Vendor_097,Legal,IT,ACH,Emp_086,INV-2024-0000903,0,normal
TX-001138,2024-02-02 14:00:00,1467.4,Vendor_112,Legal,Supplies,Wire,Emp_086,INV-2024-0000914,0,normal
TX-001139,2024-02-02 14:19:00,2609.66,Vendor_060,Support,Consulting,Check,Emp_107,INV-2024-0000899,0,normal
TX-001140,2024-02-02 14:19:00,870.61,Vendor_036,Support,IT,ACH,Emp_115,INV-2024-0000900,0,normal
TX-001141,2024-02-02 14:23:00,791.29,Vendor_079,Finance,Operations,Card,Emp_012,INV-2024-0000918,0,normal
TX-001142,2024-02-02 14:31:00,6306.8,Vendor_038,Operations,IT,Card,Emp_070,INV-2024-0000909,0,normal
TX-001143,2024-02-02 14:32:00,2918.85,Vendor_006,Finance,Travel,Check,Emp_004,INV-2024-0000892,0,normal
TX-001144,2024-02-02 14:37:00,5075.63,Vendor_106,Legal,Consulting,ACH,Emp_087,INV-2024-0000894,0,normal
TX-001145,2024-02-02 14:52:00,3405.18,Vendor_098,Operations,IT,ACH,Emp_063,INV-2024-0000920,0,normal
TX-001146,2024-02-02 14:55:00,7106.32,Vendor_001,IT,IT,Card,Emp_042,INV-2024-0000929,0,normal
TX-001147,2024-02-02 14:59:00,1271.4,Vendor_087,Marketing,Travel,Check,Emp_052,INV-2024-0000916,0,normal
TX-001148,2024-02-02 15:09:00,4624.86,Vendor_097,Legal,IT,Wire,Emp_090,INV-2024-0000906,0,normal
TX-001149,2024-02-02 15:12:00,941.62,Vendor_107,Legal,IT,Wire,Emp_089,INV-2024-0000912,0,normal
TX-001150,2024-02-02 16:39:00,8275.76,Vendor_076,Support,Travel,Check,Emp_115,INV-2024-0000910,1,duplicate_invoice
TX-001151,2024-02-02 17:05:00,916.65,Vendor_055,Marketing,Supplies,ACH,Emp_059,INV-2024-0000934,0,normal
TX-001152,2024-02-02 17:34:00,6242.53,Vendor_016,HR,Supplies,ACH,Emp_026,INV-2024-0000898,0,normal
TX-001153,2024-02-02 22:30:00,3447.93,Vendor_015,Support,IT,ACH,Emp_119,INV-2024-0000832,1,duplicate_invoice
TX-001154,2024-02-03 05:39:00,8490.71,Vendor_032,HR,Consulting,Card,Emp_025,INV-2024-0002203,1,high_amount
TX-001155,2024-02-03 05:43:00,1413.65,Vendor_019,HR,Operations,ACH,Emp_021,INV-2024-0000836,1,duplicate_invoice
TX-001156,2024-02-03 07:41:00,1922.95,Vendor_008,Finance,Consulting,Card,Emp_015,INV-2024-0000946,0,normal
TX-001157,2024-02-03 09:09:00,871.59,Vendor_040,Finance,Payroll,Check,Emp_006,INV-2024-0000945,0,normal
TX-001158,2024-02-03 09:58:00,938.32,Vendor_036,Support,IT,ACH,Emp_109,INV-2024-0000936,0,normal
TX-001159,2024-02-03 10:15:00,776.76,Vendor_108,Operations,Operations,Card,Emp_071,INV-2024-0000935,0,normal
TX-001160,2024-02-03 10:20:00,6872.07,Vendor_028,Finance,Travel,Wire,Emp_011,INV-2024-0002313,1,vendor_department_shift
TX-001161,2024-02-03 10:24:00,942.99,Vendor_096,Finance,IT,ACH,Emp_014,INV-2024-0000947,0,normal
TX-001162,2024-02-03 10:29:00,3160.07,Vendor_044,Legal,Payroll,Check,Emp_084,INV-2024-0000939,0,normal
TX-001163,2024-02-03 11:06:00,2504.18,Vendor_022,Sales,Operations,Card,Emp_102,INV-2024-0000940,0,normal
TX-001164,2024-02-03 11:23:00,4790.0,Vendor_108,Operations,Operations,Check,Emp_071,INV-2024-0002224,1,split_payment
TX-001165,2024-02-03 11:44:00,1264.41,Vendor_066,Support,Consulting,Check,Emp_120,INV-2024-0000944,0,normal
TX-001166,2024-02-03 12:01:00,3387.41,Vendor_014,HR,Supplies,Wire,Emp_022,INV-2078-0000922,1,fuzzy_duplicate
TX-001167,2024-02-03 12:16:00,2475.45,Vendor_027,Legal,Payroll,Check,Emp_076,INV-2024-0000943,0,normal
TX-001168,2024-02-03 12:57:00,24263.59,Vendor_004,Marketing,Operations,Wire,Emp_050,INV-2024-0002029,1,high_amount
TX-001169,2024-02-03 13:22:00,3271.88,Vendor_003,Operations,IT,ACH,Emp_066,INV-2024-0000938,0,normal
TX-001170,2024-02-03 13:33:00,3359.14,Vendor_024,Support,IT,ACH,Emp_106,INV-2024-0000941,0,normal
TX-001171,2024-02-03 14:12:00,789.22,Vendor_055,Marketing,Payroll,Card,Emp_059,INV-2024-0000949,0,normal
TX-001172,2024-02-03 14:43:00,1392.73,Vendor_013,Finance,Consulting,Card,Emp_001,INV-2024-0000948,0,normal
TX-001173,2024-02-03 15:25:00,702.81,Vendor_077,Legal,Consulting,Check,Emp_081,INV-2024-0000937,0,normal
TX-001174,2024-02-03 15:27:00,3945.38,Vendor_098,HR,IT,Card,Emp_016,INV-2024-0000942,0,normal
TX-001175,2024-02-03 15:45:00,15201.21,Vendor_098,Operations,IT,Wire,Emp_063,INV-2024-0002271,1,high_amount
TX-001176,2024-02-03 18:25:00,709.87,Vendor_077,Legal,Consulting,Wire,Emp_076,INV-2024-0020937,1,fuzzy_duplicate
TX-001177,2024-02-04 03:10:00,3108.85,Vendor_026,IT,Consulting,ACH,Emp_038,INV-2024-0000873,1,duplicate_invoice
TX-001178,2024-02-04 05:09:00,3576.04,Vendor_047,IT,Operations,Check,Emp_039,INV-2024-0000930,1,duplicate_invoice
TX-001179,2024-02-04 07:26:00,1289.37,Vendor_005,Marketing,Travel,Wire,Emp_055,INV-2024-0000961,0,normal
TX-001180,2024-02-04 09:08:00,3263.94,Vendor_003,Operations,Operations,ACH,Emp_065,INV-2024-0000952,0,normal
TX-001181,2024-02-04 09:26:00,1387.63,Vendor_109,IT,Consulting,Wire,Emp_031,INV-2024-0000958,0,normal
TX-001182,2024-02-04 09:39:00,909.91,Vendor_111,Sales,Consulting,Wire,Emp_105,INV-2024-0000957,0,normal
TX-001183,2024-02-04 10:03:00,1639.29,Vendor_053,Sales,Supplies,ACH,Emp_102,INV-2024-0000963,0,normal
TX-001184,2024-02-04 10:15:00,1934.27,Vendor_118,Operations,Operations,ACH,Emp_075,INV-2024-0000956,0,normal
TX-001185,2024-02-04 10:16:00,767.08,Vendor_092,Support,Payroll,ACH,Emp_116,INV-2024-0000960,0,normal
TX-001186,2024-02-04 10:22:00,3410.54,Vendor_028,Sales,Supplies,ACH,Emp_101,INV-2024-0000964,0,normal
TX-001187,2024-02-04 11:21:00,1375.35,Vendor_086,Support,Travel,ACH,Emp_117,INV-2024-0000955,0,normal
TX-001188,2024-02-04 11:40:00,864.7,Vendor_019,HR,Operations,Check,Emp_016,INV-2024-0000962,0,normal
TX-001189,2024-02-04 13:17:00,3535.7,Vendor_071,Operations,Operations,Card,Emp_074,INV-2024-0000953,0,normal
TX-001190,2024-02-04 13:24:00,1145.59,Vendor_061,Sales,IT,Card,Emp_101,INV-2024-0000965,0,normal
TX-001191,2024-02-04 13:50:00,1070.08,Vendor_070,Support,Supplies,ACH,Emp_113,INV-2024-0000954,0,normal
TX-001192,2024-02-04 14:03:00,3471.38,Vendor_063,Finance,Supplies,Check,Emp_003,INV-2024-0000950,0,normal
TX-001193,2024-02-04 14:35:00,2262.69,Vendor_064,Finance,Supplies,Check,Emp_007,INV-2024-0000951,0,normal
TX-001194,2024-02-04 14:59:00,1651.29,Vendor_007,Marketing,Payroll,Check,Emp_053,INV-2024-0000959,0,normal
TX-001195,2024-02-04 16:38:00,4960.0,Vendor_071,Operations,Operations,ACH,Emp_074,INV-2024-0002053,1,split_payment
TX-001196,2024-02-05 06:29:00,3180.22,Vendor_044,Legal,Payroll,Check,Emp_090,INV-2024-0000999,1,fuzzy_duplicate
TX-001197,2024-02-05 07:02:00,1349.15,Vendor_019,HR,Operations,Check,Emp_017,INV-2024-0000982,0,normal
TX-001198,2024-02-05 08:18:00,1743.32,Vendor_080,Legal,Supplies,Check,Emp_089,INV-2024-0000983,0,normal
TX-001199,2024-02-05 08:24:00,1715.26,Vendor_105,Sales,IT,Check,Emp_096,INV-2024-0000966,0,normal
TX-001200,2024-02-05 10:09:00,3885.28,Vendor_016,HR,IT,Card,Emp_028,INV-2024-0000985,0,normal
TX-001201,2024-02-05 10:17:00,1181.02,Vendor_045,IT,IT,Check,Emp_038,INV-2024-0000974,0,normal
TX-001202,2024-02-05 10:49:00,5096.57,Vendor_097,Legal,IT,ACH,Emp_083,INV-2024-0000981,0,normal
TX-001203,2024-02-05 11:40:00,3057.82,Vendor_072,Operations,Operations,Wire,Emp_073,INV-2024-0000969,0,normal
TX-001204,2024-02-05 11:51:00,932.34,Vendor_020,IT,IT,Wire,Emp_038,INV-2024-0000977,0,normal
TX-001205,2024-02-05 12:01:00,3007.96,Vendor_006,Operations,Travel,ACH,Emp_070,INV-2024-0000973,0,normal
TX-001206,2024-02-05 12:25:00,709.84,Vendor_077,Legal,Consulting,Check,Emp_089,INV-2024-0008737,1,fuzzy_duplicate
TX-001207,2024-02-05 12:30:00,3289.74,Vendor_113,Finance,IT,Check,Emp_015,INV-2024-0000979,0,normal
TX-001208,2024-02-05 12:47:00,1818.78,Vendor_065,Operations,Payroll,ACH,Emp_067,INV-2024-0000972,0,normal
TX-001209,2024-02-05 12:56:00,4171.01,Vendor_047,IT,Travel,Wire,Emp_038,INV-2024-0000980,0,normal
TX-001210,2024-02-05 12:57:00,1055.19,Vendor_055,Finance,Payroll,Card,Emp_015,INV-2024-0000992,0,normal
TX-001211,2024-02-05 13:40:00,1654.58,Vendor_022,Sales,Operations,Card,Emp_105,INV-2024-0000975,0,normal
TX-001212,2024-02-05 13:54:00,3248.14,Vendor_024,Support,IT,Wire,Emp_116,INV-2024-0000970,0,normal
TX-001213,2024-02-05 14:05:00,1063.53,Vendor_069,Sales,Payroll,Card,Emp_100,INV-2024-0000978,0,normal
TX-001214,2024-02-05 14:11:00,1439.08,Vendor_086,Support,Travel,Card,Emp_116,INV-2024-0000991,0,normal
TX-001215,2024-02-05 14:33:00,2750.4,Vendor_090,HR,Consulting,Card,Emp_022,INV-2024-0000986,0,normal
TX-001216,2024-02-05 14:36:00,960.69,Vendor_055,Support,Payroll,Card,Emp_108,INV-2024-0000976,0,normal
TX-001217,2024-02-05 14:40:00,2750.86,Vendor_105,Sales,Travel,ACH,Emp_095,INV-2024-0000971,0,normal
TX-001218,2024-02-05 14:47:00,2958.71,Vendor_045,IT,IT,Wire,Emp_033,INV-2024-0000967,0,normal
TX-001219,2024-02-05 15:05:00,7298.06,Vendor_038,IT,IT,Card,Emp_040,INV-2024-0000968,0,normal
TX-001220,2024-02-05 15:14:00,882.09,Vendor_070,Support,Operations,Wire,Emp_108,INV-2024-0000989,0,normal
TX-001221,2024-02-05 15:22:00,2360.0,Vendor_045,IT,IT,ACH,Emp_033,INV-2024-0002305,1,split_payment
TX-001222,2024-02-05 15:23:00,5132.08,Vendor_016,HR,Supplies,ACH,Emp_023,INV-2024-0000984,0,normal
TX-001223,2024-02-05 15:27:00,2977.77,Vendor_003,Finance,Consulting,Card,Emp_003,INV-2024-0000988,0,normal
TX-001224,2024-02-05 16:50:00,409.01,Vendor_089,Marketing,Operations,ACH,Emp_047,INV-2024-0000987,0,normal
TX-001225,2024-02-05 16:54:00,2060.3,Vendor_042,Legal,Operations,Card,Emp_082,INV-2024-0000990,0,normal
TX-001226,2024-02-05 18:21:00,4960.0,Vendor_003,Finance,Consulting,Wire,Emp_003,INV-2024-0002129,1,split_payment
TX-001227,2024-02-05 21:39:00,4783.97,Vendor_016,HR,Supplies,ACH,Emp_023,INV-2024-0002066,1,same_day_burst
TX-001228,2024-02-06 03:02:00,1328.34,Vendor_019,HR,Operations,ACH,Emp_025,INV-2024-0000982,1,duplicate_invoice
TX-001229,2024-02-06 09:39:00,5329.55,Vendor_097,Legal,IT,ACH,Emp_077,INV-2024-0000999,0,normal
TX-001230,2024-02-06 09:43:00,2457.12,Vendor_006,Finance,Operations,Card,Emp_012,INV-2024-0000997,0,normal
TX-001231,2024-02-06 09:56:00,2857.91,Vendor_093,Finance,Consulting,Wire,Emp_012,INV-2024-0001002,0,normal
TX-001232,2024-02-06 10:24:00,563.2,Vendor_034,IT,Travel,ACH,Emp_038,INV-2024-0001015,0,normal
TX-001233,2024-02-06 10:43:00,2332.17,Vendor_059,IT,Consulting,Check,Emp_040,INV-2024-0001001,0,normal
TX-001234,2024-02-06 11:13:00,8079.71,Vendor_076,Finance,Payroll,Card,Emp_008,INV-2024-0001006,0,normal
TX-001235,2024-02-06 11:21:00,1676.88,Vendor_067,Finance,Operations,Wire,Emp_008,INV-2024-0001010,0,normal
TX-001236,2024-02-06 11:41:00,950.42,Vendor_019,HR,Operations,Check,Emp_016,INV-2024-0001013,0,normal
TX-001237,2024-02-06 11:43:00,1627.67,Vendor_094,Finance,IT,Check,Emp_006,INV-2024-0001011,0,normal
TX-001238,2024-02-06 12:01:00,3668.55,Vendor_027,Legal,Payroll,Card,Emp_089,INV-2024-0001003,0,normal
TX-001239,2024-02-06 12:27:00,2775.26,Vendor_018,Legal,Supplies,ACH,Emp_085,INV-2024-0001000,0,normal
TX-001240,2024-02-06 12:28:00,1022.28,Vendor_069,Sales,Payroll,Card,Emp_091,INV-2024-0001007,0,normal
TX-001241,2024-02-06 12:32:00,2844.88,Vendor_003,Operations,IT,ACH,Emp_070,INV-2024-0000993,0,normal
TX-001242,2024-02-06 13:20:00,3085.81,Vendor_026,IT,Consulting,Check,Emp_043,INV-2024-0000994,0,normal
TX-001243,2024-02-06 13:43:00,871.65,Vendor_111,Legal,Consulting,Check,Emp_080,INV-2024-0001014,0,normal
TX-001244,2024-02-06 13:46:00,4419.13,Vendor_101,Operations,Operations,Card,Emp_063,INV-2024-0001012,0,normal
TX-001245,2024-02-06 13:52:00,5008.44,Vendor_097,Legal,IT,Wire,Emp_087,INV-2024-0001008,0,normal
TX-001246,2024-02-06 13:57:00,9119.57,Vendor_076,Finance,Consulting,Wire,Emp_015,INV-2024-0001009,0,normal
TX-001247,2024-02-06 14:03:00,2280.0,Vendor_093,Finance,Consulting,ACH,Emp_012,INV-2024-0002003,1,split_payment
TX-001248,2024-02-06 14:40:00,3644.65,Vendor_054,Marketing,Payroll,Wire,Emp_051,INV-2024-0000995,0,normal
TX-001249,2024-02-06 14:54:00,3448.34,Vendor_101,Operations,Consulting,ACH,Emp_061,INV-2024-0001017,0,normal
TX-001250,2024-02-06 14:59:00,1045.55,Vendor_107,Legal,Consulting,Card,Emp_088,INV-2024-0000996,0,normal
TX-001251,2024-02-06 15:15:00,4850.0,Vendor_069,Sales,Payroll,Wire,Emp_091,INV-2024-0002082,1,split_payment
TX-001252,2024-02-06 15:26:00,561.3,Vendor_096,Finance,Supplies,Check,Emp_008,INV-2024-0001016,0,normal
TX-001253,2024-02-06 16:11:00,2360.0,Vendor_107,Legal,Consulting,Check,Emp_088,INV-2024-0002231,1,split_payment
TX-001254,2024-02-06 16:48:00,6241.26,Vendor_097,Legal,IT,Wire,Emp_087,INV-2024-0001957,1,same_day_burst
TX-001255,2024-02-06 17:25:00,1643.67,Vendor_051,Support,Payroll,Check,Emp_114,INV-2024-0000998,0,normal
TX-001256,2024-02-06 17:56:00,468.96,Vendor_092,Support,Payroll,Check,Emp_115,INV-2024-0001004,0,normal
TX-001257,2024-02-06 18:29:00,2690.26,Vendor_019,HR,Supplies,Card,Emp_016,INV-2024-0002198,1,payment_method_switch
TX-001258,2024-02-06 18:32:00,5657.64,Vendor_097,Legal,IT,Wire,Emp_087,INV-2024-0002046,1,same_day_burst
TX-001259,2024-02-06 18:32:00,5264.24,Vendor_097,Legal,IT,Wire,Emp_087,INV-2024-0002044,1,same_day_burst
TX-001260,2024-02-06 18:57:00,1586.18,Vendor_017,IT,Supplies,Card,Emp_039,INV-2024-0001005,0,normal
TX-001261,2024-02-06 22:51:00,4444.48,Vendor_020,IT,IT,Check,Emp_038,INV-2024-0002022,1,low_history_high_amount
TX-001262,2024-02-07 00:56:00,473.73,Vendor_092,Support,Payroll,Check,Emp_107,INV-2024-0001004,1,duplicate_invoice
TX-001263,2024-02-07 04:39:00,897.39,Vendor_111,Sales,Consulting,Wire,Emp_105,INV-2024-0000957,1,duplicate_invoice
TX-001264,2024-02-07 07:19:00,1895.82,Vendor_083,HR,IT,Check,Emp_023,INV-2024-0001028,0,normal
TX-001265,2024-02-07 07:48:00,2254.92,Vendor_104,Sales,Operations,ACH,Emp_102,INV-2024-0001043,0,normal
TX-001266,2024-02-07 08:14:00,4625.47,Vendor_097,Legal,IT,Wire,Emp_085,INV-2024-0001040,0,normal
TX-001267,2024-02-07 08:23:00,4265.14,Vendor_047,IT,Travel,Wire,Emp_037,INV-2024-0001033,0,normal
TX-001268,2024-02-07 09:23:00,5133.92,Vendor_016,HR,Supplies,ACH,Emp_019,INV-2024-0000984,1,duplicate_invoice
TX-001269,2024-02-07 09:27:00,5136.13,Vendor_087,Marketing,Consulting,Wire,Emp_059,INV-2024-0002037,1,high_amount
TX-001270,2024-02-07 09:51:00,586.86,Vendor_046,Sales,Travel,ACH,Emp_094,INV-2024-0001041,0,normal
TX-001271,2024-02-07 10:10:00,4114.04,Vendor_068,Operations,Supplies,Wire,Emp_066,INV-2024-0001022,0,normal
TX-001272,2024-02-07 10:20:00,394.05,Vendor_085,Legal,Travel,ACH,Emp_076,INV-2024-0001020,0,normal
TX-001273,2024-02-07 10:36:00,1753.9,Vendor_056,Legal,Payroll,Card,Emp_090,INV-2024-0001038,0,normal
TX-001274,2024-02-07 10:45:00,1063.59,Vendor_010,Finance,IT,Wire,Emp_011,INV-2024-0001034,0,normal
TX-001275,2024-02-07 10:49:00,2940.11,Vendor_071,Operations,IT,Card,Emp_070,INV-2024-0001026,0,normal
TX-001276,2024-02-07 11:09:00,4165.21,Vendor_063,Finance,Travel,Wire,Emp_014,INV-2024-0001030,0,normal
TX-001277,2024-02-07 11:14:00,2863.25,Vendor_047,IT,Travel,Card,Emp_036,INV-2024-0001035,0,normal
TX-001278,2024-02-07 11:38:00,1114.5,Vendor_070,Support,Supplies,ACH,Emp_111,INV-2024-0001027,0,normal
TX-001279,2024-02-07 11:43:00,988.69,Vendor_055,Support,Supplies,Wire,Emp_120,INV-2024-0001024,0,normal
TX-001280,2024-02-07 12:41:00,3693.5,Vendor_072,Operations,Operations,Wire,Emp_061,INV-2024-0001021,0,normal
TX-001281,2024-02-07 12:57:00,5123.42,Vendor_001,Marketing,Payroll,Check,Emp_051,INV-2024-0001031,0,normal
TX-001282,2024-02-07 13:10:00,1930.84,Vendor_002,IT,Supplies,Wire,Emp_044,INV-2024-0001025,0,normal
TX-001283,2024-02-07 13:31:00,3524.59,Vendor_100,IT,Supplies,Check,Emp_032,INV-2024-0001039,0,normal
TX-001284,2024-02-07 13:33:00,4147.31,Vendor_037,Sales,Supplies,Check,Emp_103,INV-2024-0001037,0,normal
TX-001285,2024-02-07 13:45:00,2287.02,Vendor_094,Sales,Travel,ACH,Emp_091,INV-2024-0002341,1,vendor_department_shift
TX-001286,2024-02-07 13:52:00,578.55,Vendor_089,Finance,Operations,Wire,Emp_013,INV-2024-0001029,0,normal
TX-001287,2024-02-07 14:35:00,2760.76,Vendor_024,Support,Travel,ACH,Emp_109,INV-2024-0001042,0,normal
TX-001288,2024-02-07 14:41:00,1053.69,Vendor_055,Marketing,IT,Card,Emp_048,INV-2024-0001019,0,normal
TX-001289,2024-02-07 14:51:00,1425.82,Vendor_119,HR,Travel,ACH,Emp_022,INV-2024-0001044,0,normal
TX-001290,2024-02-07 15:03:00,475.53,Vendor_085,Operations,Supplies,Check,Emp_069,INV-2024-0001036,0,normal
TX-001291,2024-02-07 15:08:00,6922.38,Vendor_038,IT,IT,Card,Emp_031,INV-2024-0001018,0,normal
TX-001292,2024-02-07 16:20:00,7336.94,Vendor_076,Finance,Consulting,Wire,Emp_013,INV-2024-0001023,0,normal
TX-001293,2024-02-07 17:22:00,2738.16,Vendor_045,IT,IT,Wire,Emp_040,INV-2024-0001032,0,normal
TX-001294,2024-02-07 18:13:00,4840.0,Vendor_046,Sales,Travel,Card,Emp_094,INV-2024-0001987,1,split_payment
TX-001295,2024-02-07 18:33:00,9436.39,Vendor_009,Legal,Payroll,ACH,Emp_079,INV-2024-0002324,1,high_amount
TX-001296,2024-02-07 18:59:00,2280.0,Vendor_076,Finance,Consulting,ACH,Emp_013,INV-2024-0001952,1,split_payment
TX-001297,2024-02-07 21:43:00,6699.05,Vendor_061,Sales,IT,ACH,Emp_100,INV-2024-0001997,1,high_amount
TX-001298,2024-02-08 07:29:00,1762.62,Vendor_009,Legal,Operations,Card,Emp_083,INV-2024-0001047,0,normal
TX-001299,2024-02-08 07:56:00,4548.66,Vendor_037,Sales,Supplies,Check,Emp_096,INV-2024-0001070,0,normal
TX-001300,2024-02-08 08:39:00,5249.15,Vendor_097,Legal,IT,Card,Emp_080,INV-2024-0000999,1,duplicate_invoice
TX-001301,2024-02-08 09:07:00,1251.37,Vendor_109,IT,Supplies,Card,Emp_045,INV-2024-0001068,0,normal
TX-001302,2024-02-08 09:18:00,1110.11,Vendor_069,Sales,Payroll,ACH,Emp_102,INV-2024-0001066,0,normal
TX-001303,2024-02-08 09:27:00,856.79,Vendor_001,IT,IT,Check,Emp_043,INV-2024-0001073,0,normal
TX-001304,2024-02-08 09:42:00,1568.47,Vendor_112,IT,Supplies,ACH,Emp_039,INV-2024-0001055,0,normal
TX-001305,2024-02-08 09:44:00,513.48,Vendor_077,Legal,Supplies,Check,Emp_083,INV-2024-0001065,0,normal
TX-001306,2024-02-08 10:44:00,2444.33,Vendor_014,Operations,Travel,Check,Emp_067,INV-2024-0001054,0,normal
TX-001307,2024-02-08 11:12:00,1633.49,Vendor_011,Marketing,Supplies,Card,Emp_056,INV-2024-0001050,0,normal
TX-001308,2024-02-08 11:34:00,18768.75,Vendor_093,Marketing,Travel,Check,Emp_055,INV-2024-0002125,1,high_amount
TX-001309,2024-02-08 11:36:00,10107.62,Vendor_104,Sales,Operations,Check,Emp_093,INV-2024-0001975,1,high_amount
TX-001310,2024-02-08 11:40:00,1511.29,Vendor_001,IT,Payroll,ACH,Emp_031,INV-2024-0001053,0,normal
TX-001311,2024-02-08 11:47:00,1972.23,Vendor_002,IT,Supplies,Card,Emp_033,INV-2024-0001067,0,normal
TX-001312,2024-02-08 11:56:00,2351.77,Vendor_002,IT,Supplies,Card,Emp_032,INV-2024-0001060,0,normal
TX-001313,2024-02-08 12:13:00,1937.04,Vendor_009,Legal,Operations,Card,Emp_088,INV-2024-0001056,0,normal
TX-001314,2024-02-08 12:25:00,2083.73,Vendor_015,Support,Supplies,ACH,Emp_118,INV-2024-0001071,0,normal
TX-001315,2024-02-08 12:31:00,2322.76,Vendor_042,Legal,IT,ACH,Emp_076,INV-2024-0001052,0,normal
TX-001316,2024-02-08 12:59:00,749.26,Vendor_046,Sales,Travel,Check,Emp_095,INV-2024-0001058,0,normal
TX-001317,2024-02-08 13:04:00,5450.28,Vendor_120,HR,Travel,ACH,Emp_027,INV-2024-0001062,0,normal
TX-001318,2024-02-08 13:06:00,4930.0,Vendor_042,Legal,IT,Wire,Emp_076,INV-2024-0002295,1,split_payment
TX-001319,2024-02-08 13:18:00,1924.51,Vendor_049,Legal,Supplies,ACH,Emp_087,INV-2024-0001072,0,normal
TX-001320,2024-02-08 13:33:00,1236.74,Vendor_058,Sales,Payroll,Card,Emp_101,INV-2024-0001063,0,normal
TX-001321,2024-02-08 13:34:00,1232.74,Vendor_088,Operations,Travel,Check,Emp_074,INV-2024-0001069,0,normal
TX-001322,2024-02-08 13:35:00,3302.57,Vendor_101,Operations,Operations,ACH,Emp_064,INV-2024-0001051,0,normal
TX-001323,2024-02-08 13:50:00,714.33,Vendor_084,HR,Consulting,Wire,Emp_027,INV-2024-0001061,0,normal
TX-001324,2024-02-08 13:55:00,1368.48,Vendor_077,Legal,IT,Check,Emp_084,INV-2024-0001074,0,normal
TX-001325,2024-02-08 14:06:00,2490.81,Vendor_051,Legal,Payroll,ACH,Emp_085,INV-2024-0001075,0,normal
TX-001326,2024-02-08 14:49:00,1351.35,Vendor_065,Operations,IT,Card,Emp_066,INV-2024-0001059,0,normal
TX-001327,2024-02-08 15:01:00,2409.57,Vendor_027,Legal,Payroll,ACH,Emp_090,INV-2024-0001046,0,normal
TX-001328,2024-02-08 15:39:00,2358.24,Vendor_067,Finance,Operations,Wire,Emp_001,INV-2024-0001045,0,normal
TX-001329,2024-02-08 15:43:00,4189.89,Vendor_063,Finance,Supplies,Wire,Emp_013,INV-2024-0001049,0,normal
TX-001330,2024-02-08 16:25:00,2720.45,Vendor_006,Finance,Supplies,ACH,Emp_002,INV-2024-0001057,0,normal
TX-001331,2024-02-08 17:07:00,2058.27,Vendor_099,Sales,Travel,Check,Emp_098,INV-2024-0001048,0,normal
TX-001332,2024-02-08 17:14:00,4721.72,Vendor_095,Finance,Payroll,Check,Emp_012,INV-2024-0001064,0,normal
TX-001333,2024-02-09 04:53:00,19466.76,Vendor_047,IT,Operations,Check,Emp_034,INV-2024-0002236,1,high_amount
TX-001334,2024-02-09 08:39:00,8589.87,Vendor_056,Legal,Payroll,Wire,Emp_090,INV-2024-0002185,1,high_amount
TX-001335,2024-02-09 09:43:00,2296.81,Vendor_003,Operations,Consulting,ACH,Emp_062,INV-2024-0001101,0,normal
TX-001336,2024-02-09 10:14:00,1077.12,Vendor_008,Finance,Operations,Wire,Emp_003,INV-2024-0001076,0,normal
TX-001337,2024-02-09 10:32:00,3298.81,Vendor_068,HR,Travel,Card,Emp_021,INV-2024-0001080,0,normal
TX-001338,2024-02-09 10:51:00,2204.98,Vendor_059,IT,Consulting,Card,Emp_044,INV-2024-0001098,0,normal
TX-001339,2024-02-09 11:07:00,606.98,Vendor_062,HR,IT,Card,Emp_021,INV-2024-0001089,0,normal
TX-001340,2024-02-09 11:23:00,378.24,Vendor_085,Legal,Supplies,Check,Emp_076,INV-2024-0001083,0,normal
TX-001341,2024-02-09 11:35:00,3975.52,Vendor_030,HR,Operations,Wire,Emp_022,INV-2024-0002237,1,payment_method_switch
TX-001342,2024-02-09 12:12:00,2377.05,Vendor_045,IT,IT,Wire,Emp_034,INV-2024-0001081,0,normal
TX-001343,2024-02-09 12:35:00,1903.0,Vendor_013,Finance,Operations,Wire,Emp_004,INV-2024-0001086,0,normal
TX-001344,2024-02-09 12:40:00,9382.46,Vendor_120,Legal,Consulting,Check,Emp_085,INV-2024-0002320,1,vendor_department_shift
TX-001345,2024-02-09 13:03:00,763.17,Vendor_115,Finance,IT,ACH,Emp_009,INV-2024-0001096,0,normal
TX-001346,2024-02-09 13:24:00,656.42,Vendor_096,Finance,IT,Wire,Emp_009,INV-2024-0001088,0,normal
TX-001347,2024-02-09 13:39:00,969.04,Vendor_074,Support,Travel,Wire,Emp_113,INV-2024-0001092,0,normal
TX-001348,2024-02-09 13:42:00,980.59,Vendor_011,Marketing,Supplies,ACH,Emp_053,INV-2024-0001100,0,normal
TX-001349,2024-02-09 13:52:00,854.91,Vendor_110,Legal,Travel,Card,Emp_085,INV-2024-0001077,0,normal
TX-001350,2024-02-09 14:01:00,2001.47,Vendor_030,HR,Consulting,Card,Emp_029,INV-2024-0001095,0,normal
TX-001351,2024-02-09 14:09:00,2649.0,Vendor_006,Finance,Travel,ACH,Emp_012,INV-2024-0001084,0,normal
TX-001352,2024-02-09 14:21:00,897.06,Vendor_111,Sales,Supplies,Wire,Emp_091,INV-2024-0001085,0,normal
TX-001353,2024-02-09 14:41:00,1178.92,Vendor_043,Finance,Travel,Check,Emp_001,INV-2024-0001097,0,normal
TX-001354,2024-02-09 14:51:00,11838.87,Vendor_037,Sales,Supplies,ACH,Emp_100,INV-2024-0002088,1,high_amount
TX-001355,2024-02-09 14:54:00,1640.42,Vendor_060,Sales,Consulting,Check,Emp_100,INV-2024-0001091,0,normal
TX-001356,2024-02-09 15:19:00,919.32,Vendor_011,Marketing,Supplies,ACH,Emp_059,INV-2024-0001078,0,normal
TX-001357,2024-02-09 15:34:00,927.69,Vendor_065,Operations,Supplies,ACH,Emp_069,INV-2024-0001082,0,normal
TX-001358,2024-02-09 15:35:00,855.1,Vendor_077,Legal,IT,Card,Emp_078,INV-2024-0001093,0,normal
TX-001359,2024-02-09 15:58:00,5334.87,Vendor_120,HR,Travel,ACH,Emp_020,INV-2024-0001094,0,normal
TX-001360,2024-02-09 16:04:00,840.17,Vendor_046,Sales,Travel,Check,Emp_105,INV-2024-0001087,0,normal
TX-001361,2024-02-09 16:26:00,1462.13,Vendor_083,HR,IT,Check,Emp_021,INV-2024-0001079,0,normal
TX-001362,2024-02-09 17:05:00,3966.51,Vendor_023,IT,Operations,Check,Emp_039,INV-2024-0001099,0,normal
TX-001363,2024-02-09 18:24:00,1526.5,Vendor_005,HR,Consulting,Wire,Emp_017,INV-2024-0001090,0,normal
TX-001364,2024-02-09 19:01:00,950.5,Vendor_011,Marketing,Supplies,ACH,Emp_059,INV-2024-0002235,1,same_day_burst
TX-001365,2024-02-10 02:13:00,8638.05,Vendor_092,Support,Payroll,Wire,Emp_115,INV-2024-0002096,1,high_amount
TX-001366,2024-02-10 07:04:00,861.01,Vendor_046,Sales,Travel,Check,Emp_102,INV-2024-0001087,1,duplicate_invoice
TX-001367,2024-02-10 08:49:00,1477.5,Vendor_058,Sales,Travel,Card,Emp_101,INV-2024-0001109,0,normal
TX-001368,2024-02-10 09:31:00,1763.26,Vendor_022,Sales,Supplies,Wire,Emp_102,INV-2024-0001105,0,normal
TX-001369,2024-02-10 10:37:00,3217.48,Vendor_101,Operations,Operations,Card,Emp_069,INV-2024-0001107,0,normal
TX-001370,2024-02-10 10:39:00,2462.98,Vendor_083,HR,IT,Check,Emp_026,INV-2024-0001106,0,normal
TX-001371,2024-02-10 10:46:00,2723.93,Vendor_006,Finance,Operations,Card,Emp_011,INV-2024-0001108,0,normal
TX-001372,2024-02-10 10:59:00,1940.08,Vendor_032,HR,Payroll,ACH,Emp_017,INV-2024-0001102,0,normal
TX-001373,2024-02-10 12:08:00,741.33,Vendor_079,Legal,Travel,Card,Emp_079,INV-2024-0001110,0,normal
TX-001374,2024-02-10 12:45:00,5945.44,Vendor_001,IT,Consulting,Wire,Emp_035,INV-2024-0002303,1,payment_method_switch
TX-001375,2024-02-10 13:08:00,373.43,Vendor_089,Finance,Operations,ACH,Emp_006,INV-2024-0001103,0,normal
TX-001376,2024-02-10 13:29:00,4880.0,Vendor_032,HR,Payroll,Check,Emp_017,INV-2024-0002257,1,split_payment
TX-001377,2024-02-10 13:34:00,1272.99,Vendor_043,Finance,Travel,Check,Emp_014,INV-2024-0001104,0,normal
TX-001378,2024-02-10 13:34:00,2584.86,Vendor_027,Legal,Payroll,ACH,Emp_088,INV-2024-0001112,0,normal
TX-001379,2024-02-10 14:56:00,2497.47,Vendor_032,Finance,Consulting,ACH,Emp_012,INV-2024-0001111,0,normal
TX-001380,2024-02-11 07:33:00,3960.71,Vendor_004,Marketing,Payroll,ACH,Emp_053,INV-2024-0001134,0,normal
TX-001381,2024-02-11 07:48:00,807.93,Vendor_111,HR,Consulting,Check,Emp_022,INV-2024-0001129,0,normal
TX-001382,2024-02-11 08:42:00,671.75,Vendor_089,Finance,Operations,ACH,Emp_005,INV-2024-0001117,0,normal
TX-001383,2024-02-11 09:05:00,968.45,Vendor_074,Support,Travel,Wire,Emp_107,INV-2024-0001113,0,normal
TX-001384,2024-02-11 09:13:00,2264.56,Vendor_044,Legal,Supplies,Wire,Emp_082,INV-2024-0001128,0,normal
TX-001385,2024-02-11 10:16:00,4384.47,Vendor_001,IT,Payroll,ACH,Emp_035,INV-2024-0001120,0,normal
TX-001386,2024-02-11 10:27:00,3013.98,Vendor_003,Operations,IT,Wire,Emp_063,INV-2024-0001119,0,normal
TX-001387,2024-02-11 10:30:00,2560.57,Vendor_065,Operations,Consulting,Card,Emp_067,INV-2024-0002140,1,payment_method_switch
TX-001388,2024-02-11 10:31:00,5930.72,Vendor_101,Operations,Consulting,Card,Emp_065,INV-2024-0001121,0,normal
TX-001389,2024-02-11 11:17:00,4847.11,Vendor_027,IT,Supplies,ACH,Emp_031,INV-2024-0002097,1,vendor_department_shift
TX-001390,2024-02-11 11:25:00,1514.37,Vendor_114,HR,Travel,Card,Emp_017,INV-2024-0001122,0,normal
TX-001391,2024-02-11 11:41:00,3033.23,Vendor_063,Finance,Consulting,Wire,Emp_010,INV-2024-0001116,0,normal
TX-001392,2024-02-11 12:16:00,4331.62,Vendor_001,IT,Payroll,Wire,Emp_043,INV-2024-0001120,1,duplicate_invoice
TX-001393,2024-02-11 12:26:00,1123.39,Vendor_043,Finance,Travel,Check,Emp_007,INV-2024-0001130,0,normal
TX-001394,2024-02-11 12:28:00,1101.57,Vendor_019,HR,Operations,Check,Emp_022,INV-2024-0001133,0,normal
TX-001395,2024-02-11 12:42:00,1758.47,Vendor_048,Operations,IT,Check,Emp_062,INV-2024-0001114,0,normal
TX-001396,2024-02-11 12:55:00,2536.83,Vendor_049,Legal,Supplies,ACH,Emp_079,INV-2024-0001126,0,normal
TX-001397,2024-02-11 13:06:00,2270.95,Vendor_090,HR,Consulting,ACH,Emp_020,INV-2024-0001124,0,normal
TX-001398,2024-02-11 13:13:00,2042.42,Vendor_075,Operations,Travel,Wire,Emp_073,INV-2024-0001118,0,normal
TX-001399,2024-02-11 13:46:00,2296.36,Vendor_053,Finance,Travel,Card,Emp_015,INV-2024-0002330,1,vendor_department_shift
TX-001400,2024-02-11 13:52:00,2299.37,Vendor_032,HR,Consulting,ACH,Emp_017,INV-2024-0001127,0,normal
TX-001401,2024-02-11 15:00:00,1360.53,Vendor_061,Support,Consulting,Card,Emp_106,INV-2024-0001132,0,normal
TX-001402,2024-02-11 15:12:00,9110.29,Vendor_098,Sales,Payroll,Card,Emp_100,INV-2024-0001995,1,vendor_department_shift
TX-001403,2024-02-11 16:00:00,4860.0,Vendor_090,HR,Consulting,Check,Emp_020,INV-2024-0002173,1,split_payment
TX-001404,2024-02-11 16:02:00,4567.64,Vendor_072,Operations,Operations,Card,Emp_074,INV-2024-0001115,0,normal
TX-001405,2024-02-11 16:20:00,784.46,Vendor_108,Operations,IT,Card,Emp_073,INV-2024-0001125,0,normal
TX-001406,2024-02-11 17:36:00,3441.65,Vendor_049,Legal,Supplies,ACH,Emp_088,INV-2024-0001131,0,normal
TX-001407,2024-02-11 17:46:00,850.85,Vendor_115,Operations,Supplies,ACH,Emp_066,INV-2024-0001123,0,normal
TX-001408,2024-02-12 07:24:00,1835.18,Vendor_051,IT,Travel,Check,Emp_038,INV-2024-0001149,0,normal
TX-001409,2024-02-12 08:36:00,1038.62,Vendor_055,Marketing,Travel,Wire,Emp_047,INV-2024-0001153,0,normal
TX-001410,2024-02-12 08:53:00,837.01,Vendor_055,Marketing,Payroll,Card,Emp_059,INV-2024-0001148,0,normal
TX-001411,2024-02-12 08:53:00,704.33,Vendor_046,IT,Travel,ACH,Emp_042,INV-2024-0001172,0,normal
TX-001412,2024-02-12 09:11:00,1662.58,Vendor_008,Finance,Consulting,Wire,Emp_002,INV-2024-0001146,0,normal
TX-001413,2024-02-12 09:13:00,3368.79,Vendor_081,IT,Supplies,Check,Emp_038,INV-2024-0001156,0,normal
TX-001414,2024-02-12 09:34:00,1380.63,Vendor_053,Sales,Supplies,ACH,Emp_101,INV-2024-0001169,0,normal
TX-001415,2024-02-12 09:42:00,5767.56,Vendor_063,Finance,Travel,Wire,Emp_011,INV-2024-0001135,0,normal
TX-001416,2024-02-12 09:44:00,3647.91,Vendor_100,IT,Supplies,Check,Emp_045,INV-2024-0001160,0,normal
TX-001417,2024-02-12 10:05:00,1749.09,Vendor_082,Finance,Consulting,Check,Emp_008,INV-2024-0001142,0,normal
TX-001418,2024-02-12 10:12:00,2352.76,Vendor_050,Operations,IT,Wire,Emp_070,INV-2024-0001154,0,normal
TX-001419,2024-02-12 10:38:00,3990.49,Vendor_016,HR,Supplies,Wire,Emp_020,INV-2024-0001162,0,normal
TX-001420,2024-02-12 10:59:00,2870.61,Vendor_099,Sales,Travel,ACH,Emp_104,INV-2024-0001167,0,normal
TX-001421,2024-02-12 11:06:00,3050.72,Vendor_001,IT,IT,Check,Emp_040,INV-2024-0001152,0,normal
TX-001422,2024-02-12 11:13:00,1288.19,Vendor_092,Support,Consulting,Wire,Emp_111,INV-2024-0001174,0,normal
TX-001423,2024-02-12 11:27:00,3741.83,Vendor_049,Legal,Travel,Card,Emp_087,INV-2024-0002285,1,payment_method_switch
TX-001424,2024-02-12 11:35:00,3902.88,Vendor_081,Finance,Supplies,Card,Emp_008,INV-2024-0001145,0,normal
TX-001425,2024-02-12 12:31:00,1909.71,Vendor_075,Operations,Supplies,Card,Emp_068,INV-2024-0001164,0,normal
TX-001426,2024-02-12 12:36:00,4900.0,Vendor_053,Sales,Supplies,Check,Emp_101,INV-2024-0001994,1,split_payment
TX-001427,2024-02-12 12:40:00,2700.0,Vendor_009,HR,Payroll,Check,Emp_020,INV-2024-0001151,0,normal
TX-001428,2024-02-12 12:43:00,1585.44,Vendor_075,Marketing,Operations,Wire,Emp_060,INV-2024-0001165,0,normal
TX-001429,2024-02-12 12:48:00,3710.07,Vendor_093,Finance,Payroll,Card,Emp_008,INV-2024-0001157,0,normal
TX-001430,2024-02-12 12:59:00,3850.0,Vendor_063,Finance,Travel,Wire,Emp_011,INV-2024-0001171,0,normal
TX-001431,2024-02-12 13:03:00,1112.88,Vendor_022,Sales,Operations,Wire,Emp_095,INV-2024-0001137,0,normal
TX-001432,2024-02-12 13:10:00,1025.88,Vendor_070,Support,Operations,ACH,Emp_113,INV-2024-0001168,0,normal
TX-001433,2024-02-12 13:10:00,7127.99,Vendor_106,Legal,IT,Check,Emp_080,INV-2024-0001155,0,normal
TX-001434,2024-02-12 13:14:00,408.08,Vendor_046,Sales,Payroll,Wire,Emp_092,INV-2024-0001141,0,normal
TX-001435,2024-02-12 13:22:00,6426.8,Vendor_103,Marketing,Operations,ACH,Emp_055,INV-2024-0001140,0,normal
TX-001436,2024-02-12 13:24:00,3661.13,Vendor_014,HR,Travel,Check,Emp_028,INV-2024-0001163,0,normal
TX-001437,2024-02-12 13:25:00,6269.07,Vendor_082,Finance,Payroll,Check,Emp_014,INV-2024-0001136,0,normal
TX-001438,2024-02-12 13:29:00,555.56,Vendor_096,Finance,IT,Check,Emp_013,INV-2024-0001173,0,normal
TX-001439,2024-02-12 13:39:00,3567.95,Vendor_071,Operations,Operations,ACH,Emp_064,INV-2024-0001150,0,normal
TX-001440,2024-02-12 13:40:00,1649.0,Vendor_083,HR,IT,Check,Emp_017,INV-2024-0001147,0,normal
TX-001441,2024-02-12 13:45:00,3050.98,Vendor_030,IT,Consulting,Card,Emp_043,INV-2024-0001159,0,normal
TX-001442,2024-02-12 13:46:00,4340.22,Vendor_001,IT,Operations,ACH,Emp_036,INV-2024-0001158,0,normal
TX-001443,2024-02-12 13:56:00,2408.73,Vendor_006,Finance,Operations,Wire,Emp_015,INV-2024-0001161,0,normal
TX-001444,2024-02-12 14:10:00,3662.38,Vendor_060,Support,Payroll,Check,Emp_106,INV-2024-0001144,0,normal
TX-001445,2024-02-12 14:55:00,4122.18,Vendor_101,Operations,Supplies,Check,Emp_065,INV-2024-0001166,0,normal
TX-001446,2024-02-12 15:17:00,1052.0,Vendor_070,Support,Operations,Wire,Emp_113,INV-2024-0001143,0,normal
TX-001447,2024-02-12 15:20:00,5340.73,Vendor_001,IT,Operations,ACH,Emp_036,INV-2024-0002317,1,same_day_burst
TX-001448,2024-02-12 15:37:00,5648.35,Vendor_120,HR,Travel,Card,Emp_017,INV-2024-0001170,0,normal
TX-001449,2024-02-12 15:46:00,1064.08,Vendor_107,Legal,Consulting,Wire,Emp_090,INV-2024-0001139,0,normal
TX-001450,2024-02-12 17:31:00,2566.85,Vendor_056,Legal,Payroll,ACH,Emp_088,INV-2024-0001138,0,normal
TX-001451,2024-02-12 19:55:00,4195.48,Vendor_101,Operations,Supplies,Check,Emp_068,INV-2024-0001166,1,duplicate_invoice
TX-001452,2024-02-12 20:34:00,2571.24,Vendor_027,Legal,Payroll,ACH,Emp_090,INV-2029-0001112,1,fuzzy_duplicate
TX-001453,2024-02-12 23:10:00,15273.14,Vendor_097,Legal,IT,Check,Emp_086,INV-2024-0002018,1,high_amount
TX-001454,2024-02-13 07:12:00,8266.77,Vendor_041,Support,Consulting,Wire,Emp_120,INV-2024-0001192,0,normal
TX-001455,2024-02-13 07:52:00,1626.26,Vendor_009,HR,Operations,Card,Emp_024,INV-2024-0001186,0,normal
TX-001456,2024-02-13 07:58:00,3840.12,Vendor_031,IT,Payroll,Wire,Emp_032,INV-2024-0001201,0,normal
TX-001457,2024-02-13 08:03:00,3456.77,Vendor_072,Operations,Operations,Wire,Emp_061,INV-2024-0001180,0,normal
TX-001458,2024-02-13 08:05:00,890.98,Vendor_110,Legal,Travel,ACH,Emp_090,INV-2024-0001200,0,normal
TX-001459,2024-02-13 09:01:00,2044.78,Vendor_049,Legal,Supplies,ACH,Emp_089,INV-2024-0001176,0,normal
TX-001460,2024-02-13 09:17:00,1154.19,Vendor_107,Legal,Supplies,Card,Emp_079,INV-2024-0001198,0,normal
TX-001461,2024-02-13 09:53:00,1421.59,Vendor_017,HR,Travel,Card,Emp_025,INV-2024-0001207,0,normal
TX-001462,2024-02-13 10:20:00,2533.17,Vendor_050,Operations,IT,ACH,Emp_062,INV-2024-0001175,0,normal
TX-001463,2024-02-13 10:27:00,1434.74,Vendor_114,HR,Operations,Check,Emp_026,INV-2024-0001190,0,normal
TX-001464,2024-02-13 10:43:00,1979.23,Vendor_114,HR,Travel,ACH,Emp_027,INV-2024-0001208,0,normal
TX-001465,2024-02-13 11:21:00,3011.38,Vendor_068,Sales,Supplies,ACH,Emp_094,INV-2024-0001209,0,normal
TX-001466,2024-02-13 11:40:00,834.14,Vendor_070,Marketing,Supplies,ACH,Emp_047,INV-2024-0001182,0,normal
TX-001467,2024-02-13 11:48:00,5796.47,Vendor_100,IT,Supplies,Card,Emp_044,INV-2024-0001181,0,normal
TX-001468,2024-02-13 11:55:00,586.33,Vendor_096,Finance,IT,Check,Emp_013,INV-2024-0001177,0,normal
TX-001469,2024-02-13 12:14:00,2031.46,Vendor_023,Operations,IT,Check,Emp_072,INV-2024-0001194,0,normal
TX-001470,2024-02-13 12:23:00,785.5,Vendor_079,Finance,Operations,ACH,Emp_006,INV-2024-0001193,0,normal
TX-001471,2024-02-13 12:35:00,4671.47,Vendor_063,Finance,Travel,Wire,Emp_012,INV-2024-0001185,0,normal
TX-001472,2024-02-13 12:43:00,4970.0,Vendor_049,Legal,Supplies,Card,Emp_089,INV-2024-0002025,1,split_payment
TX-001473,2024-02-13 12:47:00,5643.69,Vendor_070,Support,Supplies,Check,Emp_113,INV-2024-0002006,1,high_amount
TX-001474,2024-02-13 12:47:00,483.41,Vendor_089,Finance,Operations,ACH,Emp_012,INV-2024-0001191,0,normal
TX-001475,2024-02-13 13:12:00,2046.98,Vendor_090,HR,Consulting,Wire,Emp_029,INV-2024-0001189,0,normal
TX-001476,2024-02-13 13:28:00,3403.07,Vendor_101,Operations,Operations,Card,Emp_070,INV-2024-0001179,0,normal
TX-001477,2024-02-13 13:28:00,1135.65,Vendor_051,Legal,Operations,Check,Emp_086,INV-2024-0001188,0,normal
TX-001478,2024-02-13 13:28:00,1092.36,Vendor_005,Sales,Consulting,Wire,Emp_096,INV-2024-0001195,0,normal
TX-001479,2024-02-13 13:29:00,2715.79,Vendor_044,Legal,Supplies,Card,Emp_078,INV-2024-0001204,0,normal
TX-001480,2024-02-13 13:39:00,3212.49,Vendor_030,HR,Supplies,Check,Emp_016,INV-2024-0001178,0,normal
TX-001481,2024-02-13 13:39:00,3462.11,Vendor_084,HR,Consulting,Card,Emp_027,INV-2024-0002267,1,high_amount
TX-001482,2024-02-13 13:41:00,2103.29,Vendor_033,Finance,Payroll,Wire,Emp_009,INV-2024-0001199,0,normal
TX-001483,2024-02-13 13:53:00,3233.85,Vendor_106,Legal,Consulting,Wire,Emp_080,INV-2024-0001183,0,normal
TX-001484,2024-02-13 14:06:00,2269.14,Vendor_090,HR,Consulting,Check,Emp_021,INV-2024-0001124,1,duplicate_invoice
TX-001485,2024-02-13 14:11:00,468.65,Vendor_085,Operations,Supplies,Wire,Emp_069,INV-2024-0001206,0,normal
TX-001486,2024-02-13 14:33:00,2384.27,Vendor_033,Finance,Payroll,Wire,Emp_006,INV-2024-0001202,0,normal
TX-001487,2024-02-13 15:01:00,1150.28,Vendor_092,Support,Operations,Card,Emp_113,INV-2024-0001184,0,normal
TX-001488,2024-02-13 15:15:00,595.51,Vendor_055,Marketing,Travel,Card,Emp_056,INV-2024-0001205,0,normal
TX-001489,2024-02-13 15:29:00,967.48,Vendor_075,Operations,Travel,Wire,Emp_071,INV-2024-0001197,0,normal
TX-001490,2024-02-13 15:41:00,4290.02,Vendor_003,Operations,Consulting,ACH,Emp_065,INV-2024-0001187,0,normal
TX-001491,2024-02-13 16:25:00,1708.76,Vendor_083,HR,IT,Check,Emp_018,INV-2024-0001203,0,normal
TX-001492,2024-02-13 16:41:00,1007.62,Vendor_011,Marketing,Supplies,ACH,Emp_051,INV-2024-0001196,0,normal
TX-001493,2024-02-13 18:38:00,4029.18,Vendor_016,HR,Supplies,Check,Emp_027,INV-2024-0101162,1,fuzzy_duplicate
TX-001494,2024-02-14 00:14:00,410.58,Vendor_046,Sales,Payroll,Check,Emp_102,INV-2024-0001141,1,duplicate_invoice
TX-001495,2024-02-14 07:07:00,9388.64,Vendor_047,Legal,Supplies,Check,Emp_088,INV-2024-0001976,1,vendor_department_shift
TX-001496,2024-02-14 07:28:00,1219.53,Vendor_077,Legal,IT,Check,Emp_076,INV-2024-0001221,0,normal
TX-001497,2024-02-14 08:36:00,458.64,Vendor_089,Finance,Operations,Card,Emp_013,INV-2024-0001211,0,normal
TX-001498,2024-02-14 08:57:00,1172.52,Vendor_109,IT,Consulting,Check,Emp_032,INV-2024-0001215,0,normal
TX-001499,2024-02-14 09:15:00,1698.08,Vendor_013,Legal,IT,Card,Emp_081,INV-2024-0001224,0,normal
TX-001500,2024-02-14 09:38:00,1652.59,Vendor_051,Legal,Payroll,Check,Emp_082,INV-2024-0001223,0,normal
TX-001501,2024-02-14 10:37:00,6028.64,Vendor_120,HR,Travel,Wire,Emp_021,INV-2024-0001230,0,normal
TX-001502,2024-02-14 10:49:00,938.78,Vendor_084,HR,IT,Wire,Emp_022,INV-2024-0001220,0,normal
TX-001503,2024-02-14 10:52:00,5380.39,Vendor_047,Marketing,IT,Check,Emp_053,INV-2024-0002347,1,vendor_department_shift
TX-001504,2024-02-14 11:00:00,1757.43,Vendor_014,HR,Travel,Check,Emp_018,INV-2024-0001214,0,normal
TX-001505,2024-02-14 11:04:00,2770.74,Vendor_006,Finance,Payroll,ACH,Emp_008,INV-2024-0001225,0,normal
TX-001506,2024-02-14 11:17:00,789.61,Vendor_108,Operations,Operations,Card,Emp_061,INV-2024-0001222,0,normal
TX-001507,2024-02-14 11:52:00,1881.98,Vendor_013,Finance,IT,Check,Emp_013,INV-2024-0001232,0,normal
TX-001508,2024-02-14 12:26:00,4444.16,Vendor_003,Finance,Supplies,Wire,Emp_003,INV-2024-0002050,1,payment_method_switch
TX-001509,2024-02-14 12:29:00,4451.57,Vendor_021,Marketing,Travel,Check,Emp_047,INV-2024-0001228,0,normal
TX-001510,2024-02-14 12:34:00,5292.8,Vendor_016,HR,Supplies,ACH,Emp_017,INV-2024-0001227,0,normal
TX-001511,2024-02-14 12:58:00,981.77,Vendor_074,Support,Consulting,Wire,Emp_106,INV-2024-0001234,0,normal
TX-001512,2024-02-14 13:06:00,1986.97,Vendor_059,IT,Consulting,Wire,Emp_045,INV-2024-0001217,0,normal
TX-001513,2024-02-14 13:07:00,800.19,Vendor_108,Operations,Operations,Wire,Emp_071,INV-2024-0001235,0,normal
TX-001514,2024-02-14 13:31:00,2224.08,Vendor_013,Finance,IT,Check,Emp_013,INV-2024-0002179,1,same_day_burst
TX-001515,2024-02-14 13:32:00,1857.12,Vendor_112,IT,IT,ACH,Emp_039,INV-2024-0001233,0,normal
TX-001516,2024-02-14 13:51:00,1855.55,Vendor_050,Operations,IT,Wire,Emp_068,INV-2024-0001226,0,normal
TX-001517,2024-02-14 14:11:00,2589.51,Vendor_119,HR,IT,Check,Emp_022,INV-2024-0001958,1,payment_method_switch
TX-001518,2024-02-14 14:11:00,1553.54,Vendor_092,Support,Payroll,Card,Emp_117,INV-2024-0001213,0,normal
TX-001519,2024-02-14 14:13:00,3799.32,Vendor_003,Operations,Consulting,Wire,Emp_072,INV-2024-0001236,0,normal
TX-001520,2024-02-14 14:28:00,1084.71,Vendor_005,Sales,Consulting,Check,Emp_103,INV-2024-0001155,1,fuzzy_duplicate
TX-001521,2024-02-14 14:58:00,653.94,Vendor_009,Legal,Payroll,Check,Emp_082,INV-2024-0001218,0,normal
TX-001522,2024-02-14 14:59:00,4284.31,Vendor_068,Sales,Operations,Wire,Emp_105,INV-2024-0001216,0,normal
TX-001523,2024-02-14 15:35:00,2841.09,Vendor_012,Finance,Travel,Wire,Emp_003,INV-2024-0001229,0,normal
TX-001524,2024-02-14 15:45:00,979.5,Vendor_036,Support,Operations,Card,Emp_110,INV-2024-0001231,0,normal
TX-001525,2024-02-14 16:20:00,1247.94,Vendor_005,Sales,Consulting,Card,Emp_097,INV-2024-0001219,0,normal
TX-001526,2024-02-14 16:46:00,18111.17,Vendor_099,Sales,Travel,Card,Emp_104,INV-2024-0002322,1,high_amount
TX-001527,2024-02-14 16:48:00,8732.32,Vendor_004,Support,Consulting,Wire,Emp_113,INV-2024-0001978,1,vendor_department_shift
TX-001528,2024-02-14 17:45:00,5121.4,Vendor_047,IT,Operations,Wire,Emp_033,INV-2024-0001212,0,normal
TX-001529,2024-02-14 18:46:00,3372.68,Vendor_003,Operations,Consulting,Wire,Emp_075,INV-2024-0001210,0,normal
TX-001530,2024-02-14 21:14:00,688.18,Vendor_108,Operations,Operations,Wire,Emp_071,INV-2024-0002292,1,same_day_burst
TX-001531,2024-02-15 08:20:00,1170.47,Vendor_091,HR,IT,Card,Emp_026,INV-2024-0001252,0,normal
TX-001532,2024-02-15 08:46:00,4009.08,Vendor_072,Operations,Operations,Wire,Emp_069,INV-2024-0001243,0,normal
TX-001533,2024-02-15 09:02:00,1455.25,Vendor_032,Finance,Consulting,Check,Emp_004,INV-2024-0001276,0,normal
TX-001534,2024-02-15 09:05:00,1453.62,Vendor_008,Finance,Consulting,Wire,Emp_004,INV-2024-0001257,0,normal
TX-001535,2024-02-15 09:16:00,2463.1,Vendor_056,Legal,IT,Card,Emp_084,INV-2024-0001267,0,normal
TX-001536,2024-02-15 09:33:00,2654.68,Vendor_027,Legal,Payroll,ACH,Emp_085,INV-2024-0001268,0,normal
TX-001537,2024-02-15 10:01:00,1842.79,Vendor_051,Legal,Supplies,Check,Emp_090,INV-2024-0001264,0,normal
TX-001538,2024-02-15 10:10:00,2211.2,Vendor_114,HR,Travel,Check,Emp_020,INV-2024-0001272,0,normal
TX-001539,2024-02-15 10:17:00,1014.24,Vendor_092,Support,Operations,Card,Emp_116,INV-2024-0001261,0,normal
TX-001540,2024-02-15 10:25:00,1153.31,Vendor_055,Finance,Payroll,Card,Emp_013,INV-2024-0001244,0,normal
TX-001541,2024-02-15 10:29:00,897.62,Vendor_055,Marketing,Payroll,Card,Emp_051,INV-2024-0001242,0,normal
TX-001542,2024-02-15 10:40:00,4149.29,Vendor_031,IT,IT,Card,Emp_033,INV-2024-0001247,0,normal
TX-001543,2024-02-15 11:00:00,3395.23,Vendor_050,Operations,IT,ACH,Emp_071,INV-2024-0001256,0,normal
TX-001544,2024-02-15 11:27:00,1263.69,Vendor_046,Sales,Payroll,ACH,Emp_098,INV-2024-0001246,0,normal
TX-001545,2024-02-15 11:33:00,983.09,Vendor_065,Operations,Supplies,Check,Emp_070,INV-2024-0001271,0,normal
TX-001546,2024-02-15 11:37:00,682.76,Vendor_055,Marketing,Travel,Card,Emp_058,INV-2024-0001259,0,normal
TX-001547,2024-02-15 12:03:00,2618.52,Vendor_050,Operations,IT,Wire,Emp_062,INV-2024-0001262,0,normal
TX-001548,2024-02-15 12:18:00,926.56,Vendor_077,Legal,Supplies,Check,Emp_081,INV-2024-0001253,0,normal
TX-001549,2024-02-15 12:19:00,414.79,Vendor_085,Legal,Travel,Wire,Emp_079,INV-2024-0001251,0,normal
TX-001550,2024-02-15 12:23:00,1400.71,Vendor_074,Support,Consulting,Wire,Emp_117,INV-2024-0001250,0,normal
TX-001551,2024-02-15 12:23:00,4877.52,Vendor_097,Legal,IT,ACH,Emp_077,INV-2024-0001248,0,normal
TX-001552,2024-02-15 12:29:00,2930.94,Vendor_071,IT,Operations,Card,Emp_038,INV-2024-0001239,0,normal
TX-001553,2024-02-15 12:32:00,3332.12,Vendor_033,Finance,Payroll,ACH,Emp_004,INV-2024-0001270,0,normal
TX-001554,2024-02-15 12:34:00,697.93,Vendor_052,Operations,Consulting,ACH,Emp_074,INV-2024-0001263,0,normal
TX-001555,2024-02-15 12:36:00,9960.0,Vendor_050,Operations,IT,Check,Emp_071,INV-2024-0002093,1,split_payment
TX-001556,2024-02-15 12:56:00,1957.92,Vendor_007,Marketing,IT,Wire,Emp_057,INV-2024-0001277,0,normal
TX-001557,2024-02-15 12:59:00,2048.48,Vendor_006,Finance,IT,Check,Emp_004,INV-2024-0001265,0,normal
TX-001558,2024-02-15 13:00:00,2108.16,Vendor_060,Support,Operations,Wire,Emp_120,INV-2024-0001249,0,normal
TX-001559,2024-02-15 13:07:00,1369.73,Vendor_112,IT,Supplies,ACH,Emp_042,INV-2024-0001240,0,normal
TX-001560,2024-02-15 13:08:00,487.84,Vendor_085,Legal,Travel,Check,Emp_088,INV-2024-0001237,0,normal
TX-001561,2024-02-15 13:16:00,9870.0,Vendor_092,Support,Operations,Wire,Emp_116,INV-2024-0001965,1,split_payment
TX-001562,2024-02-15 13:33:00,3437.82,Vendor_120,HR,Travel,Card,Emp_028,INV-2024-0001258,0,normal
TX-001563,2024-02-15 13:44:00,1700.0,Vendor_053,Sales,IT,Wire,Emp_098,INV-2024-0001273,0,normal
TX-001564,2024-02-15 13:46:00,2869.58,Vendor_101,Operations,Consulting,Card,Emp_075,INV-2024-0001255,0,normal
TX-001565,2024-02-15 13:48:00,785.31,Vendor_112,IT,Supplies,Card,Emp_039,INV-2024-0001266,0,normal
TX-001566,2024-02-15 13:58:00,9860.0,Vendor_114,HR,Travel,Wire,Emp_020,INV-2024-0002056,1,split_payment
TX-001567,2024-02-15 14:07:00,954.33,Vendor_111,Sales,Supplies,Check,Emp_092,INV-2024-0001238,0,normal
TX-001568,2024-02-15 14:07:00,1929.66,Vendor_040,HR,Consulting,Card,Emp_027,INV-2024-0001274,0,normal
TX-001569,2024-02-15 14:41:00,1669.88,Vendor_043,Finance,Travel,Wire,Emp_007,INV-2024-0001245,0,normal
TX-001570,2024-02-15 15:06:00,2062.02,Vendor_051,Legal,Travel,Check,Emp_080,INV-2024-0001275,0,normal
TX-001571,2024-02-15 15:10:00,12740.31,Vendor_060,Support,Payroll,Wire,Emp_106,INV-2024-0002149,1,high_amount
TX-001572,2024-02-15 15:11:00,822.27,Vendor_055,Marketing,Payroll,Card,Emp_051,INV-2024-0002065,1,same_day_burst
TX-001573,2024-02-15 15:25:00,2440.0,Vendor_033,Finance,Payroll,Card,Emp_004,INV-2024-0002282,1,split_payment
TX-001574,2024-02-15 15:33:00,1312.33,Vendor_083,HR,IT,Check,Emp_019,INV-2024-0001269,0,normal
TX-001575,2024-02-15 16:07:00,2440.0,Vendor_060,Support,Operations,Card,Emp_120,INV-2024-0002284,1,split_payment
TX-001576,2024-02-15 16:23:00,1421.81,Vendor_070,Support,Supplies,Wire,Emp_110,INV-2024-0001254,0,normal
TX-001577,2024-02-15 16:36:00,2005.17,Vendor_111,Marketing,IT,Wire,Emp_048,INV-2024-0002244,1,vendor_department_shift
TX-001578,2024-02-15 16:46:00,1199.37,Vendor_115,Operations,Operations,Wire,Emp_072,INV-2024-0001260,0,normal
TX-001579,2024-02-15 16:54:00,2748.22,Vendor_021,Marketing,Travel,Check,Emp_057,INV-2024-0001241,0,normal
TX-001580,2024-02-15 17:50:00,2400.0,Vendor_051,Legal,Travel,Wire,Emp_080,INV-2024-0002161,1,split_payment
TX-001581,2024-02-15 20:00:00,2690.0,Vendor_061,Support,Payroll,ACH,Emp_106,INV-2024-0002001,1,payment_method_switch
TX-001582,2024-02-16 08:08:00,1538.31,Vendor_083,HR,IT,ACH,Emp_021,INV-2024-0001296,0,normal
TX-001583,2024-02-16 09:14:00,4931.78,Vendor_004,Marketing,Travel,ACH,Emp_056,INV-2024-0001297,0,normal
TX-001584,2024-02-16 09:20:00,2672.83,Vendor_006,Finance,Travel,ACH,Emp_001,INV-2024-0001315,0,normal
TX-001585,2024-02-16 09:26:00,1975.46,Vendor_030,HR,Consulting,Card,Emp_022,INV-2024-0001303,0,normal
TX-001586,2024-02-16 10:00:00,2073.77,Vendor_117,Sales,Payroll,Wire,Emp_098,INV-2024-0001298,0,normal
TX-001587,2024-02-16 10:04:00,9005.52,Vendor_076,Finance,Travel,Wire,Emp_002,INV-2024-0001290,0,normal
TX-001588,2024-02-16 10:20:00,3041.84,Vendor_012,Finance,Payroll,Card,Emp_005,INV-2024-0001302,0,normal
TX-001589,2024-02-16 10:23:00,372.72,Vendor_085,Legal,Supplies,Card,Emp_090,INV-2024-0001304,0,normal
TX-001590,2024-02-16 11:05:00,1232.89,Vendor_070,Operations,Supplies,ACH,Emp_068,INV-2024-0001287,0,normal
TX-001591,2024-02-16 11:16:00,2261.24,Vendor_083,HR,IT,Check,Emp_024,INV-2024-0001317,0,normal
TX-001592,2024-02-16 11:33:00,2291.35,Vendor_045,HR,IT,Card,Emp_018,INV-2024-0001280,0,normal
TX-001593,2024-02-16 11:36:00,1073.34,Vendor_075,Operations,Travel,Wire,Emp_071,INV-2024-0001285,0,normal
TX-001594,2024-02-16 11:51:00,343.79,Vendor_085,Legal,Travel,Check,Emp_086,INV-2024-0001305,0,normal
TX-001595,2024-02-16 13:05:00,2587.17,Vendor_059,IT,Consulting,Check,Emp_038,INV-2024-0001281,0,normal
TX-001596,2024-02-16 13:14:00,886.02,Vendor_108,Operations,IT,Check,Emp_074,INV-2024-0001311,0,normal
TX-001597,2024-02-16 13:15:00,2112.78,Vendor_105,Sales,IT,Wire,Emp_098,INV-2024-0001282,0,normal
TX-001598,2024-02-16 13:16:00,2543.33,Vendor_063,Finance,Supplies,ACH,Emp_008,INV-2024-0001288,0,normal
TX-001599,2024-02-16 13:26:00,1355.57,Vendor_080,Marketing,Travel,Check,Emp_046,INV-2024-0001307,0,normal
TX-001600,2024-02-16 13:37:00,16376.06,Vendor_024,Support,IT,Card,Emp_116,INV-2024-0002147,1,high_amount
TX-001601,2024-02-16 13:41:00,1507.24,Vendor_112,IT,Supplies,ACH,Emp_042,INV-2024-0001293,0,normal
TX-001602,2024-02-16 14:00:00,964.08,Vendor_056,Support,Payroll,ACH,Emp_110,INV-2024-0001308,0,normal
TX-001603,2024-02-16 14:06:00,4428.55,Vendor_015,Support,IT,Card,Emp_110,INV-2024-0001316,0,normal
TX-001604,2024-02-16 14:21:00,1796.27,Vendor_019,HR,Operations,Wire,Emp_016,INV-2024-0001294,0,normal
TX-001605,2024-02-16 14:21:00,1860.05,Vendor_013,Finance,IT,Card,Emp_004,INV-2024-0001299,0,normal
TX-001606,2024-02-16 14:51:00,1660.32,Vendor_040,Marketing,Travel,Wire,Emp_056,INV-2024-0001291,0,normal
TX-001607,2024-02-16 14:57:00,5778.33,Vendor_041,Support,Consulting,Wire,Emp_119,INV-2024-0001310,0,normal
TX-001608,2024-02-16 15:04:00,1050.46,Vendor_080,Legal,Payroll,Check,Emp_088,INV-2024-0001283,0,normal
TX-001609,2024-02-16 15:05:00,2680.21,Vendor_049,Legal,Supplies,Check,Emp_085,INV-2024-0001312,0,normal
TX-001610,2024-02-16 15:22:00,3257.86,Vendor_105,Sales,Payroll,Wire,Emp_101,INV-2024-0001314,0,normal
TX-001611,2024-02-16 15:29:00,675.72,Vendor_055,Marketing,IT,Card,Emp_060,INV-2024-0001300,0,normal
TX-001612,2024-02-16 15:47:00,4083.28,Vendor_120,Sales,Travel,ACH,Emp_091,INV-2024-0001292,0,normal
TX-001613,2024-02-16 15:51:00,1421.21,Vendor_065,Operations,Supplies,Wire,Emp_073,INV-2024-0001286,0,normal
TX-001614,2024-02-16 15:51:00,1064.76,Vendor_011,Marketing,Supplies,Check,Emp_059,INV-2024-0001284,0,normal
TX-001615,2024-02-16 15:57:00,29718.66,Vendor_120,HR,Travel,Check,Emp_020,INV-2024-0002103,1,high_amount
TX-001616,2024-02-16 16:13:00,1559.03,Vendor_008,Finance,Operations,Check,Emp_015,INV-2024-0001295,0,normal
TX-001617,2024-02-16 16:33:00,2118.5,Vendor_064,Finance,Consulting,ACH,Emp_008,INV-2024-0001309,0,normal
TX-001618,2024-02-16 16:54:00,1973.77,Vendor_033,Finance,Payroll,Wire,Emp_005,INV-2024-0001278,0,normal
TX-001619,2024-02-16 17:08:00,3724.6,Vendor_003,Operations,Consulting,Check,Emp_062,INV-2024-0001313,0,normal
TX-001620,2024-02-16 17:11:00,2290.0,Vendor_013,Finance,IT,Check,Emp_004,INV-2024-0002210,1,split_payment
TX-001621,2024-02-16 17:13:00,3739.46,Vendor_003,Operations,Consulting,Card,Emp_064,INV-2024-0001236,1,duplicate_invoice
TX-001622,2024-02-16 17:43:00,2158.76,Vendor_002,Support,Supplies,Card,Emp_110,INV-2024-0001301,0,normal
TX-001623,2024-02-16 17:57:00,993.73,Vendor_046,IT,Payroll,ACH,Emp_035,INV-2024-0001289,0,normal
TX-001624,2024-02-16 18:28:00,13647.07,Vendor_103,Marketing,Supplies,ACH,Emp_047,INV-2024-0001306,0,normal
TX-001625,2024-02-16 18:59:00,1354.95,Vendor_058,Sales,Payroll,Card,Emp_099,INV-2024-0001279,0,normal
TX-001626,2024-02-16 19:51:00,1071.58,Vendor_011,Marketing,Supplies,Check,Emp_060,INV-2014-0001284,1,fuzzy_duplicate
TX-001627,2024-02-16 20:45:00,3185.83,Vendor_105,Sales,Payroll,Wire,Emp_101,INV-2024-0002141,1,same_day_burst
TX-001628,2024-02-17 02:40:00,4100.43,Vendor_031,IT,IT,Check,Emp_037,INV-2024-0001247,1,duplicate_invoice
TX-001629,2024-02-17 04:00:00,976.4,Vendor_056,Support,Payroll,Check,Emp_111,INV-2024-0001308,1,duplicate_invoice
TX-001630,2024-02-17 05:07:00,1379.67,Vendor_112,IT,Supplies,ACH,Emp_036,INV-2024-0001240,1,duplicate_invoice
TX-001631,2024-02-17 06:49:00,6364.78,Vendor_100,IT,Operations,Wire,Emp_045,INV-2024-0002117,1,payment_method_switch
TX-001632,2024-02-17 07:15:00,6803.35,Vendor_016,HR,Payroll,Check,Emp_020,INV-2024-0002335,1,payment_method_switch
TX-001633,2024-02-17 07:33:00,2070.89,Vendor_008,IT,Operations,Wire,Emp_044,INV-2024-0001326,0,normal
TX-001634,2024-02-17 07:35:00,19640.52,Vendor_068,Operations,Supplies,Check,Emp_066,INV-2024-0002159,1,high_amount
TX-001635,2024-02-17 08:01:00,2180.44,Vendor_074,Finance,IT,Wire,Emp_002,INV-2024-0002104,1,vendor_department_shift
TX-001636,2024-02-17 08:24:00,2616.68,Vendor_012,Finance,Travel,Card,Emp_005,INV-2024-0001320,0,normal
TX-001637,2024-02-17 09:30:00,2269.34,Vendor_102,Marketing,Travel,ACH,Emp_052,INV-2024-0001318,0,normal
TX-001638,2024-02-17 11:04:00,4665.27,Vendor_074,Support,Consulting,ACH,Emp_117,INV-2024-0001973,1,high_amount
TX-001639,2024-02-17 12:10:00,3371.29,Vendor_026,IT,Consulting,Check,Emp_043,INV-2024-0001321,0,normal
TX-001640,2024-02-17 12:18:00,2009.8,Vendor_114,HR,Travel,Check,Emp_022,INV-2024-0001328,0,normal
TX-001641,2024-02-17 12:21:00,3524.12,Vendor_021,Marketing,Travel,Check,Emp_057,INV-2024-0001322,0,normal
TX-001642,2024-02-17 12:40:00,5573.03,Vendor_004,Marketing,Travel,Check,Emp_060,INV-2024-0001325,0,normal
TX-001643,2024-02-17 13:02:00,745.5,Vendor_062,HR,IT,ACH,Emp_024,INV-2024-0001324,0,normal
TX-001644,2024-02-17 14:15:00,3112.07,Vendor_025,HR,Payroll,Check,Emp_018,INV-2024-0001327,0,normal
TX-001645,2024-02-17 14:22:00,1583.39,Vendor_051,Finance,Operations,Card,Emp_009,INV-2024-0002167,1,vendor_department_shift
TX-001646,2024-02-17 14:39:00,2984.31,Vendor_071,Operations,Operations,Wire,Emp_069,INV-2024-0001319,0,normal
TX-001647,2024-02-17 15:56:00,16426.29,Vendor_106,Sales,Supplies,Check,Emp_105,INV-2024-0002281,1,vendor_department_shift
TX-001648,2024-02-17 16:51:00,670.81,Vendor_008,Finance,Operations,Wire,Emp_002,INV-2024-0001323,0,normal
TX-001649,2024-02-17 20:41:00,692.78,Vendor_008,Finance,Operations,Wire,Emp_002,INV-2024-0002027,1,same_day_burst
TX-001650,2024-02-18 02:33:00,2111.87,Vendor_064,Finance,Consulting,ACH,Emp_005,INV-1024-0001309,1,fuzzy_duplicate
TX-001651,2024-02-18 04:02:00,9608.47,Vendor_083,HR,IT,ACH,Emp_023,INV-2024-0002346,1,high_amount
TX-001652,2024-02-18 09:03:00,2050.0,Vendor_114,HR,Travel,Wire,Emp_026,INV-2024-0001336,0,normal
TX-001653,2024-02-18 09:20:00,3216.42,Vendor_098,Operations,IT,Wire,Emp_071,INV-2024-0001341,0,normal
TX-001654,2024-02-18 11:06:00,1717.82,Vendor_032,HR,Consulting,ACH,Emp_029,INV-2024-0001339,0,normal
TX-001655,2024-02-18 11:31:00,2169.6,Vendor_040,Marketing,Supplies,Check,Emp_047,INV-2024-0001337,0,normal
TX-001656,2024-02-18 12:21:00,2374.02,Vendor_049,Legal,Supplies,ACH,Emp_085,INV-2024-0001335,0,normal
TX-001657,2024-02-18 12:35:00,609.58,Vendor_077,Legal,IT,Check,Emp_086,INV-2024-0001334,0,normal
TX-001658,2024-02-18 12:56:00,4119.26,Vendor_101,Operations,Operations,Card,Emp_069,INV-2024-0001340,0,normal
TX-001659,2024-02-18 13:22:00,1779.12,Vendor_021,Marketing,Operations,Check,Emp_052,INV-2024-0001331,0,normal
TX-001660,2024-02-18 13:39:00,19617.09,Vendor_072,Operations,Operations,Check,Emp_061,INV-2024-0002075,1,high_amount
TX-001661,2024-02-18 14:44:00,8502.8,Vendor_054,Marketing,Supplies,ACH,Emp_049,INV-2024-0001333,0,normal
TX-001662,2024-02-18 14:50:00,3533.53,Vendor_049,Legal,Supplies,Wire,Emp_083,INV-2024-0001342,0,normal
TX-001663,2024-02-18 15:50:00,537.62,Vendor_089,Finance,Operations,ACH,Emp_003,INV-2024-0001330,0,normal
TX-001664,2024-02-18 16:10:00,2746.07,Vendor_050,Support,IT,Wire,Emp_118,INV-2024-0001329,0,normal
TX-001665,2024-02-18 16:39:00,5345.79,Vendor_078,Support,Travel,Wire,Emp_118,INV-2024-0001338,0,normal
TX-001666,2024-02-18 16:53:00,865.22,Vendor_096,Finance,IT,Check,Emp_006,INV-2024-0001332,0,normal
TX-001667,2024-02-18 17:29:00,1323.08,Vendor_088,Sales,Supplies,Check,Emp_096,INV-2024-0001343,0,normal
TX-001668,2024-02-18 21:07:00,19028.81,Vendor_016,HR,Supplies,Check,Emp_017,INV-2024-0002223,1,high_amount
TX-001669,2024-02-19 06:33:00,5872.53,Vendor_017,HR,Travel,Check,Emp_025,INV-2024-0002202,1,high_amount
TX-001670,2024-02-19 08:12:00,2844.74,Vendor_100,IT,Supplies,ACH,Emp_032,INV-2024-0001345,0,normal
TX-001671,2024-02-19 09:59:00,1647.47,Vendor_013,Finance,Consulting,Card,Emp_001,INV-2024-0001344,0,normal
TX-001672,2024-02-19 10:02:00,2490.47,Vendor_090,HR,Operations,Wire,Emp_019,INV-2024-0001351,0,normal
TX-001673,2024-02-19 10:17:00,4023.56,Vendor_101,Operations,Consulting,ACH,Emp_070,INV-2024-0001357,0,normal
TX-001674,2024-02-19 10:36:00,1953.38,Vendor_081,Finance,Supplies,Check,Emp_005,INV-2024-0001353,0,normal
TX-001675,2024-02-19 10:49:00,775.99,Vendor_115,Operations,Travel,Check,Emp_075,INV-2024-0001356,0,normal
TX-001676,2024-02-19 10:59:00,3352.17,Vendor_111,HR,Consulting,ACH,Emp_022,INV-2024-0002310,1,high_amount
TX-001677,2024-02-19 11:24:00,1238.36,Vendor_091,HR,Operations,Check,Emp_023,INV-2024-0001349,0,normal
TX-001678,2024-02-19 11:29:00,1097.29,Vendor_011,Marketing,Supplies,ACH,Emp_048,INV-2024-0001348,0,normal
TX-001679,2024-02-19 11:30:00,2399.96,Vendor_081,Finance,Supplies,Card,Emp_005,INV-2024-0001355,0,normal
TX-001680,2024-02-19 11:40:00,1621.74,Vendor_043,Finance,Consulting,ACH,Emp_015,INV-2024-0001354,0,normal
TX-001681,2024-02-19 11:49:00,2659.78,Vendor_093,Sales,Payroll,ACH,Emp_100,INV-2024-0001369,0,normal
TX-001682,2024-02-19 12:08:00,5840.96,Vendor_120,HR,Payroll,Wire,Emp_021,INV-2024-0001363,0,normal
TX-001683,2024-02-19 12:09:00,4607.25,Vendor_097,Legal,IT,Wire,Emp_083,INV-2024-0001367,0,normal
TX-001684,2024-02-19 12:14:00,573.35,Vendor_046,Legal,IT,Check,Emp_090,INV-2024-0002127,1,vendor_department_shift
TX-001685,2024-02-19 12:33:00,1770.22,Vendor_008,Finance,Travel,Wire,Emp_009,INV-2024-0001359,0,normal
TX-001686,2024-02-19 13:12:00,4760.94,Vendor_068,Sales,Supplies,ACH,Emp_095,INV-2024-0001364,0,normal
TX-001687,2024-02-19 13:19:00,3067.58,Vendor_018,Legal,Supplies,ACH,Emp_089,INV-2024-0001352,0,normal
TX-001688,2024-02-19 13:30:00,3932.19,Vendor_044,Legal,Supplies,Wire,Emp_089,INV-2024-0001360,0,normal
TX-001689,2024-02-19 13:35:00,7174.13,Vendor_021,Legal,Payroll,Card,Emp_079,INV-2024-0002157,1,vendor_department_shift
TX-001690,2024-02-19 13:57:00,3807.1,Vendor_021,Marketing,Travel,Check,Emp_051,INV-2024-0001358,0,normal
TX-001691,2024-02-19 14:01:00,3695.82,Vendor_003,Operations,Operations,ACH,Emp_068,INV-2024-0001361,0,normal
TX-001692,2024-02-19 15:23:00,11539.52,Vendor_114,HR,Travel,Wire,Emp_017,INV-2024-0002309,1,high_amount
TX-001693,2024-02-19 15:29:00,1720.76,Vendor_086,Support,Travel,Card,Emp_106,INV-2024-0001366,0,normal
TX-001694,2024-02-19 15:41:00,3147.19,Vendor_081,IT,Supplies,Card,Emp_037,INV-2024-0001365,0,normal
TX-001695,2024-02-19 15:59:00,4195.62,Vendor_072,Operations,Operations,Wire,Emp_073,INV-2024-0001350,0,normal
TX-001696,2024-02-19 16:08:00,2526.32,Vendor_059,Finance,IT,Check,Emp_001,INV-2024-0001346,0,normal
TX-001697,2024-02-19 16:30:00,3426.46,Vendor_021,Marketing,Travel,Check,Emp_054,INV-2024-0001347,0,normal
TX-001698,2024-02-19 16:33:00,723.29,Vendor_043,Finance,Travel,Check,Emp_015,INV-2024-0001370,0,normal
TX-001699,2024-02-19 17:41:00,3184.9,Vendor_081,IT,Supplies,Wire,Emp_040,INV-2024-0001365,1,duplicate_invoice
TX-001700,2024-02-19 17:53:00,945.46,Vendor_017,IT,Supplies,ACH,Emp_042,INV-2024-0001368,0,normal
TX-001701,2024-02-19 18:15:00,2998.12,Vendor_037,Sales,Consulting,Wire,Emp_092,INV-2024-0001362,0,normal
TX-001702,2024-02-19 18:31:00,25254.22,Vendor_068,Sales,Operations,Check,Emp_105,INV-2024-0002199,1,high_amount
TX-001703,2024-02-19 18:35:00,1141.73,Vendor_085,Legal,Consulting,Card,Emp_088,INV-2024-0002036,1,payment_method_switch
TX-001704,2024-02-20 08:01:00,2603.62,Vendor_026,IT,Operations,Check,Emp_045,INV-2024-0001374,0,normal
TX-001705,2024-02-20 08:09:00,990.78,Vendor_056,Support,IT,Check,Emp_112,INV-2024-0001372,0,normal
TX-001706,2024-02-20 08:33:00,1276.57,Vendor_025,HR,Operations,ACH,Emp_022,INV-2024-0001386,0,normal
TX-001707,2024-02-20 09:09:00,12837.36,Vendor_082,Finance,Payroll,Wire,Emp_010,INV-2024-0001385,0,normal
TX-001708,2024-02-20 09:49:00,1242.68,Vendor_005,Sales,Consulting,Card,Emp_091,INV-2024-0001391,0,normal
TX-001709,2024-02-20 09:51:00,2900.0,Vendor_012,Finance,Payroll,Wire,Emp_008,INV-2024-0001371,0,normal
TX-001710,2024-02-20 10:05:00,11704.95,Vendor_002,IT,Supplies,ACH,Emp_032,INV-2024-0002254,1,high_amount
TX-001711,2024-02-20 10:10:00,6154.43,Vendor_120,HR,Travel,Wire,Emp_018,INV-2024-0001376,0,normal
TX-001712,2024-02-20 10:21:00,2081.48,Vendor_074,Support,Operations,ACH,Emp_106,INV-2024-0002343,1,payment_method_switch
TX-001713,2024-02-20 10:59:00,3597.23,Vendor_037,Sales,Supplies,Wire,Emp_096,INV-2024-0001381,0,normal
TX-001714,2024-02-20 11:09:00,3802.27,Vendor_037,Sales,Supplies,Check,Emp_096,INV-2024-0001388,0,normal
TX-001715,2024-02-20 11:21:00,1027.18,Vendor_010,Finance,IT,Wire,Emp_011,INV-2024-0001387,0,normal
TX-001716,2024-02-20 11:33:00,907.79,Vendor_084,HR,IT,ACH,Emp_023,INV-2024-0001394,0,normal
TX-001717,2024-02-20 12:00:00,9970.0,Vendor_012,Finance,Payroll,ACH,Emp_008,INV-2024-0002187,1,split_payment
TX-001718,2024-02-20 12:20:00,2483.54,Vendor_027,HR,Payroll,Card,Emp_022,INV-2024-0001380,0,normal
TX-001719,2024-02-20 12:59:00,9260.82,Vendor_076,Finance,Travel,Card,Emp_007,INV-2024-0001378,0,normal
TX-001720,2024-02-20 13:10:00,1098.43,Vendor_036,HR,IT,Wire,Emp_025,INV-2024-0001389,0,normal
TX-001721,2024-02-20 13:14:00,2101.17,Vendor_051,Legal,Payroll,ACH,Emp_085,INV-2024-0001373,0,normal
TX-001722,2024-02-20 13:48:00,2415.58,Vendor_003,Operations,IT,ACH,Emp_067,INV-2024-0001384,0,normal
TX-001723,2024-02-20 13:51:00,2500.93,Vendor_090,HR,Consulting,Card,Emp_023,INV-2024-0001393,0,normal
TX-001724,2024-02-20 14:02:00,14368.71,Vendor_021,Marketing,Travel,Card,Emp_057,INV-2024-0001979,1,high_amount
TX-001725,2024-02-20 14:56:00,2628.23,Vendor_081,Finance,Supplies,Wire,Emp_005,INV-2024-0001392,0,normal
TX-001726,2024-02-20 15:09:00,3758.08,Vendor_074,Support,Travel,ACH,Emp_107,INV-2024-0002272,1,high_amount
TX-001727,2024-02-20 15:11:00,970.7,Vendor_107,Legal,Consulting,Card,Emp_077,INV-2024-0001379,0,normal
TX-001728,2024-02-20 15:43:00,4573.75,Vendor_047,IT,IT,ACH,Emp_042,INV-2024-0001395,0,normal
TX-001729,2024-02-20 16:01:00,798.6,Vendor_110,Legal,Payroll,Card,Emp_079,INV-2024-0001382,0,normal
TX-001730,2024-02-20 16:04:00,3654.87,Vendor_018,Legal,Supplies,Wire,Emp_083,INV-2024-0001383,0,normal
TX-001731,2024-02-20 16:40:00,5791.31,Vendor_004,HR,Payroll,Check,Emp_020,INV-2024-0001375,0,normal
TX-001732,2024-02-20 17:59:00,6776.45,Vendor_120,HR,Travel,Wire,Emp_029,INV-2024-0001377,0,normal
TX-001733,2024-02-20 18:06:00,2399.17,Vendor_032,Finance,Consulting,ACH,Emp_002,INV-2024-0001390,0,normal
TX-001734,2024-02-20 18:41:00,2786.73,Vendor_119,Support,Supplies,Check,Emp_119,INV-2024-0002114,1,vendor_department_shift
TX-001735,2024-02-20 21:00:00,3402.51,Vendor_037,Sales,Supplies,Check,Emp_096,INV-2024-0002089,1,same_day_burst
TX-001736,2024-02-21 00:49:00,778.54,Vendor_115,Operations,Travel,Check,Emp_063,INV-2024-0001356,1,duplicate_invoice
TX-001737,2024-02-21 09:01:00,1956.2,Vendor_059,IT,Consulting,Check,Emp_034,INV-2024-0001412,0,normal
TX-001738,2024-02-21 09:14:00,679.27,Vendor_084,HR,Operations,Wire,Emp_025,INV-2024-0001410,0,normal
TX-001739,2024-02-21 09:18:00,2295.33,Vendor_049,Legal,Supplies,Wire,Emp_090,INV-2024-0001411,0,normal
TX-001740,2024-02-21 10:03:00,5101.67,Vendor_063,Finance,Travel,Wire,Emp_006,INV-2024-0001404,0,normal
TX-001741,2024-02-21 10:24:00,5210.04,Vendor_001,IT,Payroll,Card,Emp_042,INV-2024-0001409,0,normal
TX-001742,2024-02-21 10:37:00,4693.07,Vendor_014,HR,Supplies,Check,Emp_028,INV-2024-0001427,0,normal
TX-001743,2024-02-21 10:47:00,933.58,Vendor_036,Support,Operations,ACH,Emp_113,INV-2024-0001398,0,normal
TX-001744,2024-02-21 11:05:00,912.99,Vendor_022,Sales,Operations,Card,Emp_096,INV-2024-0001416,0,normal
TX-001745,2024-02-21 11:14:00,546.96,Vendor_096,Finance,IT,ACH,Emp_012,INV-2024-0001418,0,normal
TX-001746,2024-02-21 11:20:00,4285.64,Vendor_112,IT,Consulting,Check,Emp_039,INV-2024-0002008,1,payment_method_switch
TX-001747,2024-02-21 11:31:00,1927.49,Vendor_092,Support,Consulting,Check,Emp_110,INV-2024-0001421,0,normal
TX-001748,2024-02-21 11:31:00,612.88,Vendor_096,Finance,IT,Check,Emp_005,INV-2024-0001413,0,normal
TX-001749,2024-02-21 11:43:00,999.11,Vendor_010,Finance,Payroll,Wire,Emp_008,INV-2024-0001408,0,normal
TX-001750,2024-02-21 11:50:00,1926.63,Vendor_030,HR,IT,Card,Emp_020,INV-2024-0001423,0,normal
TX-001751,2024-02-21 12:03:00,10017.11,Vendor_076,Finance,Consulting,ACH,Emp_008,INV-2024-0001407,0,normal
TX-001752,2024-02-21 12:14:00,4179.44,Vendor_068,Sales,Supplies,ACH,Emp_095,INV-2024-0001422,0,normal
TX-001753,2024-02-21 12:24:00,3350.0,Vendor_030,HR,Supplies,Card,Emp_018,INV-2024-0001406,0,normal
TX-001754,2024-02-21 12:28:00,3427.3,Vendor_037,Sales,Supplies,Card,Emp_098,INV-2024-0001402,0,normal
TX-001755,2024-02-21 12:30:00,2409.32,Vendor_070,Support,Consulting,Card,Emp_113,INV-2024-0002042,1,payment_method_switch
TX-001756,2024-02-21 12:52:00,807.03,Vendor_066,IT,Payroll,ACH,Emp_036,INV-2024-0001426,0,normal
TX-001757,2024-02-21 13:00:00,2999.33,Vendor_063,Finance,Supplies,Wire,Emp_010,INV-2024-0001417,0,normal
TX-001758,2024-02-21 13:12:00,3131.7,Vendor_024,Support,Supplies,ACH,Emp_106,INV-2024-0001405,0,normal
TX-001759,2024-02-21 13:33:00,1237.13,Vendor_055,Marketing,IT,Card,Emp_056,INV-2024-0001424,0,normal
TX-001760,2024-02-21 13:45:00,698.48,Vendor_052,Operations,Payroll,Wire,Emp_065,INV-2024-0001414,0,normal
TX-001761,2024-02-21 13:48:00,1721.37,Vendor_083,HR,IT,Check,Emp_020,INV-2024-0001397,0,normal
TX-001762,2024-02-21 14:06:00,3877.27,Vendor_093,Finance,Consulting,ACH,Emp_007,INV-2024-0001396,0,normal
TX-001763,2024-02-21 14:09:00,1747.44,Vendor_002,IT,Supplies,Check,Emp_037,INV-2024-0001420,0,normal
TX-001764,2024-02-21 14:10:00,3743.88,Vendor_098,HR,IT,Card,Emp_029,INV-2024-0001401,0,normal
TX-001765,2024-02-21 14:27:00,7156.23,Vendor_017,IT,Supplies,Check,Emp_042,INV-2024-0002017,1,high_amount
TX-001766,2024-02-21 14:58:00,891.5,Vendor_096,Support,IT,ACH,Emp_116,INV-2024-0001399,0,normal
TX-001767,2024-02-21 15:09:00,1258.79,Vendor_086,Support,Payroll,Card,Emp_112,INV-2024-0001400,0,normal
TX-001768,2024-02-21 15:10:00,1149.0,Vendor_043,Finance,Travel,Check,Emp_005,INV-2024-0001403,0,normal
TX-001769,2024-02-21 15:58:00,3799.27,Vendor_021,IT,Travel,Card,Emp_035,INV-2024-0001425,0,normal
TX-001770,2024-02-21 16:11:00,715.64,Vendor_111,Sales,IT,Wire,Emp_102,INV-2024-0001415,0,normal
TX-001771,2024-02-21 16:37:00,8708.57,Vendor_054,Marketing,Consulting,ACH,Emp_052,INV-2024-0001419,0,normal
TX-001772,2024-02-21 17:26:00,4870.0,Vendor_036,Support,Operations,Wire,Emp_113,INV-2024-0002112,1,split_payment
TX-001773,2024-02-21 20:09:00,13057.72,Vendor_082,Finance,Payroll,Wire,Emp_010,INV-2024-0001385,1,duplicate_invoice
TX-001774,2024-02-21 22:49:00,17151.89,Vendor_037,Sales,Consulting,Card,Emp_092,INV-2024-0002011,1,high_amount
TX-001775,2024-02-22 06:57:00,3129.56,Vendor_030,HR,Travel,Check,Emp_022,INV-2024-0002233,1,payment_method_switch
TX-001776,2024-02-22 08:09:00,1946.64,Vendor_050,Operations,IT,ACH,Emp_063,INV-2024-0001448,0,normal
TX-001777,2024-02-22 08:54:00,5417.18,Vendor_106,Legal,IT,Check,Emp_081,INV-2024-0001456,0,normal
TX-001778,2024-02-22 10:05:00,2095.24,Vendor_001,Marketing,IT,Card,Emp_049,INV-2024-0001446,0,normal
TX-001779,2024-02-22 10:17:00,3617.43,Vendor_037,Sales,Supplies,ACH,Emp_104,INV-2024-0001453,0,normal
TX-001780,2024-02-22 10:20:00,2443.71,Vendor_059,IT,Consulting,Check,Emp_033,INV-2024-0001447,0,normal
TX-001781,2024-02-22 10:42:00,1927.89,Vendor_018,Legal,Supplies,ACH,Emp_083,INV-2024-0001435,0,normal
TX-001782,2024-02-22 10:48:00,3782.21,Vendor_072,Operations,Operations,Wire,Emp_062,INV-2024-0001437,0,normal
TX-001783,2024-02-22 10:50:00,646.93,Vendor_052,HR,Payroll,ACH,Emp_025,INV-2024-0001455,0,normal
TX-001784,2024-02-22 10:57:00,853.23,Vendor_010,Finance,IT,Wire,Emp_006,INV-2024-0001430,0,normal
TX-001785,2024-02-22 11:01:00,798.91,Vendor_110,Legal,Payroll,ACH,Emp_077,INV-2024-0231382,1,fuzzy_duplicate
TX-001786,2024-02-22 11:14:00,3589.35,Vendor_072,Operations,Payroll,Check,Emp_075,INV-2024-0001459,0,normal
TX-001787,2024-02-22 11:54:00,1122.93,Vendor_079,Finance,Travel,Check,Emp_004,INV-2024-0001432,0,normal
TX-001788,2024-02-22 11:57:00,1540.7,Vendor_019,HR,Consulting,Check,Emp_020,INV-2024-0001443,0,normal
TX-001789,2024-02-22 11:59:00,4179.98,Vendor_097,Legal,IT,Wire,Emp_082,INV-2024-0001457,0,normal
TX-001790,2024-02-22 12:18:00,6874.95,Vendor_063,Operations,IT,Wire,Emp_063,INV-2024-0002225,1,vendor_department_shift
TX-001791,2024-02-22 12:29:00,384.18,Vendor_085,Legal,Travel,Wire,Emp_085,INV-2024-0001436,0,normal
TX-001792,2024-02-22 12:46:00,1894.49,Vendor_039,HR,IT,ACH,Emp_020,INV-2024-0001431,0,normal
TX-001793,2024-02-22 12:46:00,1152.09,Vendor_055,Support,Supplies,Card,Emp_119,INV-2024-0001433,0,normal
TX-001794,2024-02-22 12:47:00,4910.0,Vendor_010,Finance,IT,ACH,Emp_006,INV-2024-0002325,1,split_payment
TX-001795,2024-02-22 12:51:00,1318.54,Vendor_074,Support,Consulting,Wire,Emp_115,INV-2024-0001449,0,normal
TX-001796,2024-02-22 12:52:00,9820.0,Vendor_037,Sales,Supplies,Card,Emp_104,INV-2024-0002111,1,split_payment
TX-001797,2024-02-22 12:56:00,1887.08,Vendor_080,Legal,Travel,Check,Emp_086,INV-2024-0001438,0,normal
TX-001798,2024-02-22 13:12:00,1836.73,Vendor_040,Marketing,Consulting,Check,Emp_060,INV-2024-0001452,0,normal
TX-001799,2024-02-22 13:18:00,425.67,Vendor_052,Operations,Payroll,Wire,Emp_073,INV-2024-0001439,0,normal
TX-001800,2024-02-22 13:25:00,1205.13,Vendor_066,Support,Payroll,Wire,Emp_112,INV-2024-0001445,0,normal
TX-001801,2024-02-22 13:32:00,1179.46,Vendor_058,Sales,Travel,Check,Emp_102,INV-2024-0001463,0,normal
TX-001802,2024-02-22 13:40:00,5760.06,Vendor_057,Support,Travel,Card,Emp_117,INV-2024-0001458,0,normal
TX-001803,2024-02-22 13:50:00,1599.15,Vendor_049,Legal,Supplies,ACH,Emp_082,INV-2024-0001429,0,normal
TX-001804,2024-02-22 13:55:00,3348.33,Vendor_063,Finance,Payroll,Card,Emp_007,INV-2024-0001450,0,normal
TX-001805,2024-02-22 14:09:00,6031.52,Vendor_001,IT,Payroll,Card,Emp_038,INV-2024-0001461,0,normal
TX-001806,2024-02-22 14:10:00,1722.14,Vendor_066,Support,IT,Card,Emp_114,INV-2024-0001444,0,normal
TX-001807,2024-02-22 14:34:00,901.75,Vendor_096,Finance,IT,Check,Emp_005,INV-2024-0001454,0,normal
TX-001808,2024-02-22 14:35:00,4600.0,Vendor_014,HR,Travel,ACH,Emp_022,INV-2024-0001460,0,normal
TX-001809,2024-02-22 14:53:00,4250.25,Vendor_073,Finance,Payroll,ACH,Emp_012,INV-2024-0001440,0,normal
TX-001810,2024-02-22 14:54:00,397.08,Vendor_052,Operations,Payroll,Wire,Emp_073,INV-2024-0002204,1,same_day_burst
TX-001811,2024-02-22 14:56:00,1010.17,Vendor_092,Support,Consulting,Check,Emp_110,INV-2024-0001428,0,normal
TX-001812,2024-02-22 15:14:00,4583.19,Vendor_077,Legal,IT,ACH,Emp_086,INV-2024-0002240,1,high_amount
TX-001813,2024-02-22 15:31:00,1954.72,Vendor_092,Support,Consulting,Check,Emp_110,INV-2024-7001421,1,fuzzy_duplicate
TX-001814,2024-02-22 15:42:00,5295.81,Vendor_047,IT,Operations,Wire,Emp_042,INV-2024-0001462,0,normal
TX-001815,2024-02-22 15:51:00,1050.0,Vendor_110,Legal,Travel,Check,Emp_085,INV-2024-0001442,0,normal
TX-001816,2024-02-22 16:24:00,1734.6,Vendor_008,Operations,Consulting,Wire,Emp_066,INV-2024-0001451,0,normal
TX-001817,2024-02-22 16:42:00,454.84,Vendor_052,Operations,Payroll,Wire,Emp_073,INV-2024-0002165,1,same_day_burst
TX-001818,2024-02-22 17:03:00,2330.0,Vendor_001,IT,Payroll,ACH,Emp_038,INV-2024-0002227,1,split_payment
TX-001819,2024-02-22 17:10:00,1696.73,Vendor_066,Support,IT,Card,Emp_114,INV-2024-0002101,1,same_day_burst
TX-001820,2024-02-22 17:29:00,5164.78,Vendor_037,Sales,Supplies,Card,Emp_096,INV-2024-0001434,0,normal
TX-001821,2024-02-22 18:08:00,3557.71,Vendor_023,Operations,IT,ACH,Emp_064,INV-2024-0001441,0,normal
TX-001822,2024-02-22 18:59:00,3626.63,Vendor_037,Sales,Supplies,Wire,Emp_094,INV-2024-0301981,1,fuzzy_duplicate
TX-001823,2024-02-22 20:56:00,8253.97,Vendor_092,Support,Payroll,Wire,Emp_117,INV-2024-0002234,1,high_amount
TX-001824,2024-02-23 04:05:00,2074.07,Vendor_001,Marketing,IT,Card,Emp_052,INV-2024-0001446,1,duplicate_invoice
TX-001825,2024-02-23 05:09:00,1292.1,Vendor_086,Support,Payroll,Wire,Emp_109,INV-2024-0001400,1,duplicate_invoice
TX-001826,2024-02-23 07:46:00,3887.63,Vendor_060,Support,Operations,Check,Emp_120,INV-2024-0001469,0,normal
TX-001827,2024-02-23 07:51:00,2569.49,Vendor_090,HR,Consulting,Card,Emp_024,INV-2024-0001393,1,duplicate_invoice
TX-001828,2024-02-23 08:44:00,5472.41,Vendor_090,HR,Travel,ACH,Emp_023,INV-2024-0002043,1,payment_method_switch
TX-001829,2024-02-23 09:28:00,2448.86,Vendor_032,HR,Consulting,Card,Emp_017,INV-2024-0001478,0,normal
TX-001830,2024-02-23 09:37:00,1047.52,Vendor_011,Marketing,Supplies,ACH,Emp_059,INV-2024-0001483,0,normal
TX-001831,2024-02-23 09:42:00,1896.17,Vendor_018,Legal,Supplies,ACH,Emp_088,INV-2024-0001435,1,duplicate_invoice
TX-001832,2024-02-23 10:12:00,2249.66,Vendor_006,Finance,Operations,Check,Emp_010,INV-2024-0001488,0,normal
TX-001833,2024-02-23 10:40:00,1268.74,Vendor_022,Sales,Supplies,Card,Emp_103,INV-2024-0001492,0,normal
TX-001834,2024-02-23 10:42:00,1825.94,Vendor_092,Support,Payroll,Card,Emp_114,INV-2024-0001473,0,normal
TX-001835,2024-02-23 10:56:00,600.0,Vendor_079,Finance,Supplies,Wire,Emp_004,INV-2024-0001466,0,normal
TX-001836,2024-02-23 10:57:00,675.19,Vendor_011,Marketing,Supplies,ACH,Emp_056,INV-2024-0001472,0,normal
TX-001837,2024-02-23 10:58:00,1412.09,Vendor_001,IT,Operations,ACH,Emp_034,INV-2024-0001487,0,normal
TX-001838,2024-02-23 11:15:00,407.39,Vendor_085,Legal,Supplies,Check,Emp_079,INV-2024-0001491,0,normal
TX-001839,2024-02-23 11:57:00,2492.23,Vendor_056,Legal,Payroll,Card,Emp_081,INV-2024-0001475,0,normal
TX-001840,2024-02-23 12:06:00,1494.49,Vendor_036,HR,Operations,ACH,Emp_030,INV-2024-0001489,0,normal
TX-001841,2024-02-23 12:09:00,4000.0,Vendor_101,Operations,Operations,Wire,Emp_062,INV-2024-0001493,0,normal
TX-001842,2024-02-23 12:28:00,252.08,Vendor_052,Operations,Operations,ACH,Emp_068,INV-2024-0001494,0,normal
TX-001843,2024-02-23 12:43:00,3629.56,Vendor_037,Sales,Supplies,Check,Emp_099,INV-2024-0001486,0,normal
TX-001844,2024-02-23 13:23:00,4002.88,Vendor_047,IT,Supplies,Wire,Emp_032,INV-2024-0001471,0,normal
TX-001845,2024-02-23 13:24:00,2307.13,Vendor_114,HR,Travel,Check,Emp_028,INV-2024-0001468,0,normal
TX-001846,2024-02-23 13:28:00,2115.68,Vendor_067,Finance,Payroll,Wire,Emp_006,INV-2024-0001480,0,normal
TX-001847,2024-02-23 13:33:00,1492.77,Vendor_005,Sales,Travel,Card,Emp_104,INV-2024-0001474,0,normal
TX-001848,2024-02-23 13:38:00,1968.65,Vendor_026,IT,Operations,Card,Emp_037,INV-2024-0001467,0,normal
TX-001849,2024-02-23 14:00:00,4411.13,Vendor_025,HR,Operations,Card,Emp_026,INV-2024-0001485,0,normal
TX-001850,2024-02-23 14:14:00,1750.0,Vendor_109,IT,Consulting,ACH,Emp_043,INV-2024-0001465,0,normal
TX-001851,2024-02-23 14:26:00,1827.99,Vendor_058,Sales,Payroll,Card,Emp_091,INV-2024-0001464,0,normal
TX-001852,2024-02-23 14:34:00,818.72,Vendor_008,Finance,Operations,Card,Emp_014,INV-2024-0001479,0,normal
TX-001853,2024-02-23 14:43:00,4779.48,Vendor_035,HR,IT,Wire,Emp_029,INV-2024-0001481,0,normal
TX-001854,2024-02-23 14:54:00,1080.18,Vendor_008,IT,Travel,Wire,Emp_037,INV-2024-0001482,0,normal
TX-001855,2024-02-23 15:19:00,4676.52,Vendor_097,Marketing,Operations,ACH,Emp_057,INV-2024-0001476,0,normal
TX-001856,2024-02-23 15:30:00,907.18,Vendor_119,HR,Payroll,Wire,Emp_030,INV-2024-0001470,0,normal
TX-001857,2024-02-23 15:34:00,1429.21,Vendor_058,Sales,Payroll,Check,Emp_099,INV-2024-0001490,0,normal
TX-001858,2024-02-23 16:00:00,2044.43,Vendor_114,Marketing,Travel,ACH,Emp_053,INV-2024-0001477,0,normal
TX-001859,2024-02-23 16:45:00,4970.0,Vendor_036,HR,Operations,Wire,Emp_030,INV-2024-0002196,1,split_payment
TX-001860,2024-02-23 17:42:00,3707.37,Vendor_072,Operations,Operations,Card,Emp_061,INV-2024-0001484,0,normal
TX-001861,2024-02-23 17:56:00,9760.0,Vendor_058,Sales,Payroll,Wire,Emp_099,INV-2024-0002060,1,split_payment
TX-001862,2024-02-23 18:35:00,2133.38,Vendor_033,Finance,Payroll,Wire,Emp_013,INV-2024-0001495,0,normal
TX-001863,2024-02-23 18:38:00,1994.38,Vendor_026,IT,Operations,ACH,Emp_032,INV-2024-0001467,1,duplicate_invoice
TX-001864,2024-02-23 22:45:00,840.68,Vendor_011,Marketing,Supplies,ACH,Emp_056,INV-2024-0002219,1,same_day_burst
TX-001865,2024-02-24 01:05:00,924.72,Vendor_022,Sales,Operations,Card,Emp_097,INV-2024-0001416,1,duplicate_invoice
TX-001866,2024-02-24 05:53:00,4252.69,Vendor_055,Marketing,Travel,ACH,Emp_058,INV-2024-0001981,1,high_amount
TX-001867,2024-02-24 06:14:00,3625.98,Vendor_072,Operations,Payroll,Check,Emp_063,INV-2024-0001459,1,duplicate_invoice
TX-001868,2024-02-24 09:17:00,1804.36,Vendor_085,Operations,Supplies,Card,Emp_069,INV-2024-0002152,1,high_amount
TX-001869,2024-02-24 09:36:00,3499.02,Vendor_120,HR,Travel,Card,Emp_018,INV-2024-0001502,0,normal
TX-001870,2024-02-24 09:37:00,1183.95,Vendor_070,Operations,Supplies,Wire,Emp_068,INV-2024-0001498,0,normal
TX-001871,2024-02-24 09:40:00,1263.1,Vendor_022,Sales,Supplies,Check,Emp_105,INV-6124-0001492,1,fuzzy_duplicate
TX-001872,2024-02-24 10:03:00,970.85,Vendor_111,Sales,Supplies,ACH,Emp_099,INV-2024-0001507,0,normal
TX-001873,2024-02-24 10:42:00,3675.58,Vendor_072,Operations,Operations,Check,Emp_062,INV-2024-0001484,1,duplicate_invoice
TX-001874,2024-02-24 10:53:00,1785.89,Vendor_083,HR,IT,Card,Emp_025,INV-2024-0001499,0,normal
TX-001875,2024-02-24 11:11:00,774.74,Vendor_007,Marketing,Payroll,Check,Emp_052,INV-2024-0001505,0,normal
TX-001876,2024-02-24 11:31:00,2253.63,Vendor_114,HR,Travel,Wire,Emp_028,INV-2024-0001503,0,normal
TX-001877,2024-02-24 11:44:00,3541.87,Vendor_024,Support,Consulting,ACH,Emp_120,INV-2024-0001497,0,normal
TX-001878,2024-02-24 11:44:00,794.65,Vendor_055,Marketing,IT,Check,Emp_048,INV-2024-0001509,0,normal
TX-001879,2024-02-24 12:43:00,1077.97,Vendor_008,Finance,Consulting,Wire,Emp_013,INV-2024-0001501,0,normal
TX-001880,2024-02-24 13:24:00,4705.73,Vendor_001,IT,Operations,Card,Emp_039,INV-2024-0001496,0,normal
TX-001881,2024-02-24 14:28:00,1106.53,Vendor_043,Finance,Travel,Wire,Emp_005,INV-2024-0001512,0,normal
TX-001882,2024-02-24 14:45:00,1106.7,Vendor_077,Legal,Supplies,Check,Emp_079,INV-2024-0001511,0,normal
TX-001883,2024-02-24 15:16:00,16240.46,Vendor_037,Sales,Consulting,ACH,Emp_092,INV-2024-0002269,1,high_amount
TX-001884,2024-02-24 15:21:00,4702.32,Vendor_097,Sales,Operations,Wire,Emp_097,INV-2024-0001504,0,normal
TX-001885,2024-02-24 16:02:00,1375.24,Vendor_081,Finance,Supplies,Wire,Emp_014,INV-2024-0001508,0,normal
TX-001886,2024-02-24 16:09:00,1072.44,Vendor_055,IT,Payroll,Wire,Emp_038,INV-2024-0001510,0,normal
TX-001887,2024-02-24 17:12:00,1413.17,Vendor_114,HR,Travel,ACH,Emp_027,INV-2024-0001506,0,normal
TX-001888,2024-02-24 17:26:00,2558.5,Vendor_114,Sales,Supplies,Wire,Emp_103,INV-2024-0002312,1,vendor_department_shift
TX-001889,2024-02-24 18:37:00,786.09,Vendor_065,Operations,IT,Wire,Emp_062,INV-2024-0001500,0,normal
TX-001890,2024-02-24 21:43:00,1092.05,Vendor_008,Finance,Consulting,ACH,Emp_008,INV-2024-0001501,1,duplicate_invoice
TX-001891,2024-02-24 21:51:00,1313.26,Vendor_055,IT,Payroll,Wire,Emp_038,INV-2024-0002258,1,same_day_burst
TX-001892,2024-02-24 22:25:00,1215.89,Vendor_066,Support,Payroll,ACH,Emp_108,INV-1924-0001445,1,fuzzy_duplicate
TX-001893,2024-02-24 23:01:00,1731.8,Vendor_114,HR,Travel,ACH,Emp_027,INV-2024-0002226,1,same_day_burst
TX-001894,2024-02-25 04:42:00,3701.54,Vendor_072,Operations,Operations,Card,Emp_062,INV-2024-6001484,1,fuzzy_duplicate
TX-001895,2024-02-25 07:14:00,2062.07,Vendor_032,Legal,IT,Check,Emp_085,INV-2024-0002079,1,vendor_department_shift
TX-001896,2024-02-25 09:36:00,3742.54,Vendor_081,Finance,Supplies,Check,Emp_014,INV-2024-0001519,0,normal
TX-001897,2024-02-25 10:12:00,2848.11,Vendor_045,HR,IT,Card,Emp_023,INV-2024-0001513,0,normal
TX-001898,2024-02-25 10:32:00,1549.09,Vendor_013,Finance,Consulting,Card,Emp_009,INV-2024-0001521,0,normal
TX-001899,2024-02-25 11:44:00,359.09,Vendor_034,Legal,Payroll,ACH,Emp_078,INV-2024-0001518,0,normal
TX-001900,2024-02-25 12:00:00,1439.43,Vendor_017,IT,Consulting,Card,Emp_036,INV-2024-0001516,0,normal
TX-001901,2024-02-25 12:16:00,1537.48,Vendor_051,Legal,Payroll,ACH,Emp_087,INV-2024-0001522,0,normal
TX-001902,2024-02-25 12:22:00,5664.24,Vendor_106,Legal,IT,ACH,Emp_081,INV-2024-0001523,0,normal
TX-001903,2024-02-25 13:23:00,1889.38,Vendor_058,HR,Payroll,Card,Emp_030,INV-2024-0001524,0,normal
TX-001904,2024-02-25 13:24:00,15007.35,Vendor_037,Sales,Supplies,Card,Emp_099,INV-2024-0002156,1,high_amount
TX-001905,2024-02-25 14:02:00,1360.92,Vendor_114,HR,Travel,Check,Emp_022,INV-2024-0001515,0,normal
TX-001906,2024-02-25 14:46:00,1424.45,Vendor_064,Finance,Consulting,Card,Emp_001,INV-2024-0001526,0,normal
TX-001907,2024-02-25 14:55:00,1426.02,Vendor_043,Finance,Travel,Check,Emp_009,INV-2024-0001520,0,normal
TX-001908,2024-02-25 15:19:00,1694.25,Vendor_116,IT,IT,ACH,Emp_031,INV-2024-0001514,0,normal
TX-001909,2024-02-25 15:29:00,2732.01,Vendor_039,HR,Payroll,ACH,Emp_027,INV-2024-0001517,0,normal
TX-001910,2024-02-25 15:44:00,2109.65,Vendor_015,Support,Supplies,ACH,Emp_112,INV-2024-0001525,0,normal
TX-001911,2024-02-25 15:53:00,14126.48,Vendor_037,Sales,Supplies,Card,Emp_104,INV-2024-0002119,1,high_amount
TX-001912,2024-02-25 17:47:00,1794.84,Vendor_094,Finance,IT,ACH,Emp_010,INV-2024-0001527,0,normal
TX-001913,2024-02-25 18:08:00,14244.3,Vendor_098,Operations,IT,Check,Emp_071,INV-2024-0002333,1,high_amount
TX-001914,2024-02-25 18:17:00,4885.01,Vendor_030,Legal,Payroll,Wire,Emp_090,INV-2024-0002135,1,vendor_department_shift
TX-001915,2024-02-25 20:28:00,6872.92,Vendor_064,Finance,Consulting,Wire,Emp_008,INV-2024-0002014,1,high_amount
TX-001916,2024-02-26 07:13:00,3510.52,Vendor_056,Finance,Payroll,Wire,Emp_001,INV-2024-0001546,0,normal
TX-001917,2024-02-26 07:26:00,19973.32,Vendor_031,IT,IT,Check,Emp_033,INV-2024-0002183,1,high_amount
TX-001918,2024-02-26 08:40:00,2486.33,Vendor_008,Finance,Consulting,Wire,Emp_007,INV-2024-0001531,0,normal
TX-001919,2024-02-26 08:43:00,2102.7,Vendor_064,Finance,Consulting,Card,Emp_015,INV-2024-0001541,0,normal
TX-001920,2024-02-26 08:50:00,2787.35,Vendor_093,Sales,Payroll,Wire,Emp_103,INV-2024-0001555,0,normal
TX-001921,2024-02-26 09:21:00,449.52,Vendor_046,Sales,Payroll,ACH,Emp_099,INV-2024-0001549,0,normal
TX-001922,2024-02-26 09:23:00,2359.07,Vendor_003,Finance,Consulting,Wire,Emp_004,INV-2024-0001556,0,normal
TX-001923,2024-02-26 09:28:00,1594.62,Vendor_032,HR,Operations,Check,Emp_020,INV-2024-0001539,0,normal
TX-001924,2024-02-26 09:47:00,7972.93,Vendor_068,Sales,Payroll,Check,Emp_095,INV-2024-0002136,1,payment_method_switch
TX-001925,2024-02-26 10:03:00,1332.61,Vendor_008,Finance,Operations,Card,Emp_010,INV-2024-0001567,0,normal
TX-001926,2024-02-26 10:03:00,1625.19,Vendor_065,Operations,Consulting,ACH,Emp_061,INV-2024-0001533,0,normal
TX-001927,2024-02-26 10:19:00,4894.05,Vendor_004,HR,Operations,ACH,Emp_029,INV-2024-0001566,0,normal
TX-001928,2024-02-26 10:45:00,1151.5,Vendor_061,Legal,Travel,Card,Emp_089,INV-2024-0001547,0,normal
TX-001929,2024-02-26 10:46:00,1123.09,Vendor_091,HR,IT,Check,Emp_019,INV-2024-0001535,0,normal
TX-001930,2024-02-26 10:50:00,869.18,Vendor_112,IT,Supplies,ACH,Emp_041,INV-2024-0001542,0,normal
TX-001931,2024-02-26 11:03:00,1326.79,Vendor_065,Operations,Operations,ACH,Emp_067,INV-2024-0001532,0,normal
TX-001932,2024-02-26 11:06:00,2867.16,Vendor_067,Finance,Operations,Wire,Emp_002,INV-2024-0001534,0,normal
TX-001933,2024-02-26 11:22:00,625.33,Vendor_084,HR,Travel,Check,Emp_024,INV-2024-0001554,0,normal
TX-001934,2024-02-26 11:31:00,6667.91,Vendor_120,Marketing,Travel,ACH,Emp_048,INV-2024-0001565,0,normal
TX-001935,2024-02-26 11:53:00,3705.09,Vendor_055,Support,Supplies,ACH,Emp_119,INV-2024-0002139,1,high_amount
TX-001936,2024-02-26 12:03:00,2227.0,Vendor_008,Support,Operations,Wire,Emp_109,INV-2024-0001543,0,normal
TX-001937,2024-02-26 12:13:00,2941.37,Vendor_114,HR,Travel,Check,Emp_028,INV-2024-0001557,0,normal
TX-001938,2024-02-26 12:13:00,5756.94,Vendor_097,Legal,IT,Check,Emp_086,INV-2024-0001558,0,normal
TX-001939,2024-02-26 12:15:00,685.8,Vendor_058,Sales,Consulting,ACH,Emp_102,INV-2024-0001548,0,normal
TX-001940,2024-02-26 12:19:00,2143.3,Vendor_064,Finance,Supplies,Check,Emp_007,INV-2024-0001560,0,normal
TX-001941,2024-02-26 12:26:00,684.52,Vendor_084,HR,Travel,Check,Emp_017,INV-2024-0001564,0,normal
TX-001942,2024-02-26 12:28:00,1123.38,Vendor_091,Support,Operations,ACH,Emp_113,INV-2024-0001530,0,normal
TX-001943,2024-02-26 12:41:00,6510.41,Vendor_099,Sales,Consulting,Wire,Emp_100,INV-2024-0001540,0,normal
TX-001944,2024-02-26 13:15:00,2582.24,Vendor_050,Operations,Supplies,Wire,Emp_072,INV-2024-0001550,0,normal
TX-001945,2024-02-26 13:18:00,3051.82,Vendor_098,HR,IT,Card,Emp_019,INV-2024-0001552,0,normal
TX-001946,2024-02-26 13:19:00,4972.39,Vendor_001,IT,Supplies,Wire,Emp_033,INV-2024-0001536,0,normal
TX-001947,2024-02-26 13:31:00,3797.67,Vendor_081,Finance,Consulting,Wire,Emp_002,INV-2024-0001545,0,normal
TX-001948,2024-02-26 14:01:00,31799.66,Vendor_120,HR,Travel,Check,Emp_018,INV-2024-0002158,1,high_amount
TX-001949,2024-02-26 14:01:00,4630.92,Vendor_021,IT,Travel,Check,Emp_036,INV-2024-0001537,0,normal
TX-001950,2024-02-26 14:42:00,4670.42,Vendor_097,Legal,IT,ACH,Emp_076,INV-2024-0001528,0,normal
TX-001951,2024-02-26 14:53:00,1897.66,Vendor_060,Support,Operations,Check,Emp_109,INV-2024-0001553,0,normal
TX-001952,2024-02-26 15:03:00,914.15,Vendor_111,Sales,Supplies,Wire,Emp_103,INV-2024-0001561,0,normal
TX-001953,2024-02-26 15:25:00,9760.0,Vendor_064,Finance,Supplies,ACH,Emp_007,INV-2024-0002194,1,split_payment
TX-001954,2024-02-26 15:28:00,2540.09,Vendor_050,Support,IT,Wire,Emp_114,INV-2024-0001544,0,normal
TX-001955,2024-02-26 15:35:00,830.74,Vendor_096,Finance,IT,ACH,Emp_009,INV-2024-0001562,0,normal
TX-001956,2024-02-26 15:35:00,2650.22,Vendor_063,Legal,Travel,Card,Emp_089,INV-2024-0001559,0,normal
TX-001957,2024-02-26 16:20:00,1167.63,Vendor_079,Finance,Operations,ACH,Emp_001,INV-2024-0001551,0,normal
TX-001958,2024-02-26 16:23:00,1803.7,Vendor_013,Finance,IT,Wire,Emp_003,INV-2024-0001529,0,normal
TX-001959,2024-02-26 16:52:00,2522.53,Vendor_006,Finance,Travel,ACH,Emp_013,INV-2024-0001538,0,normal
TX-001960,2024-02-26 17:34:00,15677.73,Vendor_072,Operations,Operations,Card,Emp_073,INV-2024-0001967,1,high_amount
TX-001961,2024-02-26 18:18:00,2877.37,Vendor_006,Finance,Travel,ACH,Emp_012,INV-2024-0001563,0,normal
TX-001962,2024-02-26 19:14:00,1234.65,Vendor_091,Support,Operations,ACH,Emp_113,INV-2024-0002010,1,same_day_burst
TX-001963,2024-02-26 19:22:00,4910.0,Vendor_006,Finance,Travel,Wire,Emp_012,INV-2024-0001962,1,split_payment
TX-001964,2024-02-26 20:37:00,1200.15,Vendor_070,Operations,Supplies,Wire,Emp_071,INV-2024-0001498,1,duplicate_invoice
TX-001965,2024-02-26 21:34:00,3543.77,Vendor_006,Finance,Travel,ACH,Emp_012,INV-2024-0002178,1,same_day_burst
TX-001966,2024-02-26 21:52:00,4446.96,Vendor_097,Legal,IT,ACH,Emp_076,INV-2024-0001982,1,same_day_burst
TX-001967,2024-02-26 21:55:00,3787.13,Vendor_086,Support,Supplies,Wire,Emp_106,INV-2024-0002118,1,payment_method_switch
TX-001968,2024-02-26 22:08:00,4249.59,Vendor_097,Legal,IT,ACH,Emp_076,INV-2024-0002249,1,same_day_burst
TX-001969,2024-02-27 08:23:00,3557.3,Vendor_098,HR,IT,ACH,Emp_029,INV-2024-0001575,0,normal
TX-001970,2024-02-27 08:49:00,814.55,Vendor_079,Finance,Supplies,Card,Emp_009,INV-2024-0001579,0,normal
TX-001971,2024-02-27 09:26:00,2813.2,Vendor_105,Sales,Consulting,Wire,Emp_105,INV-2024-0001589,0,normal
TX-001972,2024-02-27 10:05:00,1000.41,Vendor_111,Sales,Supplies,Wire,Emp_099,INV-2024-0001587,0,normal
TX-001973,2024-02-27 10:36:00,2062.86,Vendor_002,IT,Supplies,Check,Emp_040,INV-2024-0001582,0,normal
TX-001974,2024-02-27 11:47:00,1974.03,Vendor_103,Marketing,Supplies,Wire,Emp_049,INV-2024-0001571,0,normal
TX-001975,2024-02-27 12:07:00,2115.03,Vendor_050,Operations,IT,Wire,Emp_064,INV-2024-0001569,0,normal
TX-001976,2024-02-27 12:37:00,5422.03,Vendor_101,Operations,Operations,Card,Emp_071,INV-2024-0001576,0,normal
TX-001977,2024-02-27 12:54:00,1739.76,Vendor_008,Finance,Operations,Wire,Emp_008,INV-2024-0001573,0,normal
TX-001978,2024-02-27 13:03:00,1042.42,Vendor_011,Marketing,Supplies,Check,Emp_046,INV-2024-0001572,0,normal
TX-001979,2024-02-27 13:10:00,400.0,Vendor_115,Operations,IT,ACH,Emp_069,INV-2024-0001588,0,normal
TX-001980,2024-02-27 13:12:00,2846.66,Vendor_093,Finance,Payroll,ACH,Emp_003,INV-2024-0001580,0,normal
TX-001981,2024-02-27 13:21:00,2275.3,Vendor_059,IT,Consulting,Check,Emp_031,INV-2024-0001581,0,normal
TX-001982,2024-02-27 13:58:00,2901.48,Vendor_051,Marketing,IT,Wire,Emp_046,INV-2024-0002326,1,vendor_department_shift
TX-001983,2024-02-27 14:00:00,925.88,Vendor_115,Operations,Travel,Check,Emp_064,INV-2024-0001568,0,normal
TX-001984,2024-02-27 14:21:00,2042.94,Vendor_003,Operations,IT,ACH,Emp_065,INV-2024-0001578,0,normal
TX-001985,2024-02-27 14:27:00,4640.95,Vendor_031,IT,IT,ACH,Emp_031,INV-2024-0001590,0,normal
TX-001986,2024-02-27 14:32:00,1317.32,Vendor_008,Finance,Operations,Wire,Emp_007,INV-2024-0001577,0,normal
TX-001987,2024-02-27 14:56:00,1586.12,Vendor_058,Sales,Consulting,Card,Emp_105,INV-2024-0001591,0,normal
TX-001988,2024-02-27 15:11:00,1755.86,Vendor_114,HR,Travel,Card,Emp_026,INV-2024-0001574,0,normal
TX-001989,2024-02-27 15:14:00,493.03,Vendor_062,HR,Supplies,ACH,Emp_030,INV-2024-0001592,0,normal
TX-001990,2024-02-27 16:42:00,3082.12,Vendor_113,Finance,IT,ACH,Emp_005,INV-2024-0001570,0,normal
TX-001991,2024-02-27 16:51:00,1381.12,Vendor_092,Support,Operations,Card,Emp_116,INV-2024-0001586,0,normal
TX-001992,2024-02-27 17:17:00,16965.92,Vendor_018,Legal,Supplies,Card,Emp_083,INV-2024-0001986,1,high_amount
TX-001993,2024-02-27 17:45:00,4417.22,Vendor_004,Marketing,Operations,Wire,Emp_048,INV-2024-0001584,0,normal
TX-001994,2024-02-27 18:15:00,1834.56,Vendor_094,Finance,IT,Check,Emp_001,INV-2024-0001583,0,normal
TX-001995,2024-02-27 18:32:00,795.83,Vendor_110,Legal,Consulting,Card,Emp_086,INV-2024-0001585,0,normal
TX-001996,2024-02-27 19:33:00,4970.0,Vendor_094,Finance,IT,Wire,Emp_001,INV-2024-0002200,1,split_payment
TX-001997,2024-02-28 06:45:00,3443.8,Vendor_077,Legal,IT,Wire,Emp_086,INV-2024-0002007,1,high_amount
TX-001998,2024-02-28 09:04:00,4291.19,Vendor_060,Support,Operations,Check,Emp_120,INV-2024-0001620,0,normal
TX-001999,2024-02-28 09:24:00,1002.01,Vendor_077,Legal,IT,Check,Emp_085,INV-2024-0001593,0,normal
TX-002000,2024-02-28 09:35:00,6850.78,Vendor_097,Legal,IT,ACH,Emp_076,INV-2024-0001606,0,normal
TX-002001,2024-02-28 10:12:00,3297.37,Vendor_037,IT,Supplies,Check,Emp_043,INV-2024-0001610,0,normal
TX-002002,2024-02-28 10:22:00,4890.0,Vendor_097,Legal,IT,Card,Emp_076,INV-2024-0001988,1,split_payment
TX-002003,2024-02-28 10:36:00,2119.12,Vendor_002,IT,Supplies,Check,Emp_035,INV-2024-0001582,1,duplicate_invoice
TX-002004,2024-02-28 10:47:00,3853.56,Vendor_019,IT,Travel,ACH,Emp_031,INV-2024-0001989,1,vendor_department_shift
TX-002005,2024-02-28 10:49:00,3867.43,Vendor_014,Sales,Travel,Check,Emp_092,INV-2024-0001601,0,normal
TX-002006,2024-02-28 11:26:00,1137.94,Vendor_011,Marketing,Supplies,Check,Emp_057,INV-2024-0001609,0,normal
TX-002007,2024-02-28 11:28:00,1574.73,Vendor_032,HR,Operations,Card,Emp_021,INV-2024-0001539,1,duplicate_invoice
TX-002008,2024-02-28 11:45:00,7264.87,Vendor_120,HR,Travel,ACH,Emp_029,INV-2024-0001600,0,normal
TX-002009,2024-02-28 12:01:00,3294.59,Vendor_002,Support,Operations,Wire,Emp_110,INV-2024-0002142,1,vendor_department_shift
TX-002010,2024-02-28 12:04:00,3015.26,Vendor_056,Legal,IT,Wire,Emp_078,INV-2024-0001598,0,normal
TX-002011,2024-02-28 12:07:00,787.61,Vendor_055,Marketing,Payroll,Card,Emp_051,INV-2024-0001617,0,normal
TX-002012,2024-02-28 12:30:00,943.41,Vendor_053,Sales,Supplies,Wire,Emp_102,INV-2024-0001612,0,normal
TX-002013,2024-02-28 12:56:00,9203.86,Vendor_054,Marketing,Supplies,Card,Emp_055,INV-2024-0001596,0,normal
TX-002014,2024-02-28 13:50:00,1785.79,Vendor_075,Operations,Travel,ACH,Emp_075,INV-2024-0001613,0,normal
TX-002015,2024-02-28 13:58:00,1173.54,Vendor_079,Finance,Operations,Card,Emp_009,INV-2024-0001603,0,normal
TX-002016,2024-02-28 14:09:00,4053.71,Vendor_004,Marketing,Operations,Card,Emp_050,INV-2024-0001594,0,normal
TX-002017,2024-02-28 14:17:00,1548.3,Vendor_061,Sales,IT,Wire,Emp_096,INV-2024-0001607,0,normal
TX-002018,2024-02-28 14:17:00,1659.65,Vendor_119,HR,Payroll,Card,Emp_018,INV-2024-0001597,0,normal
TX-002019,2024-02-28 14:20:00,1609.65,Vendor_119,HR,Operations,ACH,Emp_028,INV-2024-0001604,0,normal
TX-002020,2024-02-28 14:22:00,2479.72,Vendor_026,IT,Operations,Check,Emp_044,INV-2024-0001621,0,normal
TX-002021,2024-02-28 14:23:00,2318.55,Vendor_003,Finance,Consulting,Card,Emp_011,INV-2024-0001556,1,duplicate_invoice
TX-002022,2024-02-28 14:49:00,1024.31,Vendor_070,Operations,Supplies,Wire,Emp_075,INV-2024-0001616,0,normal
TX-002023,2024-02-28 14:58:00,1911.5,Vendor_013,Finance,Payroll,ACH,Emp_013,INV-2024-0001599,0,normal
TX-002024,2024-02-28 15:04:00,2019.2,Vendor_114,HR,Travel,Card,Emp_023,INV-2024-0001595,0,normal
TX-002025,2024-02-28 15:19:00,999.1,Vendor_020,Marketing,IT,Card,Emp_060,INV-2024-0001619,0,normal
TX-002026,2024-02-28 15:35:00,1047.92,Vendor_065,Operations,Payroll,Check,Emp_074,INV-2024-0001608,0,normal
TX-002027,2024-02-28 16:35:00,949.02,Vendor_077,Legal,Supplies,ACH,Emp_077,INV-2024-0001622,0,normal
TX-002028,2024-02-28 16:54:00,2350.0,Vendor_050,Operations,IT,ACH,Emp_064,INV-2024-0001611,0,normal
TX-002029,2024-02-28 17:00:00,420.73,Vendor_085,Legal,Supplies,Check,Emp_085,INV-2024-0001605,0,normal
TX-002030,2024-02-28 17:31:00,1050.0,Vendor_053,Sales,IT,Card,Emp_094,INV-2024-0001618,0,normal
TX-002031,2024-02-28 17:37:00,4131.76,Vendor_047,Support,Consulting,Wire,Emp_114,INV-2024-0001602,0,normal
TX-002032,2024-02-28 18:04:00,5027.62,Vendor_004,Marketing,Travel,ACH,Emp_054,INV-2024-0001614,0,normal
TX-002033,2024-02-28 18:20:00,424.68,Vendor_043,Finance,Payroll,Check,Emp_002,INV-2024-0001615,0,normal
TX-002034,2024-02-28 18:53:00,3967.56,Vendor_068,Sales,Supplies,Wire,Emp_104,INV-2024-0001623,0,normal
TX-002035,2024-02-28 20:18:00,4960.0,Vendor_053,Sales,IT,Check,Emp_094,INV-2024-0001972,1,split_payment
TX-002036,2024-02-28 20:56:00,943.48,Vendor_077,Legal,Supplies,ACH,Emp_077,INV-2024-0002275,1,same_day_burst
TX-002037,2024-02-28 22:35:00,853.67,Vendor_096,Finance,IT,ACH,Emp_009,INV-2024-0001562,1,duplicate_invoice
TX-002038,2024-02-28 23:28:00,1635.67,Vendor_032,HR,Operations,Card,Emp_018,INV-2024-0001539,1,duplicate_invoice
TX-002039,2024-02-29 03:31:00,1053.85,Vendor_053,Sales,IT,Card,Emp_100,INV-2024-0001618,1,duplicate_invoice
TX-002040,2024-02-29 07:37:00,3534.29,Vendor_093,Finance,Travel,Card,Emp_005,INV-2024-0001642,0,normal
TX-002041,2024-02-29 08:04:00,4383.02,Vendor_060,Support,Operations,Card,Emp_113,INV-2024-0001620,1,duplicate_invoice
TX-002042,2024-02-29 08:33:00,915.89,Vendor_110,Legal,Travel,Check,Emp_084,INV-2024-0001647,0,normal
TX-002043,2024-02-29 08:58:00,1336.62,Vendor_075,Operations,Travel,Card,Emp_068,INV-2024-0001639,0,normal
TX-002044,2024-02-29 09:13:00,3006.33,Vendor_081,Finance,Supplies,Wire,Emp_013,INV-2024-0001650,0,normal
TX-002045,2024-02-29 09:16:00,705.76,Vendor_019,HR,Operations,ACH,Emp_024,INV-2024-0001640,0,normal
TX-002046,2024-02-29 09:39:00,4707.67,Vendor_068,Sales,Payroll,ACH,Emp_094,INV-2024-0001641,0,normal
TX-002047,2024-02-29 09:54:00,1727.93,Vendor_092,Support,Consulting,ACH,Emp_107,INV-2024-0001626,0,normal
TX-002048,2024-02-29 10:21:00,2589.32,Vendor_008,Finance,Operations,ACH,Emp_007,INV-2024-0001638,0,normal
TX-002049,2024-02-29 10:44:00,3563.18,Vendor_081,IT,Supplies,Check,Emp_032,INV-2024-0001645,0,normal
TX-002050,2024-02-29 10:59:00,2181.1,Vendor_059,IT,IT,Check,Emp_031,INV-2024-0001646,0,normal
TX-002051,2024-02-29 11:00:00,2599.52,Vendor_012,Finance,Payroll,Wire,Emp_003,INV-2024-0001643,0,normal
TX-002052,2024-02-29 11:06:00,6273.78,Vendor_120,Sales,Travel,Check,Emp_099,INV-2024-0001636,0,normal
TX-002053,2024-02-29 11:12:00,5856.16,Vendor_019,HR,Consulting,Card,Emp_020,INV-2024-0002108,1,high_amount
TX-002054,2024-02-29 11:15:00,1997.07,Vendor_109,Marketing,IT,Check,Emp_058,INV-2024-0001966,1,vendor_department_shift
TX-002055,2024-02-29 11:28:00,1774.63,Vendor_090,HR,Consulting,Wire,Emp_025,INV-2024-0001644,0,normal
TX-002056,2024-02-29 11:28:00,4120.16,Vendor_097,Legal,IT,Wire,Emp_088,INV-2024-0001651,0,normal
TX-002057,2024-02-29 11:43:00,857.98,Vendor_010,Finance,IT,Wire,Emp_006,INV-2024-0001649,0,normal
TX-002058,2024-02-29 11:45:00,12780.71,Vendor_038,IT,Consulting,Wire,Emp_038,INV-2024-0001637,0,normal
TX-002059,2024-02-29 11:46:00,1088.05,Vendor_092,Support,Operations,Card,Emp_118,INV-2024-0001630,0,normal
TX-002060,2024-02-29 12:09:00,5093.07,Vendor_031,Sales,IT,Wire,Emp_092,INV-2024-0001632,0,normal
TX-002061,2024-02-29 12:15:00,1623.51,Vendor_022,Sales,Operations,ACH,Emp_104,INV-2024-0001628,0,normal
TX-002062,2024-02-29 12:22:00,3904.98,Vendor_024,Support,Supplies,ACH,Emp_120,INV-2024-0001648,0,normal
TX-002063,2024-02-29 12:57:00,821.16,Vendor_079,Finance,Supplies,ACH,Emp_007,INV-2024-0001652,0,normal
TX-002064,2024-02-29 13:08:00,3091.19,Vendor_105,Finance,IT,Wire,Emp_001,INV-2024-0001625,0,normal
TX-002065,2024-02-29 13:19:00,4112.17,Vendor_081,IT,Supplies,Check,Emp_032,INV-2024-0001970,1,same_day_burst
TX-002066,2024-02-29 13:32:00,1436.97,Vendor_061,Sales,Consulting,ACH,Emp_095,INV-2024-0001624,0,normal
TX-002067,2024-02-29 13:32:00,4820.0,Vendor_120,Sales,Travel,Card,Emp_099,INV-2024-0002300,1,split_payment
TX-002068,2024-02-29 14:50:00,700.85,Vendor_096,Marketing,IT,Check,Emp_050,INV-2024-0001634,0,normal
TX-002069,2024-02-29 15:53:00,1796.16,Vendor_053,Sales,IT,Card,Emp_101,INV-2024-0001627,0,normal
TX-002070,2024-02-29 16:36:00,3546.94,Vendor_047,IT,Travel,Wire,Emp_043,INV-2024-0001635,0,normal
TX-002071,2024-02-29 16:37:00,1536.93,Vendor_094,IT,IT,Check,Emp_037,INV-2024-0001631,0,normal
TX-002072,2024-02-29 16:38:00,4745.48,Vendor_066,Support,Payroll,ACH,Emp_112,INV-2024-0002293,1,high_amount
TX-002073,2024-02-29 17:06:00,2287.81,Vendor_042,Legal,IT,ACH,Emp_088,INV-2024-0001633,0,normal
TX-002074,2024-02-29 17:22:00,2187.32,Vendor_042,Legal,Payroll,Card,Emp_087,INV-2024-0001629,0,normal
TX-002075,2024-03-01 03:17:00,1580.7,Vendor_061,Sales,IT,Check,Emp_104,INV-2024-0001607,1,duplicate_invoice
TX-002076,2024-03-01 07:54:00,3821.11,Vendor_031,IT,Payroll,Wire,Emp_039,INV-2024-0001673,0,normal
TX-002077,2024-03-01 08:17:00,1246.09,Vendor_005,Support,Travel,Wire,Emp_111,INV-2024-0001657,0,normal
TX-002078,2024-03-01 08:59:00,2134.94,Vendor_060,Support,Consulting,Check,Emp_107,INV-2024-0001671,0,normal
TX-002079,2024-03-01 09:28:00,4165.56,Vendor_014,Sales,Supplies,Check,Emp_105,INV-2024-0001662,0,normal
TX-002080,2024-03-01 09:39:00,1174.29,Vendor_036,Support,IT,Wire,Emp_115,INV-2024-0001680,0,normal
TX-002081,2024-03-01 09:44:00,717.24,Vendor_046,Operations,Supplies,Check,Emp_073,INV-2024-0001653,0,normal
TX-002082,2024-03-01 09:46:00,2162.37,Vendor_120,Sales,Travel,Card,Emp_102,INV-2024-0001684,0,normal
TX-002083,2024-03-01 09:58:00,779.63,Vendor_077,Sales,Supplies,ACH,Emp_091,INV-2024-0001674,0,normal
TX-002084,2024-03-01 10:01:00,5531.32,Vendor_055,Marketing,IT,ACH,Emp_056,INV-2024-0002019,1,high_amount
TX-002085,2024-03-01 10:10:00,9384.19,Vendor_076,Finance,Consulting,ACH,Emp_002,INV-2024-0001667,0,normal
TX-002086,2024-03-01 10:13:00,2160.86,Vendor_024,Support,Travel,ACH,Emp_113,INV-2024-0001666,0,normal
TX-002087,2024-03-01 10:23:00,2365.53,Vendor_045,HR,IT,ACH,Emp_024,INV-2024-0001658,0,normal
TX-002088,2024-03-01 10:25:00,1243.09,Vendor_005,Sales,Consulting,Wire,Emp_094,INV-2024-0001655,0,normal
TX-002089,2024-03-01 10:35:00,3692.67,Vendor_018,Legal,Supplies,Card,Emp_085,INV-2024-0001661,0,normal
TX-002090,2024-03-01 10:41:00,8908.9,Vendor_037,Finance,Operations,ACH,Emp_015,INV-2024-0002057,1,vendor_department_shift
TX-002091,2024-03-01 10:50:00,872.31,Vendor_111,Sales,Consulting,Wire,Emp_105,INV-2024-0001676,0,normal
TX-002092,2024-03-01 10:54:00,1347.62,Vendor_080,Legal,Travel,Card,Emp_088,INV-2024-0001683,0,normal
TX-002093,2024-03-01 11:15:00,2925.11,Vendor_012,Finance,Travel,Card,Emp_014,INV-2024-0001681,0,normal
TX-002094,2024-03-01 11:22:00,3510.66,Vendor_097,Legal,IT,Card,Emp_080,INV-2024-0001660,0,normal
TX-002095,2024-03-01 11:49:00,9826.46,Vendor_076,Finance,Consulting,Card,Emp_009,INV-2024-0001656,0,normal
TX-002096,2024-03-01 11:59:00,3613.33,Vendor_026,IT,Operations,Wire,Emp_039,INV-2024-0001679,0,normal
TX-002097,2024-03-01 12:29:00,3398.52,Vendor_010,Finance,Payroll,Card,Emp_008,INV-2024-0002318,1,high_amount
TX-002098,2024-03-01 12:29:00,555.67,Vendor_115,Finance,Supplies,ACH,Emp_003,INV-2024-0001670,0,normal
TX-002099,2024-03-01 12:38:00,882.81,Vendor_070,Support,Operations,ACH,Emp_108,INV-2024-0001677,0,normal
TX-002100,2024-03-01 12:53:00,3410.67,Vendor_100,IT,Supplies,ACH,Emp_034,INV-2024-0001682,0,normal
TX-002101,2024-03-01 13:38:00,6636.62,Vendor_095,Finance,Travel,Check,Emp_004,INV-2024-0001678,0,normal
TX-002102,2024-03-01 14:01:00,1875.84,Vendor_056,Legal,IT,Card,Emp_086,INV-2024-0001664,0,normal
TX-002103,2024-03-01 14:31:00,4731.45,Vendor_100,IT,Supplies,ACH,Emp_031,INV-2024-0001669,0,normal
TX-002104,2024-03-01 14:40:00,398.24,Vendor_046,Sales,Travel,ACH,Emp_104,INV-2024-0001675,0,normal
TX-002105,2024-03-01 14:52:00,4880.0,Vendor_095,Finance,Travel,ACH,Emp_004,INV-2024-0002252,1,split_payment
TX-002106,2024-03-01 14:58:00,1981.15,Vendor_048,Operations,IT,ACH,Emp_062,INV-2024-0001659,0,normal
TX-002107,2024-03-01 15:21:00,3108.36,Vendor_049,Legal,Supplies,ACH,Emp_090,INV-2024-0001672,0,normal
TX-002108,2024-03-01 15:22:00,2505.45,Vendor_002,IT,Supplies,ACH,Emp_039,INV-2024-0001663,0,normal
TX-002109,2024-03-01 15:34:00,1224.32,Vendor_008,Finance,Consulting,Wire,Emp_001,INV-2024-0001654,0,normal
TX-002110,2024-03-01 16:14:00,7600.37,Vendor_054,Marketing,Consulting,Card,Emp_059,INV-2024-0001685,0,normal
TX-002111,2024-03-01 17:13:00,867.76,Vendor_052,Operations,Consulting,Check,Emp_061,INV-2024-0001668,0,normal
TX-002112,2024-03-01 18:13:00,3864.52,Vendor_097,Legal,IT,Wire,Emp_078,INV-2024-0001665,0,normal
TX-002113,2024-03-01 18:16:00,4998.49,Vendor_100,IT,Supplies,ACH,Emp_031,INV-2024-0002260,1,same_day_burst
TX-002114,2024-03-01 18:38:00,5031.44,Vendor_100,IT,Supplies,ACH,Emp_031,INV-2024-0002164,1,same_day_burst
TX-002115,2024-03-01 18:39:00,9930.0,Vendor_008,Finance,Consulting,Check,Emp_001,INV-2024-0002033,1,split_payment
TX-002116,2024-03-01 21:03:00,4096.33,Vendor_097,Legal,IT,Wire,Emp_078,INV-2024-0001980,1,same_day_burst
TX-002117,2024-03-02 03:58:00,1161.14,Vendor_079,Finance,Operations,Wire,Emp_014,INV-2024-0001603,1,duplicate_invoice
TX-002118,2024-03-02 06:46:00,1781.01,Vendor_036,Support,Payroll,Check,Emp_113,INV-2024-0002290,1,payment_method_switch
TX-002119,2024-03-02 09:03:00,1412.09,Vendor_058,Sales,Consulting,Wire,Emp_099,INV-2024-0001688,0,normal
TX-002120,2024-03-02 09:16:00,1949.07,Vendor_013,Finance,IT,Card,Emp_008,INV-2024-0001690,0,normal
TX-002121,2024-03-02 10:48:00,2688.65,Vendor_029,Marketing,Consulting,Card,Emp_049,INV-2024-0001693,0,normal
TX-002122,2024-03-02 12:09:00,7127.2,Vendor_004,Operations,Supplies,Card,Emp_074,INV-2024-0002250,1,vendor_department_shift
TX-002123,2024-03-02 12:56:00,2910.48,Vendor_101,Operations,Consulting,Card,Emp_069,INV-2024-0001687,0,normal
TX-002124,2024-03-02 14:39:00,10039.18,Vendor_103,Marketing,Travel,Card,Emp_046,INV-2024-0001689,0,normal
TX-002125,2024-03-02 14:50:00,2281.39,Vendor_002,IT,Travel,Card,Emp_032,INV-2024-0001692,0,normal
TX-002126,2024-03-02 15:03:00,2196.56,Vendor_111,IT,Operations,Check,Emp_041,INV-2024-0002143,1,vendor_department_shift
TX-002127,2024-03-02 15:41:00,40199.5,Vendor_076,Finance,Consulting,Check,Emp_008,INV-2024-0002189,1,high_amount
TX-002128,2024-03-02 15:46:00,1095.03,Vendor_092,Support,Operations,Card,Emp_106,INV-2024-0001630,1,duplicate_invoice
TX-002129,2024-03-02 16:37:00,1200.0,Vendor_061,Sales,IT,Card,Emp_098,INV-2024-0001691,0,normal
TX-002130,2024-03-02 16:48:00,3071.54,Vendor_025,HR,Payroll,Check,Emp_017,INV-2024-0001686,0,normal
TX-002131,2024-03-02 17:42:00,6368.32,Vendor_024,Sales,Operations,ACH,Emp_104,INV-2024-0002274,1,vendor_department_shift
TX-002132,2024-03-02 19:44:00,711.44,Vendor_046,Operations,Supplies,Check,Emp_064,INV-2024-0021653,1,fuzzy_duplicate
TX-002133,2024-03-03 06:26:00,12466.25,Vendor_049,Legal,Supplies,Check,Emp_090,INV-2024-0002265,1,high_amount
TX-002134,2024-03-03 08:04:00,16808.31,Vendor_081,IT,Supplies,ACH,Emp_032,INV-2024-0002181,1,high_amount
TX-002135,2024-03-03 08:34:00,1248.8,Vendor_008,Finance,Consulting,Wire,Emp_013,INV-2024-0001654,1,duplicate_invoice
TX-002136,2024-03-03 08:51:00,2332.11,Vendor_083,Finance,Operations,Card,Emp_001,INV-2024-0001985,1,vendor_department_shift
TX-002137,2024-03-03 09:04:00,25397.84,Vendor_001,IT,Payroll,ACH,Emp_042,INV-2024-0001961,1,high_amount
TX-002138,2024-03-03 09:10:00,2042.94,Vendor_081,Finance,Supplies,Card,Emp_014,INV-2024-0001702,0,normal
TX-002139,2024-03-03 10:29:00,1005.53,Vendor_084,HR,Travel,Wire,Emp_017,INV-2024-0001705,0,normal
TX-002140,2024-03-03 10:58:00,1391.99,Vendor_005,Sales,Travel,Card,Emp_100,INV-2024-0001696,0,normal
TX-002141,2024-03-03 11:48:00,385.36,Vendor_085,Legal,Supplies,Check,Emp_079,INV-2024-0001694,0,normal
TX-002142,2024-03-03 12:23:00,4197.9,Vendor_003,Operations,IT,Check,Emp_071,INV-2024-0001697,0,normal
TX-002143,2024-03-03 12:25:00,2771.47,Vendor_027,Legal,Payroll,Card,Emp_089,INV-2024-0001704,0,normal
TX-002144,2024-03-03 12:32:00,395.36,Vendor_087,Marketing,Operations,Card,Emp_053,INV-2024-0001701,0,normal
TX-002145,2024-03-03 12:39:00,10261.71,Vendor_008,IT,Travel,ACH,Emp_037,INV-2024-0002090,1,high_amount
TX-002146,2024-03-03 12:51:00,3840.91,Vendor_010,Finance,IT,ACH,Emp_006,INV-2024-0002338,1,high_amount
TX-002147,2024-03-03 12:59:00,824.57,Vendor_074,Support,Payroll,Wire,Emp_117,INV-2024-0001698,0,normal
TX-002148,2024-03-03 13:34:00,1970.29,Vendor_114,Marketing,Travel,Card,Emp_049,INV-2024-0001699,0,normal
TX-002149,2024-03-03 15:16:00,1508.29,Vendor_011,Marketing,IT,Card,Emp_056,INV-2024-0002344,1,payment_method_switch
TX-002150,2024-03-03 15:49:00,1277.96,Vendor_119,HR,Payroll,Card,Emp_017,INV-2024-0001695,0,normal
TX-002151,2024-03-03 15:57:00,381.5,Vendor_085,Operations,Travel,Wire,Emp_065,INV-2024-0001700,0,normal
TX-002152,2024-03-03 17:11:00,1555.07,Vendor_114,Marketing,Travel,Check,Emp_053,INV-2024-0001703,0,normal
TX-002153,2024-03-03 19:53:00,4510.7,Vendor_010,Finance,IT,Card,Emp_006,INV-2024-0002004,1,high_amount
TX-002154,2024-03-03 22:54:00,8605.89,Vendor_097,Legal,Supplies,Card,Emp_078,INV-2024-0001983,1,payment_method_switch
TX-002155,2024-03-04 07:39:00,10150.8,Vendor_103,Marketing,Travel,Check,Emp_060,INV-2024-0001689,1,duplicate_invoice
TX-002156,2024-03-04 08:36:00,3208.3,Vendor_014,Sales,Travel,ACH,Emp_102,INV-2024-0001727,0,normal
TX-002157,2024-03-04 09:04:00,1501.22,Vendor_029,Marketing,Travel,Wire,Emp_046,INV-2024-0001732,0,normal
TX-002158,2024-03-04 09:06:00,1726.98,Vendor_083,HR,IT,Check,Emp_028,INV-2024-0001728,0,normal
TX-002159,2024-03-04 09:21:00,6364.56,Vendor_004,Marketing,Operations,Card,Emp_057,INV-2024-0001717,0,normal
TX-002160,2024-03-04 10:00:00,3354.77,Vendor_024,Support,Supplies,ACH,Emp_112,INV-2024-0001731,0,normal
TX-002161,2024-03-04 10:01:00,2985.87,Vendor_026,IT,Operations,Check,Emp_036,INV-2024-0001710,0,normal
TX-002162,2024-03-04 10:20:00,1700.17,Vendor_048,Sales,Operations,Check,Emp_092,INV-2024-0001719,0,normal
TX-002163,2024-03-04 10:31:00,1462.22,Vendor_066,Support,Consulting,Card,Emp_112,INV-2024-0001733,0,normal
TX-002164,2024-03-04 10:43:00,2547.91,Vendor_027,Legal,Payroll,Card,Emp_089,INV-2024-0001714,0,normal
TX-002165,2024-03-04 10:57:00,1463.42,Vendor_029,Marketing,Travel,Check,Emp_053,INV-2024-0001730,0,normal
TX-002166,2024-03-04 11:09:00,6546.22,Vendor_038,IT,IT,ACH,Emp_041,INV-2024-0001736,0,normal
TX-002167,2024-03-04 11:09:00,2256.18,Vendor_045,IT,IT,Wire,Emp_038,INV-2024-0001735,0,normal
TX-002168,2024-03-04 11:17:00,5090.72,Vendor_098,HR,Supplies,Check,Emp_019,INV-2024-0002002,1,payment_method_switch
TX-002169,2024-03-04 11:18:00,4870.0,Vendor_029,Marketing,Travel,Check,Emp_046,INV-2024-0002016,1,split_payment
TX-002170,2024-03-04 11:22:00,3331.94,Vendor_067,Finance,Operations,Wire,Emp_008,INV-2024-0001718,0,normal
TX-002171,2024-03-04 11:43:00,6778.61,Vendor_038,IT,IT,Card,Emp_043,INV-2024-0001706,0,normal
TX-002172,2024-03-04 12:02:00,863.61,Vendor_070,Support,Supplies,ACH,Emp_118,INV-2024-0001709,0,normal
TX-002173,2024-03-04 12:07:00,6998.18,Vendor_038,Operations,IT,Card,Emp_065,INV-2024-0001708,0,normal
TX-002174,2024-03-04 12:29:00,851.15,Vendor_055,Marketing,IT,Wire,Emp_048,INV-2024-0001734,0,normal
TX-002175,2024-03-04 12:31:00,1547.02,Vendor_029,Marketing,Travel,Check,Emp_053,INV-2024-0002151,1,same_day_burst
TX-002176,2024-03-04 12:33:00,2732.91,Vendor_024,Marketing,IT,Check,Emp_048,INV-2024-0001726,0,normal
TX-002177,2024-03-04 12:52:00,2488.05,Vendor_042,Legal,IT,ACH,Emp_082,INV-2024-0001707,0,normal
TX-002178,2024-03-04 13:08:00,3124.0,Vendor_101,Operations,Travel,Card,Emp_069,INV-2024-0001712,0,normal
TX-002179,2024-03-04 13:11:00,1117.96,Vendor_114,HR,Travel,Check,Emp_027,INV-2024-0001722,0,normal
TX-002180,2024-03-04 13:39:00,6692.08,Vendor_078,Support,Travel,Card,Emp_108,INV-2024-0001721,0,normal
TX-002181,2024-03-04 13:43:00,10869.73,Vendor_076,Operations,Consulting,Wire,Emp_067,INV-2024-0001711,0,normal
TX-002182,2024-03-04 13:51:00,4485.08,Vendor_031,IT,IT,Wire,Emp_044,INV-2024-0001713,0,normal
TX-002183,2024-03-04 14:07:00,3356.35,Vendor_003,Operations,IT,Card,Emp_071,INV-2024-0001725,0,normal
TX-002184,2024-03-04 14:31:00,1281.71,Vendor_029,Marketing,Travel,Check,Emp_053,INV-2024-0001968,1,same_day_burst
TX-002185,2024-03-04 15:26:00,4810.0,Vendor_078,Support,Travel,ACH,Emp_108,INV-2024-0002232,1,split_payment
TX-002186,2024-03-04 15:42:00,3578.86,Vendor_098,HR,IT,Card,Emp_016,INV-2024-0001715,0,normal
TX-002187,2024-03-04 16:26:00,2683.09,Vendor_050,Operations,IT,Wire,Emp_066,INV-2024-0001720,0,normal
TX-002188,2024-03-04 16:41:00,2250.0,Vendor_073,Sales,IT,ACH,Emp_103,INV-2024-0001724,0,normal
TX-002189,2024-03-04 16:48:00,979.07,Vendor_111,Support,Payroll,Wire,Emp_108,INV-2024-0001729,0,normal
TX-002190,2024-03-04 18:15:00,438.33,Vendor_034,Legal,Payroll,ACH,Emp_085,INV-2024-0001723,0,normal
TX-002191,2024-03-04 18:30:00,2007.42,Vendor_012,Finance,Payroll,Wire,Emp_011,INV-2024-0001716,0,normal
TX-002192,2024-03-04 19:05:00,3744.25,Vendor_059,IT,Travel,ACH,Emp_031,INV-2024-0002000,1,payment_method_switch
TX-002193,2024-03-04 22:54:00,5940.14,Vendor_038,Operations,IT,Card,Emp_065,INV-2024-0002083,1,same_day_burst
TX-002194,2024-03-04 23:25:00,2820.79,Vendor_027,Legal,Payroll,Wire,Emp_078,INV-2024-0001704,1,duplicate_invoice
TX-002195,2024-03-05 07:07:00,3715.86,Vendor_100,IT,Supplies,ACH,Emp_032,INV-2024-0001754,0,normal
TX-002196,2024-03-05 07:08:00,2478.8,Vendor_059,IT,Payroll,Card,Emp_042,INV-2024-0001762,0,normal
TX-002197,2024-03-05 07:23:00,752.28,Vendor_074,Support,Travel,ACH,Emp_113,INV-2024-0001760,0,normal
TX-002198,2024-03-05 08:53:00,707.24,Vendor_084,HR,IT,Check,Emp_019,INV-2024-0001752,0,normal
TX-002199,2024-03-05 09:08:00,2039.06,Vendor_045,IT,IT,Wire,Emp_043,INV-2024-0001759,0,normal
TX-002200,2024-03-05 09:32:00,10096.82,Vendor_045,HR,IT,Card,Emp_024,INV-2024-0002172,1,high_amount
TX-002201,2024-03-05 09:32:00,307.49,Vendor_085,Legal,Travel,Check,Emp_087,INV-2024-0001758,0,normal
TX-002202,2024-03-05 09:33:00,2738.99,Vendor_024,Marketing,IT,Check,Emp_053,INV-2024-0001726,1,duplicate_invoice
TX-002203,2024-03-05 09:38:00,3673.43,Vendor_037,Finance,Supplies,Check,Emp_007,INV-2024-0001742,0,normal
TX-002204,2024-03-05 10:04:00,2283.6,Vendor_050,Operations,IT,ACH,Emp_066,INV-2024-0001747,0,normal
TX-002205,2024-03-05 10:16:00,10122.46,Vendor_038,Operations,IT,ACH,Emp_065,INV-2024-0001743,0,normal
TX-002206,2024-03-05 10:20:00,5967.59,Vendor_120,HR,Travel,Wire,Emp_020,INV-2024-0001753,0,normal
TX-002207,2024-03-05 10:32:00,1355.06,Vendor_066,IT,Consulting,Card,Emp_045,INV-2024-0001737,0,normal
TX-002208,2024-03-05 10:41:00,1761.82,Vendor_009,Legal,Payroll,Card,Emp_084,INV-2024-0001739,0,normal
TX-002209,2024-03-05 10:43:00,2991.14,Vendor_113,Finance,IT,Check,Emp_003,INV-2024-0001738,0,normal
TX-002210,2024-03-05 11:45:00,3456.94,Vendor_027,Legal,Payroll,ACH,Emp_084,INV-2024-0001761,0,normal
TX-002211,2024-03-05 11:47:00,9930.0,Vendor_084,HR,IT,ACH,Emp_019,INV-2024-0001996,1,split_payment
TX-002212,2024-03-05 11:59:00,1089.73,Vendor_005,Sales,Consulting,Wire,Emp_102,INV-2024-0001749,0,normal
TX-002213,2024-03-05 12:16:00,12287.92,Vendor_120,Sales,Payroll,Card,Emp_099,INV-2024-0002039,1,payment_method_switch
TX-002214,2024-03-05 12:20:00,1229.74,Vendor_070,HR,IT,ACH,Emp_026,INV-2024-0001745,0,normal
TX-002215,2024-03-05 12:34:00,1391.48,Vendor_005,Sales,Consulting,Card,Emp_105,INV-2024-0001755,0,normal
TX-002216,2024-03-05 12:36:00,1435.06,Vendor_017,Finance,Supplies,Check,Emp_002,INV-2024-0001740,0,normal
TX-002217,2024-03-05 12:45:00,1760.28,Vendor_061,Sales,Consulting,Card,Emp_092,INV-2024-0001765,0,normal
TX-002218,2024-03-05 13:04:00,6812.65,Vendor_061,Sales,Consulting,Check,Emp_095,INV-2024-0002251,1,high_amount
TX-002219,2024-03-05 13:30:00,1042.25,Vendor_077,Legal,Payroll,Check,Emp_089,INV-2024-0001750,0,normal
TX-002220,2024-03-05 13:41:00,490.92,Vendor_096,IT,IT,Check,Emp_037,INV-2024-0001764,0,normal
TX-002221,2024-03-05 14:32:00,11471.94,Vendor_076,Finance,Consulting,Check,Emp_005,INV-2024-0001741,0,normal
TX-002222,2024-03-05 14:38:00,2844.98,Vendor_071,Operations,Operations,Card,Emp_061,INV-2024-0001763,0,normal
TX-002223,2024-03-05 14:38:00,8208.48,Vendor_076,Finance,Travel,Check,Emp_004,INV-2024-0001744,0,normal
TX-002224,2024-03-05 15:20:00,2139.13,Vendor_056,Legal,Payroll,ACH,Emp_081,INV-2024-0001751,0,normal
TX-002225,2024-03-05 15:37:00,223.7,Vendor_052,Operations,Operations,Check,Emp_061,INV-2024-0001756,0,normal
TX-002226,2024-03-05 15:56:00,1221.31,Vendor_055,Support,Supplies,Wire,Emp_112,INV-2024-0001748,0,normal
TX-002227,2024-03-05 16:25:00,703.31,Vendor_077,Legal,IT,Check,Emp_089,INV-2024-0001746,0,normal
TX-002228,2024-03-05 17:46:00,4746.95,Vendor_097,Legal,IT,Check,Emp_086,INV-2024-0001757,0,normal
TX-002229,2024-03-06 04:52:00,6579.95,Vendor_014,Marketing,Payroll,ACH,Emp_055,INV-2024-0001977,1,vendor_department_shift
TX-002230,2024-03-06 06:59:00,848.01,Vendor_085,Marketing,Operations,Card,Emp_058,INV-2024-0002170,1,vendor_department_shift
TX-002231,2024-03-06 07:45:00,1348.02,Vendor_058,Sales,Consulting,ACH,Emp_103,INV-2024-0001792,0,normal
TX-002232,2024-03-06 09:44:00,714.8,Vendor_087,Marketing,Payroll,ACH,Emp_057,INV-2024-0001787,0,normal
TX-002233,2024-03-06 10:05:00,3808.8,Vendor_024,Support,Operations,Card,Emp_113,INV-2024-0001998,1,payment_method_switch
TX-002234,2024-03-06 10:11:00,1290.17,Vendor_043,Finance,Operations,Card,Emp_013,INV-2024-0001774,0,normal
TX-002235,2024-03-06 10:25:00,2051.12,Vendor_032,HR,Payroll,Check,Emp_026,INV-2024-0001769,0,normal
TX-002236,2024-03-06 11:00:00,985.83,Vendor_107,Legal,IT,Wire,Emp_077,INV-2024-0001773,0,normal
TX-002237,2024-03-06 11:05:00,1524.27,Vendor_074,Support,Travel,Wire,Emp_113,INV-2024-0001768,0,normal
TX-002238,2024-03-06 11:49:00,3891.12,Vendor_097,Legal,IT,Card,Emp_083,INV-2024-0001788,0,normal
TX-002239,2024-03-06 12:08:00,3726.38,Vendor_037,Sales,Supplies,Wire,Emp_094,INV-2024-0001777,0,normal
TX-002240,2024-03-06 12:12:00,2094.99,Vendor_002,IT,Payroll,Check,Emp_037,INV-2024-0001781,0,normal
TX-002241,2024-03-06 12:26:00,1704.15,Vendor_105,Sales,Consulting,Wire,Emp_096,INV-2024-0001789,0,normal
TX-002242,2024-03-06 12:52:00,2764.49,Vendor_059,IT,Consulting,Check,Emp_031,INV-2024-0001791,0,normal
TX-002243,2024-03-06 13:09:00,1736.97,Vendor_094,Finance,IT,Wire,Emp_006,INV-2024-0001770,0,normal
TX-002244,2024-03-06 13:41:00,1332.86,Vendor_013,Finance,Consulting,Card,Emp_005,INV-2024-0001766,0,normal
TX-002245,2024-03-06 14:01:00,1684.82,Vendor_032,HR,Operations,ACH,Emp_020,INV-2024-0001767,0,normal
TX-002246,2024-03-06 14:13:00,5146.58,Vendor_097,Legal,IT,Wire,Emp_080,INV-2024-0001772,0,normal
TX-002247,2024-03-06 14:18:00,688.85,Vendor_089,Finance,Operations,ACH,Emp_010,INV-2024-0001783,0,normal
TX-002248,2024-03-06 14:46:00,1321.27,Vendor_109,IT,Consulting,Wire,Emp_044,INV-2024-0001780,0,normal
TX-002249,2024-03-06 14:49:00,1581.0,Vendor_008,Operations,Travel,Wire,Emp_067,INV-2024-0001785,0,normal
TX-002250,2024-03-06 14:51:00,3868.97,Vendor_095,Finance,Travel,Wire,Emp_001,INV-2024-0001775,0,normal
TX-002251,2024-03-06 15:23:00,1712.99,Vendor_032,HR,Consulting,ACH,Emp_025,INV-2024-0001786,0,normal
TX-002252,2024-03-06 15:29:00,1854.93,Vendor_059,IT,IT,Check,Emp_035,INV-2024-0001776,0,normal
TX-002253,2024-03-06 15:34:00,5461.54,Vendor_120,HR,Travel,ACH,Emp_023,INV-2024-0001779,0,normal
TX-002254,2024-03-06 15:46:00,1753.94,Vendor_056,Legal,Payroll,ACH,Emp_087,INV-2024-0001778,0,normal
TX-002255,2024-03-06 15:59:00,3987.06,Vendor_025,IT,Travel,Wire,Emp_031,INV-2024-0001784,0,normal
TX-002256,2024-03-06 16:09:00,2359.99,Vendor_003,Operations,Consulting,ACH,Emp_065,INV-2024-0001782,0,normal
TX-002257,2024-03-06 16:41:00,6185.99,Vendor_097,Legal,IT,Wire,Emp_080,INV-2024-0002023,1,same_day_burst
TX-002258,2024-03-06 16:47:00,846.0,Vendor_052,Operations,Consulting,ACH,Emp_061,INV-2024-0001771,0,normal
TX-002259,2024-03-06 17:50:00,1545.58,Vendor_059,IT,IT,Check,Emp_035,INV-2024-0002263,1,same_day_burst
TX-002260,2024-03-06 17:55:00,4920.0,Vendor_032,HR,Operations,Check,Emp_020,INV-2024-0002030,1,split_payment
TX-002261,2024-03-06 18:10:00,396.23,Vendor_022,Sales,Supplies,ACH,Emp_103,INV-2024-0001790,0,normal
TX-002262,2024-03-06 18:32:00,964.59,Vendor_070,Support,Supplies,Card,Emp_118,INV-2024-0001793,0,normal
TX-002263,2024-03-06 22:46:00,1858.26,Vendor_059,IT,IT,Check,Emp_035,INV-2024-0002085,1,same_day_burst
TX-002264,2024-03-07 06:30:00,9534.83,Vendor_008,Finance,Operations,Check,Emp_007,INV-2024-0002308,1,high_amount
TX-002265,2024-03-07 08:06:00,4924.09,Vendor_100,IT,Supplies,Wire,Emp_041,INV-2024-0001803,0,normal
TX-002266,2024-03-07 08:50:00,2148.38,Vendor_008,Marketing,Supplies,Wire,Emp_058,INV-2024-0001815,0,normal
TX-002267,2024-03-07 08:57:00,968.23,Vendor_065,Operations,Payroll,ACH,Emp_064,INV-2024-0001813,0,normal
TX-002268,2024-03-07 09:05:00,4171.67,Vendor_049,Legal,Supplies,Wire,Emp_081,INV-2024-0001827,0,normal
TX-002269,2024-03-07 09:11:00,3614.06,Vendor_097,Legal,IT,ACH,Emp_085,INV-2024-0001811,0,normal
TX-002270,2024-03-07 10:06:00,320.08,Vendor_075,Operations,Operations,Wire,Emp_074,INV-2024-0001817,0,normal
TX-002271,2024-03-07 10:27:00,2849.97,Vendor_012,Finance,Payroll,ACH,Emp_005,INV-2024-0001820,0,normal
TX-002272,2024-03-07 10:44:00,5601.48,Vendor_047,IT,Travel,Wire,Emp_033,INV-2024-0001804,0,normal
TX-002273,2024-03-07 10:52:00,800.0,Vendor_062,HR,IT,Check,Emp_030,INV-2024-0001797,0,normal
TX-002274,2024-03-07 11:05:00,3150.0,Vendor_098,Operations,IT,ACH,Emp_075,INV-2024-0001825,0,normal
TX-002275,2024-03-07 11:21:00,2234.11,Vendor_039,HR,Payroll,ACH,Emp_028,INV-2024-0001826,0,normal
TX-002276,2024-03-07 11:30:00,806.28,Vendor_046,Sales,Travel,ACH,Emp_102,INV-2024-0001824,0,normal
TX-002277,2024-03-07 11:43:00,1277.02,Vendor_058,Sales,Payroll,Card,Emp_096,INV-2024-0001799,0,normal
TX-002278,2024-03-07 11:59:00,680.21,Vendor_062,HR,Supplies,Card,Emp_029,INV-2024-0001816,0,normal
TX-002279,2024-03-07 12:06:00,6573.39,Vendor_097,Legal,Supplies,Check,Emp_083,INV-2024-0002205,1,payment_method_switch
TX-002280,2024-03-07 12:06:00,807.0,Vendor_111,Sales,Supplies,Wire,Emp_102,INV-2024-0001814,0,normal
TX-002281,2024-03-07 12:12:00,1454.4,Vendor_008,Finance,Travel,Check,Emp_002,INV-2024-0001798,0,normal
TX-002282,2024-03-07 12:16:00,1348.09,Vendor_053,Sales,IT,Wire,Emp_105,INV-2024-0001812,0,normal
TX-002283,2024-03-07 12:28:00,1201.88,Vendor_070,Marketing,Operations,Card,Emp_053,INV-2024-0001800,0,normal
TX-002284,2024-03-07 12:35:00,5462.42,Vendor_097,Legal,IT,Wire,Emp_079,INV-2024-0001828,0,normal
TX-002285,2024-03-07 12:38:00,4653.83,Vendor_101,Operations,Consulting,Check,Emp_061,INV-2024-0001808,0,normal
TX-002286,2024-03-07 12:55:00,2727.35,Vendor_039,HR,Payroll,ACH,Emp_030,INV-2024-0001807,0,normal
TX-002287,2024-03-07 13:07:00,1060.92,Vendor_011,Marketing,Supplies,Check,Emp_050,INV-2024-0001805,0,normal
TX-002288,2024-03-07 13:27:00,1589.25,Vendor_049,Legal,Supplies,ACH,Emp_077,INV-2024-0001810,0,normal
TX-002289,2024-03-07 13:33:00,1533.76,Vendor_090,HR,Consulting,Wire,Emp_028,INV-2024-0001823,0,normal
TX-002290,2024-03-07 13:36:00,3860.72,Vendor_016,HR,Consulting,ACH,Emp_021,INV-2024-0001806,0,normal
TX-002291,2024-03-07 13:52:00,4889.22,Vendor_015,Support,Supplies,Wire,Emp_112,INV-2024-0001822,0,normal
TX-002292,2024-03-07 13:59:00,1989.4,Vendor_009,Legal,Operations,Card,Emp_088,INV-2024-0001801,0,normal
TX-002293,2024-03-07 14:26:00,1717.7,Vendor_105,Sales,Consulting,Card,Emp_092,INV-2024-0001789,1,duplicate_invoice
TX-002294,2024-03-07 14:30:00,733.02,Vendor_052,Operations,Consulting,Check,Emp_064,INV-2024-0001795,0,normal
TX-002295,2024-03-07 14:39:00,1654.06,Vendor_030,HR,Consulting,Card,Emp_017,INV-2024-0001829,0,normal
TX-002296,2024-03-07 14:49:00,31.26,Vendor_029,Marketing,Travel,Card,Emp_057,INV-2024-0001819,0,normal
TX-002297,2024-03-07 15:01:00,2455.92,Vendor_042,Legal,Payroll,ACH,Emp_085,INV-2024-0001818,0,normal
TX-002298,2024-03-07 15:39:00,781.77,Vendor_062,HR,Supplies,Card,Emp_029,INV-2024-0002283,1,same_day_burst
TX-002299,2024-03-07 15:42:00,1924.71,Vendor_114,Marketing,Travel,Card,Emp_058,INV-2024-0001794,0,normal
TX-002300,2024-03-07 16:54:00,3045.31,Vendor_021,HR,Travel,Card,Emp_025,INV-2024-0001821,0,normal
TX-002301,2024-03-07 17:00:00,1834.06,Vendor_043,Finance,Travel,ACH,Emp_005,INV-2024-0001802,0,normal
TX-002302,2024-03-07 17:15:00,1856.71,Vendor_049,Legal,Supplies,ACH,Emp_077,INV-2024-0002216,1,same_day_burst
TX-002303,2024-03-07 17:41:00,483.11,Vendor_096,IT,IT,Check,Emp_044,INV-2024-0001764,1,duplicate_invoice
TX-002304,2024-03-07 17:41:00,3438.4,Vendor_026,IT,Operations,Check,Emp_044,INV-2024-0001809,0,normal
TX-002305,2024-03-07 17:48:00,5790.5,Vendor_097,Legal,IT,ACH,Emp_088,INV-2024-0001796,0,normal
TX-002306,2024-03-07 18:30:00,795.48,Vendor_046,Sales,Travel,ACH,Emp_095,INV-2024-0001824,1,duplicate_invoice
TX-002307,2024-03-07 20:46:00,4855.28,Vendor_097,Legal,IT,Card,Emp_079,INV-2024-0001757,1,duplicate_invoice
TX-002308,2024-03-07 21:36:00,828.15,Vendor_062,HR,Supplies,Card,Emp_029,INV-2024-0002302,1,same_day_burst
TX-002309,2024-03-07 21:37:00,1775.94,Vendor_049,Legal,Supplies,ACH,Emp_077,INV-2024-0002116,1,same_day_burst
TX-002310,2024-03-08 00:52:00,6464.31,Vendor_037,Support,Consulting,Wire,Emp_107,INV-2024-0002213,1,vendor_department_shift
TX-002311,2024-03-08 04:33:00,1558.65,Vendor_090,HR,Consulting,Wire,Emp_016,INV-2024-0505823,1,fuzzy_duplicate
TX-002312,2024-03-08 05:46:00,4867.92,Vendor_097,Legal,IT,Check,Emp_088,INV-2024-0001757,1,duplicate_invoice
TX-002313,2024-03-08 07:16:00,466.1,Vendor_085,Operations,Travel,Check,Emp_068,INV-2024-0001842,0,normal
TX-002314,2024-03-08 07:26:00,3135.56,Vendor_067,Finance,Consulting,Wire,Emp_012,INV-2024-0001850,0,normal
TX-002315,2024-03-08 07:58:00,548.74,Vendor_108,Operations,Operations,Wire,Emp_070,INV-2024-0001840,0,normal
TX-002316,2024-03-08 08:23:00,1064.47,Vendor_074,Support,Payroll,Wire,Emp_116,INV-2024-0001848,0,normal
TX-002317,2024-03-08 08:25:00,849.29,Vendor_052,HR,Consulting,Check,Emp_022,INV-2024-0001858,0,normal
TX-002318,2024-03-08 08:37:00,602.97,Vendor_084,HR,Travel,Wire,Emp_028,INV-2024-0001830,0,normal
TX-002319,2024-03-08 09:19:00,9840.0,Vendor_084,HR,Travel,Card,Emp_028,INV-2024-0002329,1,split_payment
TX-002320,2024-03-08 09:50:00,796.95,Vendor_009,Legal,Payroll,Card,Emp_081,INV-2024-0001862,0,normal
TX-002321,2024-03-08 10:04:00,662.42,Vendor_096,Marketing,IT,Card,Emp_055,INV-2024-0001861,0,normal
TX-002322,2024-03-08 10:11:00,1558.84,Vendor_061,Legal,Travel,Card,Emp_081,INV-2024-0001854,0,normal
TX-002323,2024-03-08 10:13:00,1082.78,Vendor_092,Support,Payroll,Check,Emp_114,INV-2024-0001843,0,normal
TX-002324,2024-03-08 10:15:00,4625.51,Vendor_110,Legal,Travel,Wire,Emp_084,INV-2024-0002052,1,high_amount
TX-002325,2024-03-08 10:19:00,4452.0,Vendor_002,IT,Consulting,Wire,Emp_037,INV-2024-0002270,1,payment_method_switch
TX-002326,2024-03-08 10:47:00,688.1,Vendor_108,Operations,Supplies,Wire,Emp_074,INV-2024-0001833,0,normal
TX-002327,2024-03-08 10:50:00,1058.86,Vendor_052,HR,Payroll,Check,Emp_019,INV-2024-0001834,0,normal
TX-002328,2024-03-08 11:00:00,2380.7,Vendor_006,Finance,Travel,Card,Emp_012,INV-2024-0001841,0,normal
TX-002329,2024-03-08 11:20:00,2340.0,Vendor_085,Operations,Travel,ACH,Emp_068,INV-2024-0002215,1,split_payment
TX-002330,2024-03-08 11:29:00,3749.49,Vendor_001,IT,Operations,Card,Emp_041,INV-2024-0001836,0,normal
TX-002331,2024-03-08 11:35:00,722.03,Vendor_115,Operations,Supplies,ACH,Emp_074,INV-2024-0001831,0,normal
TX-002332,2024-03-08 11:35:00,1280.88,Vendor_092,IT,Consulting,Check,Emp_043,INV-2024-0001835,0,normal
TX-002333,2024-03-08 11:54:00,776.28,Vendor_087,Marketing,Consulting,Card,Emp_058,INV-2024-0001837,0,normal
TX-002334,2024-03-08 12:10:00,1882.95,Vendor_116,IT,IT,Card,Emp_045,INV-2024-0001844,0,normal
TX-002335,2024-03-08 12:13:00,4558.28,Vendor_120,HR,Travel,Wire,Emp_028,INV-2024-0001856,0,normal
TX-002336,2024-03-08 12:24:00,1860.12,Vendor_061,Sales,Travel,Card,Emp_100,INV-2024-0001860,0,normal
TX-002337,2024-03-08 12:25:00,3781.58,Vendor_014,HR,Travel,Check,Emp_019,INV-2024-0001851,0,normal
TX-002338,2024-03-08 12:26:00,1704.42,Vendor_075,Operations,Supplies,Wire,Emp_069,INV-2024-0001852,0,normal
TX-002339,2024-03-08 12:35:00,1999.22,Vendor_009,Legal,Operations,Card,Emp_081,INV-2024-0001838,0,normal
TX-002340,2024-03-08 13:01:00,2147.86,Vendor_002,IT,Supplies,Card,Emp_044,INV-2024-0001859,0,normal
TX-002341,2024-03-08 13:12:00,995.76,Vendor_077,Legal,IT,Check,Emp_079,INV-2024-0001855,0,normal
TX-002342,2024-03-08 13:13:00,745.71,Vendor_011,Marketing,Supplies,ACH,Emp_059,INV-2024-0001832,0,normal
TX-002343,2024-03-08 13:14:00,3250.2,Vendor_003,Operations,IT,ACH,Emp_062,INV-2024-0001839,0,normal
TX-002344,2024-03-08 13:16:00,3020.83,Vendor_037,IT,Supplies,Wire,Emp_045,INV-2024-0001845,0,normal
TX-002345,2024-03-08 13:57:00,4920.0,Vendor_096,Marketing,IT,Wire,Emp_055,INV-2024-0002009,1,split_payment
TX-002346,2024-03-08 14:15:00,6677.04,Vendor_041,Support,Consulting,ACH,Emp_115,INV-2024-0001847,0,normal
TX-002347,2024-03-08 16:08:00,420.04,Vendor_027,Legal,Payroll,Card,Emp_089,INV-2024-0001857,0,normal
TX-002348,2024-03-08 16:20:00,5231.49,Vendor_035,HR,IT,ACH,Emp_019,INV-2024-0001846,0,normal
TX-002349,2024-03-08 16:25:00,2443.59,Vendor_114,Support,Travel,ACH,Emp_117,INV-2024-0001853,0,normal
TX-002350,2024-03-08 16:35:00,2707.44,Vendor_119,HR,Consulting,Wire,Emp_018,INV-2024-0002288,1,payment_method_switch
TX-002351,2024-03-08 16:38:00,1414.06,Vendor_053,Sales,IT,Wire,Emp_104,INV-2024-0001849,0,normal
TX-002352,2024-03-08 17:28:00,11969.16,Vendor_120,Operations,Supplies,Card,Emp_073,INV-2024-0002099,1,vendor_department_shift
TX-002353,2024-03-08 17:28:00,4840.0,Vendor_027,Legal,Payroll,Wire,Emp_089,INV-2024-0002336,1,split_payment
TX-002354,2024-03-08 17:33:00,9840.0,Vendor_114,Support,Travel,Wire,Emp_117,INV-2024-0002087,1,split_payment
TX-002355,2024-03-08 17:42:00,1871.89,Vendor_049,Legal,Supplies,Card,Emp_076,INV-2024-0001863,0,normal
TX-002356,2024-03-08 20:29:00,1480.88,Vendor_092,IT,Consulting,Check,Emp_043,INV-2024-0002176,1,same_day_burst
TX-002357,2024-03-08 21:01:00,43882.17,Vendor_054,Marketing,Supplies,Check,Emp_055,INV-2024-0002051,1,high_amount
TX-002358,2024-03-08 21:25:00,574.63,Vendor_108,Operations,Supplies,Wire,Emp_074,INV-2024-0002063,1,same_day_burst
TX-002359,2024-03-08 21:39:00,693.62,Vendor_108,Operations,Supplies,Wire,Emp_074,INV-2024-0002040,1,same_day_burst
TX-002360,2024-03-09 08:01:00,2909.71,Vendor_026,IT,Operations,ACH,Emp_044,INV-2024-0001882,0,normal
TX-002361,2024-03-09 09:26:00,783.15,Vendor_111,Sales,Consulting,Wire,Emp_100,INV-2024-0001867,0,normal
TX-002362,2024-03-09 11:10:00,1231.28,Vendor_005,HR,Consulting,Card,Emp_017,INV-2024-0001864,0,normal
TX-002363,2024-03-09 11:10:00,418.6,Vendor_089,IT,Payroll,ACH,Emp_042,INV-2024-0001881,0,normal
TX-002364,2024-03-09 11:54:00,2489.28,Vendor_063,Finance,Supplies,Wire,Emp_004,INV-2024-0001868,0,normal
TX-002365,2024-03-09 12:25:00,871.31,Vendor_079,Finance,Operations,Card,Emp_013,INV-2024-0001872,0,normal
TX-002366,2024-03-09 12:32:00,6405.66,Vendor_082,Finance,Travel,Check,Emp_010,INV-2024-0001873,0,normal
TX-002367,2024-03-09 13:00:00,1493.42,Vendor_013,Finance,Operations,ACH,Emp_005,INV-2024-0001871,0,normal
TX-002368,2024-03-09 13:15:00,707.07,Vendor_052,Operations,Operations,Check,Emp_069,INV-2024-0001869,0,normal
TX-002369,2024-03-09 13:25:00,4132.36,Vendor_003,HR,IT,ACH,Emp_023,INV-2024-0001874,0,normal
TX-002370,2024-03-09 13:36:00,789.87,Vendor_009,Finance,Operations,ACH,Emp_003,INV-2024-0001878,0,normal
TX-002371,2024-03-09 13:50:00,2263.0,Vendor_022,Sales,Operations,ACH,Emp_095,INV-2024-0001877,0,normal
TX-002372,2024-03-09 13:52:00,1643.43,Vendor_027,Legal,Payroll,Card,Emp_087,INV-2024-0001865,0,normal
TX-002373,2024-03-09 15:24:00,2340.0,Vendor_026,IT,Operations,Wire,Emp_044,INV-2024-0002061,1,split_payment
TX-002374,2024-03-09 15:36:00,2446.0,Vendor_117,Sales,Travel,Card,Emp_098,INV-2024-0001866,0,normal
TX-002375,2024-03-09 15:47:00,2395.39,Vendor_009,Legal,Operations,ACH,Emp_086,INV-2024-0001870,0,normal
TX-002376,2024-03-09 16:30:00,1018.1,Vendor_074,Support,Operations,Card,Emp_117,INV-2024-0001875,0,normal
TX-002377,2024-03-09 17:44:00,1989.73,Vendor_094,Finance,IT,Check,Emp_006,INV-2024-0001876,0,normal
TX-002378,2024-03-09 17:47:00,1706.83,Vendor_008,Finance,Operations,Wire,Emp_001,INV-2024-0001880,0,normal
TX-002379,2024-03-09 18:29:00,3860.57,Vendor_001,IT,Operations,ACH,Emp_041,INV-2024-0001836,1,duplicate_invoice
TX-002380,2024-03-09 18:35:00,1342.51,Vendor_086,Legal,Payroll,Card,Emp_083,INV-2024-0001879,0,normal
TX-002381,2024-03-09 20:45:00,6941.78,Vendor_119,HR,Operations,Check,Emp_028,INV-2024-0001963,1,high_amount
TX-002382,2024-03-09 21:24:00,2076.68,Vendor_009,Legal,Operations,ACH,Emp_086,INV-2024-0002340,1,same_day_burst
TX-002383,2024-03-09 21:58:00,1468.25,Vendor_053,Finance,Travel,ACH,Emp_009,INV-2024-0002166,1,vendor_department_shift
TX-002384,2024-03-10 07:33:00,2027.2,Vendor_003,Finance,IT,ACH,Emp_012,INV-2024-0001895,0,normal
TX-002385,2024-03-10 08:58:00,2129.24,Vendor_118,Operations,Operations,Wire,Emp_071,INV-2024-0001891,0,normal
TX-002386,2024-03-10 09:47:00,2864.58,Vendor_026,HR,Payroll,Check,Emp_016,INV-2024-0001898,0,normal
TX-002387,2024-03-10 10:03:00,3078.1,Vendor_113,Finance,IT,ACH,Emp_015,INV-2024-0001903,0,normal
TX-002388,2024-03-10 10:12:00,2159.58,Vendor_040,Marketing,Supplies,Wire,Emp_059,INV-2024-0001901,0,normal
TX-002389,2024-03-10 10:18:00,4532.03,Vendor_021,Finance,Consulting,Check,Emp_003,INV-2024-0001897,0,normal
TX-002390,2024-03-10 10:19:00,3922.15,Vendor_047,IT,Operations,Wire,Emp_034,INV-2024-0001885,0,normal
TX-002391,2024-03-10 10:50:00,11141.39,Vendor_082,Finance,Payroll,Check,Emp_009,INV-2024-0001896,0,normal
TX-002392,2024-03-10 10:59:00,2188.26,Vendor_030,HR,IT,Card,Emp_022,INV-2024-0001899,0,normal
TX-002393,2024-03-10 11:00:00,1452.67,Vendor_002,Finance,Supplies,Card,Emp_001,INV-2024-0001893,0,normal
TX-002394,2024-03-10 12:44:00,4970.0,Vendor_002,Finance,Supplies,ACH,Emp_001,INV-2024-0002311,1,split_payment
TX-002395,2024-03-10 13:02:00,12017.38,Vendor_025,HR,Payroll,Card,Emp_017,INV-2024-0001999,1,high_amount
TX-002396,2024-03-10 13:20:00,1813.23,Vendor_056,Support,IT,Card,Emp_109,INV-2024-0001900,0,normal
TX-002397,2024-03-10 13:30:00,885.96,Vendor_088,Sales,IT,Check,Emp_099,INV-2024-0001894,0,normal
TX-002398,2024-03-10 13:52:00,1696.61,Vendor_050,Operations,IT,Wire,Emp_063,INV-2024-0001887,0,normal
TX-002399,2024-03-10 13:59:00,719.6,Vendor_108,Operations,Payroll,Check,Emp_061,INV-2024-0001883,0,normal
TX-002400,2024-03-10 14:36:00,1698.36,Vendor_040,Marketing,Consulting,Check,Emp_049,INV-2024-0001892,0,normal
TX-002401,2024-03-10 14:47:00,730.72,Vendor_062,HR,Supplies,ACH,Emp_021,INV-2024-0001889,0,normal
TX-002402,2024-03-10 15:50:00,828.87,Vendor_052,Operations,Operations,Card,Emp_070,INV-2024-0001886,0,normal
TX-002403,2024-03-10 15:51:00,509.23,Vendor_089,Finance,Operations,ACH,Emp_005,INV-2024-0001888,0,normal
TX-002404,2024-03-10 16:07:00,3621.79,Vendor_073,Finance,IT,Check,Emp_014,INV-2024-0001902,0,normal
TX-002405,2024-03-10 16:11:00,10489.7,Vendor_076,Finance,Consulting,Card,Emp_005,INV-2024-0001884,0,normal
TX-002406,2024-03-10 16:12:00,2194.78,Vendor_040,Marketing,Supplies,Wire,Emp_056,INV-2024-0001901,1,duplicate_invoice
TX-002407,2024-03-10 16:13:00,1226.47,Vendor_115,Marketing,Consulting,ACH,Emp_050,INV-2024-0002186,1,vendor_department_shift
TX-002408,2024-03-10 17:40:00,1124.75,Vendor_079,Finance,Operations,Card,Emp_009,INV-2024-0001890,0,normal
TX-002409,2024-03-10 21:26:00,1748.63,Vendor_075,Operations,Supplies,Check,Emp_072,INV-2024-0001852,1,duplicate_invoice
TX-002410,2024-03-11 08:10:00,4959.52,Vendor_001,IT,IT,Card,Emp_041,INV-2024-0001925,0,normal
TX-002411,2024-03-11 08:52:00,4394.24,Vendor_038,IT,IT,Wire,Emp_039,INV-2024-0001921,0,normal
TX-002412,2024-03-11 09:23:00,5504.84,Vendor_031,Legal,Consulting,Card,Emp_079,INV-2024-0002207,1,vendor_department_shift
TX-002413,2024-03-11 09:54:00,1963.39,Vendor_083,HR,IT,Check,Emp_020,INV-2024-0001919,0,normal
TX-002414,2024-03-11 09:57:00,2217.69,Vendor_117,Sales,Payroll,Card,Emp_092,INV-2024-0001941,0,normal
TX-002415,2024-03-11 10:33:00,1439.78,Vendor_083,HR,IT,Card,Emp_021,INV-2024-0001929,0,normal
TX-002416,2024-03-11 10:42:00,3775.27,Vendor_031,IT,Consulting,Wire,Emp_040,INV-2024-0001918,0,normal
TX-002417,2024-03-11 10:51:00,2433.0,Vendor_059,IT,Consulting,Check,Emp_033,INV-2024-0001913,0,normal
TX-002418,2024-03-11 11:03:00,1785.38,Vendor_045,HR,IT,Wire,Emp_024,INV-2024-0001932,0,normal
TX-002419,2024-03-11 11:36:00,1521.35,Vendor_043,Finance,Travel,Check,Emp_011,INV-2024-0001923,0,normal
TX-002420,2024-03-11 11:38:00,3583.09,Vendor_001,IT,IT,Card,Emp_041,INV-2024-0001942,0,normal
TX-002421,2024-03-11 11:46:00,5444.87,Vendor_106,Legal,Consulting,Wire,Emp_081,INV-2024-0001914,0,normal
TX-002422,2024-03-11 11:49:00,2006.67,Vendor_009,Legal,Operations,Card,Emp_078,INV-2024-0001930,0,normal
TX-002423,2024-03-11 11:51:00,715.27,Vendor_011,Marketing,Supplies,ACH,Emp_052,INV-2024-0001936,0,normal
TX-002424,2024-03-11 11:58:00,2120.54,Vendor_032,Finance,Operations,ACH,Emp_002,INV-2024-0001904,0,normal
TX-002425,2024-03-11 12:02:00,4450.44,Vendor_027,Legal,Payroll,ACH,Emp_083,INV-2024-0001927,0,normal
TX-002426,2024-03-11 12:03:00,602.75,Vendor_084,HR,IT,Wire,Emp_021,INV-2024-0001924,0,normal
TX-002427,2024-03-11 12:25:00,784.63,Vendor_087,Marketing,Payroll,Check,Emp_056,INV-2024-0001928,0,normal
TX-002428,2024-03-11 12:26:00,3274.8,Vendor_015,Support,IT,Check,Emp_113,INV-2024-0001908,0,normal
TX-002429,2024-03-11 12:54:00,4044.86,Vendor_015,Legal,Supplies,Card,Emp_085,INV-2024-0001922,0,normal
TX-002430,2024-03-11 13:01:00,1150.01,Vendor_010,Finance,IT,Wire,Emp_004,INV-2024-0001931,0,normal
TX-002431,2024-03-11 13:07:00,4587.08,Vendor_068,Sales,Supplies,Wire,Emp_098,INV-2024-0001935,0,normal
TX-002432,2024-03-11 13:19:00,1010.68,Vendor_070,Support,Operations,Wire,Emp_118,INV-2024-0001912,0,normal
TX-002433,2024-03-11 13:21:00,1140.23,Vendor_107,Legal,Consulting,Card,Emp_089,INV-2024-0001905,0,normal
TX-002434,2024-03-11 13:25:00,3136.37,Vendor_072,Operations,Operations,Wire,Emp_071,INV-2024-0001909,0,normal
TX-002435,2024-03-11 13:30:00,3246.82,Vendor_050,Operations,IT,Card,Emp_070,INV-2024-0001938,0,normal
TX-002436,2024-03-11 13:41:00,1582.04,Vendor_092,Support,Consulting,Check,Emp_115,INV-2024-0001911,0,normal
TX-002437,2024-03-11 13:45:00,2657.54,Vendor_018,Legal,Supplies,ACH,Emp_090,INV-2024-0001907,0,normal
TX-002438,2024-03-11 13:45:00,1312.94,Vendor_005,Sales,Consulting,ACH,Emp_097,INV-2024-0001926,0,normal
TX-002439,2024-03-11 13:46:00,3618.33,Vendor_015,Legal,Supplies,Card,Emp_085,INV-2024-0002038,1,same_day_burst
TX-002440,2024-03-11 13:49:00,1849.58,Vendor_032,HR,Operations,ACH,Emp_020,INV-2024-0001917,0,normal
TX-002441,2024-03-11 13:54:00,1013.8,Vendor_052,Operations,Operations,Check,Emp_064,INV-2024-0001933,0,normal
TX-002442,2024-03-11 14:05:00,4726.5,Vendor_060,Support,Consulting,Check,Emp_108,INV-2024-0001937,0,normal
TX-002443,2024-03-11 14:21:00,14974.8,Vendor_063,Finance,Supplies,ACH,Emp_004,INV-2024-0002245,1,high_amount
TX-002444,2024-03-11 14:34:00,2699.92,Vendor_050,Operations,IT,Check,Emp_069,INV-2024-0001915,0,normal
TX-002445,2024-03-11 14:42:00,1147.43,Vendor_077,Legal,Supplies,Check,Emp_080,INV-2024-0001934,0,normal
TX-002446,2024-03-11 14:53:00,528.56,Vendor_062,HR,Supplies,ACH,Emp_019,INV-2024-0001943,0,normal
TX-002447,2024-03-11 15:00:00,1775.28,Vendor_050,Operations,IT,Wire,Emp_063,INV-2024-0001940,0,normal
TX-002448,2024-03-11 15:18:00,3951.73,Vendor_097,Legal,IT,Wire,Emp_083,INV-2024-0001910,0,normal
TX-002449,2024-03-11 16:01:00,509.1,Vendor_066,HR,Consulting,Card,Emp_028,INV-2024-0001906,0,normal
TX-002450,2024-03-11 16:05:00,2486.5,Vendor_050,Operations,IT,Wire,Emp_065,INV-2024-0001916,0,normal
TX-002451,2024-03-11 16:16:00,4130.41,Vendor_047,IT,Operations,Card,Emp_032,INV-2024-0001939,0,normal
TX-002452,2024-03-11 16:43:00,897.43,Vendor_107,Legal,IT,ACH,Emp_089,INV-2024-0001920,0,normal
TX-002453,2024-03-11 19:01:00,1180.18,Vendor_010,Finance,IT,Card,Emp_007,INV-2024-0001931,1,duplicate_invoice
TX-002454,2024-03-11 19:09:00,10475.25,Vendor_042,Legal,IT,Check,Emp_088,INV-2024-0002169,1,high_amount
TX-002455,2024-03-11 20:49:00,1856.6,Vendor_032,HR,Operations,ACH,Emp_017,INV-2024-0004915,1,fuzzy_duplicate
TX-002456,2024-03-12 07:04:00,2542.21,Vendor_105,Sales,Consulting,ACH,Emp_098,INV-2024-0001950,0,normal
TX-002457,2024-03-12 08:12:00,1048.2,Vendor_017,IT,Consulting,Check,Emp_043,INV-2024-0001948,0,normal
TX-002458,2024-03-12 10:23:00,29086.88,Vendor_120,HR,Travel,Card,Emp_020,INV-2024-0002212,1,high_amount
TX-002459,2024-03-12 10:59:00,2151.38,Vendor_022,Sales,IT,Card,Emp_096,INV-2024-0001947,0,normal
TX-002460,2024-03-12 11:16:00,4186.25,Vendor_047,IT,Operations,Card,Emp_041,INV-2024-0001939,1,duplicate_invoice
TX-002461,2024-03-12 12:23:00,4810.0,Vendor_022,Sales,IT,ACH,Emp_096,INV-2024-0002155,1,split_payment
TX-002462,2024-03-12 12:27:00,667.32,Vendor_108,Operations,IT,Card,Emp_074,INV-2024-0001949,0,normal
TX-002463,2024-03-12 12:44:00,3634.53,Vendor_052,Operations,Operations,Wire,Emp_069,INV-2024-0002337,1,high_amount
TX-002464,2024-03-12 13:36:00,1210.26,Vendor_107,Finance,IT,Wire,Emp_005,INV-2024-0001946,0,normal
TX-002465,2024-03-12 14:16:00,4101.79,Vendor_047,IT,Operations,Check,Emp_034,INV-2024-0001939,1,duplicate_invoice
TX-002466,2024-03-12 15:20:00,1130.85,Vendor_019,HR,Operations,Check,Emp_017,INV-2024-0001944,0,normal
TX-002467,2024-03-12 16:18:00,3117.1,Vendor_026,Finance,Operations,Card,Emp_007,INV-2024-0001945,0,normal
TX-002468,2024-03-12 19:54:00,1602.44,Vendor_062,HR,Travel,Check,Emp_021,INV-2024-0002138,1,payment_method_switch
TX-002469,2024-03-13 01:41:00,6364.78,Vendor_100,IT,Travel,Wire,Emp_032,INV-2024-0002062,1,payment_method_switch
TX-002470,2024-03-13 02:33:00,2025.0,Vendor_003,Finance,IT,ACH,Emp_007,INV-2024-0001895,1,duplicate_invoice
TX-002471,2024-03-13 08:40:00,6416.3,Vendor_012,IT,IT,Check,Emp_036,INV-2024-0002055,1,vendor_department_shift
TX-002472,2024-03-13 08:58:00,8895.27,Vendor_016,HR,Consulting,Check,Emp_021,INV-2024-0002109,1,payment_method_switch
TX-002473,2024-03-13 10:05:00,4988.76,Vendor_043,Finance,Operations,Wire,Emp_013,INV-2024-0002246,1,high_amount
TX-002474,2024-03-13 10:36:00,9176.55,Vendor_047,IT,Payroll,Card,Emp_033,INV-2024-0002280,1,payment_method_switch
TX-002475,2024-03-13 11:10:00,5222.35,Vendor_055,Marketing,IT,Check,Emp_048,INV-2024-0001971,1,high_amount
TX-002476,2024-03-13 22:14:00,26281.4,Vendor_035,HR,IT,Card,Emp_019,INV-2024-0002021,1,high_amount
TX-002477,2024-03-14 06:13:00,9548.86,Vendor_029,Marketing,Travel,ACH,Emp_046,INV-2024-0002316,1,high_amount
TX-002478,2024-03-14 08:12:00,10770.89,Vendor_027,Legal,Payroll,Wire,Emp_087,INV-2024-0002128,1,high_amount
TX-002479,2024-03-14 20:04:00,5129.75,Vendor_107,Legal,IT,Check,Emp_089,INV-2024-0002331,1,high_amount
TX-002480,2024-03-15 10:33:00,1751.0,Vendor_074,Support,IT,ACH,Emp_116,INV-2024-0002098,1,payment_method_switch
TX-002481,2024-03-15 13:39:00,7253.79,Vendor_073,Finance,Supplies,Card,Emp_014,INV-2024-0002174,1,payment_method_switch
TX-002482,2024-03-16 01:52:00,4817.34,Vendor_058,Sales,Consulting,Check,Emp_103,INV-2024-0002133,1,high_amount
TX-002483,2024-03-16 10:04:00,21076.9,Vendor_047,IT,Operations,Card,Emp_034,INV-2024-0002154,1,high_amount
TX-002484,2024-03-16 10:41:00,6793.6,Vendor_031,Operations,Operations,Wire,Emp_065,INV-2024-0002120,1,vendor_department_shift
TX-002485,2024-03-16 10:59:00,1424.78,Vendor_011,Marketing,Consulting,Card,Emp_052,INV-2024-0002266,1,payment_method_switch
TX-002486,2024-03-16 11:44:00,16232.0,Vendor_037,Finance,Supplies,ACH,Emp_007,INV-2024-0002070,1,high_amount
TX-002487,2024-03-16 14:44:00,7001.94,Vendor_075,Operations,Supplies,ACH,Emp_069,INV-2024-0002131,1,high_amount
TX-002488,2024-03-16 15:17:00,25230.63,Vendor_100,IT,Supplies,Wire,Emp_032,INV-2024-0002182,1,high_amount
TX-002489,2024-03-16 16:32:00,5997.39,Vendor_070,Support,Operations,Card,Emp_118,INV-2024-0001969,1,high_amount
TX-002490,2024-03-16 19:25:00,3846.53,Vendor_042,Sales,Consulting,Wire,Emp_095,INV-2024-0002106,1,vendor_department_shift
TX-002491,2024-03-17 01:13:00,2173.69,Vendor_114,IT,Payroll,Wire,Emp_032,INV-2024-0001960,1,vendor_department_shift
TX-002492,2024-03-17 04:53:00,13328.12,Vendor_067,Finance,Consulting,ACH,Emp_012,INV-2024-0002201,1,high_amount
TX-002493,2024-03-17 13:35:00,18289.94,Vendor_060,Support,Consulting,Card,Emp_108,INV-2024-0002195,1,high_amount
TX-002494,2024-03-17 16:13:00,7248.28,Vendor_047,IT,Supplies,Check,Emp_034,INV-2024-0002294,1,payment_method_switch
TX-002495,2024-03-17 16:55:00,6435.95,Vendor_019,HR,Operations,ACH,Emp_017,INV-2024-0002211,1,high_amount
TX-002496,2024-03-18 12:42:00,3741.83,Vendor_049,Legal,Travel,Check,Emp_076,INV-2024-0002145,1,payment_method_switch
TX-002497,2024-03-19 16:56:00,9770.2,Vendor_009,Finance,Operations,Wire,Emp_003,INV-2024-0002123,1,high_amount
TX-002498,2024-03-23 22:19:00,2306.18,Vendor_053,Operations,Travel,Check,Emp_064,INV-2024-0002259,1,vendor_department_shift
TX-002499,2024-03-24 14:47:00,845.32,Vendor_062,Finance,Payroll,Check,Emp_008,INV-2024-0002190,1,vendor_department_shift
TX-002500,2024-03-28 12:41:00,1831.9,Vendor_010,Legal,Operations,ACH,Emp_090,INV-2024-0002069,1,vendor_department_shift
