transaction_id,date,amount,vendor,department,account_type,payment_method,employee,invoice_id,fraud_label,fraud_type
TX-000001,2024-01-01 08:11:00,2211.81,Vendor_005,IT,Travel,Card,Emp_043,INV-2024-0000011,0,normal
TX-000002,2024-01-01 08:44:00,1270.21,Vendor_044,Operations,Operations,Card,Emp_072,INV-2024-0000028,0,normal
TX-000003,2024-01-01 09:23:00,4180.87,Vendor_081,Marketing,Travel,Wire,Emp_054,INV-2024-0000002,0,normal
TX-000004,2024-01-01 09:29:00,10838.18,Vendor_090,Finance,Consulting,Wire,Emp_006,INV-2024-0000022,0,normal
TX-000005,2024-01-01 10:01:00,2081.1,Vendor_067,Operations,IT,Card,Emp_067,INV-2024-0000016,0,normal
TX-000006,2024-01-01 10:30:00,7925.55,Vendor_091,Finance,Payroll,ACH,Emp_002,INV-2024-0000027,0,normal
TX-000007,2024-01-01 10:35:00,1160.83,Vendor_053,Finance,Supplies,ACH,Emp_012,INV-2024-0000009,0,normal
TX-000008,2024-01-01 10:46:00,953.13,Vendor_097,Marketing,Consulting,Check,Emp_054,INV-2024-0000017,0,normal
TX-000009,2024-01-01 11:03:00,2186.09,Vendor_017,Marketing,IT,Wire,Emp_053,INV-2024-0000012,0,normal
TX-000010,2024-01-01 11:09:00,2562.94,Vendor_025,Finance,Consulting,Check,Emp_006,INV-2024-0000024,0,normal
TX-000011,2024-01-01 11:21:00,1059.77,Vendor_012,IT,Consulting,Check,Emp_035,INV-2024-0000023,0,normal
TX-000012,2024-01-01 11:24:00,1766.49,Vendor_115,Sales,Supplies,Card,Emp_100,INV-2024-0000021,0,normal
TX-000013,2024-01-01 11:43:00,3926.62,Vendor_085,Marketing,Travel,Card,Emp_047,INV-2024-0000004,0,normal
TX-000014,2024-01-01 11:54:00,2658.51,Vendor_098,Legal,Supplies,Card,Emp_080,INV-2024-0000018,0,normal
TX-000015,2024-01-01 12:09:00,1218.46,Vendor_107,IT,Operations,Card,Emp_033,INV-2024-0000026,0,normal
TX-000016,2024-01-01 12:13:00,2276.41,Vendor_086,IT,Operations,Wire,Emp_038,INV-2024-0000003,0,normal
TX-000017,2024-01-01 12:17:00,1288.16,Vendor_060,Operations,Travel,Wire,Emp_065,INV-2024-0000005,0,normal
TX-000018,2024-01-01 12:37:00,4465.59,Vendor_073,Sales,Travel,Card,Emp_093,INV-2024-0000013,0,normal
TX-000019,2024-01-01 13:19:00,1742.82,Vendor_110,Operations,Payroll,Wire,Emp_070,INV-2024-0000015,0,normal
TX-000020,2024-01-01 13:31:00,1097.55,Vendor_050,HR,Travel,ACH,Emp_022,INV-2024-0000010,0,normal
TX-000021,2024-01-01 13:55:00,2200.04,Vendor_042,Marketing,Operations,Card,Emp_053,INV-2024-0000001,0,normal
TX-000022,2024-01-01 14:24:00,3119.25,Vendor_070,IT,Consulting,Card,Emp_031,INV-2024-0000007,0,normal
TX-000023,2024-01-01 14:45:00,2320.7,Vendor_112,IT,Supplies,Check,Emp_045,INV-2024-0000014,0,normal
TX-000024,2024-01-01 14:58:00,4859.08,Vendor_085,Marketing,Operations,Wire,Emp_056,INV-2024-0000006,0,normal
TX-000025,2024-01-01 15:12:00,2055.19,Vendor_004,IT,IT,Check,Emp_042,INV-2024-0000008,0,normal
TX-000026,2024-01-01 15:51:00,3758.7,Vendor_112,IT,Supplies,ACH,Emp_038,INV-2024-0000019,0,normal
TX-000027,2024-01-01 16:36:00,1212.64,Vendor_119,Legal,Travel,ACH,Emp_079,INV-2024-0000020,0,normal
TX-000028,2024-01-01 16:49:00,3408.18,Vendor_011,Legal,Payroll,Check,Emp_080,INV-2024-0000025,0,normal
TX-000029,2024-01-02 07:07:00,2742.2,Vendor_021,Operations,Consulting,Card,Emp_063,INV-2024-0000056,0,normal
TX-000030,2024-01-02 07:14:00,598.63,Vendor_031,HR,IT,ACH,Emp_027,INV-2024-0000065,0,normal
TX-000031,2024-01-02 08:01:00,12394.42,Vendor_026,IT,Supplies,Check,Emp_034,INV-2024-0000045,0,normal
TX-000032,2024-01-02 08:04:00,1738.81,Vendor_036,IT,Travel,Check,Emp_040,INV-2024-0000042,0,normal
TX-000033,2024-01-02 08:33:00,3317.66,Vendor_069,IT,Payroll,ACH,Emp_034,INV-2024-0000033,0,normal
TX-000034,2024-01-02 08:35:00,3868.16,Vendor_052,Legal,Supplies,Card,Emp_089,INV-2024-0000041,0,normal
TX-000035,2024-01-02 09:05:00,1605.67,Vendor_102,HR,Consulting,Check,Emp_030,INV-2024-0000038,0,normal
TX-000036,2024-01-02 09:37:00,4511.13,Vendor_073,Sales,Travel,ACH,Emp_097,INV-2024-0000013,1,duplicate_invoice
TX-000037,2024-01-02 09:48:00,1542.93,Vendor_086,IT,Payroll,ACH,Emp_031,INV-2024-0000046,0,normal
TX-000038,2024-01-02 10:00:00,2391.77,Vendor_051,Marketing,Operations,ACH,Emp_048,INV-2024-0000040,0,normal
TX-000039,2024-01-02 10:32:00,1918.28,Vendor_115,Sales,Operations,Wire,Emp_093,INV-2024-0000032,0,normal
TX-000040,2024-01-02 10:32:00,2721.73,Vendor_018,Marketing,Consulting,Check,Emp_050,INV-2024-0000036,0,normal
TX-000041,2024-01-02 10:46:00,5805.89,Vendor_091,Finance,Consulting,ACH,Emp_011,INV-2024-0000044,0,normal
TX-000042,2024-01-02 10:53:00,3640.15,Vendor_020,Marketing,Travel,Wire,Emp_050,INV-2024-0000063,0,normal
TX-000043,2024-01-02 11:06:00,4151.3,Vendor_085,Marketing,Operations,Card,Emp_060,INV-2024-0000034,0,normal
TX-000044,2024-01-02 11:16:00,1100.0,Vendor_102,HR,Consulting,ACH,Emp_022,INV-2024-0000066,0,normal
TX-000045,2024-01-02 11:30:00,1020.6,Vendor_031,HR,Operations,ACH,Emp_020,INV-2024-0000064,0,normal
TX-000046,2024-01-02 11:44:00,2671.77,Vendor_087,HR,Travel,Wire,Emp_030,INV-2024-0000057,0,normal
TX-000047,2024-01-02 12:18:00,1106.31,Vendor_093,Finance,Payroll,ACH,Emp_011,INV-2024-0000030,0,normal
TX-000048,2024-01-02 12:54:00,1754.94,Vendor_061,Marketing,Operations,Check,Emp_054,INV-2024-0000061,0,normal
TX-000049,2024-01-02 13:03:00,1572.98,Vendor_110,IT,Payroll,Wire,Emp_044,INV-2024-0000049,0,normal
TX-000050,2024-01-02 13:12:00,3149.12,Vendor_008,Support,Operations,Check,Emp_119,INV-2024-0000058,0,normal
TX-000051,2024-01-02 13:35:00,2683.58,Vendor_045,Support,IT,Wire,Emp_120,INV-2024-0000060,0,normal
TX-000052,2024-01-02 13:41:00,3650.62,Vendor_085,Marketing,Travel,Card,Emp_057,INV-2024-0000043,0,normal
TX-000053,2024-01-02 13:49:00,2606.98,Vendor_109,IT,Travel,Card,Emp_032,INV-2024-0000035,0,normal
TX-000054,2024-01-02 14:09:00,1717.05,Vendor_117,Operations,Payroll,Check,Emp_063,INV-2024-0000055,0,normal
TX-000055,2024-01-02 14:24:00,3287.96,Vendor_070,IT,Consulting,Card,Emp_045,INV-2024-0000029,0,normal
TX-000056,2024-01-02 14:29:00,2091.04,Vendor_065,IT,IT,Card,Emp_042,INV-2024-0000051,0,normal
TX-000057,2024-01-02 14:47:00,1835.46,Vendor_107,IT,Operations,Check,Emp_031,INV-2024-0000039,0,normal
TX-000058,2024-01-02 14:51:00,1477.42,Vendor_098,Legal,Travel,Check,Emp_089,INV-2024-0000053,0,normal
TX-000059,2024-01-02 15:03:00,2260.85,Vendor_103,Sales,Consulting,Check,Emp_104,INV-2024-0000050,0,normal
TX-000060,2024-01-02 15:33:00,2034.49,Vendor_086,IT,Supplies,Check,Emp_037,INV-2024-0000047,0,normal
TX-000061,2024-01-02 15:33:00,3326.58,Vendor_073,Sales,IT,Check,Emp_103,INV-2024-0000052,0,normal
TX-000062,2024-01-02 15:35:00,5412.74,Vendor_059,Marketing,Supplies,Check,Emp_051,INV-2024-0000054,0,normal
TX-000063,2024-01-02 15:45:00,284.79,Vendor_076,Operations,Consulting,Wire,Emp_075,INV-2024-0000062,0,normal
TX-000064,2024-01-02 16:56:00,5990.79,Vendor_013,Sales,Consulting,Card,Emp_094,INV-2024-0000048,0,normal
TX-000065,2024-01-02 17:09:00,502.85,Vendor_116,HR,Travel,ACH,Emp_028,INV-2024-0000031,0,normal
TX-000066,2024-01-02 17:48:00,2159.66,Vendor_080,IT,Operations,Wire,Emp_042,INV-2024-0000037,0,normal
TX-000067,2024-01-02 18:24:00,4412.71,Vendor_073,Sales,Supplies,Wire,Emp_098,INV-2024-0000059,0,normal
TX-000068,2024-01-03 07:15:00,1254.89,Vendor_019,HR,Operations,ACH,Emp_028,INV-2024-0000097,0,normal
TX-000069,2024-01-03 07:22:00,3107.79,Vendor_052,Finance,Supplies,Wire,Emp_010,INV-2024-0000086,0,normal
TX-000070,2024-01-03 09:31:00,2350.0,Vendor_042,Marketing,Operations,Card,Emp_050,INV-2024-0000099,0,normal
TX-000071,2024-01-03 09:37:00,3218.57,Vendor_064,Sales,Supplies,Card,Emp_091,INV-2024-0000092,0,normal
TX-000072,2024-01-03 09:47:00,2961.77,Vendor_069,HR,Supplies,Check,Emp_021,INV-2024-0000101,0,normal
TX-000073,2024-01-03 10:08:00,2122.29,Vendor_103,Finance,Consulting,ACH,Emp_008,INV-2024-0000098,0,normal
TX-000074,2024-01-03 10:17:00,1517.86,Vendor_076,Legal,Consulting,Wire,Emp_082,INV-2024-0000077,0,normal
TX-000075,2024-01-03 10:29:00,2537.21,Vendor_089,Operations,Travel,Card,Emp_070,INV-2024-0000083,0,normal
TX-000076,2024-01-03 10:32:00,1651.59,Vendor_036,IT,Payroll,Check,Emp_042,INV-2024-0000100,0,normal
TX-000077,2024-01-03 10:35:00,2094.82,Vendor_027,Legal,Supplies,ACH,Emp_080,INV-2024-0000079,0,normal
TX-000078,2024-01-03 10:36:00,1534.1,Vendor_072,Support,IT,Check,Emp_111,INV-2024-0000090,0,normal
TX-000079,2024-01-03 10:40:00,1555.18,Vendor_104,Finance,Operations,Wire,Emp_011,INV-2024-0000073,0,normal
TX-000080,2024-01-03 11:06:00,844.55,Vendor_003,Sales,Consulting,ACH,Emp_096,INV-2024-0000088,0,normal
TX-000081,2024-01-03 11:08:00,2000.54,Vendor_115,Sales,Supplies,Wire,Emp_100,INV-2024-0000078,0,normal
TX-000082,2024-01-03 11:15:00,1398.91,Vendor_043,HR,Operations,Wire,Emp_030,INV-2024-0000093,0,normal
TX-000083,2024-01-03 11:53:00,2362.03,Vendor_042,Marketing,Payroll,ACH,Emp_049,INV-2024-0000096,0,normal
TX-000084,2024-01-03 11:55:00,4186.72,Vendor_007,Operations,Supplies,Wire,Emp_069,INV-2024-0000094,0,normal
TX-000085,2024-01-03 12:16:00,621.45,Vendor_019,HR,Operations,ACH,Emp_026,INV-2024-0000069,0,normal
TX-000086,2024-01-03 12:19:00,2126.44,Vendor_075,Legal,Operations,Card,Emp_082,INV-2024-0000081,0,normal
TX-000087,2024-01-03 12:20:00,1558.09,Vendor_050,HR,Consulting,Card,Emp_018,INV-2024-0000074,0,normal
TX-000088,2024-01-03 12:29:00,5126.18,Vendor_002,Finance,Payroll,Wire,Emp_005,INV-2024-0000076,0,normal
TX-000089,2024-01-03 13:00:00,1913.27,Vendor_032,Finance,IT,Wire,Emp_011,INV-2024-0000089,0,normal
TX-000090,2024-01-03 13:06:00,621.16,Vendor_012,Legal,IT,Check,Emp_090,INV-2024-0000067,0,normal
TX-000091,2024-01-03 13:19:00,593.28,Vendor_116,Finance,IT,Wire,Emp_011,INV-2024-0000087,0,normal
TX-000092,2024-01-03 13:34:00,1720.6,Vendor_036,IT,Payroll,ACH,Emp_034,INV-2024-0000068,0,normal
TX-000093,2024-01-03 13:51:00,1783.6,Vendor_062,Sales,IT,ACH,Emp_096,INV-2024-0000095,0,normal
TX-000094,2024-01-03 13:51:00,4368.47,Vendor_092,Sales,Operations,ACH,Emp_098,INV-2024-0000084,0,normal
TX-000095,2024-01-03 13:57:00,1564.79,Vendor_102,HR,Consulting,Check,Emp_027,INV-2024-0000075,0,normal
TX-000096,2024-01-03 14:00:00,3506.88,Vendor_112,IT,Payroll,Check,Emp_034,INV-2024-0000102,0,normal
TX-000097,2024-01-03 14:25:00,2166.42,Vendor_053,Finance,Travel,ACH,Emp_003,INV-2024-0000082,0,normal
TX-000098,2024-01-03 15:04:00,2359.78,Vendor_004,IT,IT,Wire,Emp_033,INV-2024-0000091,0,normal
TX-000099,2024-01-03 15:04:00,1910.8,Vendor_062,IT,Consulting,Card,Emp_043,INV-2024-0000071,0,normal
TX-000100,2024-01-03 15:23:00,1791.01,Vendor_115,Sales,Supplies,Wire,Emp_092,INV-2024-0000072,0,normal
TX-000101,2024-01-03 15:56:00,3340.42,Vendor_057,Support,Supplies,ACH,Emp_118,INV-2024-0000070,0,normal
TX-000102,2024-01-03 16:07:00,9301.92,Vendor_002,Finance,Payroll,Card,Emp_011,INV-2024-0000080,0,normal
TX-000103,2024-01-03 17:08:00,1799.95,Vendor_036,IT,Payroll,Check,Emp_043,INV-2024-0000085,0,normal
TX-000104,2024-01-03 17:35:00,538.87,Vendor_019,HR,Operations,ACH,Emp_026,INV-2024-0002405,1,same_day_burst
TX-000105,2024-01-04 02:07:00,9227.11,Vendor_002,Finance,Payroll,Card,Emp_007,INV-8054-0000080,1,fuzzy_duplicate
TX-000106,2024-01-04 07:35:00,3652.2,Vendor_023,Marketing,Operations,ACH,Emp_053,INV-2024-0000124,0,normal
TX-000107,2024-01-04 08:25:00,2459.17,Vendor_045,Support,Consulting,Wire,Emp_115,INV-2024-0000114,0,normal
TX-000108,2024-01-04 08:36:00,1557.9,Vendor_072,Support,IT,Check,Emp_117,INV-2024-0000090,1,duplicate_invoice
TX-000109,2024-01-04 08:59:00,3926.55,Vendor_052,Finance,IT,ACH,Emp_007,INV-2024-0000109,0,normal
TX-000110,2024-01-04 09:17:00,2018.74,Vendor_004,IT,IT,Card,Emp_034,INV-2024-0000112,0,normal
TX-000111,2024-01-04 09:36:00,1863.77,Vendor_055,Operations,Supplies,Card,Emp_061,INV-2024-0000131,0,normal
TX-000112,2024-01-04 10:06:00,3069.1,Vendor_077,Sales,Travel,Wire,Emp_096,INV-2024-0000105,0,normal
TX-000113,2024-01-04 10:08:00,1750.0,Vendor_040,IT,IT,ACH,Emp_034,INV-2024-0000129,0,normal
TX-000114,2024-01-04 10:31:00,2549.37,Vendor_014,HR,Payroll,Check,Emp_019,INV-2024-0000121,0,normal
TX-000115,2024-01-04 11:01:00,1715.17,Vendor_023,Sales,Operations,Card,Emp_093,INV-2024-0000107,0,normal
TX-000116,2024-01-04 11:16:00,4525.02,Vendor_082,Sales,Operations,ACH,Emp_102,INV-2024-0000106,0,normal
TX-000117,2024-01-04 11:37:00,2098.1,Vendor_106,Support,Consulting,Check,Emp_116,INV-2024-0000126,0,normal
TX-000118,2024-01-04 11:47:00,1141.77,Vendor_043,HR,Supplies,ACH,Emp_026,INV-2024-0000135,0,normal
TX-000119,2024-01-04 11:52:00,11710.37,Vendor_026,Marketing,Payroll,Check,Emp_053,INV-2024-0000123,0,normal
TX-000120,2024-01-04 11:53:00,988.9,Vendor_031,HR,IT,Check,Emp_028,INV-2024-0000139,0,normal
TX-000121,2024-01-04 11:58:00,1770.14,Vendor_107,IT,Consulting,Wire,Emp_045,INV-2024-0000111,0,normal
TX-000122,2024-01-04 12:01:00,3350.0,Vendor_120,Support,Operations,Check,Emp_107,INV-2024-0000122,0,normal
TX-000123,2024-01-04 12:15:00,1350.0,Vendor_036,IT,Operations,Wire,Emp_042,INV-2024-0000140,0,normal
TX-000124,2024-01-04 12:23:00,6004.7,Vendor_082,Sales,Payroll,Check,Emp_091,INV-2024-0000138,0,normal
TX-000125,2024-01-04 12:30:00,2466.95,Vendor_030,Sales,Operations,ACH,Emp_104,INV-2024-0000110,0,normal
TX-000126,2024-01-04 12:30:00,1837.01,Vendor_053,HR,Travel,ACH,Emp_021,INV-2024-0000130,0,normal
TX-000127,2024-01-04 12:48:00,390.53,Vendor_076,Operations,Consulting,Card,Emp_066,INV-2024-0000115,0,normal
TX-000128,2024-01-04 13:30:00,3245.34,Vendor_010,Support,Supplies,Wire,Emp_107,INV-2024-0000104,0,normal
TX-000129,2024-01-04 14:00:00,4053.49,Vendor_074,Marketing,IT,ACH,Emp_049,INV-2024-0000125,0,normal
TX-000130,2024-01-04 14:37:00,4667.13,Vendor_073,Sales,Supplies,Wire,Emp_092,INV-2024-0000137,0,normal
TX-000131,2024-01-04 14:53:00,2300.0,Vendor_033,Marketing,Operations,Wire,Emp_046,INV-2024-0000127,0,normal
TX-000132,2024-01-04 15:15:00,1788.14,Vendor_104,Finance,Consulting,Card,Emp_010,INV-2024-0000120,0,normal
TX-000133,2024-01-04 15:38:00,1996.37,Vendor_120,Support,Payroll,Card,Emp_110,INV-2024-0000108,0,normal
TX-000134,2024-01-04 15:43:00,6427.83,Vendor_016,Support,IT,Wire,Emp_109,INV-2024-0000116,0,normal
TX-000135,2024-01-04 15:45:00,2118.7,Vendor_109,IT,Operations,Check,Emp_036,INV-2024-0000119,0,normal
TX-000136,2024-01-04 15:55:00,1065.52,Vendor_088,Operations,Consulting,Wire,Emp_069,INV-2024-0000128,0,normal
TX-000137,2024-01-04 16:09:00,2164.51,Vendor_057,Support,Supplies,ACH,Emp_106,INV-2024-0000113,0,normal
TX-000138,2024-01-04 16:38:00,3187.1,Vendor_034,Operations,Operations,Card,Emp_061,INV-2024-0000117,0,normal
TX-000139,2024-01-04 16:51:00,1594.07,Vendor_025,IT,Operations,Check,Emp_034,INV-2024-0000134,0,normal
TX-000140,2024-01-04 16:52:00,4752.72,Vendor_022,Sales,Travel,ACH,Emp_103,INV-2024-0000118,0,normal
TX-000141,2024-01-04 17:08:00,3776.94,Vendor_008,Support,Operations,Wire,Emp_120,INV-2024-0000103,0,normal
TX-000142,2024-01-04 17:15:00,5229.02,Vendor_091,Operations,Consulting,ACH,Emp_067,INV-2024-0000132,0,normal
TX-000143,2024-01-04 17:20:00,3788.27,Vendor_066,Support,Consulting,ACH,Emp_119,INV-2024-0000141,0,normal
TX-000144,2024-01-04 17:25:00,6387.93,Vendor_053,Finance,Travel,Wire,Emp_003,INV-2024-0002443,1,low_history_high_amount
TX-000145,2024-01-04 17:27:00,642.67,Vendor_116,Finance,IT,Wire,Emp_009,INV-2024-0000136,0,normal
TX-000146,2024-01-04 18:26:00,3347.02,Vendor_045,Support,Consulting,Card,Emp_117,INV-2024-0000133,0,normal
TX-000147,2024-01-05 07:43:00,1710.73,Vendor_015,Legal,IT,Card,Emp_089,INV-2024-0000153,0,normal
TX-000148,2024-01-05 09:06:00,2956.54,Vendor_035,Operations,Operations,Check,Emp_075,INV-2024-0000145,0,normal
TX-000149,2024-01-05 09:21:00,3677.3,Vendor_078,Marketing,Travel,Card,Emp_059,INV-2024-0000146,0,normal
TX-000150,2024-01-05 09:25:00,2750.99,Vendor_008,Support,IT,Wire,Emp_107,INV-2024-0000159,0,normal
TX-000151,2024-01-05 10:44:00,8036.38,Vendor_002,Finance,IT,Card,Emp_011,INV-2024-0000144,0,normal
TX-000152,2024-01-05 12:04:00,4605.57,Vendor_082,Sales,Operations,ACH,Emp_093,INV-2024-0000148,0,normal
TX-000153,2024-01-05 12:21:00,8080.29,Vendor_090,Finance,Consulting,Check,Emp_013,INV-2024-0000162,0,normal
TX-000154,2024-01-05 12:28:00,4037.52,Vendor_022,Sales,Supplies,Wire,Emp_101,INV-2024-0000151,0,normal
TX-000155,2024-01-05 12:42:00,2446.08,Vendor_070,IT,Consulting,Card,Emp_031,INV-2024-0000150,0,normal
TX-000156,2024-01-05 12:49:00,1771.31,Vendor_089,Operations,IT,Card,Emp_072,INV-2024-0000163,0,normal
TX-000157,2024-01-05 12:54:00,696.33,Vendor_056,HR,Payroll,ACH,Emp_020,INV-2024-0000154,0,normal
TX-000158,2024-01-05 13:11:00,2294.5,Vendor_015,Legal,Supplies,ACH,Emp_077,INV-2024-0000142,0,normal
TX-000159,2024-01-05 13:13:00,5869.82,Vendor_090,Finance,Operations,ACH,Emp_013,INV-2024-0000161,0,normal
TX-000160,2024-01-05 13:15:00,484.51,Vendor_019,HR,Operations,ACH,Emp_019,INV-2024-0000160,0,normal
TX-000161,2024-01-05 13:35:00,2688.52,Vendor_027,Legal,Supplies,Wire,Emp_078,INV-2024-0000156,0,normal
TX-000162,2024-01-05 13:44:00,1560.67,Vendor_062,Operations,Consulting,Card,Emp_061,INV-2024-0000164,0,normal
TX-000163,2024-01-05 14:06:00,1099.33,Vendor_093,Finance,Payroll,ACH,Emp_004,INV-2024-0000157,0,normal
TX-000164,2024-01-05 14:29:00,4176.23,Vendor_066,Support,Operations,ACH,Emp_114,INV-2024-0000152,0,normal
TX-000165,2024-01-05 14:31:00,2930.02,Vendor_089,Operations,Supplies,Check,Emp_072,INV-2024-0000147,0,normal
TX-000166,2024-01-05 14:32:00,2300.39,Vendor_015,Legal,Supplies,ACH,Emp_077,INV-2024-0002450,1,same_day_burst
TX-000167,2024-01-05 14:52:00,783.45,Vendor_048,Legal,Operations,ACH,Emp_090,INV-2024-0000155,0,normal
TX-000168,2024-01-05 15:03:00,1740.18,Vendor_036,IT,Travel,Wire,Emp_044,INV-2024-0000158,0,normal
TX-000169,2024-01-05 15:12:00,2132.94,Vendor_064,Sales,IT,Wire,Emp_101,INV-2024-0000149,0,normal
TX-000170,2024-01-05 16:27:00,2622.9,Vendor_057,Support,Supplies,Check,Emp_113,INV-2024-0000143,0,normal
TX-000171,2024-01-06 07:13:00,1389.59,Vendor_072,Support,IT,Card,Emp_110,INV-2024-0000166,0,normal
TX-000172,2024-01-06 07:17:00,1500.08,Vendor_004,IT,IT,Wire,Emp_038,INV-2024-0000180,0,normal
TX-000173,2024-01-06 08:23:00,1340.68,Vendor_014,Support,Payroll,Card,Emp_111,INV-2024-0000169,0,normal
TX-000174,2024-01-06 08:43:00,4406.78,Vendor_009,Support,IT,Check,Emp_118,INV-2024-0000176,0,normal
TX-000175,2024-01-06 10:09:00,5098.11,Vendor_009,HR,Operations,Check,Emp_018,INV-2024-0000182,0,normal
TX-000176,2024-01-06 10:12:00,485.27,Vendor_111,Finance,IT,Check,Emp_002,INV-2024-0000167,0,normal
TX-000177,2024-01-06 10:32:00,4601.79,Vendor_120,Operations,Payroll,Card,Emp_063,INV-2024-0000177,0,normal
TX-000178,2024-01-06 11:16:00,1081.34,Vendor_005,Operations,IT,Card,Emp_066,INV-2024-0000179,0,normal
TX-000179,2024-01-06 11:23:00,2043.67,Vendor_078,Finance,Travel,Wire,Emp_009,INV-2024-0000168,0,normal
TX-000180,2024-01-06 11:30:00,3395.47,Vendor_006,Legal,Supplies,Check,Emp_078,INV-2024-0000172,0,normal
TX-000181,2024-01-06 11:47:00,1071.32,Vendor_088,Operations,Consulting,Check,Emp_063,INV-2024-0000183,0,normal
TX-000182,2024-01-06 11:53:00,5811.8,Vendor_091,Finance,Consulting,Wire,Emp_004,INV-2024-0000173,0,normal
TX-000183,2024-01-06 11:58:00,1851.85,Vendor_046,Legal,Operations,ACH,Emp_078,INV-2024-0000170,0,normal
TX-000184,2024-01-06 12:46:00,2265.29,Vendor_034,Operations,IT,Wire,Emp_070,INV-2024-0000181,0,normal
TX-000185,2024-01-06 12:48:00,1973.44,Vendor_051,Legal,Operations,ACH,Emp_089,INV-2024-0000175,0,normal
TX-000186,2024-01-06 13:08:00,1769.04,Vendor_109,IT,Consulting,Wire,Emp_044,INV-2024-0000171,0,normal
TX-000187,2024-01-06 16:31:00,3427.23,Vendor_007,HR,Supplies,Card,Emp_023,INV-2024-0000184,0,normal
TX-000188,2024-01-06 16:33:00,744.8,Vendor_019,HR,Operations,Check,Emp_025,INV-2024-0000174,0,normal
TX-000189,2024-01-06 16:55:00,2050.0,Vendor_051,Marketing,IT,Check,Emp_057,INV-2024-0000178,0,normal
TX-000190,2024-01-06 18:37:00,4605.78,Vendor_065,HR,IT,ACH,Emp_029,INV-2024-0000165,0,normal
TX-000191,2024-01-07 02:27:00,650.57,Vendor_116,Finance,IT,Wire,Emp_008,INV-2024-0900136,1,fuzzy_duplicate
TX-000192,2024-01-07 08:17:00,2005.46,Vendor_062,Sales,IT,Card,Emp_098,INV-2024-0000201,0,normal
TX-000193,2024-01-07 08:20:00,5630.6,Vendor_095,Support,Payroll,Card,Emp_108,INV-2024-0000193,0,normal
TX-000194,2024-01-07 09:06:00,1511.34,Vendor_033,Marketing,Operations,Wire,Emp_048,INV-2024-0000206,0,normal
TX-000195,2024-01-07 09:25:00,4617.66,Vendor_020,Marketing,Consulting,Wire,Emp_051,INV-2024-0000190,0,normal
TX-000196,2024-01-07 09:29:00,645.72,Vendor_111,Finance,IT,ACH,Emp_003,INV-2024-0000192,0,normal
TX-000197,2024-01-07 09:32:00,2801.5,Vendor_007,HR,Travel,Card,Emp_027,INV-2024-0000198,0,normal
TX-000198,2024-01-07 09:33:00,2308.36,Vendor_038,Operations,Operations,Check,Emp_064,INV-2024-0000202,0,normal
TX-000199,2024-01-07 10:23:00,2619.22,Vendor_114,Sales,Travel,Wire,Emp_102,INV-2024-0000188,0,normal
TX-000200,2024-01-07 10:32:00,785.07,Vendor_003,Sales,Consulting,ACH,Emp_101,INV-2024-0000205,0,normal
TX-000201,2024-01-07 11:01:00,3954.06,Vendor_120,Support,Payroll,Check,Emp_118,INV-2024-0000194,0,normal
TX-000202,2024-01-07 11:19:00,835.49,Vendor_031,HR,IT,ACH,Emp_017,INV-2024-0000197,0,normal
TX-000203,2024-01-07 11:55:00,7846.56,Vendor_091,Finance,Payroll,ACH,Emp_014,INV-2024-0000191,0,normal
TX-000204,2024-01-07 12:14:00,4211.39,Vendor_080,IT,Supplies,Card,Emp_037,INV-2024-0000195,0,normal
TX-000205,2024-01-07 12:46:00,8083.63,Vendor_091,Finance,Payroll,ACH,Emp_004,INV-2024-0000185,0,normal
TX-000206,2024-01-07 13:03:00,4620.04,Vendor_089,Operations,Consulting,Card,Emp_068,INV-2024-0000203,0,normal
TX-000207,2024-01-07 14:34:00,2939.96,Vendor_068,Sales,Consulting,Check,Emp_100,INV-2024-0000189,0,normal
TX-000208,2024-01-07 14:53:00,2203.07,Vendor_007,HR,Consulting,Check,Emp_030,INV-2024-0000196,0,normal
TX-000209,2024-01-07 14:58:00,1699.84,Vendor_005,IT,Payroll,ACH,Emp_037,INV-2024-0000207,0,normal
TX-000210,2024-01-07 15:02:00,2744.96,Vendor_057,Support,Supplies,ACH,Emp_112,INV-2024-0000200,0,normal
TX-000211,2024-01-07 15:35:00,5544.43,Vendor_002,Finance,IT,Wire,Emp_013,INV-2024-0000187,0,normal
TX-000212,2024-01-07 16:25:00,1262.86,Vendor_052,Support,Consulting,Card,Emp_116,INV-2024-0000199,0,normal
TX-000213,2024-01-07 17:14:00,3063.67,Vendor_078,HR,Payroll,Wire,Emp_023,INV-2024-0000186,0,normal
TX-000214,2024-01-07 18:34:00,750.0,Vendor_056,HR,Payroll,Card,Emp_030,INV-2024-0000204,0,normal
TX-000215,2024-01-08 08:31:00,2239.6,Vendor_045,Support,Consulting,Card,Emp_111,INV-2024-0000223,0,normal
TX-000216,2024-01-08 08:36:00,750.0,Vendor_093,Finance,Payroll,Wire,Emp_015,INV-2024-0000218,0,normal
TX-000217,2024-01-08 08:48:00,2161.23,Vendor_005,Support,Supplies,Check,Emp_106,INV-2024-0000211,0,normal
TX-000218,2024-01-08 09:31:00,4337.19,Vendor_052,Finance,IT,Card,Emp_002,INV-2024-0000216,0,normal
TX-000219,2024-01-08 09:45:00,8164.69,Vendor_016,Support,IT,Wire,Emp_115,INV-2024-0000220,0,normal
TX-000220,2024-01-08 10:15:00,2192.68,Vendor_087,HR,Travel,Wire,Emp_017,INV-2024-0000226,0,normal
TX-000221,2024-01-08 10:30:00,2532.93,Vendor_106,Support,Consulting,Check,Emp_112,INV-2024-0000231,0,normal
TX-000222,2024-01-08 10:37:00,1444.86,Vendor_102,HR,Consulting,Check,Emp_029,INV-2024-0000230,0,normal
TX-000223,2024-01-08 10:38:00,2111.16,Vendor_064,Sales,IT,ACH,Emp_092,INV-2024-0000208,0,normal
TX-000224,2024-01-08 10:42:00,3501.23,Vendor_048,Legal,IT,Wire,Emp_086,INV-2024-0000222,0,normal
TX-000225,2024-01-08 10:45:00,4946.37,Vendor_023,Marketing,Travel,Wire,Emp_051,INV-2024-0000214,0,normal
TX-000226,2024-01-08 10:58:00,2871.07,Vendor_041,IT,Payroll,Check,Emp_045,INV-2024-0000221,0,normal
TX-000227,2024-01-08 11:19:00,1966.64,Vendor_021,Operations,Consulting,Card,Emp_075,INV-2024-0000233,0,normal
TX-000228,2024-01-08 11:33:00,1452.79,Vendor_053,Finance,Supplies,ACH,Emp_003,INV-2024-0000229,0,normal
TX-000229,2024-01-08 11:44:00,1510.82,Vendor_102,Legal,Consulting,Check,Emp_079,INV-2024-0000234,0,normal
TX-000230,2024-01-08 11:52:00,2610.33,Vendor_034,Operations,IT,Card,Emp_075,INV-2024-0000212,0,normal
TX-000231,2024-01-08 12:19:00,7157.35,Vendor_016,Support,IT,Wire,Emp_116,INV-2024-0000213,0,normal
TX-000232,2024-01-08 12:29:00,1247.33,Vendor_012,Legal,IT,ACH,Emp_085,INV-2024-0000209,0,normal
TX-000233,2024-01-08 12:42:00,1806.41,Vendor_053,Finance,Payroll,Wire,Emp_013,INV-2024-0000236,0,normal
TX-000234,2024-01-08 12:48:00,6461.46,Vendor_090,Finance,Operations,Card,Emp_007,INV-2024-0000219,0,normal
TX-000235,2024-01-08 12:49:00,1499.85,Vendor_036,IT,Payroll,Wire,Emp_038,INV-2024-0000224,0,normal
TX-000236,2024-01-08 13:02:00,2412.31,Vendor_062,Sales,Consulting,ACH,Emp_093,INV-2024-0000217,0,normal
TX-000237,2024-01-08 13:20:00,3660.53,Vendor_077,Sales,Consulting,Wire,Emp_100,INV-2024-0000239,0,normal
TX-000238,2024-01-08 13:41:00,1270.43,Vendor_119,Legal,Travel,Check,Emp_088,INV-2024-0000238,0,normal
TX-000239,2024-01-08 14:06:00,730.61,Vendor_100,IT,Operations,Check,Emp_035,INV-2024-0000232,0,normal
TX-000240,2024-01-08 15:01:00,4891.42,Vendor_022,Sales,Supplies,ACH,Emp_105,INV-2024-0000215,0,normal
TX-000241,2024-01-08 15:26:00,1299.39,Vendor_053,Finance,Payroll,Card,Emp_014,INV-2024-0000237,0,normal
TX-000242,2024-01-08 15:50:00,2412.32,Vendor_075,Legal,Operations,Card,Emp_080,INV-2024-0000228,0,normal
TX-000243,2024-01-08 15:51:00,6043.87,Vendor_016,Support,IT,Wire,Emp_108,INV-2024-0000235,0,normal
TX-000244,2024-01-08 15:59:00,632.65,Vendor_071,Support,Payroll,Check,Emp_117,INV-2024-0000225,0,normal
TX-000245,2024-01-08 16:21:00,1826.02,Vendor_005,IT,Travel,Card,Emp_039,INV-2024-0000210,0,normal
TX-000246,2024-01-08 18:32:00,758.67,Vendor_028,Finance,Consulting,Check,Emp_005,INV-2024-0000227,0,normal
TX-000247,2024-01-09 07:02:00,1791.28,Vendor_114,Sales,Travel,Card,Emp_100,INV-2024-0000258,0,normal
TX-000248,2024-01-09 09:17:00,3854.71,Vendor_095,Support,Payroll,Check,Emp_113,INV-2024-0000253,0,normal
TX-000249,2024-01-09 09:27:00,2719.49,Vendor_021,Operations,Consulting,Wire,Emp_062,INV-2024-0000259,0,normal
TX-000250,2024-01-09 10:18:00,3023.09,Vendor_023,Marketing,Travel,ACH,Emp_046,INV-2024-0000240,0,normal
TX-000251,2024-01-09 10:53:00,2278.21,Vendor_015,Legal,IT,Card,Emp_082,INV-2024-0000251,0,normal
TX-000252,2024-01-09 11:16:00,3950.0,Vendor_089,Operations,Travel,Card,Emp_068,INV-2024-0000256,0,normal
TX-000253,2024-01-09 11:32:00,2366.61,Vendor_087,HR,Payroll,ACH,Emp_028,INV-2024-0000249,0,normal
TX-000254,2024-01-09 11:49:00,2279.96,Vendor_051,Marketing,Consulting,Card,Emp_054,INV-2024-0000241,0,normal
TX-000255,2024-01-09 11:55:00,2149.84,Vendor_017,Legal,IT,ACH,Emp_077,INV-2024-0000246,0,normal
TX-000256,2024-01-09 12:09:00,2030.23,Vendor_011,Finance,Payroll,Card,Emp_010,INV-2024-0000244,0,normal
TX-000257,2024-01-09 12:40:00,8396.19,Vendor_016,Support,IT,Wire,Emp_111,INV-2024-0000260,0,normal
TX-000258,2024-01-09 12:52:00,827.93,Vendor_019,HR,Operations,Card,Emp_029,INV-2024-0000267,0,normal
TX-000259,2024-01-09 13:31:00,1094.06,Vendor_060,Operations,Travel,ACH,Emp_065,INV-2024-0000243,0,normal
TX-000260,2024-01-09 13:37:00,11072.67,Vendor_090,Finance,Operations,ACH,Emp_013,INV-2024-0000262,0,normal
TX-000261,2024-01-09 13:45:00,2571.18,Vendor_120,Support,Operations,ACH,Emp_109,INV-2024-0000247,0,normal
TX-000262,2024-01-09 14:14:00,691.82,Vendor_083,Support,Payroll,Check,Emp_114,INV-2024-0000250,0,normal
TX-000263,2024-01-09 14:21:00,2491.95,Vendor_098,Legal,Travel,Card,Emp_087,INV-2024-0000261,0,normal
TX-000264,2024-01-09 14:32:00,6793.19,Vendor_028,Finance,Consulting,Card,Emp_005,INV-2024-0002394,1,low_history_high_amount
TX-000265,2024-01-09 14:40:00,1567.91,Vendor_017,IT,IT,Wire,Emp_045,INV-2024-0000242,0,normal
TX-000266,2024-01-09 14:46:00,2253.75,Vendor_114,Sales,Travel,Check,Emp_104,INV-2024-0000248,0,normal
TX-000267,2024-01-09 14:54:00,3067.69,Vendor_099,Operations,Payroll,ACH,Emp_061,INV-2024-0000264,0,normal
TX-000268,2024-01-09 14:56:00,3225.98,Vendor_006,IT,Supplies,Check,Emp_037,INV-2024-0000265,0,normal
TX-000269,2024-01-09 15:12:00,3934.55,Vendor_034,Operations,IT,Card,Emp_064,INV-2024-0000263,0,normal
TX-000270,2024-01-09 15:34:00,1301.77,Vendor_100,Operations,Payroll,Card,Emp_061,INV-2024-0000255,0,normal
TX-000271,2024-01-09 15:49:00,762.88,Vendor_003,Sales,Consulting,ACH,Emp_093,INV-2024-0000254,0,normal
TX-000272,2024-01-09 16:21:00,2982.51,Vendor_064,Sales,IT,Card,Emp_103,INV-2024-0000245,0,normal
TX-000273,2024-01-09 16:28:00,1766.6,Vendor_109,Legal,Operations,Wire,Emp_085,INV-2024-0000257,0,normal
TX-000274,2024-01-09 17:43:00,25.0,Vendor_117,Operations,IT,Check,Emp_071,INV-2024-0000266,0,normal
TX-000275,2024-01-09 17:48:00,3857.85,Vendor_092,Sales,Payroll,Check,Emp_102,INV-2024-0000252,0,normal
TX-000276,2024-01-10 07:39:00,539.07,Vendor_111,Finance,IT,Card,Emp_003,INV-2024-0000292,0,normal
TX-000277,2024-01-10 09:15:00,2634.92,Vendor_037,Support,Payroll,Wire,Emp_109,INV-2024-0000280,0,normal
TX-000278,2024-01-10 09:50:00,2124.69,Vendor_028,Finance,IT,ACH,Emp_012,INV-2024-0000271,0,normal
TX-000279,2024-01-10 10:00:00,3409.5,Vendor_117,Operations,Payroll,Check,Emp_073,INV-2024-0000278,0,normal
TX-000280,2024-01-10 10:48:00,1433.2,Vendor_010,Support,Payroll,Card,Emp_109,INV-2024-0000298,0,normal
TX-000281,2024-01-10 11:02:00,3203.76,Vendor_023,Marketing,Operations,Wire,Emp_052,INV-2024-0000295,0,normal
TX-000282,2024-01-10 11:17:00,421.68,Vendor_116,Finance,Supplies,ACH,Emp_001,INV-2024-0000275,0,normal
TX-000283,2024-01-10 11:25:00,3588.67,Vendor_049,Operations,Travel,Card,Emp_070,INV-2024-0000270,0,normal
TX-000284,2024-01-10 11:31:00,2711.62,Vendor_080,IT,Supplies,Card,Emp_038,INV-2024-0000283,0,normal
TX-000285,2024-01-10 11:53:00,3165.99,Vendor_051,Finance,Operations,ACH,Emp_005,INV-2024-0000268,0,normal
TX-000286,2024-01-10 12:00:00,813.68,Vendor_003,Sales,Consulting,ACH,Emp_092,INV-2024-0000286,0,normal
TX-000287,2024-01-10 12:04:00,3019.88,Vendor_048,Support,IT,ACH,Emp_117,INV-2024-0000291,0,normal
TX-000288,2024-01-10 12:07:00,3744.61,Vendor_035,Operations,Supplies,Check,Emp_075,INV-2024-0000284,0,normal
TX-000289,2024-01-10 12:08:00,2372.98,Vendor_080,IT,Supplies,ACH,Emp_042,INV-2024-0000277,0,normal
TX-000290,2024-01-10 12:19:00,3915.32,Vendor_089,Operations,Consulting,Check,Emp_067,INV-2024-0000287,0,normal
TX-000291,2024-01-10 12:36:00,1725.09,Vendor_115,Sales,Operations,Wire,Emp_099,INV-2024-0000294,0,normal
TX-000292,2024-01-10 12:40:00,3643.87,Vendor_045,Legal,Consulting,Check,Emp_078,INV-2024-0000273,0,normal
TX-000293,2024-01-10 12:52:00,919.93,Vendor_031,HR,IT,ACH,Emp_030,INV-2024-0000276,0,normal
TX-000294,2024-01-10 13:01:00,1650.35,Vendor_076,Finance,Consulting,Check,Emp_006,INV-2024-0000297,0,normal
TX-000295,2024-01-10 13:02:00,5271.19,Vendor_081,Marketing,Travel,Card,Emp_054,INV-2024-0000296,0,normal
TX-000296,2024-01-10 13:02:00,1726.15,Vendor_038,Operations,Consulting,Wire,Emp_064,INV-2024-0000281,0,normal
TX-000297,2024-01-10 13:15:00,2743.23,Vendor_041,IT,Payroll,Card,Emp_036,INV-2024-0000274,0,normal
TX-000298,2024-01-10 13:48:00,1686.36,Vendor_036,IT,Travel,ACH,Emp_042,INV-2024-0000279,0,normal
TX-000299,2024-01-10 14:19:00,802.51,Vendor_058,Marketing,Payroll,Wire,Emp_059,INV-2024-0000288,0,normal
TX-000300,2024-01-10 14:19:00,2050.46,Vendor_115,Sales,Operations,Wire,Emp_092,INV-2024-0000290,0,normal
TX-000301,2024-01-10 14:37:00,3233.53,Vendor_038,Operations,IT,Check,Emp_073,INV-2024-0000293,0,normal
TX-000302,2024-01-10 14:51:00,1043.98,Vendor_107,IT,Consulting,Wire,Emp_038,INV-2024-0000285,0,normal
TX-000303,2024-01-10 16:07:00,1052.6,Vendor_050,HR,Operations,Card,Emp_024,INV-2024-0000272,0,normal
TX-000304,2024-01-10 16:27:00,2104.27,Vendor_041,IT,Payroll,Check,Emp_036,INV-2024-0000282,0,normal
TX-000305,2024-01-10 17:39:00,4196.31,Vendor_092,Sales,Operations,Check,Emp_102,INV-2024-0000269,0,normal
TX-000306,2024-01-10 17:49:00,6819.45,Vendor_016,Support,IT,ACH,Emp_117,INV-2024-0000289,0,normal
TX-000307,2024-01-11 07:49:00,2732.93,Vendor_014,HR,Travel,Card,Emp_019,INV-2024-0000301,0,normal
TX-000308,2024-01-11 08:11:00,2607.01,Vendor_108,Support,Consulting,Wire,Emp_117,INV-2024-0000316,0,normal
TX-000309,2024-01-11 09:07:00,4753.81,Vendor_023,HR,Operations,Wire,Emp_030,INV-2024-0000303,0,normal
TX-000310,2024-01-11 09:29:00,5020.18,Vendor_082,IT,Operations,Check,Emp_045,INV-2024-0000308,0,normal
TX-000311,2024-01-11 09:44:00,1408.39,Vendor_043,HR,Travel,Wire,Emp_020,INV-2024-0000307,0,normal
TX-000312,2024-01-11 10:16:00,1650.82,Vendor_018,Marketing,IT,Check,Emp_056,INV-2024-0000313,0,normal
TX-000313,2024-01-11 10:22:00,1890.86,Vendor_040,HR,IT,Check,Emp_026,INV-2024-0000302,0,normal
TX-000314,2024-01-11 10:29:00,1813.38,Vendor_104,Finance,Supplies,Card,Emp_012,INV-2024-0000317,0,normal
TX-000315,2024-01-11 10:44:00,2741.28,Vendor_055,Operations,Supplies,Card,Emp_071,INV-2024-0000306,0,normal
TX-000316,2024-01-11 11:04:00,1150.7,Vendor_050,HR,Operations,Card,Emp_029,INV-2024-0000319,0,normal
TX-000317,2024-01-11 11:25:00,1446.93,Vendor_109,Legal,Consulting,Wire,Emp_085,INV-2024-0000305,0,normal
TX-000318,2024-01-11 12:13:00,1499.39,Vendor_053,Finance,Supplies,ACH,Emp_007,INV-2024-0000304,0,normal
TX-000319,2024-01-11 12:14:00,3129.45,Vendor_010,Support,Supplies,Wire,Emp_119,INV-2024-0000318,0,normal
TX-000320,2024-01-11 12:24:00,358.7,Vendor_056,HR,Payroll,ACH,Emp_021,INV-2024-0000320,0,normal
TX-000321,2024-01-11 12:54:00,6571.47,Vendor_095,Support,Payroll,Check,Emp_114,INV-2024-0000309,0,normal
TX-000322,2024-01-11 12:58:00,2411.47,Vendor_035,Operations,Operations,ACH,Emp_068,INV-2024-0000314,0,normal
TX-000323,2024-01-11 13:01:00,1689.64,Vendor_029,Marketing,Consulting,ACH,Emp_059,INV-2024-0000311,0,normal
TX-000324,2024-01-11 13:32:00,2518.33,Vendor_098,Legal,Operations,Card,Emp_085,INV-2024-0000312,0,normal
TX-000325,2024-01-11 14:03:00,1247.27,Vendor_037,Legal,Payroll,Wire,Emp_078,INV-2024-0000299,0,normal
TX-000326,2024-01-11 16:26:00,2463.86,Vendor_106,Support,Consulting,Check,Emp_114,INV-2024-0000310,0,normal
TX-000327,2024-01-11 18:04:00,2149.22,Vendor_086,IT,Payroll,Wire,Emp_036,INV-2024-0000300,0,normal
TX-000328,2024-01-11 18:52:00,773.62,Vendor_039,Operations,Supplies,Check,Emp_073,INV-2024-0000315,0,normal
TX-000329,2024-01-12 07:56:00,2516.32,Vendor_051,Marketing,Consulting,ACH,Emp_060,INV-2024-0000343,0,normal
TX-000330,2024-01-12 08:21:00,1246.37,Vendor_053,Finance,Supplies,ACH,Emp_001,INV-2024-0000337,0,normal
TX-000331,2024-01-12 09:00:00,2494.63,Vendor_096,Finance,Consulting,Check,Emp_013,INV-2024-0000325,0,normal
TX-000332,2024-01-12 10:25:00,2511.02,Vendor_048,Legal,IT,Card,Emp_080,INV-2024-0000328,0,normal
TX-000333,2024-01-12 10:51:00,1198.01,Vendor_044,Legal,Operations,Wire,Emp_080,INV-2024-0000332,0,normal
TX-000334,2024-01-12 12:19:00,1833.43,Vendor_103,Finance,Travel,Check,Emp_001,INV-2024-0000331,0,normal
TX-000335,2024-01-12 12:22:00,2419.95,Vendor_048,Legal,IT,ACH,Emp_084,INV-2024-0000327,0,normal
TX-000336,2024-01-12 12:43:00,3269.89,Vendor_092,Sales,Payroll,Check,Emp_093,INV-2024-0000321,0,normal
TX-000337,2024-01-12 12:47:00,943.88,Vendor_088,Operations,Consulting,Card,Emp_070,INV-2024-0000322,0,normal
TX-000338,2024-01-12 12:50:00,4168.26,Vendor_059,Marketing,Operations,Card,Emp_047,INV-2024-0000340,0,normal
TX-000339,2024-01-12 13:14:00,2436.13,Vendor_064,Sales,IT,ACH,Emp_091,INV-2024-0000344,0,normal
TX-000340,2024-01-12 13:22:00,4611.67,Vendor_095,Support,Payroll,Card,Emp_113,INV-2024-0000333,0,normal
TX-000341,2024-01-12 13:34:00,3401.88,Vendor_006,Legal,Supplies,Card,Emp_081,INV-2024-0000336,0,normal
TX-000342,2024-01-12 13:42:00,1926.53,Vendor_099,Operations,Payroll,Check,Emp_070,INV-2024-0000334,0,normal
TX-000343,2024-01-12 14:13:00,1503.39,Vendor_053,Finance,Supplies,ACH,Emp_001,INV-2024-0000304,1,duplicate_invoice
TX-000344,2024-01-12 14:27:00,2080.74,Vendor_075,HR,IT,Wire,Emp_016,INV-2024-0000323,0,normal
TX-000345,2024-01-12 14:56:00,1747.8,Vendor_115,Sales,Operations,Wire,Emp_100,INV-2024-0000338,0,normal
TX-000346,2024-01-12 15:09:00,6125.53,Vendor_059,Marketing,Supplies,ACH,Emp_055,INV-2024-0000341,0,normal
TX-000347,2024-01-12 15:50:00,3983.76,Vendor_067,Operations,Consulting,Card,Emp_064,INV-2024-0000335,0,normal
TX-000348,2024-01-12 15:51:00,1214.46,Vendor_058,Marketing,Consulting,Card,Emp_056,INV-2024-0000324,0,normal
TX-000349,2024-01-12 15:58:00,2113.38,Vendor_042,Marketing,Operations,Check,Emp_060,INV-2024-0000342,0,normal
TX-000350,2024-01-12 16:10:00,3492.67,Vendor_035,Operations,Operations,Card,Emp_064,INV-2024-0000330,0,normal
TX-000351,2024-01-12 16:39:00,15060.0,Vendor_026,IT,Payroll,Check,Emp_041,INV-2024-0000329,0,normal
TX-000352,2024-01-12 16:53:00,1953.07,Vendor_075,Legal,Operations,Wire,Emp_077,INV-2024-0000326,0,normal
TX-000353,2024-01-12 18:29:00,978.05,Vendor_001,Marketing,Operations,Card,Emp_055,INV-2024-0000339,0,normal
TX-000354,2024-01-13 07:58:00,2458.95,Vendor_035,Operations,Operations,Wire,Emp_071,INV-2024-0000314,1,duplicate_invoice
TX-000355,2024-01-13 09:11:00,895.37,Vendor_072,Support,IT,Wire,Emp_114,INV-2024-0000356,0,normal
TX-000356,2024-01-13 09:13:00,2084.46,Vendor_015,Operations,IT,ACH,Emp_069,INV-2024-0000358,0,normal
TX-000357,2024-01-13 10:08:00,2815.0,Vendor_092,Sales,Consulting,Check,Emp_102,INV-2024-0000348,0,normal
TX-000358,2024-01-13 10:17:00,3463.81,Vendor_022,Sales,Supplies,ACH,Emp_101,INV-2024-0000360,0,normal
TX-000359,2024-01-13 10:31:00,2034.39,Vendor_075,Legal,Operations,ACH,Emp_082,INV-2024-0000363,0,normal
TX-000360,2024-01-13 10:36:00,2940.59,Vendor_006,Legal,Supplies,Check,Emp_088,INV-2024-0000347,0,normal
TX-000361,2024-01-13 10:51:00,3270.89,Vendor_110,Operations,Supplies,Card,Emp_061,INV-2024-0000354,0,normal
TX-000362,2024-01-13 11:13:00,3450.73,Vendor_041,IT,Payroll,Card,Emp_037,INV-2024-0000357,0,normal
TX-000363,2024-01-13 11:30:00,1568.09,Vendor_051,Marketing,Payroll,ACH,Emp_060,INV-2024-0000345,0,normal
TX-000364,2024-01-13 11:47:00,3467.87,Vendor_089,Operations,IT,ACH,Emp_064,INV-2024-0000355,0,normal
TX-000365,2024-01-13 12:45:00,2753.9,Vendor_014,HR,Payroll,Wire,Emp_019,INV-2024-0000359,0,normal
TX-000366,2024-01-13 12:56:00,4800.0,Vendor_006,Legal,Supplies,Wire,Emp_088,INV-2024-0002455,1,split_payment
TX-000367,2024-01-13 13:17:00,1932.67,Vendor_010,Support,Payroll,Card,Emp_118,INV-2024-0000362,0,normal
TX-000368,2024-01-13 13:21:00,1440.06,Vendor_010,Sales,Supplies,ACH,Emp_102,INV-2024-0000346,0,normal
TX-000369,2024-01-13 14:31:00,1480.93,Vendor_115,Sales,Supplies,ACH,Emp_102,INV-2024-0000353,0,normal
TX-000370,2024-01-13 15:31:00,2134.17,Vendor_098,HR,Travel,Card,Emp_019,INV-2024-0000349,0,normal
TX-000371,2024-01-13 15:58:00,626.91,Vendor_019,HR,IT,Card,Emp_021,INV-2024-0000351,0,normal
TX-000372,2024-01-13 16:30:00,2092.87,Vendor_113,Finance,Travel,Card,Emp_007,INV-2024-0000350,0,normal
TX-000373,2024-01-13 16:35:00,3722.12,Vendor_045,Support,Consulting,Wire,Emp_119,INV-2024-0000352,0,normal
TX-000374,2024-01-13 16:49:00,1171.41,Vendor_088,Operations,Consulting,Check,Emp_071,INV-2024-0000361,0,normal
TX-000375,2024-01-14 08:13:00,2039.65,Vendor_114,Sales,Payroll,Card,Emp_092,INV-2024-0000364,0,normal
TX-000376,2024-01-14 08:44:00,4144.67,Vendor_074,Marketing,IT,Wire,Emp_060,INV-2024-0000369,0,normal
TX-000377,2024-01-14 09:52:00,2051.12,Vendor_036,IT,IT,Wire,Emp_032,INV-2024-0000375,0,normal
TX-000378,2024-01-14 09:54:00,4524.86,Vendor_022,Sales,Supplies,Card,Emp_104,INV-2024-0000368,0,normal
TX-000379,2024-01-14 10:11:00,1663.21,Vendor_036,IT,Payroll,Check,Emp_044,INV-2024-0000377,0,normal
TX-000380,2024-01-14 10:49:00,1420.57,Vendor_014,HR,Payroll,Card,Emp_029,INV-2024-0000370,0,normal
TX-000381,2024-01-14 11:12:00,6772.26,Vendor_002,Finance,Payroll,ACH,Emp_009,INV-2024-0000372,0,normal
TX-000382,2024-01-14 11:12:00,1694.49,Vendor_010,Support,Payroll,Wire,Emp_119,INV-2024-0000376,0,normal
TX-000383,2024-01-14 12:02:00,2590.76,Vendor_023,Marketing,Operations,Card,Emp_059,INV-2024-0000367,0,normal
TX-000384,2024-01-14 12:40:00,3220.76,Vendor_096,Finance,Consulting,Check,Emp_004,INV-2024-0000371,0,normal
TX-000385,2024-01-14 13:09:00,1392.08,Vendor_039,Operations,Supplies,ACH,Emp_061,INV-2024-0000374,0,normal
TX-000386,2024-01-14 13:46:00,1120.61,Vendor_100,Support,Operations,Check,Emp_111,INV-2024-0000366,0,normal
TX-000387,2024-01-14 15:08:00,1790.23,Vendor_086,HR,Operations,Card,Emp_020,INV-2024-0000373,0,normal
TX-000388,2024-01-14 16:38:00,3847.27,Vendor_106,Support,Supplies,ACH,Emp_120,INV-2024-0000365,0,normal
TX-000389,2024-01-14 16:46:00,14429.19,Vendor_089,Operations,Travel,ACH,Emp_068,INV-2024-0002424,1,high_amount
TX-000390,2024-01-14 18:38:00,911.81,Vendor_050,HR,Operations,Card,Emp_023,INV-2024-0000378,0,normal
TX-000391,2024-01-15 07:20:00,1816.46,Vendor_040,HR,Travel,ACH,Emp_026,INV-2024-0000415,0,normal
TX-000392,2024-01-15 08:29:00,2842.06,Vendor_092,Sales,Consulting,Check,Emp_104,INV-2024-0000391,0,normal
TX-000393,2024-01-15 08:51:00,3727.89,Vendor_032,Finance,IT,ACH,Emp_004,INV-2024-0000380,0,normal
TX-000394,2024-01-15 09:06:00,2369.07,Vendor_028,Finance,IT,ACH,Emp_001,INV-2024-0000401,0,normal
TX-000395,2024-01-15 09:13:00,467.01,Vendor_071,Support,Payroll,ACH,Emp_120,INV-2024-0000394,0,normal
TX-000396,2024-01-15 09:34:00,3359.64,Vendor_011,Legal,Payroll,Card,Emp_081,INV-2024-0000381,0,normal
TX-000397,2024-01-15 09:36:00,4399.22,Vendor_009,HR,Supplies,Wire,Emp_018,INV-2024-0000396,0,normal
TX-000398,2024-01-15 09:37:00,3533.04,Vendor_087,HR,Travel,ACH,Emp_028,INV-2024-0000389,0,normal
TX-000399,2024-01-15 10:15:00,928.76,Vendor_083,Support,IT,Check,Emp_118,INV-2024-0000383,0,normal
TX-000400,2024-01-15 10:36:00,3400.0,Vendor_070,Finance,Consulting,Card,Emp_010,INV-2024-0000388,0,normal
TX-000401,2024-01-15 10:56:00,1050.0,Vendor_119,Sales,IT,ACH,Emp_093,INV-2024-0000406,0,normal
TX-000402,2024-01-15 10:57:00,3757.2,Vendor_096,IT,Consulting,Check,Emp_040,INV-2024-0000405,0,normal
TX-000403,2024-01-15 11:15:00,2463.95,Vendor_046,Legal,Operations,Wire,Emp_089,INV-2024-0000385,0,normal
TX-000404,2024-01-15 11:31:00,1165.12,Vendor_076,Operations,Consulting,ACH,Emp_068,INV-2024-0000402,0,normal
TX-000405,2024-01-15 11:32:00,3223.35,Vendor_034,Operations,Travel,ACH,Emp_069,INV-2024-0000387,0,normal
TX-000406,2024-01-15 11:34:00,3992.65,Vendor_077,Sales,IT,Wire,Emp_101,INV-2024-0000384,0,normal
TX-000407,2024-01-15 12:04:00,3183.65,Vendor_089,Operations,IT,ACH,Emp_061,INV-2024-0000414,0,normal
TX-000408,2024-01-15 12:05:00,4411.51,Vendor_020,Marketing,Travel,Check,Emp_050,INV-2024-0000392,0,normal
TX-000409,2024-01-15 12:13:00,3172.53,Vendor_077,Sales,Travel,Check,Emp_094,INV-2024-0000395,0,normal
TX-000410,2024-01-15 12:19:00,1099.52,Vendor_050,Sales,Operations,ACH,Emp_102,INV-2024-0000403,0,normal
TX-000411,2024-01-15 12:20:00,2700.42,Vendor_112,IT,IT,Card,Emp_042,INV-2024-0000393,0,normal
TX-000412,2024-01-15 12:28:00,1563.58,Vendor_043,Operations,Supplies,Check,Emp_061,INV-2024-0000390,0,normal
TX-000413,2024-01-15 12:37:00,2489.45,Vendor_075,Legal,Operations,Check,Emp_084,INV-2024-0000411,0,normal
TX-000414,2024-01-15 12:38:00,1293.25,Vendor_119,Legal,IT,Wire,Emp_086,INV-2024-0000417,0,normal
TX-000415,2024-01-15 13:04:00,771.96,Vendor_037,Support,Consulting,Card,Emp_108,INV-2024-0000382,0,normal
TX-000416,2024-01-15 13:28:00,1451.17,Vendor_112,IT,Supplies,Wire,Emp_035,INV-2024-0000400,0,normal
TX-000417,2024-01-15 13:40:00,1747.75,Vendor_036,IT,Travel,Card,Emp_038,INV-2024-0000412,0,normal
TX-000418,2024-01-15 13:44:00,2624.97,Vendor_057,Support,Supplies,ACH,Emp_120,INV-2024-0000416,0,normal
TX-000419,2024-01-15 14:01:00,2973.05,Vendor_112,IT,IT,Wire,Emp_031,INV-2024-0000409,0,normal
TX-000420,2024-01-15 14:17:00,1841.52,Vendor_048,Legal,IT,ACH,Emp_078,INV-2024-0000407,0,normal
TX-000421,2024-01-15 14:28:00,5184.21,Vendor_052,Finance,Consulting,Check,Emp_008,INV-2024-0000408,0,normal
TX-000422,2024-01-15 14:46:00,1416.63,Vendor_119,Legal,Consulting,Card,Emp_083,INV-2024-0000404,0,normal
TX-000423,2024-01-15 15:11:00,3348.41,Vendor_011,Legal,Payroll,Check,Emp_078,INV-2024-0000379,0,normal
TX-000424,2024-01-15 15:13:00,835.22,Vendor_019,Support,Operations,Card,Emp_119,INV-2024-0000386,0,normal
TX-000425,2024-01-15 15:26:00,4870.0,Vendor_076,Operations,Consulting,Card,Emp_068,INV-2024-0002446,1,split_payment
TX-000426,2024-01-15 15:39:00,1236.51,Vendor_043,IT,Payroll,Wire,Emp_045,INV-2024-0000413,0,normal
TX-000427,2024-01-15 16:48:00,840.47,Vendor_071,Support,Payroll,Wire,Emp_120,INV-2024-0000398,0,normal
TX-000428,2024-01-15 16:54:00,6046.12,Vendor_091,Finance,Supplies,Card,Emp_004,INV-2024-0000399,0,normal
TX-000429,2024-01-15 17:48:00,4305.3,Vendor_106,Marketing,Consulting,Check,Emp_054,INV-2024-0000397,0,normal
TX-000430,2024-01-15 18:53:00,1429.72,Vendor_036,IT,Payroll,Check,Emp_037,INV-2024-0000410,0,normal
TX-000431,2024-01-16 08:05:00,2647.1,Vendor_108,Support,IT,Wire,Emp_112,INV-2024-0000427,0,normal
TX-000432,2024-01-16 08:25:00,803.39,Vendor_097,Support,Operations,ACH,Emp_117,INV-2024-0000432,0,normal
TX-000433,2024-01-16 08:59:00,1088.22,Vendor_102,HR,Consulting,Wire,Emp_027,INV-2024-0000422,0,normal
TX-000434,2024-01-16 09:53:00,918.86,Vendor_076,Operations,Consulting,ACH,Emp_071,INV-2024-0000421,0,normal
TX-000435,2024-01-16 09:55:00,1564.56,Vendor_025,Finance,Payroll,Check,Emp_014,INV-2024-0000426,0,normal
TX-000436,2024-01-16 10:24:00,886.38,Vendor_023,Marketing,Operations,Check,Emp_058,INV-2024-0000444,0,normal
TX-000437,2024-01-16 11:01:00,3190.8,Vendor_008,Support,Supplies,ACH,Emp_106,INV-2024-0000443,0,normal
TX-000438,2024-01-16 11:09:00,2074.65,Vendor_062,Sales,IT,Card,Emp_105,INV-2024-0000439,0,normal
TX-000439,2024-01-16 11:20:00,827.04,Vendor_093,Sales,Payroll,Check,Emp_100,INV-2024-0000430,0,normal
TX-000440,2024-01-16 11:37:00,3167.23,Vendor_089,Operations,IT,Card,Emp_061,INV-2024-0000428,0,normal
TX-000441,2024-01-16 11:49:00,6955.49,Vendor_016,Support,IT,Wire,Emp_117,INV-2024-0000437,0,normal
TX-000442,2024-01-16 12:46:00,2419.87,Vendor_014,HR,Payroll,Card,Emp_024,INV-2024-0000424,0,normal
TX-000443,2024-01-16 13:05:00,1323.14,Vendor_037,Support,Consulting,Card,Emp_110,INV-2024-0000431,0,normal
TX-000444,2024-01-16 13:13:00,2002.4,Vendor_114,Sales,Payroll,ACH,Emp_101,INV-2024-0000364,1,duplicate_invoice
TX-000445,2024-01-16 13:39:00,3714.99,Vendor_022,Sales,IT,ACH,Emp_099,INV-2024-0000429,0,normal
TX-000446,2024-01-16 13:52:00,2857.57,Vendor_032,Finance,IT,Wire,Emp_015,INV-2024-0000418,0,normal
TX-000447,2024-01-16 13:57:00,3920.72,Vendor_049,Marketing,Travel,Card,Emp_058,INV-2024-0000435,0,normal
TX-000448,2024-01-16 13:57:00,3034.47,Vendor_006,Legal,Supplies,ACH,Emp_087,INV-2024-0000440,0,normal
TX-000449,2024-01-16 14:06:00,3570.1,Vendor_049,Finance,Travel,Check,Emp_011,INV-2024-0000425,0,normal
TX-000450,2024-01-16 14:09:00,3723.7,Vendor_035,Operations,Operations,Card,Emp_068,INV-2024-0000436,0,normal
TX-000451,2024-01-16 14:10:00,875.11,Vendor_003,Sales,Consulting,ACH,Emp_098,INV-2024-0000438,0,normal
TX-000452,2024-01-16 14:18:00,1433.31,Vendor_039,Operations,Consulting,Check,Emp_068,INV-2024-0000445,0,normal
TX-000453,2024-01-16 14:20:00,1989.89,Vendor_048,IT,Operations,Card,Emp_042,INV-2024-0000419,0,normal
TX-000454,2024-01-16 15:02:00,5521.31,Vendor_082,Sales,Operations,Check,Emp_096,INV-2024-0000420,0,normal
TX-000455,2024-01-16 15:04:00,1522.56,Vendor_098,Legal,Travel,Check,Emp_082,INV-2024-0000423,0,normal
TX-000456,2024-01-16 15:16:00,1502.56,Vendor_043,HR,Supplies,Card,Emp_026,INV-2024-0000434,0,normal
TX-000457,2024-01-16 16:36:00,2223.92,Vendor_098,Legal,Supplies,Card,Emp_079,INV-2024-0000441,0,normal
TX-000458,2024-01-16 17:43:00,4078.02,Vendor_070,IT,Consulting,Check,Emp_042,INV-2024-0000442,0,normal
TX-000459,2024-01-16 18:03:00,1137.43,Vendor_088,Sales,Consulting,ACH,Emp_100,INV-2024-0000433,0,normal
TX-000460,2024-01-17 08:30:00,875.12,Vendor_111,Finance,IT,ACH,Emp_010,INV-2024-0000469,0,normal
TX-000461,2024-01-17 08:33:00,1155.36,Vendor_119,Legal,IT,ACH,Emp_076,INV-2024-0000477,0,normal
TX-000462,2024-01-17 09:06:00,3535.72,Vendor_089,Operations,IT,Check,Emp_063,INV-2024-0000447,0,normal
TX-000463,2024-01-17 09:29:00,2400.0,Vendor_017,Legal,IT,Card,Emp_085,INV-2024-0000463,0,normal
TX-000464,2024-01-17 09:41:00,2018.78,Vendor_021,HR,Consulting,Check,Emp_029,INV-2024-0000473,0,normal
TX-000465,2024-01-17 10:59:00,2954.56,Vendor_114,Sales,Travel,Check,Emp_101,INV-2024-0000467,0,normal
TX-000466,2024-01-17 11:10:00,1533.45,Vendor_051,HR,Operations,Card,Emp_019,INV-2024-0000460,0,normal
TX-000467,2024-01-17 11:15:00,3369.39,Vendor_094,Operations,Operations,Check,Emp_072,INV-2024-0000456,0,normal
TX-000468,2024-01-17 11:24:00,2277.17,Vendor_110,Operations,Consulting,Card,Emp_073,INV-2024-0000475,0,normal
TX-000469,2024-01-17 11:34:00,1869.52,Vendor_005,IT,IT,Card,Emp_037,INV-2024-0000470,0,normal
TX-000470,2024-01-17 11:54:00,800.35,Vendor_019,Operations,Operations,Card,Emp_074,INV-2024-0000461,0,normal
TX-000471,2024-01-17 12:02:00,2300.0,Vendor_068,Sales,Payroll,Check,Emp_101,INV-2024-0000464,0,normal
TX-000472,2024-01-17 12:06:00,2352.9,Vendor_011,Legal,Operations,Wire,Emp_076,INV-2024-0000472,0,normal
TX-000473,2024-01-17 12:16:00,1542.75,Vendor_086,IT,Operations,ACH,Emp_031,INV-2024-0000448,0,normal
TX-000474,2024-01-17 12:18:00,1894.63,Vendor_086,IT,Supplies,Wire,Emp_034,INV-2024-0000481,0,normal
TX-000475,2024-01-17 12:22:00,2283.16,Vendor_086,IT,Payroll,Wire,Emp_040,INV-2024-0000466,0,normal
TX-000476,2024-01-17 12:33:00,2089.23,Vendor_038,Operations,Consulting,Wire,Emp_073,INV-2024-0000453,0,normal
TX-000477,2024-01-17 12:34:00,1663.43,Vendor_032,Support,IT,ACH,Emp_117,INV-2024-0000446,0,normal
TX-000478,2024-01-17 12:37:00,1042.65,Vendor_053,Finance,Supplies,Check,Emp_002,INV-2024-0000478,0,normal
TX-000479,2024-01-17 13:05:00,1897.49,Vendor_038,Operations,Consulting,Card,Emp_072,INV-2024-0000471,0,normal
TX-000480,2024-01-17 13:20:00,2817.52,Vendor_096,Finance,Operations,Card,Emp_011,INV-2024-0000476,0,normal
TX-000481,2024-01-17 13:22:00,1976.04,Vendor_062,Sales,Consulting,Card,Emp_096,INV-2024-0000462,0,normal
TX-000482,2024-01-17 13:34:00,1533.48,Vendor_041,IT,Payroll,Check,Emp_034,INV-2024-0000452,0,normal
TX-000483,2024-01-17 13:38:00,2304.54,Vendor_017,Support,IT,Wire,Emp_109,INV-2024-0000468,0,normal
TX-000484,2024-01-17 13:40:00,4045.41,Vendor_009,HR,IT,Check,Emp_023,INV-2024-0000451,0,normal
TX-000485,2024-01-17 14:18:00,638.7,Vendor_116,Support,IT,ACH,Emp_112,INV-2024-0000450,0,normal
TX-000486,2024-01-17 14:35:00,2623.04,Vendor_051,Marketing,Consulting,Card,Emp_054,INV-2024-0000474,0,normal
TX-000487,2024-01-17 14:50:00,3701.15,Vendor_077,Sales,Consulting,Wire,Emp_098,INV-2024-0000479,0,normal
TX-000488,2024-01-17 15:36:00,2722.6,Vendor_099,Operations,Payroll,Card,Emp_069,INV-2024-0000465,0,normal
TX-000489,2024-01-17 15:55:00,2211.86,Vendor_057,Support,Supplies,Check,Emp_120,INV-2024-0000458,0,normal
TX-000490,2024-01-17 16:08:00,471.86,Vendor_019,HR,Operations,ACH,Emp_021,INV-2024-0000454,0,normal
TX-000491,2024-01-17 16:31:00,1612.17,Vendor_074,Marketing,Travel,ACH,Emp_057,INV-2024-0000459,0,normal
TX-000492,2024-01-17 16:56:00,2937.64,Vendor_117,Operations,IT,Check,Emp_065,INV-2024-0000457,0,normal
TX-000493,2024-01-17 17:17:00,1973.76,Vendor_099,Operations,Payroll,Check,Emp_065,INV-2024-0000455,0,normal
TX-000494,2024-01-17 17:37:00,3007.06,Vendor_034,HR,IT,Card,Emp_028,INV-2024-0000449,0,normal
TX-000495,2024-01-17 18:12:00,1216.52,Vendor_029,Marketing,Travel,ACH,Emp_050,INV-2024-0000480,0,normal
TX-000496,2024-01-18 07:25:00,1581.49,Vendor_004,IT,IT,Wire,Emp_037,INV-2024-0000485,0,normal
TX-000497,2024-01-18 08:11:00,1180.19,Vendor_060,Operations,Travel,Wire,Emp_070,INV-2024-0000496,0,normal
TX-000498,2024-01-18 09:11:00,498.51,Vendor_111,Finance,IT,ACH,Emp_002,INV-2024-0000483,0,normal
TX-000499,2024-01-18 10:26:00,1489.26,Vendor_104,Finance,Supplies,Wire,Emp_009,INV-2024-0000493,0,normal
TX-000500,2024-01-18 10:57:00,4897.86,Vendor_030,Support,Travel,Check,Emp_112,INV-2024-0000489,0,normal
TX-000501,2024-01-18 11:27:00,1612.32,Vendor_115,Sales,Operations,Wire,Emp_100,INV-2024-0000500,0,normal
TX-000502,2024-01-18 11:29:00,1344.16,Vendor_044,Operations,Operations,Wire,Emp_074,INV-2024-0000503,0,normal
TX-000503,2024-01-18 11:43:00,4151.79,Vendor_077,Sales,Consulting,Wire,Emp_098,INV-2024-0000486,0,normal
TX-000504,2024-01-18 12:00:00,1667.73,Vendor_062,Sales,IT,Card,Emp_100,INV-2024-0000502,0,normal
TX-000505,2024-01-18 12:02:00,1330.9,Vendor_118,Finance,Supplies,Wire,Emp_008,INV-2024-0000501,0,normal
TX-000506,2024-01-18 12:02:00,2357.32,Vendor_005,Sales,Travel,ACH,Emp_094,INV-2024-0000505,0,normal
TX-000507,2024-01-18 12:37:00,2655.62,Vendor_068,Marketing,Payroll,Check,Emp_054,INV-2024-0000488,0,normal
TX-000508,2024-01-18 13:04:00,3397.76,Vendor_032,Finance,Operations,ACH,Emp_012,INV-2024-0000495,0,normal
TX-000509,2024-01-18 13:14:00,644.55,Vendor_039,Operations,IT,Wire,Emp_069,INV-2024-0000487,0,normal
TX-000510,2024-01-18 13:30:00,6856.32,Vendor_016,Support,IT,ACH,Emp_111,INV-2024-0000484,0,normal
TX-000511,2024-01-18 13:43:00,1207.0,Vendor_079,Sales,Travel,ACH,Emp_098,INV-2024-0000499,0,normal
TX-000512,2024-01-18 14:05:00,5280.7,Vendor_052,Finance,Consulting,Card,Emp_015,INV-2024-0000491,0,normal
TX-000513,2024-01-18 14:47:00,2513.75,Vendor_099,Support,Payroll,Card,Emp_110,INV-2024-0000497,0,normal
TX-000514,2024-01-18 15:05:00,1725.33,Vendor_041,IT,Payroll,Card,Emp_039,INV-2024-0000494,0,normal
TX-000515,2024-01-18 15:24:00,3958.97,Vendor_081,Marketing,Operations,Wire,Emp_060,INV-2024-0000504,0,normal
TX-000516,2024-01-18 15:53:00,700.0,Vendor_056,Marketing,Payroll,Card,Emp_058,INV-2024-0000490,0,normal
TX-000517,2024-01-18 16:02:00,2789.75,Vendor_022,Sales,Supplies,ACH,Emp_100,INV-2024-0000492,0,normal
TX-000518,2024-01-18 16:47:00,2300.0,Vendor_053,Finance,Supplies,ACH,Emp_013,INV-2024-0000482,0,normal
TX-000519,2024-01-18 17:58:00,1957.2,Vendor_103,Finance,Travel,Wire,Emp_012,INV-2024-0000498,0,normal
TX-000520,2024-01-19 06:02:00,6680.27,Vendor_118,Finance,Supplies,ACH,Emp_008,INV-2024-0002423,1,low_history_high_amount
TX-000521,2024-01-19 07:57:00,2689.49,Vendor_104,Sales,Supplies,Check,Emp_097,INV-2024-0000540,0,normal
TX-000522,2024-01-19 07:57:00,2224.2,Vendor_042,Marketing,Operations,Check,Emp_054,INV-2024-0000524,0,normal
TX-000523,2024-01-19 08:40:00,555.14,Vendor_116,Finance,IT,Card,Emp_006,INV-2024-0000544,0,normal
TX-000524,2024-01-19 09:11:00,3428.14,Vendor_052,Finance,Supplies,Wire,Emp_010,INV-2024-0000525,0,normal
TX-000525,2024-01-19 09:26:00,4223.01,Vendor_069,HR,Payroll,Card,Emp_025,INV-2024-0000528,0,normal
TX-000526,2024-01-19 10:32:00,1666.46,Vendor_036,IT,Payroll,Card,Emp_039,INV-2024-0000526,0,normal
TX-000527,2024-01-19 10:39:00,3220.21,Vendor_006,Legal,Supplies,ACH,Emp_089,INV-2024-0000521,0,normal
TX-000528,2024-01-19 10:48:00,2663.71,Vendor_064,Sales,IT,ACH,Emp_105,INV-2024-0000513,0,normal
TX-000529,2024-01-19 10:49:00,4115.69,Vendor_023,Marketing,Travel,ACH,Emp_049,INV-2024-0000539,0,normal
TX-000530,2024-01-19 11:05:00,3118.65,Vendor_096,Finance,Consulting,Check,Emp_015,INV-2024-0000536,0,normal
TX-000531,2024-01-19 11:06:00,1365.08,Vendor_083,Support,Supplies,Wire,Emp_108,INV-2024-0000517,0,normal
TX-000532,2024-01-19 11:21:00,3777.11,Vendor_034,Operations,IT,ACH,Emp_061,INV-2024-0000514,0,normal
TX-000533,2024-01-19 11:22:00,2225.0,Vendor_114,Sales,Travel,Check,Emp_101,INV-2024-0000530,0,normal
TX-000534,2024-01-19 11:37:00,2317.73,Vendor_114,Sales,Travel,Wire,Emp_100,INV-2024-0000510,0,normal
TX-000535,2024-01-19 11:45:00,1250.0,Vendor_075,Legal,Supplies,ACH,Emp_085,INV-2024-0000527,0,normal
TX-000536,2024-01-19 11:47:00,4609.47,Vendor_030,Sales,Payroll,Check,Emp_104,INV-2024-0000516,0,normal
TX-000537,2024-01-19 12:02:00,3850.13,Vendor_052,Finance,Consulting,Card,Emp_011,INV-2024-0000509,0,normal
TX-000538,2024-01-19 12:22:00,2148.3,Vendor_005,Sales,Travel,ACH,Emp_104,INV-2024-0000506,0,normal
TX-000539,2024-01-19 12:26:00,1620.27,Vendor_014,HR,Payroll,Card,Emp_016,INV-2024-0000533,0,normal
TX-000540,2024-01-19 12:27:00,2210.7,Vendor_032,Finance,Travel,Wire,Emp_006,INV-2024-0000519,0,normal
TX-000541,2024-01-19 12:42:00,1613.76,Vendor_043,Marketing,Supplies,Wire,Emp_054,INV-2024-0000522,0,normal
TX-000542,2024-01-19 12:58:00,1757.72,Vendor_040,IT,Travel,Wire,Emp_032,INV-2024-0000543,0,normal
TX-000543,2024-01-19 13:04:00,3053.63,Vendor_070,IT,Consulting,Card,Emp_033,INV-2024-0000541,0,normal
TX-000544,2024-01-19 13:06:00,586.83,Vendor_116,Sales,IT,Card,Emp_101,INV-2024-0000538,0,normal
TX-000545,2024-01-19 13:19:00,942.52,Vendor_005,IT,Travel,Card,Emp_031,INV-2024-0000534,0,normal
TX-000546,2024-01-19 13:42:00,1730.34,Vendor_107,IT,Consulting,Wire,Emp_037,INV-2024-0000507,0,normal
TX-000547,2024-01-19 13:42:00,6703.46,Vendor_091,Finance,Payroll,ACH,Emp_013,INV-2024-0000508,0,normal
TX-000548,2024-01-19 14:00:00,2643.05,Vendor_110,IT,Consulting,Wire,Emp_037,INV-2024-0000518,0,normal
TX-000549,2024-01-19 14:18:00,2474.51,Vendor_029,Marketing,Payroll,ACH,Emp_060,INV-2024-0000531,0,normal
TX-000550,2024-01-19 14:27:00,1731.08,Vendor_114,Sales,Travel,Check,Emp_099,INV-2024-0000512,0,normal
TX-000551,2024-01-19 14:29:00,1990.33,Vendor_036,IT,Travel,Check,Emp_034,INV-2024-0000532,0,normal
TX-000552,2024-01-19 14:58:00,2144.56,Vendor_094,Operations,Operations,Check,Emp_062,INV-2024-0000515,0,normal
TX-000553,2024-01-19 15:17:00,4545.24,Vendor_013,Legal,IT,Check,Emp_081,INV-2024-0000511,0,normal
TX-000554,2024-01-19 15:26:00,2183.0,Vendor_055,Operations,Consulting,Wire,Emp_073,INV-2024-0000520,0,normal
TX-000555,2024-01-19 16:03:00,2897.0,Vendor_073,Sales,Supplies,Wire,Emp_094,INV-2024-0000529,0,normal
TX-000556,2024-01-19 16:20:00,2733.78,Vendor_011,Legal,Payroll,Check,Emp_087,INV-2024-0000542,0,normal
TX-000557,2024-01-19 16:31:00,3115.01,Vendor_110,IT,Payroll,Wire,Emp_043,INV-2024-0000545,0,normal
TX-000558,2024-01-19 16:32:00,2767.56,Vendor_014,HR,Payroll,Card,Emp_024,INV-2024-0000535,0,normal
TX-000559,2024-01-19 16:48:00,1891.81,Vendor_070,IT,Consulting,Wire,Emp_035,INV-2024-0000523,0,normal
TX-000560,2024-01-19 17:15:00,3456.35,Vendor_094,Operations,Operations,Check,Emp_073,INV-2024-0000456,1,duplicate_invoice
TX-000561,2024-01-19 17:50:00,2742.24,Vendor_041,IT,Payroll,Check,Emp_044,INV-2024-0000537,0,normal
TX-000562,2024-01-20 04:55:00,1517.3,Vendor_111,HR,Operations,Check,Emp_030,INV-2024-0002402,1,vendor_department_shift
TX-000563,2024-01-20 10:07:00,1178.24,Vendor_083,Support,IT,Check,Emp_120,INV-2024-0000554,0,normal
TX-000564,2024-01-20 10:51:00,2339.33,Vendor_062,Sales,Consulting,Card,Emp_096,INV-2024-0000548,0,normal
TX-000565,2024-01-20 11:11:00,2679.86,Vendor_051,Marketing,IT,ACH,Emp_056,INV-2024-0000559,0,normal
TX-000566,2024-01-20 11:18:00,2169.04,Vendor_018,Marketing,Consulting,Check,Emp_055,INV-2024-0000547,0,normal
TX-000567,2024-01-20 11:40:00,4794.74,Vendor_022,Sales,Supplies,ACH,Emp_099,INV-2024-0000550,0,normal
TX-000568,2024-01-20 11:42:00,1437.06,Vendor_025,Finance,Operations,Check,Emp_006,INV-2024-0000555,0,normal
TX-000569,2024-01-20 12:28:00,1197.37,Vendor_060,Operations,Travel,ACH,Emp_073,INV-2024-0000546,0,normal
TX-000570,2024-01-20 12:40:00,1523.44,Vendor_108,Support,IT,Wire,Emp_110,INV-2024-0000552,0,normal
TX-000571,2024-01-20 13:55:00,2014.33,Vendor_029,HR,Travel,Check,Emp_030,INV-2024-0000560,0,normal
TX-000572,2024-01-20 14:17:00,1526.45,Vendor_015,Legal,Supplies,Check,Emp_090,INV-2024-0000549,0,normal
TX-000573,2024-01-20 14:30:00,2852.53,Vendor_029,Marketing,Travel,ACH,Emp_051,INV-2024-0000557,0,normal
TX-000574,2024-01-20 14:37:00,938.1,Vendor_019,HR,Operations,ACH,Emp_026,INV-2024-0000561,0,normal
TX-000575,2024-01-20 15:07:00,1245.85,Vendor_076,Finance,Consulting,Check,Emp_013,INV-2024-0000551,0,normal
TX-000576,2024-01-20 15:36:00,1858.62,Vendor_042,Marketing,Operations,ACH,Emp_057,INV-2024-0000556,0,normal
TX-000577,2024-01-20 15:36:00,1232.01,Vendor_119,Legal,Travel,ACH,Emp_080,INV-2024-0000553,0,normal
TX-000578,2024-01-20 15:50:00,2707.1,Vendor_018,Operations,Consulting,Check,Emp_075,INV-2024-0000558,0,normal
TX-000579,2024-01-21 09:17:00,2064.4,Vendor_114,Sales,Travel,Wire,Emp_102,INV-2024-0000562,0,normal
TX-000580,2024-01-21 09:35:00,2830.02,Vendor_099,Operations,Payroll,Wire,Emp_073,INV-2024-0000568,0,normal
TX-000581,2024-01-21 09:54:00,2327.69,Vendor_038,Operations,IT,Wire,Emp_074,INV-2024-0000569,0,normal
TX-000582,2024-01-21 11:21:00,622.59,Vendor_003,Sales,Consulting,ACH,Emp_099,INV-2024-0000563,0,normal
TX-000583,2024-01-21 11:43:00,1892.23,Vendor_099,Operations,Payroll,Card,Emp_068,INV-2024-0000572,0,normal
TX-000584,2024-01-21 11:44:00,3544.17,Vendor_052,Marketing,Payroll,Card,Emp_049,INV-2024-0000565,0,normal
TX-000585,2024-01-21 12:09:00,2262.26,Vendor_025,Finance,Payroll,Check,Emp_007,INV-2024-0000570,0,normal
TX-000586,2024-01-21 14:24:00,1099.37,Vendor_107,IT,Operations,Wire,Emp_034,INV-2024-0000564,0,normal
TX-000587,2024-01-21 15:09:00,2246.52,Vendor_033,Marketing,IT,Check,Emp_059,INV-2024-0000571,0,normal
TX-000588,2024-01-21 15:53:00,2319.42,Vendor_114,Finance,Travel,Card,Emp_002,INV-2024-0000567,0,normal
TX-000589,2024-01-21 16:11:00,858.36,Vendor_088,Operations,Consulting,Check,Emp_069,INV-2024-0000566,0,normal
TX-000590,2024-01-22 09:39:00,2495.2,Vendor_057,Support,Supplies,ACH,Emp_106,INV-2024-0000591,0,normal
TX-000591,2024-01-22 09:40:00,1447.96,Vendor_100,Operations,Operations,Check,Emp_070,INV-2024-0000583,0,normal
TX-000592,2024-01-22 10:04:00,3229.15,Vendor_023,Marketing,Operations,Card,Emp_056,INV-2024-0000587,0,normal
TX-000593,2024-01-22 10:05:00,1928.65,Vendor_021,Operations,Consulting,Wire,Emp_073,INV-2024-0000598,0,normal
TX-000594,2024-01-22 10:29:00,1127.15,Vendor_072,Legal,IT,Check,Emp_085,INV-2024-0000592,0,normal
TX-000595,2024-01-22 10:33:00,1378.54,Vendor_050,Sales,Payroll,Card,Emp_091,INV-2024-0000580,0,normal
TX-000596,2024-01-22 10:44:00,2656.57,Vendor_101,Marketing,Supplies,Card,Emp_052,INV-2024-0000577,0,normal
TX-000597,2024-01-22 11:32:00,2015.39,Vendor_062,Sales,IT,ACH,Emp_099,INV-2024-0000593,0,normal
TX-000598,2024-01-22 11:49:00,756.54,Vendor_076,Operations,Consulting,Check,Emp_071,INV-2024-0000574,0,normal
TX-000599,2024-01-22 12:53:00,1991.54,Vendor_086,Finance,Supplies,Wire,Emp_012,INV-2024-0000576,0,normal
TX-000600,2024-01-22 13:04:00,3165.11,Vendor_023,Marketing,Travel,Wire,Emp_057,INV-2024-0000595,0,normal
TX-000601,2024-01-22 13:26:00,6174.37,Vendor_082,Sales,Travel,Card,Emp_098,INV-2024-0000590,0,normal
TX-000602,2024-01-22 13:35:00,2286.76,Vendor_055,Operations,Travel,ACH,Emp_063,INV-2024-0000599,0,normal
TX-000603,2024-01-22 13:53:00,756.96,Vendor_019,HR,Operations,ACH,Emp_022,INV-2024-0000578,0,normal
TX-000604,2024-01-22 14:03:00,978.03,Vendor_058,Marketing,Payroll,Wire,Emp_057,INV-2024-0000585,0,normal
TX-000605,2024-01-22 14:17:00,1694.07,Vendor_086,IT,IT,Wire,Emp_036,INV-2024-0000584,0,normal
TX-000606,2024-01-22 14:34:00,289.46,Vendor_019,HR,Operations,ACH,Emp_021,INV-2024-0000579,0,normal
TX-000607,2024-01-22 14:34:00,4880.0,Vendor_019,HR,Operations,Wire,Emp_022,INV-2024-0002441,1,split_payment
TX-000608,2024-01-22 14:51:00,1178.42,Vendor_037,Support,Consulting,Wire,Emp_114,INV-2024-0000586,0,normal
TX-000609,2024-01-22 14:55:00,1560.67,Vendor_117,Operations,Payroll,ACH,Emp_064,INV-2024-0000581,0,normal
TX-000610,2024-01-22 15:12:00,4336.79,Vendor_110,IT,Payroll,Check,Emp_044,INV-2024-0000596,0,normal
TX-000611,2024-01-22 15:30:00,2782.51,Vendor_022,Sales,Consulting,Check,Emp_094,INV-2024-0000594,0,normal
TX-000612,2024-01-22 15:39:00,1461.46,Vendor_084,HR,Consulting,Check,Emp_018,INV-2024-0000589,0,normal
TX-000613,2024-01-22 15:48:00,2816.67,Vendor_096,Finance,Consulting,Check,Emp_005,INV-2024-0000597,0,normal
TX-000614,2024-01-22 17:40:00,2403.57,Vendor_067,Operations,Consulting,Wire,Emp_066,INV-2024-0000588,0,normal
TX-000615,2024-01-22 17:46:00,3233.93,Vendor_023,Marketing,Operations,Wire,Emp_057,INV-2024-0000582,0,normal
TX-000616,2024-01-22 18:22:00,2150.21,Vendor_103,Finance,Consulting,Check,Emp_002,INV-2024-0000575,0,normal
TX-000617,2024-01-22 18:36:00,15171.83,Vendor_026,IT,Payroll,Wire,Emp_041,INV-2024-0000573,0,normal
TX-000618,2024-01-23 07:59:00,2480.03,Vendor_051,Marketing,Operations,Wire,Emp_048,INV-2024-0000608,0,normal
TX-000619,2024-01-23 08:00:00,2308.32,Vendor_052,Marketing,Consulting,ACH,Emp_049,INV-2024-0000600,0,normal
TX-000620,2024-01-23 09:20:00,2763.82,Vendor_057,Support,Supplies,ACH,Emp_106,INV-2024-0000616,0,normal
TX-000621,2024-01-23 09:22:00,1716.49,Vendor_024,Finance,Payroll,Check,Emp_010,INV-2024-0000623,0,normal
TX-000622,2024-01-23 09:26:00,5430.5,Vendor_049,Finance,Supplies,Card,Emp_012,INV-2024-0000601,0,normal
TX-000623,2024-01-23 10:09:00,835.51,Vendor_088,Operations,Consulting,ACH,Emp_073,INV-2024-0000632,0,normal
TX-000624,2024-01-23 10:10:00,2464.76,Vendor_008,Support,IT,ACH,Emp_107,INV-2024-0000611,0,normal
TX-000625,2024-01-23 10:13:00,2417.67,Vendor_033,Marketing,Operations,Wire,Emp_050,INV-2024-0000633,0,normal
TX-000626,2024-01-23 10:33:00,3386.6,Vendor_106,Support,Consulting,Check,Emp_106,INV-2024-0000609,0,normal
TX-000627,2024-01-23 10:46:00,3631.68,Vendor_085,Marketing,Travel,Check,Emp_056,INV-2024-0000620,0,normal
TX-000628,2024-01-23 11:01:00,5189.29,Vendor_065,Sales,IT,Check,Emp_099,INV-2024-0000605,0,normal
TX-000629,2024-01-23 11:06:00,505.6,Vendor_071,Support,Supplies,Wire,Emp_114,INV-2024-0000606,0,normal
TX-000630,2024-01-23 11:17:00,1865.74,Vendor_053,Finance,Supplies,Card,Emp_006,INV-2024-0000621,0,normal
TX-000631,2024-01-23 11:31:00,1538.68,Vendor_011,Legal,Payroll,Check,Emp_076,INV-2024-0000630,0,normal
TX-000632,2024-01-23 11:57:00,2243.21,Vendor_046,Legal,IT,Wire,Emp_090,INV-2024-0000631,0,normal
TX-000633,2024-01-23 12:02:00,8232.49,Vendor_090,Finance,Operations,Check,Emp_003,INV-2024-0000618,0,normal
TX-000634,2024-01-23 12:02:00,1185.72,Vendor_060,Operations,Travel,Card,Emp_062,INV-2024-0000625,0,normal
TX-000635,2024-01-23 12:14:00,2727.89,Vendor_094,HR,Payroll,Card,Emp_023,INV-2024-0000619,0,normal
TX-000636,2024-01-23 12:18:00,1677.02,Vendor_106,Support,Payroll,Check,Emp_117,INV-2024-0000614,0,normal
TX-000637,2024-01-23 12:47:00,890.93,Vendor_053,Finance,Travel,Card,Emp_006,INV-2024-0000603,0,normal
TX-000638,2024-01-23 13:03:00,941.66,Vendor_039,Operations,Operations,Check,Emp_064,INV-2024-0000636,0,normal
TX-000639,2024-01-23 13:05:00,2265.41,Vendor_035,Operations,Supplies,Card,Emp_066,INV-2024-0000607,0,normal
TX-000640,2024-01-23 13:06:00,1120.55,Vendor_088,Operations,Consulting,Check,Emp_068,INV-2024-0000627,0,normal
TX-000641,2024-01-23 13:10:00,2040.96,Vendor_099,Operations,Payroll,Card,Emp_065,INV-2024-0000622,0,normal
TX-000642,2024-01-23 13:19:00,3973.38,Vendor_023,Marketing,Travel,Card,Emp_053,INV-2024-0000629,0,normal
TX-000643,2024-01-23 13:28:00,1253.8,Vendor_086,IT,Operations,Wire,Emp_037,INV-2024-0000610,0,normal
TX-000644,2024-01-23 13:30:00,1053.73,Vendor_031,HR,Operations,Check,Emp_026,INV-2024-0000624,0,normal
TX-000645,2024-01-23 13:30:00,1446.78,Vendor_093,Finance,Payroll,Wire,Emp_010,INV-2024-0000613,0,normal
TX-000646,2024-01-23 13:44:00,2802.48,Vendor_120,Support,Operations,Check,Emp_115,INV-2024-0000634,0,normal
TX-000647,2024-01-23 14:08:00,3036.87,Vendor_006,Legal,Payroll,Card,Emp_080,INV-2024-0000604,0,normal
TX-000648,2024-01-23 14:54:00,1131.38,Vendor_060,Marketing,Travel,ACH,Emp_052,INV-2024-0000615,0,normal
TX-000649,2024-01-23 15:05:00,2085.57,Vendor_028,Finance,IT,ACH,Emp_004,INV-2024-0000628,0,normal
TX-000650,2024-01-23 15:43:00,1957.49,Vendor_114,Sales,Travel,Check,Emp_092,INV-2024-0000635,0,normal
TX-000651,2024-01-23 15:53:00,2029.22,Vendor_004,IT,IT,Wire,Emp_040,INV-2024-0000612,0,normal
TX-000652,2024-01-23 16:12:00,1105.23,Vendor_051,Support,Consulting,ACH,Emp_107,INV-2024-0000626,0,normal
TX-000653,2024-01-23 16:21:00,1202.33,Vendor_060,Operations,Travel,Wire,Emp_066,INV-2024-0000617,0,normal
TX-000654,2024-01-23 17:25:00,1822.19,Vendor_075,Legal,Operations,Wire,Emp_076,INV-2024-0000602,0,normal
TX-000655,2024-01-23 19:30:00,5226.69,Vendor_051,Operations,Supplies,Check,Emp_073,INV-2024-0002431,1,vendor_department_shift
TX-000656,2024-01-24 09:01:00,6808.99,Vendor_090,Finance,Consulting,ACH,Emp_003,INV-2024-0000639,0,normal
TX-000657,2024-01-24 09:05:00,2207.39,Vendor_048,Legal,Payroll,ACH,Emp_077,INV-2024-0000663,0,normal
TX-000658,2024-01-24 10:04:00,1834.1,Vendor_036,IT,Payroll,Check,Emp_031,INV-2024-0000651,0,normal
TX-000659,2024-01-24 10:08:00,1955.32,Vendor_036,IT,Payroll,Card,Emp_038,INV-2024-0000657,0,normal
TX-000660,2024-01-24 10:19:00,1489.17,Vendor_025,Finance,Operations,ACH,Emp_003,INV-2024-0000649,0,normal
TX-000661,2024-01-24 10:24:00,2332.42,Vendor_027,Legal,Travel,ACH,Emp_076,INV-2024-0000652,0,normal
TX-000662,2024-01-24 10:27:00,2030.3,Vendor_053,Finance,Supplies,ACH,Emp_002,INV-2024-0000670,0,normal
TX-000663,2024-01-24 10:27:00,2314.03,Vendor_042,Marketing,Operations,Card,Emp_052,INV-2024-0000654,0,normal
TX-000664,2024-01-24 10:45:00,1526.23,Vendor_036,IT,Travel,Card,Emp_032,INV-2024-0000661,0,normal
TX-000665,2024-01-24 10:48:00,3599.7,Vendor_110,IT,Payroll,Wire,Emp_034,INV-2024-0000650,0,normal
TX-000666,2024-01-24 10:49:00,1599.5,Vendor_040,HR,Supplies,Card,Emp_024,INV-2024-0000644,0,normal
TX-000667,2024-01-24 10:56:00,5823.06,Vendor_074,Legal,Travel,Check,Emp_087,INV-2024-0000653,0,normal
TX-000668,2024-01-24 11:08:00,1498.15,Vendor_005,IT,Travel,ACH,Emp_034,INV-2024-0000658,0,normal
TX-000669,2024-01-24 11:37:00,1786.54,Vendor_099,Operations,Payroll,Card,Emp_062,INV-2024-0000665,0,normal
TX-000670,2024-01-24 11:50:00,5590.31,Vendor_013,Sales,IT,Check,Emp_105,INV-2024-0000660,0,normal
TX-000671,2024-01-24 11:56:00,828.59,Vendor_056,Marketing,Payroll,Card,Emp_055,INV-2024-0000659,0,normal
TX-000672,2024-01-24 12:02:00,2830.88,Vendor_077,Sales,IT,Wire,Emp_101,INV-2024-0000667,0,normal
TX-000673,2024-01-24 12:06:00,1810.69,Vendor_018,Marketing,Consulting,Check,Emp_054,INV-2024-0000646,0,normal
TX-000674,2024-01-24 12:27:00,6803.53,Vendor_091,Finance,Consulting,ACH,Emp_012,INV-2024-0000664,0,normal
TX-000675,2024-01-24 12:28:00,2665.61,Vendor_106,Support,Consulting,Check,Emp_106,INV-2024-0000642,0,normal
TX-000676,2024-01-24 13:10:00,2272.78,Vendor_114,Operations,Travel,Check,Emp_061,INV-2024-0000648,0,normal
TX-000677,2024-01-24 13:21:00,2944.44,Vendor_018,Marketing,Consulting,Check,Emp_052,INV-2024-0000643,0,normal
TX-000678,2024-01-24 13:45:00,1183.3,Vendor_119,Legal,IT,ACH,Emp_088,INV-2024-0000662,0,normal
TX-000679,2024-01-24 13:58:00,1988.8,Vendor_038,Operations,Consulting,Check,Emp_070,INV-2024-0000641,0,normal
TX-000680,2024-01-24 14:05:00,3157.72,Vendor_034,HR,Operations,Card,Emp_019,INV-2024-0000668,0,normal
TX-000681,2024-01-24 14:33:00,1426.67,Vendor_037,Support,Consulting,ACH,Emp_117,INV-2024-0000655,0,normal
TX-000682,2024-01-24 14:45:00,2683.66,Vendor_030,Sales,Payroll,Wire,Emp_103,INV-2024-0000638,0,normal
TX-000683,2024-01-24 15:15:00,6390.4,Vendor_105,Support,Payroll,Check,Emp_120,INV-2024-0000666,0,normal
TX-000684,2024-01-24 15:19:00,7345.3,Vendor_090,Finance,Operations,Card,Emp_010,INV-2024-0000640,0,normal
TX-000685,2024-01-24 15:52:00,718.12,Vendor_071,Support,Payroll,Wire,Emp_112,INV-2024-0000656,0,normal
TX-000686,2024-01-24 16:01:00,3050.0,Vendor_108,Support,Supplies,Wire,Emp_109,INV-2024-0000669,0,normal
TX-000687,2024-01-24 16:58:00,2909.78,Vendor_078,Marketing,Payroll,Wire,Emp_055,INV-2024-0000645,0,normal
TX-000688,2024-01-24 17:35:00,2175.72,Vendor_007,HR,Supplies,Check,Emp_025,INV-2024-0000647,0,normal
TX-000689,2024-01-24 17:41:00,3057.81,Vendor_068,Sales,Consulting,ACH,Emp_099,INV-2024-0000637,0,normal
TX-000690,2024-01-25 09:30:00,3795.73,Vendor_069,HR,Travel,Check,Emp_021,INV-2024-0000694,0,normal
TX-000691,2024-01-25 10:06:00,1386.85,Vendor_119,Legal,Travel,ACH,Emp_082,INV-2024-0000672,0,normal
TX-000692,2024-01-25 10:22:00,2351.81,Vendor_106,Support,Consulting,Check,Emp_115,INV-2024-0000695,0,normal
TX-000693,2024-01-25 10:54:00,2992.23,Vendor_052,Finance,IT,Wire,Emp_010,INV-2024-0000692,0,normal
TX-000694,2024-01-25 10:54:00,1004.92,Vendor_060,Operations,Travel,Wire,Emp_064,INV-2024-0000684,0,normal
TX-000695,2024-01-25 11:26:00,9349.1,Vendor_002,Finance,Payroll,Card,Emp_005,INV-2024-0000679,0,normal
TX-000696,2024-01-25 11:27:00,1781.75,Vendor_005,IT,IT,Card,Emp_043,INV-2024-0000677,0,normal
TX-000697,2024-01-25 11:53:00,3322.92,Vendor_041,IT,Payroll,Check,Emp_035,INV-2024-0000691,0,normal
TX-000698,2024-01-25 11:53:00,3700.0,Vendor_041,IT,Payroll,Card,Emp_035,INV-2024-0000688,0,normal
TX-000699,2024-01-25 11:59:00,2604.37,Vendor_051,Marketing,Consulting,Wire,Emp_057,INV-2024-0000675,0,normal
TX-000700,2024-01-25 12:02:00,2395.39,Vendor_098,Legal,Travel,Check,Emp_076,INV-2024-0000671,0,normal
TX-000701,2024-01-25 12:21:00,1268.77,Vendor_084,HR,Operations,Check,Emp_016,INV-2024-0000680,0,normal
TX-000702,2024-01-25 12:33:00,798.0,Vendor_102,HR,Supplies,Check,Emp_027,INV-2024-0000690,0,normal
TX-000703,2024-01-25 12:58:00,9350.83,Vendor_090,Finance,Travel,Wire,Emp_005,INV-2024-0000693,0,normal
TX-000704,2024-01-25 13:08:00,1450.0,Vendor_060,Operations,IT,Wire,Emp_074,INV-2024-0000689,0,normal
TX-000705,2024-01-25 13:18:00,2008.41,Vendor_033,Marketing,Operations,Check,Emp_058,INV-2024-0000683,0,normal
TX-000706,2024-01-25 13:20:00,1632.34,Vendor_040,Support,IT,Card,Emp_109,INV-2024-0000697,0,normal
TX-000707,2024-01-25 13:40:00,2550.0,Vendor_068,Sales,Payroll,Wire,Emp_099,INV-2024-0000676,0,normal
TX-000708,2024-01-25 13:44:00,2460.46,Vendor_046,Legal,Travel,ACH,Emp_089,INV-2024-0000686,0,normal
TX-000709,2024-01-25 14:13:00,811.95,Vendor_088,Sales,Consulting,Wire,Emp_095,INV-2024-0000685,0,normal
TX-000710,2024-01-25 14:20:00,5864.75,Vendor_074,Marketing,Operations,Wire,Emp_046,INV-2024-0000682,0,normal
TX-000711,2024-01-25 14:41:00,1956.17,Vendor_064,Sales,IT,Card,Emp_099,INV-2024-0000681,0,normal
TX-000712,2024-01-25 14:50:00,1681.39,Vendor_086,IT,Operations,Wire,Emp_045,INV-2024-0000673,0,normal
TX-000713,2024-01-25 14:58:00,10550.63,Vendor_034,HR,Operations,Check,Emp_019,INV-2024-0002414,1,high_amount
TX-000714,2024-01-25 15:25:00,4104.04,Vendor_023,Sales,Operations,ACH,Emp_102,INV-2024-0000678,0,normal
TX-000715,2024-01-25 15:43:00,2034.55,Vendor_068,Sales,Payroll,Check,Emp_105,INV-2024-0000687,0,normal
TX-000716,2024-01-25 17:56:00,653.08,Vendor_111,Finance,IT,ACH,Emp_001,INV-2024-0000674,0,normal
TX-000717,2024-01-25 18:44:00,2100.38,Vendor_109,IT,Consulting,Wire,Emp_045,INV-2024-0000696,0,normal
TX-000718,2024-01-26 08:34:00,599.23,Vendor_056,HR,Payroll,Check,Emp_025,INV-2024-0000738,0,normal
TX-000719,2024-01-26 08:55:00,1289.39,Vendor_062,Sales,IT,Card,Emp_091,INV-2024-0000734,0,normal
TX-000720,2024-01-26 09:26:00,1042.67,Vendor_113,Marketing,Travel,Wire,Emp_047,INV-2024-0000739,0,normal
TX-000721,2024-01-26 10:06:00,1460.7,Vendor_110,Sales,Consulting,Wire,Emp_098,INV-2024-0000712,0,normal
TX-000722,2024-01-26 10:32:00,1218.5,Vendor_079,Finance,Travel,Card,Emp_001,INV-2024-0000716,0,normal
TX-000723,2024-01-26 10:54:00,5215.44,Vendor_063,Finance,Payroll,Check,Emp_003,INV-2024-0000702,0,normal
TX-000724,2024-01-26 11:03:00,1567.63,Vendor_046,Legal,Travel,ACH,Emp_077,INV-2024-0000723,0,normal
TX-000725,2024-01-26 11:05:00,3144.35,Vendor_027,Sales,Payroll,Card,Emp_091,INV-2024-0000725,0,normal
TX-000726,2024-01-26 11:05:00,2406.88,Vendor_098,Legal,Travel,Card,Emp_081,INV-2024-0000721,0,normal
TX-000727,2024-01-26 11:09:00,8849.8,Vendor_016,Support,IT,Wire,Emp_115,INV-2024-0000700,0,normal
TX-000728,2024-01-26 11:15:00,9229.73,Vendor_016,Support,IT,Wire,Emp_109,INV-2024-0000710,0,normal
TX-000729,2024-01-26 11:21:00,6215.19,Vendor_091,Finance,Supplies,Wire,Emp_002,INV-2024-0000713,0,normal
TX-000730,2024-01-26 11:42:00,3741.96,Vendor_087,HR,Travel,Card,Emp_030,INV-2024-0000703,0,normal
TX-000731,2024-01-26 11:46:00,5314.52,Vendor_105,Support,Travel,Check,Emp_119,INV-2024-0000728,0,normal
TX-000732,2024-01-26 11:59:00,1578.85,Vendor_102,HR,Consulting,Check,Emp_023,INV-2024-0000737,0,normal
TX-000733,2024-01-26 12:02:00,1759.24,Vendor_042,Marketing,Operations,ACH,Emp_054,INV-2024-0000717,0,normal
TX-000734,2024-01-26 12:10:00,2473.04,Vendor_064,Sales,IT,ACH,Emp_094,INV-2024-0000727,0,normal
TX-000735,2024-01-26 12:13:00,1991.32,Vendor_086,IT,Supplies,Wire,Emp_034,INV-2024-0000733,0,normal
TX-000736,2024-01-26 12:22:00,644.93,Vendor_056,HR,Payroll,Card,Emp_019,INV-2024-0000705,0,normal
TX-000737,2024-01-26 12:25:00,2339.62,Vendor_052,Finance,Consulting,Wire,Emp_013,INV-2024-0000714,0,normal
TX-000738,2024-01-26 12:31:00,1482.67,Vendor_023,Marketing,Travel,ACH,Emp_047,INV-2024-0000720,0,normal
TX-000739,2024-01-26 12:31:00,974.21,Vendor_119,Sales,Travel,Wire,Emp_092,INV-2024-0000724,0,normal
TX-000740,2024-01-26 12:32:00,694.0,Vendor_076,Operations,Consulting,Wire,Emp_075,INV-2024-0000736,0,normal
TX-000741,2024-01-26 13:09:00,3547.01,Vendor_085,Marketing,Travel,Check,Emp_051,INV-2024-0000709,0,normal
TX-000742,2024-01-26 13:12:00,3517.34,Vendor_089,Operations,Consulting,Check,Emp_073,INV-2024-0000731,0,normal
TX-000743,2024-01-26 13:23:00,5747.98,Vendor_013,Marketing,Consulting,Wire,Emp_049,INV-2024-0000729,0,normal
TX-000744,2024-01-26 13:27:00,4276.6,Vendor_007,HR,Consulting,Wire,Emp_029,INV-2024-0000735,0,normal
TX-000745,2024-01-26 13:38:00,869.4,Vendor_056,HR,Payroll,ACH,Emp_030,INV-2024-0000730,0,normal
TX-000746,2024-01-26 13:42:00,2905.59,Vendor_074,Marketing,Supplies,Wire,Emp_054,INV-2024-0000708,0,normal
TX-000747,2024-01-26 13:46:00,3953.95,Vendor_032,Finance,IT,Wire,Emp_001,INV-2024-0000719,0,normal
TX-000748,2024-01-26 13:49:00,950.41,Vendor_019,HR,Operations,Wire,Emp_029,INV-2024-0000701,0,normal
TX-000749,2024-01-26 13:57:00,3935.56,Vendor_035,Operations,Consulting,Card,Emp_073,INV-2024-0000704,0,normal
TX-000750,2024-01-26 14:02:00,574.31,Vendor_071,Support,Payroll,Wire,Emp_114,INV-2024-0000706,0,normal
TX-000751,2024-01-26 14:20:00,2236.91,Vendor_062,Sales,IT,Wire,Emp_098,INV-2024-0000722,0,normal
TX-000752,2024-01-26 14:33:00,2305.73,Vendor_041,IT,Payroll,Card,Emp_039,INV-2024-0000711,0,normal
TX-000753,2024-01-26 14:53:00,3298.57,Vendor_106,Marketing,Consulting,Check,Emp_059,INV-2024-0000718,0,normal
TX-000754,2024-01-26 15:15:00,2736.25,Vendor_032,Finance,Travel,ACH,Emp_002,INV-2024-0000732,0,normal
TX-000755,2024-01-26 15:34:00,1764.5,Vendor_109,IT,Consulting,Wire,Emp_042,INV-2024-0000715,0,normal
TX-000756,2024-01-26 16:20:00,3639.96,Vendor_022,Sales,IT,ACH,Emp_097,INV-2024-0000726,0,normal
TX-000757,2024-01-26 16:51:00,2814.59,Vendor_006,Sales,Supplies,Check,Emp_099,INV-2024-0000699,0,normal
TX-000758,2024-01-26 16:56:00,2686.88,Vendor_101,Marketing,IT,Check,Emp_051,INV-2024-0000707,0,normal
TX-000759,2024-01-26 18:42:00,2882.34,Vendor_074,Marketing,Supplies,Check,Emp_047,INV-2024-0000708,1,duplicate_invoice
TX-000760,2024-01-26 18:45:00,2483.87,Vendor_005,IT,Travel,Check,Emp_043,INV-2024-0000698,0,normal
TX-000761,2024-01-27 08:57:00,2698.93,Vendor_057,Support,Supplies,Check,Emp_109,INV-2024-0000741,0,normal
TX-000762,2024-01-27 09:05:00,3319.52,Vendor_008,Support,IT,Wire,Emp_109,INV-2024-0000754,0,normal
TX-000763,2024-01-27 09:44:00,1172.07,Vendor_060,HR,Operations,Wire,Emp_024,INV-2024-0000744,0,normal
TX-000764,2024-01-27 09:50:00,1151.41,Vendor_101,Marketing,Travel,Card,Emp_055,INV-2024-0000743,0,normal
TX-000765,2024-01-27 10:31:00,4465.68,Vendor_013,Marketing,Consulting,ACH,Emp_049,INV-2024-0000753,0,normal
TX-000766,2024-01-27 11:05:00,775.39,Vendor_056,HR,Payroll,Check,Emp_021,INV-2024-0000742,0,normal
TX-000767,2024-01-27 11:55:00,3067.34,Vendor_041,IT,Payroll,Check,Emp_041,INV-2024-0000749,0,normal
TX-000768,2024-01-27 13:16:00,3005.93,Vendor_069,HR,Payroll,Check,Emp_021,INV-2024-0000746,0,normal
TX-000769,2024-01-27 13:35:00,4854.67,Vendor_074,Marketing,IT,Check,Emp_052,INV-2024-0000751,0,normal
TX-000770,2024-01-27 13:46:00,1527.07,Vendor_043,HR,Payroll,ACH,Emp_022,INV-2024-0000748,0,normal
TX-000771,2024-01-27 14:46:00,3348.08,Vendor_078,Operations,Payroll,Wire,Emp_069,INV-2024-0000745,0,normal
TX-000772,2024-01-27 14:50:00,1239.31,Vendor_079,Sales,Travel,Check,Emp_100,INV-2024-0000740,0,normal
TX-000773,2024-01-27 14:51:00,1400.4,Vendor_115,Sales,Operations,Check,Emp_094,INV-2024-0000750,0,normal
TX-000774,2024-01-27 14:56:00,1323.37,Vendor_117,Operations,Payroll,Check,Emp_074,INV-2024-0000752,0,normal
TX-000775,2024-01-27 15:16:00,1144.8,Vendor_119,Legal,Operations,Check,Emp_079,INV-2024-0000747,0,normal
TX-000776,2024-01-28 06:59:00,1577.69,Vendor_102,HR,Consulting,Check,Emp_022,INV-2024-0000737,1,duplicate_invoice
TX-000777,2024-01-28 08:41:00,2092.68,Vendor_017,Legal,IT,Card,Emp_084,INV-2024-0000766,0,normal
TX-000778,2024-01-28 09:10:00,1577.21,Vendor_005,Operations,Travel,Check,Emp_064,INV-2024-0000767,0,normal
TX-000779,2024-01-28 10:26:00,833.03,Vendor_031,HR,Operations,ACH,Emp_018,INV-2024-0000760,0,normal
TX-000780,2024-01-28 10:46:00,2927.22,Vendor_035,Operations,Supplies,Card,Emp_073,INV-2024-0000759,0,normal
TX-000781,2024-01-28 11:03:00,4517.82,Vendor_022,Sales,Supplies,ACH,Emp_096,INV-2024-0000769,0,normal
TX-000782,2024-01-28 11:06:00,2068.12,Vendor_075,IT,Operations,ACH,Emp_034,INV-2024-0000757,0,normal
TX-000783,2024-01-28 11:28:00,4025.42,Vendor_023,Marketing,Travel,Check,Emp_053,INV-2024-0000765,0,normal
TX-000784,2024-01-28 11:54:00,3828.96,Vendor_073,Sales,Supplies,Wire,Emp_105,INV-2024-0000756,0,normal
TX-000785,2024-01-28 12:03:00,3528.49,Vendor_114,Sales,Operations,Wire,Emp_092,INV-2024-0002407,1,payment_method_switch
TX-000786,2024-01-28 12:04:00,3718.51,Vendor_092,Sales,Payroll,Check,Emp_099,INV-2024-0000763,0,normal
TX-000787,2024-01-28 12:46:00,3772.87,Vendor_027,Legal,Supplies,ACH,Emp_077,INV-2024-0000761,0,normal
TX-000788,2024-01-28 13:30:00,1848.68,Vendor_087,IT,Payroll,Check,Emp_032,INV-2024-0000768,0,normal
TX-000789,2024-01-28 14:24:00,4545.45,Vendor_085,Marketing,Operations,Card,Emp_060,INV-2024-0000755,0,normal
TX-000790,2024-01-28 15:47:00,1671.41,Vendor_014,HR,Operations,Wire,Emp_030,INV-2024-0000758,0,normal
TX-000791,2024-01-28 17:19:00,3539.44,Vendor_023,Marketing,Operations,ACH,Emp_049,INV-2024-0000764,0,normal
TX-000792,2024-01-28 17:43:00,1925.38,Vendor_051,Marketing,Operations,ACH,Emp_047,INV-2024-0000762,0,normal
TX-000793,2024-01-29 07:32:00,6812.03,Vendor_013,Marketing,IT,Check,Emp_053,INV-2024-0000772,0,normal
TX-000794,2024-01-29 08:28:00,2088.19,Vendor_099,Operations,Payroll,Card,Emp_067,INV-2024-0000786,0,normal
TX-000795,2024-01-29 10:08:00,1258.04,Vendor_039,Operations,Operations,ACH,Emp_064,INV-2024-0000793,0,normal
TX-000796,2024-01-29 10:08:00,2442.98,Vendor_061,Marketing,Supplies,ACH,Emp_050,INV-2024-0000780,0,normal
TX-000797,2024-01-29 10:10:00,1838.59,Vendor_008,Support,IT,Card,Emp_112,INV-2024-0000788,0,normal
TX-000798,2024-01-29 10:20:00,383.17,Vendor_116,Finance,IT,ACH,Emp_001,INV-2024-0000789,0,normal
TX-000799,2024-01-29 10:44:00,4263.19,Vendor_082,Operations,Supplies,Check,Emp_062,INV-2024-0000773,0,normal
TX-000800,2024-01-29 11:02:00,1882.33,Vendor_032,Finance,IT,ACH,Emp_003,INV-2024-0000774,0,normal
TX-000801,2024-01-29 12:08:00,3051.12,Vendor_110,IT,Supplies,Check,Emp_040,INV-2024-0000781,0,normal
TX-000802,2024-01-29 12:22:00,1098.48,Vendor_051,Marketing,IT,ACH,Emp_047,INV-2024-0000796,0,normal
TX-000803,2024-01-29 12:32:00,3349.07,Vendor_066,Support,Consulting,ACH,Emp_113,INV-2024-0000785,0,normal
TX-000804,2024-01-29 12:35:00,960.77,Vendor_003,Sales,Consulting,ACH,Emp_103,INV-2024-0000795,0,normal
TX-000805,2024-01-29 13:29:00,4601.14,Vendor_091,Operations,Consulting,Card,Emp_062,INV-2024-0000771,0,normal
TX-000806,2024-01-29 13:35:00,1516.77,Vendor_107,IT,Consulting,Wire,Emp_038,INV-2024-0000775,0,normal
TX-000807,2024-01-29 13:37:00,4928.97,Vendor_014,HR,Operations,Check,Emp_021,INV-2024-0000791,0,normal
TX-000808,2024-01-29 13:47:00,3618.5,Vendor_110,IT,Payroll,Check,Emp_035,INV-2024-0000782,0,normal
TX-000809,2024-01-29 13:51:00,15282.89,Vendor_026,IT,Supplies,Check,Emp_034,INV-2024-0000784,0,normal
TX-000810,2024-01-29 14:05:00,2025.31,Vendor_008,Support,IT,ACH,Emp_116,INV-2024-0000779,0,normal
TX-000811,2024-01-29 14:07:00,2401.87,Vendor_077,Sales,Travel,Wire,Emp_099,INV-2024-0000792,0,normal
TX-000812,2024-01-29 14:25:00,1705.78,Vendor_032,Finance,IT,Check,Emp_011,INV-2024-0000776,0,normal
TX-000813,2024-01-29 14:46:00,2028.15,Vendor_025,Finance,Operations,Card,Emp_003,INV-2024-0000790,0,normal
TX-000814,2024-01-29 14:58:00,3174.86,Vendor_028,Finance,Consulting,Wire,Emp_007,INV-2024-0000770,0,normal
TX-000815,2024-01-29 15:16:00,2646.86,Vendor_052,Finance,Supplies,Wire,Emp_002,INV-2024-0000797,0,normal
TX-000816,2024-01-29 15:35:00,502.54,Vendor_111,Finance,IT,ACH,Emp_007,INV-2024-0000794,0,normal
TX-000817,2024-01-29 15:48:00,2116.25,Vendor_098,Legal,Travel,Check,Emp_084,INV-2024-0000777,0,normal
TX-000818,2024-01-29 15:59:00,3863.08,Vendor_041,IT,Payroll,Card,Emp_042,INV-2024-0000778,0,normal
TX-000819,2024-01-29 17:43:00,1846.1,Vendor_064,Legal,IT,Wire,Emp_082,INV-2024-0000787,0,normal
TX-000820,2024-01-29 18:12:00,2614.69,Vendor_005,IT,IT,Check,Emp_036,INV-2024-0000783,0,normal
TX-000821,2024-01-29 22:07:00,2906.17,Vendor_103,HR,IT,ACH,Emp_027,INV-2024-0002396,1,vendor_department_shift
TX-000822,2024-01-30 08:34:00,3441.42,Vendor_041,IT,Payroll,Wire,Emp_045,INV-2024-0000816,0,normal
TX-000823,2024-01-30 08:39:00,1588.51,Vendor_120,Support,Payroll,Check,Emp_119,INV-2024-0000819,0,normal
TX-000824,2024-01-30 09:10:00,1906.65,Vendor_064,Sales,IT,ACH,Emp_099,INV-2024-0000809,0,normal
TX-000825,2024-01-30 09:25:00,2011.55,Vendor_046,Legal,Travel,Check,Emp_077,INV-2024-0000804,0,normal
TX-000826,2024-01-30 10:31:00,1683.42,Vendor_099,Operations,Payroll,Check,Emp_062,INV-2024-0000823,0,normal
TX-000827,2024-01-30 10:44:00,4284.0,Vendor_082,Operations,Supplies,Check,Emp_065,INV-2024-0090773,1,fuzzy_duplicate
TX-000828,2024-01-30 11:01:00,1376.19,Vendor_040,HR,IT,ACH,Emp_017,INV-2024-0000798,0,normal
TX-000829,2024-01-30 11:13:00,1282.54,Vendor_119,Legal,IT,ACH,Emp_078,INV-2024-0000811,0,normal
TX-000830,2024-01-30 11:41:00,4969.49,Vendor_092,Sales,Operations,Check,Emp_098,INV-2024-0000822,0,normal
TX-000831,2024-01-30 11:45:00,3435.03,Vendor_026,IT,Consulting,Wire,Emp_042,INV-2024-0000812,0,normal
TX-000832,2024-01-30 11:46:00,4883.4,Vendor_070,IT,Supplies,Check,Emp_045,INV-2024-0000821,0,normal
TX-000833,2024-01-30 11:54:00,3537.61,Vendor_065,Sales,IT,Wire,Emp_094,INV-2024-0000803,0,normal
TX-000834,2024-01-30 11:58:00,1706.33,Vendor_109,IT,Consulting,Check,Emp_041,INV-2024-0000801,0,normal
TX-000835,2024-01-30 12:02:00,1115.66,Vendor_079,Sales,Travel,Wire,Emp_093,INV-2024-0000806,0,normal
TX-000836,2024-01-30 12:04:00,1127.47,Vendor_054,Support,IT,Card,Emp_110,INV-2024-0000815,0,normal
TX-000837,2024-01-30 12:05:00,3638.74,Vendor_007,HR,Supplies,Card,Emp_027,INV-2024-0000829,0,normal
TX-000838,2024-01-30 12:20:00,830.75,Vendor_117,Operations,IT,Check,Emp_068,INV-2024-0000818,0,normal
TX-000839,2024-01-30 13:00:00,1298.2,Vendor_119,Legal,IT,Wire,Emp_081,INV-2024-0000807,0,normal
TX-000840,2024-01-30 13:10:00,4456.58,Vendor_022,Sales,Supplies,ACH,Emp_097,INV-2024-0000817,0,normal
TX-000841,2024-01-30 13:11:00,3431.11,Vendor_106,Marketing,Consulting,Check,Emp_059,INV-2024-0000827,0,normal
TX-000842,2024-01-30 13:12:00,1369.84,Vendor_084,HR,IT,Wire,Emp_020,INV-2024-0000810,0,normal
TX-000843,2024-01-30 13:15:00,2059.28,Vendor_113,Marketing,Travel,Card,Emp_054,INV-2024-0000802,0,normal
TX-000844,2024-01-30 13:19:00,2051.29,Vendor_062,Sales,Travel,Card,Emp_096,INV-2024-0000826,0,normal
TX-000845,2024-01-30 14:09:00,606.83,Vendor_060,Support,Travel,Wire,Emp_114,INV-2024-0000830,0,normal
TX-000846,2024-01-30 14:18:00,3180.69,Vendor_041,IT,Payroll,Check,Emp_033,INV-2024-0000813,0,normal
TX-000847,2024-01-30 14:58:00,1585.36,Vendor_036,IT,Travel,Card,Emp_043,INV-2024-0000800,0,normal
TX-000848,2024-01-30 15:03:00,2013.89,Vendor_028,Finance,IT,ACH,Emp_005,INV-2024-0000814,0,normal
TX-000849,2024-01-30 15:07:00,2623.26,Vendor_064,Sales,IT,Check,Emp_091,INV-2024-0000805,0,normal
TX-000850,2024-01-30 15:08:00,1208.62,Vendor_086,HR,Supplies,Wire,Emp_023,INV-2024-0000820,0,normal
TX-000851,2024-01-30 15:15:00,2152.03,Vendor_051,Marketing,IT,ACH,Emp_051,INV-2024-0000825,0,normal
TX-000852,2024-01-30 15:36:00,4423.39,Vendor_073,Sales,IT,Wire,Emp_092,INV-2024-0000808,0,normal
TX-000853,2024-01-30 16:06:00,1702.1,Vendor_102,HR,Consulting,Check,Emp_016,INV-2024-0000824,0,normal
TX-000854,2024-01-30 16:25:00,1880.54,Vendor_033,Marketing,Operations,Check,Emp_048,INV-2024-0000799,0,normal
TX-000855,2024-01-30 18:40:00,2960.3,Vendor_092,Sales,Operations,Check,Emp_099,INV-2024-0000828,0,normal
TX-000856,2024-01-31 08:16:00,2184.46,Vendor_024,Legal,Travel,ACH,Emp_078,INV-2024-0000835,0,normal
TX-000857,2024-01-31 08:24:00,1519.94,Vendor_101,Marketing,Travel,Wire,Emp_060,INV-2024-0000854,0,normal
TX-000858,2024-01-31 08:27:00,2735.96,Vendor_032,Finance,Operations,ACH,Emp_014,INV-2024-0000858,0,normal
TX-000859,2024-01-31 10:07:00,9125.22,Vendor_016,Support,IT,Wire,Emp_116,INV-2024-0000859,0,normal
TX-000860,2024-01-31 10:07:00,2556.88,Vendor_032,Finance,Operations,Card,Emp_013,INV-2024-0000833,0,normal
TX-000861,2024-01-31 10:33:00,1531.83,Vendor_101,Marketing,Travel,Check,Emp_050,INV-2024-0000852,0,normal
TX-000862,2024-01-31 10:33:00,1395.37,Vendor_107,IT,Consulting,Wire,Emp_042,INV-2024-0000855,0,normal
TX-000863,2024-01-31 10:43:00,2306.79,Vendor_017,Legal,IT,Wire,Emp_088,INV-2024-0000834,0,normal
TX-000864,2024-01-31 11:29:00,905.04,Vendor_019,Sales,Operations,Check,Emp_099,INV-2024-0000844,0,normal
TX-000865,2024-01-31 11:54:00,1095.86,Vendor_037,Support,Payroll,Wire,Emp_115,INV-2024-0000862,0,normal
TX-000866,2024-01-31 12:03:00,2201.94,Vendor_094,Operations,Operations,ACH,Emp_073,INV-2024-0000861,0,normal
TX-000867,2024-01-31 12:08:00,2706.54,Vendor_014,Support,Operations,Wire,Emp_113,INV-2024-0000846,0,normal
TX-000868,2024-01-31 12:09:00,1210.04,Vendor_119,Legal,IT,Check,Emp_087,INV-2024-0000857,0,normal
TX-000869,2024-01-31 12:17:00,1924.87,Vendor_028,Finance,Supplies,Check,Emp_007,INV-2024-0000839,0,normal
TX-000870,2024-01-31 12:17:00,1809.37,Vendor_099,Operations,Payroll,Check,Emp_070,INV-2024-0000841,0,normal
TX-000871,2024-01-31 12:52:00,1764.01,Vendor_008,Support,IT,ACH,Emp_112,INV-2024-0000831,0,normal
TX-000872,2024-01-31 12:56:00,2039.22,Vendor_046,Legal,Payroll,Wire,Emp_085,INV-2024-0000832,0,normal
TX-000873,2024-01-31 12:59:00,900.0,Vendor_076,Operations,IT,Wire,Emp_074,INV-2024-0000837,0,normal
TX-000874,2024-01-31 13:17:00,4856.77,Vendor_110,IT,Supplies,Wire,Emp_043,INV-2024-0000849,0,normal
TX-000875,2024-01-31 13:26:00,3695.41,Vendor_080,IT,Supplies,ACH,Emp_035,INV-2024-0000860,0,normal
TX-000876,2024-01-31 13:30:00,1843.38,Vendor_046,Legal,Operations,ACH,Emp_080,INV-2024-0000847,0,normal
TX-000877,2024-01-31 14:11:00,3322.85,Vendor_089,Operations,Travel,Card,Emp_075,INV-2024-0000856,0,normal
TX-000878,2024-01-31 14:32:00,2311.07,Vendor_114,Sales,Travel,ACH,Emp_098,INV-2024-0000843,0,normal
TX-000879,2024-01-31 14:39:00,3227.91,Vendor_110,Operations,Supplies,Check,Emp_064,INV-2024-0000848,0,normal
TX-000880,2024-01-31 14:57:00,1712.12,Vendor_068,Sales,Payroll,Check,Emp_091,INV-2024-0000836,0,normal
TX-000881,2024-01-31 15:06:00,1450.46,Vendor_040,HR,Travel,Card,Emp_025,INV-2024-0000842,0,normal
TX-000882,2024-01-31 15:36:00,1795.68,Vendor_075,Legal,Operations,Card,Emp_080,INV-2024-0000850,0,normal
TX-000883,2024-01-31 15:54:00,2190.36,Vendor_120,Support,Payroll,Check,Emp_120,INV-2024-0000840,0,normal
TX-000884,2024-01-31 16:25:00,2889.36,Vendor_080,IT,Travel,ACH,Emp_042,INV-2024-0000851,0,normal
TX-000885,2024-01-31 16:34:00,6502.19,Vendor_095,Support,Payroll,Wire,Emp_110,INV-2024-0000838,0,normal
TX-000886,2024-01-31 16:48:00,1950.0,Vendor_029,Marketing,Travel,ACH,Emp_054,INV-2024-0000845,0,normal
TX-000887,2024-01-31 17:04:00,2552.53,Vendor_080,IT,Travel,ACH,Emp_042,INV-2024-0002404,1,same_day_burst
TX-000888,2024-01-31 18:04:00,3838.04,Vendor_069,HR,Payroll,ACH,Emp_027,INV-2024-0000853,0,normal
TX-000889,2024-02-01 07:05:00,4672.26,Vendor_108,Support,IT,Wire,Emp_110,INV-2024-0000885,0,normal
TX-000890,2024-02-01 07:21:00,3382.18,Vendor_020,Marketing,Consulting,Wire,Emp_053,INV-2024-0000876,0,normal
TX-000891,2024-02-01 07:31:00,2083.12,Vendor_018,Support,Consulting,Wire,Emp_113,INV-2024-0000884,0,normal
TX-000892,2024-02-01 07:38:00,3408.63,Vendor_052,Finance,Consulting,Card,Emp_002,INV-2024-0000875,0,normal
TX-000893,2024-02-01 08:44:00,5732.45,Vendor_105,Support,Travel,Check,Emp_116,INV-2024-0000864,0,normal
TX-000894,2024-02-01 10:09:00,7537.61,Vendor_016,Support,IT,Wire,Emp_114,INV-2024-0000883,0,normal
TX-000895,2024-02-01 10:11:00,2621.94,Vendor_021,Operations,Consulting,Card,Emp_065,INV-2024-0000863,0,normal
TX-000896,2024-02-01 10:12:00,4297.28,Vendor_074,Marketing,Consulting,Wire,Emp_052,INV-2024-0000881,0,normal
TX-000897,2024-02-01 10:17:00,1064.63,Vendor_058,Marketing,Payroll,Card,Emp_053,INV-2024-0000892,0,normal
TX-000898,2024-02-01 10:22:00,2720.95,Vendor_108,Support,IT,Wire,Emp_109,INV-2024-0000873,0,normal
TX-000899,2024-02-01 10:26:00,1436.4,Vendor_102,Finance,Supplies,Check,Emp_002,INV-2024-0000874,0,normal
TX-000900,2024-02-01 10:37:00,1100.0,Vendor_102,HR,Consulting,Card,Emp_028,INV-2024-0000879,0,normal
TX-000901,2024-02-01 10:52:00,3445.75,Vendor_052,Finance,IT,Card,Emp_004,INV-2024-0000894,0,normal
TX-000902,2024-02-01 11:20:00,870.44,Vendor_058,Marketing,Consulting,Wire,Emp_052,INV-2024-0000872,0,normal
TX-000903,2024-02-01 11:29:00,1606.3,Vendor_029,Marketing,Consulting,Check,Emp_057,INV-2024-0000891,0,normal
TX-000904,2024-02-01 11:32:00,905.41,Vendor_031,HR,IT,ACH,Emp_027,INV-2024-0000866,0,normal
TX-000905,2024-02-01 11:43:00,2178.56,Vendor_036,IT,Travel,Card,Emp_032,INV-2024-0000888,0,normal
TX-000906,2024-02-01 11:44:00,2535.71,Vendor_112,IT,Supplies,Check,Emp_042,INV-2024-0000871,0,normal
TX-000907,2024-02-01 12:23:00,2063.58,Vendor_064,Marketing,IT,Card,Emp_054,INV-2024-0000868,0,normal
TX-000908,2024-02-01 12:43:00,6220.52,Vendor_002,Finance,IT,Card,Emp_008,INV-2024-0000878,0,normal
TX-000909,2024-02-01 12:43:00,2790.62,Vendor_117,Support,IT,Card,Emp_114,INV-2024-0000877,0,normal
TX-000910,2024-02-01 13:02:00,2069.66,Vendor_115,Sales,Supplies,Wire,Emp_105,INV-2024-0000887,0,normal
TX-000911,2024-02-01 13:58:00,3087.33,Vendor_014,HR,Payroll,Wire,Emp_016,INV-2024-0000867,0,normal
TX-000912,2024-02-01 13:58:00,1083.54,Vendor_050,HR,Payroll,Card,Emp_018,INV-2024-0000896,0,normal
TX-000913,2024-02-01 14:09:00,2014.15,Vendor_051,Marketing,IT,Card,Emp_057,INV-2024-0000870,0,normal
TX-000914,2024-02-01 14:17:00,526.35,Vendor_019,HR,Operations,Card,Emp_024,INV-2024-0000890,0,normal
TX-000915,2024-02-01 14:18:00,898.15,Vendor_068,Sales,Payroll,Check,Emp_094,INV-2024-0000865,0,normal
TX-000916,2024-02-01 14:21:00,2712.46,Vendor_041,IT,Payroll,Check,Emp_044,INV-2024-0000882,0,normal
TX-000917,2024-02-01 15:04:00,1168.2,Vendor_043,IT,Payroll,Check,Emp_037,INV-2024-0000895,0,normal
TX-000918,2024-02-01 15:31:00,3194.41,Vendor_061,Marketing,Operations,Wire,Emp_050,INV-2024-0000886,0,normal
TX-000919,2024-02-01 15:32:00,635.1,Vendor_058,Marketing,Payroll,Wire,Emp_054,INV-2024-0000880,0,normal
TX-000920,2024-02-01 15:43:00,1087.04,Vendor_102,HR,Supplies,Check,Emp_016,INV-2024-0000893,0,normal
TX-000921,2024-02-01 16:19:00,1542.24,Vendor_037,Support,Supplies,Wire,Emp_118,INV-2024-0000869,0,normal
TX-000922,2024-02-01 17:58:00,1380.1,Vendor_079,Sales,Travel,Wire,Emp_102,INV-2024-0000889,0,normal
TX-000923,2024-02-01 22:14:00,1015.03,Vendor_056,Operations,Operations,ACH,Emp_071,INV-2024-0002447,1,vendor_department_shift
TX-000924,2024-02-02 08:08:00,1734.07,Vendor_113,IT,Travel,ACH,Emp_042,INV-2024-0000907,0,normal
TX-000925,2024-02-02 08:55:00,1368.15,Vendor_017,Sales,IT,Card,Emp_098,INV-2024-0000919,0,normal
TX-000926,2024-02-02 10:03:00,2240.81,Vendor_099,Operations,Payroll,Card,Emp_068,INV-2024-0000903,0,normal
TX-000927,2024-02-02 10:05:00,1739.99,Vendor_117,Operations,IT,ACH,Emp_063,INV-2024-0000923,0,normal
TX-000928,2024-02-02 10:12:00,7179.82,Vendor_095,Support,Payroll,Wire,Emp_107,INV-2024-0000927,0,normal
TX-000929,2024-02-02 10:23:00,392.16,Vendor_116,HR,IT,ACH,Emp_029,INV-2024-0000915,0,normal
TX-000930,2024-02-02 10:54:00,2134.18,Vendor_110,IT,Consulting,Wire,Emp_033,INV-2024-0000928,0,normal
TX-000931,2024-02-02 10:54:00,1900.75,Vendor_024,Sales,Payroll,Wire,Emp_098,INV-2024-0000920,0,normal
TX-000932,2024-02-02 11:05:00,2101.37,Vendor_101,Marketing,Travel,Check,Emp_058,INV-2024-0000906,0,normal
TX-000933,2024-02-02 11:57:00,2214.01,Vendor_014,HR,Payroll,Wire,Emp_030,INV-2024-0000904,0,normal
TX-000934,2024-02-02 11:58:00,2694.14,Vendor_094,HR,Payroll,ACH,Emp_019,INV-2024-0000909,0,normal
TX-000935,2024-02-02 12:18:00,5008.8,Vendor_074,Marketing,Payroll,ACH,Emp_048,INV-2024-0000914,0,normal
TX-000936,2024-02-02 12:25:00,3483.71,Vendor_007,HR,Travel,Check,Emp_017,INV-2024-0000905,0,normal
TX-000937,2024-02-02 12:30:00,1079.28,Vendor_019,HR,Operations,Check,Emp_030,INV-2024-0000911,0,normal
TX-000938,2024-02-02 12:44:00,2684.33,Vendor_046,Legal,Operations,Wire,Emp_084,INV-2024-0000918,0,normal
TX-000939,2024-02-02 12:46:00,3020.65,Vendor_046,Operations,Operations,Wire,Emp_073,INV-2024-0000917,0,normal
TX-000940,2024-02-02 13:16:00,1776.05,Vendor_044,Operations,Operations,Wire,Emp_061,INV-2024-0000926,0,normal
TX-000941,2024-02-02 13:29:00,851.23,Vendor_102,HR,Supplies,Check,Emp_024,INV-2024-0000929,0,normal
TX-000942,2024-02-02 13:30:00,2189.88,Vendor_023,Marketing,Travel,Card,Emp_055,INV-2024-0000900,0,normal
TX-000943,2024-02-02 13:56:00,1496.88,Vendor_060,Operations,Operations,Wire,Emp_075,INV-2024-0000921,0,normal
TX-000944,2024-02-02 14:17:00,2182.65,Vendor_051,Marketing,Travel,ACH,Emp_054,INV-2024-0000925,0,normal
TX-000945,2024-02-02 14:31:00,2320.3,Vendor_041,IT,Payroll,Card,Emp_031,INV-2024-0000898,0,normal
TX-000946,2024-02-02 14:32:00,1886.46,Vendor_114,Sales,Travel,Check,Emp_097,INV-2024-0000931,0,normal
TX-000947,2024-02-02 15:07:00,2010.55,Vendor_086,IT,Operations,Card,Emp_034,INV-2024-0000902,0,normal
TX-000948,2024-02-02 15:13:00,2880.54,Vendor_023,Marketing,Operations,ACH,Emp_057,INV-2024-0000930,0,normal
TX-000949,2024-02-02 15:35:00,2219.08,Vendor_042,Marketing,Operations,Card,Emp_060,INV-2024-0000910,0,normal
TX-000950,2024-02-02 15:50:00,891.26,Vendor_097,Marketing,Operations,Card,Emp_050,INV-2024-0000901,0,normal
TX-000951,2024-02-02 16:08:00,3637.36,Vendor_110,IT,Supplies,Check,Emp_040,INV-2024-0000897,0,normal
TX-000952,2024-02-02 16:19:00,1271.05,Vendor_031,HR,Supplies,ACH,Emp_021,INV-2024-0000908,0,normal
TX-000953,2024-02-02 16:29:00,3742.09,Vendor_106,Support,Consulting,Card,Emp_113,INV-2024-0000899,0,normal
TX-000954,2024-02-02 16:30:00,2050.46,Vendor_114,Sales,Travel,Check,Emp_093,INV-2024-0000913,0,normal
TX-000955,2024-02-02 17:08:00,1570.42,Vendor_107,IT,Operations,Wire,Emp_036,INV-2024-0000922,0,normal
TX-000956,2024-02-02 17:45:00,11611.64,Vendor_026,IT,Payroll,ACH,Emp_037,INV-2024-0000924,0,normal
TX-000957,2024-02-02 17:53:00,2518.46,Vendor_033,Marketing,IT,Wire,Emp_057,INV-2024-0000916,0,normal
TX-000958,2024-02-02 18:40:00,2824.34,Vendor_006,Sales,Supplies,Check,Emp_105,INV-2024-0000912,0,normal
TX-000959,2024-02-03 08:30:00,2996.33,Vendor_041,IT,Travel,Wire,Emp_032,INV-2024-0000932,0,normal
TX-000960,2024-02-03 08:31:00,1656.38,Vendor_114,Sales,Travel,Check,Emp_096,INV-2024-0000949,0,normal
TX-000961,2024-02-03 08:46:00,865.3,Vendor_019,HR,Operations,Card,Emp_030,INV-2024-0000946,0,normal
TX-000962,2024-02-03 09:21:00,3765.15,Vendor_105,Support,Payroll,Check,Emp_114,INV-2024-0000936,0,normal
TX-000963,2024-02-03 10:01:00,1830.83,Vendor_024,Sales,Supplies,Check,Emp_103,INV-2024-0000937,0,normal
TX-000964,2024-02-03 10:10:00,1463.17,Vendor_039,Operations,Operations,ACH,Emp_064,INV-2024-0000934,0,normal
TX-000965,2024-02-03 10:28:00,5426.21,Vendor_105,Support,Travel,Check,Emp_112,INV-2024-0000942,0,normal
TX-000966,2024-02-03 11:53:00,2514.92,Vendor_038,Finance,IT,Wire,Emp_001,INV-2024-0000948,0,normal
TX-000967,2024-02-03 12:05:00,1789.94,Vendor_036,IT,Travel,Check,Emp_040,INV-2024-0000933,0,normal
TX-000968,2024-02-03 12:16:00,2012.4,Vendor_029,Marketing,Consulting,ACH,Emp_048,INV-2024-0000939,0,normal
TX-000969,2024-02-03 12:23:00,1859.24,Vendor_109,IT,Operations,Wire,Emp_031,INV-2024-0000950,0,normal
TX-000970,2024-02-03 12:27:00,1100.0,Vendor_019,HR,Operations,Card,Emp_024,INV-2024-0000947,0,normal
TX-000971,2024-02-03 13:32:00,2074.77,Vendor_098,Legal,Operations,Card,Emp_084,INV-2024-0000945,0,normal
TX-000972,2024-02-03 14:22:00,883.52,Vendor_019,HR,Operations,Card,Emp_024,INV-2024-0000941,0,normal
TX-000973,2024-02-03 14:45:00,1758.52,Vendor_115,Sales,Supplies,Card,Emp_099,INV-2024-0000938,0,normal
TX-000974,2024-02-03 14:47:00,2221.44,Vendor_012,IT,Travel,Check,Emp_044,INV-2024-0000940,0,normal
TX-000975,2024-02-03 15:52:00,1711.07,Vendor_106,Support,Consulting,Check,Emp_110,INV-2024-0000951,0,normal
TX-000976,2024-02-03 16:05:00,2053.02,Vendor_062,Sales,IT,Card,Emp_093,INV-2024-0000935,0,normal
TX-000977,2024-02-03 16:17:00,1006.25,Vendor_058,Marketing,Consulting,ACH,Emp_053,INV-2024-0000943,0,normal
TX-000978,2024-02-03 17:57:00,11792.68,Vendor_026,IT,Supplies,Wire,Emp_041,INV-2024-0000944,0,normal
TX-000979,2024-02-04 08:03:00,1114.9,Vendor_072,Support,IT,Check,Emp_112,INV-2024-0000959,0,normal
TX-000980,2024-02-04 09:57:00,2368.01,Vendor_027,Support,Travel,ACH,Emp_111,INV-2024-0000965,0,normal
TX-000981,2024-02-04 11:13:00,1125.49,Vendor_031,HR,Operations,Wire,Emp_024,INV-2024-0000960,0,normal
TX-000982,2024-02-04 11:20:00,1797.86,Vendor_072,Support,IT,ACH,Emp_110,INV-2024-0000966,0,normal
TX-000983,2024-02-04 11:22:00,2374.45,Vendor_062,Sales,Consulting,Card,Emp_103,INV-2024-0000968,0,normal
TX-000984,2024-02-04 11:35:00,4076.98,Vendor_022,Sales,Consulting,Wire,Emp_102,INV-2024-0000953,0,normal
TX-000985,2024-02-04 11:35:00,1543.88,Vendor_118,Finance,Supplies,Check,Emp_013,INV-2024-0000963,0,normal
TX-000986,2024-02-04 12:21:00,2195.86,Vendor_041,IT,Payroll,Card,Emp_041,INV-2024-0000958,0,normal
TX-000987,2024-02-04 12:45:00,1365.74,Vendor_102,HR,Consulting,Check,Emp_026,INV-2024-0000967,0,normal
TX-000988,2024-02-04 13:04:00,517.78,Vendor_111,Finance,IT,Wire,Emp_015,INV-2024-0000955,0,normal
TX-000989,2024-02-04 13:16:00,968.84,Vendor_031,HR,IT,Check,Emp_016,INV-2024-0000952,0,normal
TX-000990,2024-02-04 13:18:00,2015.57,Vendor_005,HR,Travel,Card,Emp_017,INV-2024-0000964,0,normal
TX-000991,2024-02-04 13:34:00,5220.01,Vendor_105,Support,Travel,ACH,Emp_109,INV-2024-0000956,0,normal
TX-000992,2024-02-04 13:34:00,3083.15,Vendor_120,Support,Supplies,Check,Emp_107,INV-2024-0000961,0,normal
TX-000993,2024-02-04 13:39:00,1886.96,Vendor_053,Finance,Supplies,Check,Emp_002,INV-2024-0000969,0,normal
TX-000994,2024-02-04 13:44:00,4930.0,Vendor_102,HR,Consulting,Wire,Emp_026,INV-2024-0002433,1,split_payment
TX-000995,2024-02-04 13:51:00,4197.96,Vendor_066,HR,Consulting,Card,Emp_016,INV-2024-0000954,0,normal
TX-000996,2024-02-04 13:53:00,965.75,Vendor_019,HR,Operations,ACH,Emp_023,INV-2024-0000957,0,normal
TX-000997,2024-02-04 14:44:00,12930.7,Vendor_082,HR,IT,Wire,Emp_027,INV-2024-0002395,1,vendor_department_shift
TX-000998,2024-02-04 15:18:00,3716.62,Vendor_110,IT,Supplies,ACH,Emp_035,INV-2024-0000962,0,normal
TX-000999,2024-02-04 17:51:00,3104.36,Vendor_055,Operations,Consulting,Check,Emp_061,INV-2024-0000970,0,normal
TX-001000,2024-02-05 07:38:00,1183.04,Vendor_088,Operations,Consulting,Card,Emp_073,INV-2024-0001002,0,normal
TX-001001,2024-02-05 08:50:00,686.93,Vendor_111,Finance,IT,Check,Emp_012,INV-2024-0000982,0,normal
TX-001002,2024-02-05 09:04:00,811.54,Vendor_003,Sales,Consulting,Wire,Emp_091,INV-2024-0000997,0,normal
TX-001003,2024-02-05 09:07:00,2390.51,Vendor_046,Legal,Operations,Wire,Emp_077,INV-2024-0000998,0,normal
TX-001004,2024-02-05 09:17:00,3911.38,Vendor_052,Finance,IT,Card,Emp_004,INV-2024-0001009,0,normal
TX-001005,2024-02-05 10:51:00,2458.96,Vendor_061,Marketing,Operations,Wire,Emp_046,INV-2024-0000973,0,normal
TX-001006,2024-02-05 10:57:00,2756.91,Vendor_063,IT,Travel,Check,Emp_042,INV-2024-0001006,0,normal
TX-001007,2024-02-05 11:11:00,1112.16,Vendor_031,HR,IT,Wire,Emp_025,INV-2024-0001000,0,normal
TX-001008,2024-02-05 11:29:00,1741.37,Vendor_104,Finance,Supplies,Check,Emp_008,INV-2024-0000996,0,normal
TX-001009,2024-02-05 11:36:00,1112.66,Vendor_019,HR,Operations,Card,Emp_023,INV-2024-0000987,0,normal
TX-001010,2024-02-05 11:39:00,980.62,Vendor_019,HR,Operations,Wire,Emp_020,INV-2024-0000989,0,normal
TX-001011,2024-02-05 12:00:00,814.74,Vendor_060,Operations,Operations,Wire,Emp_074,INV-2024-0000991,0,normal
TX-001012,2024-02-05 12:24:00,2943.16,Vendor_022,Sales,Consulting,Card,Emp_098,INV-2024-0000979,0,normal
TX-001013,2024-02-05 12:44:00,1682.82,Vendor_102,HR,Supplies,Check,Emp_029,INV-2024-0000993,0,normal
TX-001014,2024-02-05 13:00:00,2095.11,Vendor_015,Legal,Supplies,Card,Emp_078,INV-2024-0000999,0,normal
TX-001015,2024-02-05 13:08:00,2293.83,Vendor_008,Marketing,Operations,Check,Emp_057,INV-2024-0001004,0,normal
TX-001016,2024-02-05 13:35:00,3597.99,Vendor_087,IT,Travel,Card,Emp_033,INV-2024-0000981,0,normal
TX-001017,2024-02-05 13:35:00,1054.29,Vendor_054,Support,IT,Wire,Emp_119,INV-2024-0000972,0,normal
TX-001018,2024-02-05 13:47:00,2332.18,Vendor_096,Finance,Consulting,Check,Emp_006,INV-2024-0000978,0,normal
TX-001019,2024-02-05 14:01:00,10009.11,Vendor_090,Finance,Supplies,Check,Emp_014,INV-2024-0000980,0,normal
TX-001020,2024-02-05 14:04:00,2031.94,Vendor_068,Sales,Payroll,Card,Emp_101,INV-2024-0000975,0,normal
TX-001021,2024-02-05 14:12:00,2718.24,Vendor_028,Finance,Consulting,Check,Emp_003,INV-2024-0000983,0,normal
TX-001022,2024-02-05 14:15:00,1375.81,Vendor_093,Operations,IT,Card,Emp_073,INV-2024-0000992,0,normal
TX-001023,2024-02-05 14:18:00,2023.03,Vendor_005,HR,Travel,Card,Emp_021,INV-3024-0080964,1,fuzzy_duplicate
TX-001024,2024-02-05 14:22:00,5222.46,Vendor_082,Sales,Supplies,Check,Emp_102,INV-2024-0001003,0,normal
TX-001025,2024-02-05 14:22:00,2203.28,Vendor_106,Support,Consulting,Check,Emp_116,INV-2024-0001005,0,normal
TX-001026,2024-02-05 14:32:00,442.38,Vendor_035,Operations,Operations,ACH,Emp_061,INV-2024-0000990,0,normal
TX-001027,2024-02-05 14:39:00,1372.66,Vendor_103,IT,Travel,Check,Emp_037,INV-2024-0000995,0,normal
TX-001028,2024-02-05 14:45:00,1855.83,Vendor_017,Legal,IT,Check,Emp_081,INV-2024-0000988,0,normal
TX-001029,2024-02-05 14:53:00,1539.15,Vendor_043,HR,Payroll,Wire,Emp_022,INV-2024-0001008,0,normal
TX-001030,2024-02-05 15:02:00,2596.28,Vendor_035,Operations,Operations,Check,Emp_074,INV-2024-0000974,0,normal
TX-001031,2024-02-05 15:13:00,3039.48,Vendor_052,Finance,Supplies,Check,Emp_003,INV-2024-0000976,0,normal
TX-001032,2024-02-05 15:31:00,287.58,Vendor_039,Operations,Operations,Check,Emp_069,INV-2024-0000984,0,normal
TX-001033,2024-02-05 15:53:00,3159.11,Vendor_110,IT,Consulting,Wire,Emp_041,INV-2024-0000977,0,normal
TX-001034,2024-02-05 16:02:00,9387.0,Vendor_016,Support,Operations,Wire,Emp_110,INV-2024-0000971,0,normal
TX-001035,2024-02-05 16:20:00,2700.04,Vendor_033,Marketing,Operations,Check,Emp_051,INV-2024-0000985,0,normal
TX-001036,2024-02-05 16:20:00,2294.38,Vendor_035,Operations,Supplies,Card,Emp_073,INV-2024-0001007,0,normal
TX-001037,2024-02-05 16:32:00,3050.87,Vendor_073,Sales,IT,Check,Emp_097,INV-2024-0001001,0,normal
TX-001038,2024-02-05 16:53:00,2410.0,Vendor_082,Sales,Supplies,Wire,Emp_102,INV-2024-0002458,1,split_payment
TX-001039,2024-02-05 16:57:00,3452.92,Vendor_014,Support,Payroll,Wire,Emp_109,INV-2024-0000986,0,normal
TX-001040,2024-02-05 18:50:00,3307.74,Vendor_069,IT,Operations,Wire,Emp_044,INV-2024-0000994,0,normal
TX-001041,2024-02-06 09:03:00,3080.88,Vendor_046,Legal,Supplies,ACH,Emp_085,INV-2024-0001031,0,normal
TX-001042,2024-02-06 09:58:00,3245.66,Vendor_063,Finance,Payroll,Check,Emp_004,INV-2024-0001020,0,normal
TX-001043,2024-02-06 10:09:00,1749.25,Vendor_004,IT,IT,Check,Emp_042,INV-2024-0001040,0,normal
TX-001044,2024-02-06 10:12:00,1572.66,Vendor_099,Operations,Payroll,Card,Emp_075,INV-2024-0001037,0,normal
TX-001045,2024-02-06 10:13:00,1442.18,Vendor_118,Finance,Payroll,Check,Emp_013,INV-2024-0001029,0,normal
TX-001046,2024-02-06 10:25:00,4949.27,Vendor_074,Marketing,Travel,ACH,Emp_050,INV-2024-0001013,0,normal
TX-001047,2024-02-06 10:37:00,3050.0,Vendor_008,Support,Supplies,ACH,Emp_109,INV-2024-0001041,0,normal
TX-001048,2024-02-06 10:41:00,1013.25,Vendor_101,Marketing,Supplies,Check,Emp_053,INV-2024-0001011,0,normal
TX-001049,2024-02-06 11:06:00,2322.24,Vendor_014,HR,Payroll,Check,Emp_017,INV-2024-0001036,0,normal
TX-001050,2024-02-06 11:07:00,1908.73,Vendor_051,Operations,Consulting,Card,Emp_071,INV-2024-0001023,0,normal
TX-001051,2024-02-06 11:11:00,1716.62,Vendor_052,Finance,Consulting,Card,Emp_004,INV-2024-0001028,0,normal
TX-001052,2024-02-06 11:41:00,1695.43,Vendor_004,Support,IT,Check,Emp_111,INV-2024-0001032,0,normal
TX-001053,2024-02-06 11:45:00,3443.87,Vendor_081,Marketing,Travel,Wire,Emp_058,INV-2024-0001035,0,normal
TX-001054,2024-02-06 11:48:00,2259.83,Vendor_068,Sales,Consulting,Check,Emp_105,INV-2024-0001014,0,normal
TX-001055,2024-02-06 11:50:00,2566.14,Vendor_098,Legal,Supplies,Card,Emp_076,INV-2024-0001030,0,normal
TX-001056,2024-02-06 11:50:00,548.46,Vendor_076,Operations,Consulting,Check,Emp_066,INV-2024-0001038,0,normal
TX-001057,2024-02-06 12:05:00,4073.63,Vendor_030,Support,Travel,Wire,Emp_113,INV-2024-0001017,0,normal
TX-001058,2024-02-06 12:28:00,2297.67,Vendor_089,Operations,IT,Check,Emp_072,INV-2024-0001025,0,normal
TX-001059,2024-02-06 12:28:00,879.66,Vendor_058,Marketing,Consulting,Check,Emp_053,INV-2024-0001018,0,normal
TX-001060,2024-02-06 12:32:00,1528.42,Vendor_052,Finance,IT,Card,Emp_012,INV-2024-0001012,0,normal
TX-001061,2024-02-06 12:55:00,1779.74,Vendor_053,Finance,Travel,Wire,Emp_007,INV-2024-0001010,0,normal
TX-001062,2024-02-06 13:09:00,2483.79,Vendor_041,IT,Payroll,Card,Emp_037,INV-2024-0001027,0,normal
TX-001063,2024-02-06 13:23:00,2942.02,Vendor_017,Legal,IT,ACH,Emp_081,INV-2024-0001039,0,normal
TX-001064,2024-02-06 13:54:00,1252.47,Vendor_043,HR,Payroll,Wire,Emp_019,INV-2024-0001033,0,normal
TX-001065,2024-02-06 14:19:00,12615.74,Vendor_015,Legal,Supplies,Wire,Emp_078,INV-2024-0002420,1,high_amount
TX-001066,2024-02-06 14:25:00,1371.86,Vendor_040,HR,IT,Check,Emp_017,INV-2024-0001022,0,normal
TX-001067,2024-02-06 14:25:00,1336.78,Vendor_050,HR,Operations,Card,Emp_024,INV-2024-0001016,0,normal
TX-001068,2024-02-06 14:37:00,742.08,Vendor_044,Operations,Operations,Wire,Emp_062,INV-2024-0001015,0,normal
TX-001069,2024-02-06 14:43:00,1150.0,Vendor_043,HR,Operations,Check,Emp_022,INV-2024-0001021,0,normal
TX-001070,2024-02-06 14:45:00,1033.06,Vendor_107,IT,Travel,Wire,Emp_032,INV-2024-0001034,0,normal
TX-001071,2024-02-06 14:54:00,2739.14,Vendor_041,IT,Payroll,Check,Emp_044,INV-2024-0001024,0,normal
TX-001072,2024-02-06 15:24:00,3168.9,Vendor_060,Operations,IT,Check,Emp_075,INV-2024-0002430,1,payment_method_switch
TX-001073,2024-02-06 15:27:00,2478.64,Vendor_051,Marketing,Consulting,ACH,Emp_060,INV-2024-0001019,0,normal
TX-001074,2024-02-06 17:20:00,2129.98,Vendor_113,Marketing,Travel,Card,Emp_046,INV-2024-0001026,0,normal
TX-001075,2024-02-07 05:48:00,15240.52,Vendor_032,Finance,Operations,Card,Emp_014,INV-2024-0002465,1,high_amount
TX-001076,2024-02-07 08:09:00,1299.78,Vendor_100,Operations,Operations,Check,Emp_066,INV-2024-0001072,0,normal
TX-001077,2024-02-07 08:28:00,1747.93,Vendor_117,Operations,IT,Check,Emp_069,INV-2024-0001050,0,normal
TX-001078,2024-02-07 08:49:00,1634.51,Vendor_117,Operations,IT,Check,Emp_067,INV-2024-0001068,0,normal
TX-001079,2024-02-07 09:22:00,1098.28,Vendor_058,Marketing,Payroll,Wire,Emp_059,INV-2024-0001053,0,normal
TX-001080,2024-02-07 09:27:00,4718.41,Vendor_095,Support,Payroll,Card,Emp_119,INV-2024-0001073,0,normal
TX-001081,2024-02-07 09:34:00,2643.0,Vendor_120,Operations,Operations,ACH,Emp_070,INV-2024-0001043,0,normal
TX-001082,2024-02-07 09:52:00,983.03,Vendor_071,Support,Payroll,Wire,Emp_118,INV-2024-0001062,0,normal
TX-001083,2024-02-07 09:54:00,2852.32,Vendor_009,HR,Operations,ACH,Emp_028,INV-2024-0001067,0,normal
TX-001084,2024-02-07 10:00:00,2821.05,Vendor_099,Operations,Payroll,Check,Emp_064,INV-2024-0001046,0,normal
TX-001085,2024-02-07 10:21:00,2977.25,Vendor_005,Support,Travel,Check,Emp_112,INV-2024-0001071,0,normal
TX-001086,2024-02-07 10:23:00,2535.37,Vendor_015,Marketing,IT,Card,Emp_059,INV-2024-0001045,0,normal
TX-001087,2024-02-07 10:34:00,711.21,Vendor_071,Support,Supplies,Card,Emp_109,INV-2024-0001042,0,normal
TX-001088,2024-02-07 10:40:00,3310.68,Vendor_032,Finance,IT,Wire,Emp_008,INV-2024-0001048,0,normal
TX-001089,2024-02-07 10:52:00,2425.54,Vendor_098,Finance,Supplies,Check,Emp_012,INV-2024-0001070,0,normal
TX-001090,2024-02-07 11:30:00,546.49,Vendor_019,HR,Operations,Check,Emp_029,INV-2024-0001051,0,normal
TX-001091,2024-02-07 11:48:00,2674.48,Vendor_098,Legal,Travel,Card,Emp_085,INV-2024-0001056,0,normal
TX-001092,2024-02-07 12:25:00,1400.43,Vendor_099,Operations,Consulting,Card,Emp_073,INV-2024-0001052,0,normal
TX-001093,2024-02-07 12:36:00,2578.06,Vendor_068,Sales,Supplies,ACH,Emp_092,INV-2024-0001069,0,normal
TX-001094,2024-02-07 12:48:00,5438.56,Vendor_081,Marketing,Consulting,Check,Emp_057,INV-2024-0001064,0,normal
TX-001095,2024-02-07 12:49:00,1162.07,Vendor_031,HR,IT,ACH,Emp_019,INV-2024-0001047,0,normal
TX-001096,2024-02-07 13:02:00,2846.39,Vendor_068,Sales,Payroll,Check,Emp_091,INV-2024-0001061,0,normal
TX-001097,2024-02-07 13:25:00,17490.41,Vendor_026,IT,Supplies,Check,Emp_041,INV-2024-0001054,0,normal
TX-001098,2024-02-07 13:25:00,398.32,Vendor_116,Finance,IT,ACH,Emp_006,INV-2024-0001063,0,normal
TX-001099,2024-02-07 13:47:00,1497.58,Vendor_103,Finance,Supplies,Check,Emp_006,INV-2024-0001058,0,normal
TX-001100,2024-02-07 13:56:00,731.45,Vendor_076,Operations,Consulting,Check,Emp_074,INV-2024-0001055,0,normal
TX-001101,2024-02-07 14:21:00,1017.22,Vendor_031,HR,Operations,ACH,Emp_017,INV-2024-0001066,0,normal
TX-001102,2024-02-07 14:29:00,8517.01,Vendor_074,Finance,Operations,Card,Emp_007,INV-2024-0002398,1,vendor_department_shift
TX-001103,2024-02-07 14:38:00,4347.56,Vendor_007,HR,Travel,Card,Emp_025,INV-2024-0001057,0,normal
TX-001104,2024-02-07 14:39:00,2391.39,Vendor_040,Operations,Operations,Wire,Emp_070,INV-2024-0002429,1,vendor_department_shift
TX-001105,2024-02-07 14:45:00,3475.34,Vendor_045,Support,IT,Check,Emp_114,INV-2024-0001049,0,normal
TX-001106,2024-02-07 14:55:00,1289.44,Vendor_050,IT,Payroll,Wire,Emp_042,INV-2024-0001065,0,normal
TX-001107,2024-02-07 17:34:00,638.52,Vendor_055,Operations,Consulting,Card,Emp_069,INV-2024-0001060,0,normal
TX-001108,2024-02-07 17:35:00,828.93,Vendor_058,Marketing,Payroll,Card,Emp_054,INV-2024-0001059,0,normal
TX-001109,2024-02-07 17:55:00,3056.77,Vendor_087,HR,Travel,Card,Emp_026,INV-2024-0001044,0,normal
TX-001110,2024-02-08 00:49:00,1168.37,Vendor_031,HR,IT,ACH,Emp_028,INV-2074-0001147,1,fuzzy_duplicate
TX-001111,2024-02-08 00:50:00,3380.46,Vendor_069,IT,Operations,Wire,Emp_033,INV-2024-0000994,1,duplicate_invoice
TX-001112,2024-02-08 08:02:00,2679.17,Vendor_011,Legal,Payroll,Wire,Emp_080,INV-2024-0001108,0,normal
TX-001113,2024-02-08 08:24:00,2492.02,Vendor_021,Operations,Consulting,ACH,Emp_063,INV-2024-0001093,0,normal
TX-001114,2024-02-08 08:33:00,4585.66,Vendor_064,Marketing,Payroll,Wire,Emp_054,INV-2024-0002416,1,payment_method_switch
TX-001115,2024-02-08 09:21:00,978.79,Vendor_073,Sales,Travel,Wire,Emp_091,INV-2024-0001092,0,normal
TX-001116,2024-02-08 10:04:00,2330.99,Vendor_114,Sales,Travel,Check,Emp_105,INV-2024-0001079,0,normal
TX-001117,2024-02-08 10:24:00,1828.36,Vendor_053,Finance,Payroll,ACH,Emp_010,INV-2024-0001097,0,normal
TX-001118,2024-02-08 10:31:00,574.88,Vendor_116,Finance,IT,ACH,Emp_001,INV-2024-0001110,0,normal
TX-001119,2024-02-08 11:07:00,2322.67,Vendor_035,Operations,Supplies,Card,Emp_062,INV-2024-0001094,0,normal
TX-001120,2024-02-08 11:18:00,1914.2,Vendor_012,Legal,Travel,ACH,Emp_082,INV-2024-0001077,0,normal
TX-001121,2024-02-08 11:20:00,4476.76,Vendor_085,Marketing,Operations,Check,Emp_056,INV-2024-0001098,0,normal
TX-001122,2024-02-08 11:40:00,5920.18,Vendor_013,Marketing,Payroll,Wire,Emp_054,INV-2024-0001100,0,normal
TX-001123,2024-02-08 11:52:00,1478.0,Vendor_118,Finance,Consulting,Check,Emp_004,INV-2024-0001086,0,normal
TX-001124,2024-02-08 11:58:00,4292.91,Vendor_074,Marketing,Travel,Check,Emp_058,INV-2024-0001113,0,normal
TX-001125,2024-02-08 12:01:00,1841.85,Vendor_062,Sales,Consulting,Card,Emp_094,INV-2024-0001078,0,normal
TX-001126,2024-02-08 12:08:00,788.52,Vendor_102,HR,Consulting,Check,Emp_029,INV-2024-0001107,0,normal
TX-001127,2024-02-08 12:18:00,1101.3,Vendor_102,HR,IT,Card,Emp_023,INV-2024-0001111,0,normal
TX-001128,2024-02-08 12:25:00,2527.32,Vendor_055,Operations,Consulting,Card,Emp_066,INV-2024-0001106,0,normal
TX-001129,2024-02-08 12:34:00,1026.28,Vendor_102,HR,Payroll,Check,Emp_017,INV-2024-0001076,0,normal
TX-001130,2024-02-08 12:35:00,763.05,Vendor_083,Support,IT,Check,Emp_107,INV-2024-0001081,0,normal
TX-001131,2024-02-08 12:44:00,1884.92,Vendor_096,Finance,Consulting,Check,Emp_012,INV-2024-0001105,0,normal
TX-001132,2024-02-08 12:46:00,4860.0,Vendor_053,Finance,Payroll,Card,Emp_010,INV-2024-0002459,1,split_payment
TX-001133,2024-02-08 12:55:00,2452.77,Vendor_045,Legal,IT,Wire,Emp_082,INV-2024-0001084,0,normal
TX-001134,2024-02-08 12:57:00,3019.5,Vendor_092,Sales,Consulting,Check,Emp_099,INV-2024-0001091,0,normal
TX-001135,2024-02-08 12:59:00,3142.61,Vendor_034,Operations,IT,Wire,Emp_067,INV-2024-0001075,0,normal
TX-001136,2024-02-08 13:15:00,2223.27,Vendor_035,Operations,Supplies,Wire,Emp_065,INV-2024-0001112,0,normal
TX-001137,2024-02-08 13:43:00,8735.48,Vendor_091,Finance,Consulting,ACH,Emp_002,INV-2024-0001087,0,normal
TX-001138,2024-02-08 13:45:00,2298.83,Vendor_087,HR,Payroll,Card,Emp_026,INV-2024-0001101,0,normal
TX-001139,2024-02-08 13:48:00,4880.28,Vendor_110,IT,Consulting,Card,Emp_031,INV-2024-0001102,0,normal
TX-001140,2024-02-08 13:50:00,2526.43,Vendor_006,Sales,Payroll,Check,Emp_093,INV-2024-0001103,0,normal
TX-001141,2024-02-08 14:05:00,2079.16,Vendor_109,IT,Consulting,Wire,Emp_038,INV-2024-0001080,0,normal
TX-001142,2024-02-08 14:31:00,756.65,Vendor_058,Marketing,Travel,ACH,Emp_057,INV-2024-0001083,0,normal
TX-001143,2024-02-08 14:38:00,615.18,Vendor_019,HR,Operations,ACH,Emp_028,INV-2024-0001090,0,normal
TX-001144,2024-02-08 14:41:00,1689.59,Vendor_029,Marketing,Consulting,ACH,Emp_053,INV-2024-0001089,0,normal
TX-001145,2024-02-08 14:54:00,3367.4,Vendor_080,Operations,Supplies,Wire,Emp_071,INV-2024-0001104,0,normal
TX-001146,2024-02-08 15:27:00,6055.56,Vendor_082,Sales,Payroll,Check,Emp_097,INV-2024-0001082,0,normal
TX-001147,2024-02-08 15:29:00,4338.53,Vendor_070,IT,Consulting,ACH,Emp_034,INV-2024-0001085,0,normal
TX-001148,2024-02-08 16:03:00,2699.05,Vendor_080,Operations,Supplies,Card,Emp_062,INV-2024-0001109,0,normal
TX-001149,2024-02-08 16:39:00,5080.37,Vendor_022,Sales,IT,Check,Emp_097,INV-2024-0001096,0,normal
TX-001150,2024-02-08 16:54:00,2709.66,Vendor_048,Legal,IT,ACH,Emp_082,INV-2024-0001074,0,normal
TX-001151,2024-02-08 17:04:00,2528.01,Vendor_023,Marketing,Travel,Card,Emp_053,INV-2024-0001099,0,normal
TX-001152,2024-02-08 17:18:00,4910.0,Vendor_070,IT,Consulting,Wire,Emp_034,INV-2024-0002462,1,split_payment
TX-001153,2024-02-08 17:21:00,1101.62,Vendor_058,Marketing,Consulting,Card,Emp_049,INV-2024-0001095,0,normal
TX-001154,2024-02-08 17:56:00,3087.54,Vendor_032,Finance,Supplies,ACH,Emp_005,INV-2024-0001088,0,normal
TX-001155,2024-02-08 21:09:00,5313.67,Vendor_066,Legal,IT,Check,Emp_086,INV-2024-0002406,1,vendor_department_shift
TX-001156,2024-02-09 08:22:00,2352.67,Vendor_114,Operations,Travel,Card,Emp_066,INV-2024-0001141,0,normal
TX-001157,2024-02-09 08:38:00,434.94,Vendor_083,Support,IT,Check,Emp_118,INV-2024-0001114,0,normal
TX-001158,2024-02-09 08:41:00,719.19,Vendor_031,HR,Operations,ACH,Emp_018,INV-2024-0001116,0,normal
TX-001159,2024-02-09 09:18:00,4088.39,Vendor_073,Sales,IT,Wire,Emp_092,INV-2024-0001136,0,normal
TX-001160,2024-02-09 09:41:00,1660.22,Vendor_040,HR,IT,Wire,Emp_019,INV-2024-0001128,0,normal
TX-001161,2024-02-09 10:05:00,2087.74,Vendor_086,IT,Supplies,Check,Emp_033,INV-2024-0001135,0,normal
TX-001162,2024-02-09 10:20:00,1863.41,Vendor_017,Legal,IT,Wire,Emp_078,INV-2024-0001145,0,normal
TX-001163,2024-02-09 10:59:00,1817.78,Vendor_040,HR,Travel,ACH,Emp_016,INV-2024-0001130,0,normal
TX-001164,2024-02-09 11:15:00,1756.88,Vendor_015,Legal,IT,Card,Emp_081,INV-2024-0001142,0,normal
TX-001165,2024-02-09 11:24:00,3134.83,Vendor_066,Support,Consulting,Check,Emp_117,INV-2024-0001125,0,normal
TX-001166,2024-02-09 11:28:00,8018.1,Vendor_016,Support,Consulting,Wire,Emp_115,INV-2024-0001138,0,normal
TX-001167,2024-02-09 11:41:00,2362.11,Vendor_098,Legal,Travel,Wire,Emp_085,INV-2024-0001127,0,normal
TX-001168,2024-02-09 11:46:00,978.11,Vendor_058,Finance,Payroll,Card,Emp_013,INV-2024-0001117,0,normal
TX-001169,2024-02-09 12:06:00,3403.77,Vendor_104,IT,Supplies,Wire,Emp_044,INV-2024-0001140,0,normal
TX-001170,2024-02-09 12:20:00,1163.19,Vendor_005,IT,Travel,Card,Emp_036,INV-2024-0001121,0,normal
TX-001171,2024-02-09 12:38:00,3866.77,Vendor_023,Sales,Travel,Card,Emp_095,INV-2024-0001133,0,normal
TX-001172,2024-02-09 12:46:00,1928.5,Vendor_079,Sales,Travel,Wire,Emp_104,INV-2024-0001120,0,normal
TX-001173,2024-02-09 12:54:00,4559.88,Vendor_022,Sales,IT,Wire,Emp_098,INV-2024-0001122,0,normal
TX-001174,2024-02-09 13:03:00,1013.1,Vendor_060,Finance,Operations,ACH,Emp_005,INV-2024-0001115,0,normal
TX-001175,2024-02-09 13:03:00,2743.19,Vendor_069,HR,Operations,Card,Emp_028,INV-2024-0001119,0,normal
TX-001176,2024-02-09 13:03:00,2694.07,Vendor_089,Operations,IT,Wire,Emp_073,INV-2024-0001124,0,normal
TX-001177,2024-02-09 13:15:00,2144.79,Vendor_084,HR,Consulting,Check,Emp_021,INV-2024-0001131,0,normal
TX-001178,2024-02-09 13:16:00,1325.94,Vendor_023,Marketing,Operations,Card,Emp_057,INV-2024-0001132,0,normal
TX-001179,2024-02-09 14:18:00,726.0,Vendor_019,HR,Operations,ACH,Emp_027,INV-2024-0001118,0,normal
TX-001180,2024-02-09 14:25:00,3375.68,Vendor_052,Finance,IT,Card,Emp_015,INV-2024-0001143,0,normal
TX-001181,2024-02-09 14:31:00,3959.24,Vendor_027,Legal,Supplies,Check,Emp_082,INV-2024-0001139,0,normal
TX-001182,2024-02-09 14:56:00,2979.31,Vendor_120,Support,Supplies,Check,Emp_114,INV-2024-0001134,0,normal
TX-001183,2024-02-09 15:16:00,1600.0,Vendor_079,Sales,Travel,Wire,Emp_098,INV-2024-0001144,0,normal
TX-001184,2024-02-09 15:59:00,1121.08,Vendor_103,Finance,Travel,Check,Emp_013,INV-2024-0001129,0,normal
TX-001185,2024-02-09 17:50:00,1531.25,Vendor_101,Marketing,Supplies,Check,Emp_046,INV-2024-0001123,0,normal
TX-001186,2024-02-09 18:22:00,404.4,Vendor_047,Support,Operations,Wire,Emp_120,INV-2024-0001126,0,normal
TX-001187,2024-02-09 18:39:00,1684.54,Vendor_113,Marketing,Travel,Wire,Emp_055,INV-2024-0001137,0,normal
TX-001188,2024-02-09 18:51:00,1432.74,Vendor_023,Marketing,Operations,Card,Emp_057,INV-2024-0002445,1,same_day_burst
TX-001189,2024-02-10 10:37:00,776.05,Vendor_031,IT,Operations,ACH,Emp_040,INV-2024-0001146,0,normal
TX-001190,2024-02-10 11:15:00,1648.43,Vendor_068,Support,Operations,Check,Emp_106,INV-2024-0002384,1,vendor_department_shift
TX-001191,2024-02-10 11:16:00,2404.76,Vendor_048,Legal,IT,ACH,Emp_080,INV-2024-0001151,0,normal
TX-001192,2024-02-10 11:38:00,2261.44,Vendor_021,Operations,Consulting,Card,Emp_073,INV-2024-0001153,0,normal
TX-001193,2024-02-10 12:36:00,3205.01,Vendor_027,Legal,Supplies,Wire,Emp_087,INV-2024-0001155,0,normal
TX-001194,2024-02-10 13:17:00,1221.96,Vendor_088,Operations,Consulting,Wire,Emp_068,INV-2024-0001154,0,normal
TX-001195,2024-02-10 13:34:00,2132.25,Vendor_077,Sales,Travel,Wire,Emp_105,INV-2024-0001150,0,normal
TX-001196,2024-02-10 13:59:00,1712.38,Vendor_103,Finance,Travel,Check,Emp_001,INV-2024-0001148,0,normal
TX-001197,2024-02-10 14:28:00,1854.0,Vendor_089,Finance,IT,ACH,Emp_007,INV-2024-0001149,0,normal
TX-001198,2024-02-10 17:23:00,1633.63,Vendor_072,IT,IT,Check,Emp_033,INV-2024-0001147,0,normal
TX-001199,2024-02-10 18:44:00,2519.04,Vendor_061,Operations,Operations,Check,Emp_069,INV-2024-0001152,0,normal
TX-001200,2024-02-11 08:08:00,1494.81,Vendor_025,Finance,Consulting,Check,Emp_015,INV-2024-0001159,0,normal
TX-001201,2024-02-11 08:52:00,3362.47,Vendor_030,Sales,Travel,Wire,Emp_098,INV-2024-0001168,0,normal
TX-001202,2024-02-11 09:12:00,2688.27,Vendor_015,Legal,IT,Card,Emp_086,INV-2024-0001176,0,normal
TX-001203,2024-02-11 09:17:00,873.07,Vendor_025,Finance,Consulting,Card,Emp_015,INV-2024-0001177,0,normal
TX-001204,2024-02-11 09:29:00,499.03,Vendor_116,Finance,IT,ACH,Emp_005,INV-2024-0001167,0,normal
TX-001205,2024-02-11 10:25:00,2060.14,Vendor_038,Operations,Consulting,Wire,Emp_075,INV-2024-0001174,0,normal
TX-001206,2024-02-11 11:05:00,908.19,Vendor_119,Legal,IT,Card,Emp_083,INV-2024-0001169,0,normal
TX-001207,2024-02-11 11:50:00,1505.39,Vendor_036,IT,Operations,Check,Emp_037,INV-2024-0001163,0,normal
TX-001208,2024-02-11 11:56:00,5706.05,Vendor_022,Sales,Consulting,ACH,Emp_092,INV-2024-0001157,0,normal
TX-001209,2024-02-11 12:00:00,6829.09,Vendor_091,Finance,Payroll,Card,Emp_004,INV-2024-0001162,0,normal
TX-001210,2024-02-11 12:02:00,1050.0,Vendor_053,Finance,Supplies,ACH,Emp_010,INV-2024-0001158,0,normal
TX-001211,2024-02-11 12:07:00,1035.09,Vendor_058,Marketing,Consulting,Wire,Emp_049,INV-2024-0001171,0,normal
TX-001212,2024-02-11 12:46:00,4778.1,Vendor_073,Sales,Supplies,Card,Emp_094,INV-2024-0001156,0,normal
TX-001213,2024-02-11 13:05:00,3380.46,Vendor_073,Sales,IT,Wire,Emp_098,INV-2024-0001175,0,normal
TX-001214,2024-02-11 13:13:00,4874.15,Vendor_049,Finance,Operations,Card,Emp_004,INV-2024-0001170,0,normal
TX-001215,2024-02-11 13:45:00,921.3,Vendor_031,HR,IT,Check,Emp_026,INV-2024-0001166,0,normal
TX-001216,2024-02-11 14:29:00,908.79,Vendor_037,Marketing,Payroll,Wire,Emp_051,INV-2024-0001165,0,normal
TX-001217,2024-02-11 14:53:00,2033.37,Vendor_053,Finance,Supplies,ACH,Emp_005,INV-2024-0001173,0,normal
TX-001218,2024-02-11 15:00:00,2907.88,Vendor_010,Support,Supplies,Card,Emp_110,INV-2024-0001164,0,normal
TX-001219,2024-02-11 15:30:00,866.02,Vendor_118,Finance,Supplies,Card,Emp_012,INV-2024-0001161,0,normal
TX-001220,2024-02-11 15:49:00,2165.22,Vendor_077,Sales,IT,Check,Emp_092,INV-2024-0001172,0,normal
TX-001221,2024-02-11 15:59:00,2442.54,Vendor_087,HR,Travel,Wire,Emp_027,INV-2024-0001160,0,normal
TX-001222,2024-02-12 04:23:00,1623.91,Vendor_072,IT,IT,Check,Emp_043,INV-2024-0001147,1,duplicate_invoice
TX-001223,2024-02-12 08:34:00,2512.13,Vendor_004,Support,IT,Wire,Emp_112,INV-2024-0001195,0,normal
TX-001224,2024-02-12 09:19:00,2077.19,Vendor_086,IT,Payroll,ACH,Emp_037,INV-2024-0001205,0,normal
TX-001225,2024-02-12 09:19:00,6957.48,Vendor_082,Sales,Supplies,ACH,Emp_092,INV-2024-0001196,0,normal
TX-001226,2024-02-12 09:48:00,1805.29,Vendor_040,HR,IT,ACH,Emp_018,INV-2024-0001208,0,normal
TX-001227,2024-02-12 09:48:00,875.44,Vendor_060,Operations,Travel,ACH,Emp_061,INV-2024-0001203,0,normal
TX-001228,2024-02-12 09:51:00,2276.23,Vendor_098,Legal,Travel,Card,Emp_085,INV-2024-0001192,0,normal
TX-001229,2024-02-12 10:27:00,323.15,Vendor_047,Support,Operations,Wire,Emp_114,INV-2024-0001188,0,normal
TX-001230,2024-02-12 10:32:00,980.86,Vendor_058,Marketing,Payroll,Wire,Emp_057,INV-2024-0001179,0,normal
TX-001231,2024-02-12 10:39:00,2843.92,Vendor_089,Operations,IT,Card,Emp_065,INV-2024-0001199,0,normal
TX-001232,2024-02-12 11:39:00,1818.83,Vendor_086,IT,Operations,Card,Emp_044,INV-2024-0001185,0,normal
TX-001233,2024-02-12 11:43:00,5603.07,Vendor_055,IT,Operations,Check,Emp_039,INV-2024-0002385,1,vendor_department_shift
TX-001234,2024-02-12 11:44:00,794.99,Vendor_019,HR,Operations,Wire,Emp_017,INV-2024-0001187,0,normal
TX-001235,2024-02-12 11:44:00,1292.57,Vendor_037,Support,Payroll,Check,Emp_112,INV-2024-0001202,0,normal
TX-001236,2024-02-12 11:46:00,1403.77,Vendor_017,Sales,IT,ACH,Emp_104,INV-2024-0001189,0,normal
TX-001237,2024-02-12 11:51:00,3609.28,Vendor_027,Finance,Travel,ACH,Emp_015,INV-2024-0001180,0,normal
TX-001238,2024-02-12 12:14:00,2765.35,Vendor_070,IT,Consulting,Card,Emp_037,INV-2024-0001200,0,normal
TX-001239,2024-02-12 12:24:00,2177.39,Vendor_062,Sales,IT,Check,Emp_096,INV-2024-0001182,0,normal
TX-001240,2024-02-12 12:55:00,2136.52,Vendor_046,Legal,Operations,ACH,Emp_083,INV-2024-0001206,0,normal
TX-001241,2024-02-12 13:05:00,1752.63,Vendor_017,Legal,IT,ACH,Emp_078,INV-2024-0001193,0,normal
TX-001242,2024-02-12 13:07:00,1651.16,Vendor_072,HR,IT,Check,Emp_022,INV-2024-0001178,0,normal
TX-001243,2024-02-12 13:17:00,2901.21,Vendor_073,Sales,Supplies,Wire,Emp_091,INV-2024-0001197,0,normal
TX-001244,2024-02-12 13:28:00,5824.79,Vendor_095,Support,Payroll,Card,Emp_111,INV-2024-0001190,0,normal
TX-001245,2024-02-12 13:29:00,1962.84,Vendor_015,Legal,IT,Card,Emp_081,INV-2024-0001209,0,normal
TX-001246,2024-02-12 13:51:00,1520.26,Vendor_029,HR,Travel,ACH,Emp_027,INV-2024-0001207,0,normal
TX-001247,2024-02-12 14:23:00,1143.0,Vendor_050,HR,Operations,ACH,Emp_017,INV-2024-0001201,0,normal
TX-001248,2024-02-12 14:46:00,2457.39,Vendor_099,Operations,Payroll,ACH,Emp_065,INV-2024-0001198,0,normal
TX-001249,2024-02-12 15:13:00,980.48,Vendor_058,Marketing,Consulting,Card,Emp_055,INV-2024-0001186,0,normal
TX-001250,2024-02-12 15:23:00,1079.26,Vendor_012,Legal,Travel,ACH,Emp_090,INV-2024-0001183,0,normal
TX-001251,2024-02-12 15:48:00,1714.71,Vendor_118,Finance,Payroll,Check,Emp_012,INV-2024-0001181,0,normal
TX-001252,2024-02-12 16:15:00,1482.15,Vendor_079,Sales,Travel,ACH,Emp_103,INV-2024-0001204,0,normal
TX-001253,2024-02-12 16:21:00,472.52,Vendor_116,Finance,IT,Check,Emp_012,INV-2024-0001194,0,normal
TX-001254,2024-02-12 16:36:00,2128.16,Vendor_042,Marketing,Operations,Card,Emp_046,INV-2024-0001191,0,normal
TX-001255,2024-02-12 17:40:00,2851.54,Vendor_089,Operations,Travel,Card,Emp_063,INV-2024-0001184,0,normal
TX-001256,2024-02-12 21:34:00,633.72,Vendor_116,Sales,Payroll,Card,Emp_100,INV-2024-0002381,1,vendor_department_shift
TX-001257,2024-02-13 08:17:00,5612.74,Vendor_013,Sales,IT,Check,Emp_099,INV-2024-0001234,0,normal
TX-001258,2024-02-13 08:33:00,4561.53,Vendor_052,Finance,IT,ACH,Emp_014,INV-2024-0001211,0,normal
TX-001259,2024-02-13 09:14:00,2050.0,Vendor_051,Marketing,Consulting,ACH,Emp_053,INV-2024-0001213,0,normal
TX-001260,2024-02-13 09:38:00,2042.64,Vendor_099,Operations,Payroll,Card,Emp_063,INV-2024-0001221,0,normal
TX-001261,2024-02-13 10:08:00,394.39,Vendor_116,Finance,IT,ACH,Emp_003,INV-2024-0001212,0,normal
TX-001262,2024-02-13 10:11:00,1713.96,Vendor_040,HR,Travel,Wire,Emp_028,INV-2024-0001233,0,normal
TX-001263,2024-02-13 10:31:00,3486.06,Vendor_006,Legal,Supplies,Check,Emp_082,INV-2024-0001222,0,normal
TX-001264,2024-02-13 11:05:00,2854.14,Vendor_048,Legal,IT,ACH,Emp_081,INV-2024-0001220,0,normal
TX-001265,2024-02-13 11:24:00,7203.44,Vendor_095,Support,Payroll,Check,Emp_109,INV-2024-0001235,0,normal
TX-001266,2024-02-13 11:26:00,1047.8,Vendor_083,Support,Payroll,ACH,Emp_117,INV-2024-0001218,0,normal
TX-001267,2024-02-13 12:04:00,8757.7,Vendor_016,Support,IT,Wire,Emp_110,INV-2024-0001226,0,normal
TX-001268,2024-02-13 12:23:00,4799.92,Vendor_007,HR,Consulting,Wire,Emp_022,INV-2024-0001231,0,normal
TX-001269,2024-02-13 12:47:00,1170.05,Vendor_068,Sales,Consulting,Check,Emp_103,INV-2024-0001230,0,normal
TX-001270,2024-02-13 12:57:00,536.82,Vendor_116,Finance,Operations,ACH,Emp_015,INV-2024-0001228,0,normal
TX-001271,2024-02-13 13:07:00,7628.32,Vendor_013,Sales,Consulting,Card,Emp_091,INV-2024-0001229,0,normal
TX-001272,2024-02-13 13:25:00,2675.55,Vendor_101,Marketing,IT,Wire,Emp_059,INV-2024-0001227,0,normal
TX-001273,2024-02-13 14:02:00,2284.08,Vendor_005,IT,IT,Card,Emp_031,INV-2024-0001214,0,normal
TX-001274,2024-02-13 14:04:00,2710.61,Vendor_010,Support,Supplies,Check,Emp_108,INV-2024-0001215,0,normal
TX-001275,2024-02-13 14:16:00,2562.61,Vendor_075,IT,Operations,Card,Emp_034,INV-2024-0001223,0,normal
TX-001276,2024-02-13 14:19:00,2624.58,Vendor_021,Operations,Consulting,Wire,Emp_073,INV-2024-0001236,0,normal
TX-001277,2024-02-13 14:25:00,2741.94,Vendor_063,Sales,Travel,Check,Emp_101,INV-2024-0001210,0,normal
TX-001278,2024-02-13 14:39:00,535.56,Vendor_116,Finance,Operations,ACH,Emp_015,INV-2024-0002437,1,same_day_burst
TX-001279,2024-02-13 14:45:00,1629.58,Vendor_040,HR,Travel,Check,Emp_029,INV-2024-0001217,0,normal
TX-001280,2024-02-13 15:04:00,3983.56,Vendor_077,Sales,Consulting,Wire,Emp_103,INV-2024-0001219,0,normal
TX-001281,2024-02-13 15:23:00,2484.0,Vendor_033,Marketing,IT,Wire,Emp_047,INV-2024-0001232,0,normal
TX-001282,2024-02-13 15:30:00,3430.59,Vendor_034,Operations,IT,Card,Emp_068,INV-2024-0001224,0,normal
TX-001283,2024-02-13 15:50:00,2929.93,Vendor_010,Support,Supplies,Wire,Emp_110,INV-2024-0001225,0,normal
TX-001284,2024-02-13 16:01:00,4950.0,Vendor_095,Support,Payroll,ACH,Emp_109,INV-2024-0002413,1,split_payment
TX-001285,2024-02-13 18:24:00,1717.52,Vendor_118,Finance,Payroll,Check,Emp_005,INV-2024-0001216,0,normal
TX-001286,2024-02-14 01:48:00,861.8,Vendor_060,Operations,Travel,ACH,Emp_070,INV-2024-0001203,1,duplicate_invoice
TX-001287,2024-02-14 07:38:00,1273.21,Vendor_083,Support,Travel,ACH,Emp_118,INV-2024-0002392,1,payment_method_switch
TX-001288,2024-02-14 07:48:00,7758.39,Vendor_016,Support,IT,Wire,Emp_111,INV-2024-0001249,0,normal
TX-001289,2024-02-14 08:00:00,1962.55,Vendor_052,Finance,Consulting,Card,Emp_005,INV-2024-0001275,0,normal
TX-001290,2024-02-14 09:12:00,3191.57,Vendor_092,Sales,Operations,Check,Emp_093,INV-2024-0001251,0,normal
TX-001291,2024-02-14 09:27:00,2172.32,Vendor_042,Marketing,Operations,Card,Emp_047,INV-2024-0001262,0,normal
TX-001292,2024-02-14 09:31:00,975.44,Vendor_100,Operations,Operations,Card,Emp_074,INV-2024-0001248,0,normal
TX-001293,2024-02-14 09:34:00,504.1,Vendor_116,Finance,IT,ACH,Emp_015,INV-2024-0001259,0,normal
TX-001294,2024-02-14 09:38:00,999.55,Vendor_119,Legal,Travel,ACH,Emp_090,INV-2024-0001246,0,normal
TX-001295,2024-02-14 09:51:00,1719.12,Vendor_086,IT,Supplies,Wire,Emp_032,INV-2024-0001245,0,normal
TX-001296,2024-02-14 10:00:00,1599.56,Vendor_079,Sales,Payroll,Wire,Emp_105,INV-2024-0001274,0,normal
TX-001297,2024-02-14 10:07:00,2183.55,Vendor_032,Finance,Travel,Wire,Emp_012,INV-2024-0001273,0,normal
TX-001298,2024-02-14 10:17:00,1382.87,Vendor_036,IT,Payroll,Card,Emp_032,INV-2024-0001258,0,normal
TX-001299,2024-02-14 10:17:00,1060.91,Vendor_119,Sales,Travel,Card,Emp_099,INV-2024-0001263,0,normal
TX-001300,2024-02-14 10:19:00,2768.49,Vendor_073,Sales,Travel,Wire,Emp_102,INV-2024-0001272,0,normal
TX-001301,2024-02-14 10:32:00,2706.85,Vendor_042,Marketing,Operations,Card,Emp_058,INV-2024-0001277,0,normal
TX-001302,2024-02-14 10:55:00,4227.86,Vendor_052,Finance,Supplies,Card,Emp_009,INV-2024-0001242,0,normal
TX-001303,2024-02-14 10:57:00,2262.58,Vendor_096,Finance,Consulting,Wire,Emp_009,INV-2024-0001270,0,normal
TX-001304,2024-02-14 11:27:00,2091.53,Vendor_062,Sales,IT,Card,Emp_104,INV-2024-0001237,0,normal
TX-001305,2024-02-14 11:43:00,3744.5,Vendor_063,Finance,Payroll,Check,Emp_004,INV-2024-0001260,0,normal
TX-001306,2024-02-14 11:45:00,3231.1,Vendor_018,Marketing,Consulting,Wire,Emp_058,INV-2024-0001253,0,normal
TX-001307,2024-02-14 11:45:00,1660.94,Vendor_040,HR,IT,Check,Emp_016,INV-2024-0001238,0,normal
TX-001308,2024-02-14 11:45:00,2365.81,Vendor_046,Legal,Travel,Wire,Emp_079,INV-2024-0001276,0,normal
TX-001309,2024-02-14 11:58:00,3001.49,Vendor_038,Finance,IT,ACH,Emp_014,INV-2024-0001264,0,normal
TX-001310,2024-02-14 12:13:00,5079.08,Vendor_013,Marketing,IT,Check,Emp_049,INV-2024-0001265,0,normal
TX-001311,2024-02-14 12:15:00,1418.75,Vendor_040,Support,IT,Card,Emp_110,INV-2024-0001241,0,normal
TX-001312,2024-02-14 12:17:00,1872.72,Vendor_014,HR,Operations,ACH,Emp_019,INV-2024-0001269,0,normal
TX-001313,2024-02-14 12:23:00,3914.74,Vendor_110,IT,Supplies,Check,Emp_039,INV-2024-0001254,0,normal
TX-001314,2024-02-14 13:02:00,2176.3,Vendor_103,Operations,Travel,Check,Emp_074,INV-2024-0001250,0,normal
TX-001315,2024-02-14 13:29:00,2737.13,Vendor_064,Sales,IT,Card,Emp_094,INV-2024-0001271,0,normal
TX-001316,2024-02-14 13:46:00,1252.45,Vendor_051,Marketing,Consulting,Card,Emp_055,INV-2024-0001243,0,normal
TX-001317,2024-02-14 14:17:00,2227.85,Vendor_110,IT,Consulting,Wire,Emp_031,INV-2024-0001256,0,normal
TX-001318,2024-02-14 14:45:00,6092.89,Vendor_095,Support,Operations,Card,Emp_112,INV-2024-0001261,0,normal
TX-001319,2024-02-14 14:45:00,3179.75,Vendor_045,HR,IT,Card,Emp_021,INV-2024-0001239,0,normal
TX-001320,2024-02-14 15:05:00,1111.81,Vendor_039,Operations,Operations,ACH,Emp_063,INV-2024-0001247,0,normal
TX-001321,2024-02-14 15:11:00,1053.19,Vendor_060,Operations,Travel,Wire,Emp_075,INV-2024-0001252,0,normal
TX-001322,2024-02-14 15:28:00,715.35,Vendor_111,Finance,IT,ACH,Emp_007,INV-2024-0001268,0,normal
TX-001323,2024-02-14 16:22:00,2179.6,Vendor_040,HR,IT,Check,Emp_024,INV-2024-0001257,0,normal
TX-001324,2024-02-14 16:41:00,879.36,Vendor_003,Sales,Consulting,Wire,Emp_097,INV-2024-0001240,0,normal
TX-001325,2024-02-14 17:18:00,1928.15,Vendor_092,Sales,Travel,Check,Emp_099,INV-2024-0001244,0,normal
TX-001326,2024-02-14 17:20:00,2214.32,Vendor_042,Marketing,Operations,Card,Emp_052,INV-2024-0001267,0,normal
TX-001327,2024-02-14 17:44:00,1121.3,Vendor_048,Legal,Operations,ACH,Emp_087,INV-2024-0001266,0,normal
TX-001328,2024-02-14 18:21:00,2164.99,Vendor_109,IT,Operations,ACH,Emp_037,INV-2024-0001255,0,normal
TX-001329,2024-02-15 08:40:00,7708.02,Vendor_016,Support,IT,Wire,Emp_111,INV-2024-0001278,0,normal
TX-001330,2024-02-15 09:01:00,2292.79,Vendor_051,Marketing,Consulting,ACH,Emp_055,INV-2024-0001289,0,normal
TX-001331,2024-02-15 09:06:00,3395.55,Vendor_061,Operations,Operations,ACH,Emp_073,INV-2024-0001297,0,normal
TX-001332,2024-02-15 09:26:00,2131.21,Vendor_096,Legal,Consulting,Wire,Emp_080,INV-2024-0001287,0,normal
TX-001333,2024-02-15 09:35:00,673.2,Vendor_019,HR,Operations,Card,Emp_026,INV-2024-0001304,0,normal
TX-001334,2024-02-15 09:39:00,2708.36,Vendor_021,IT,Consulting,Check,Emp_037,INV-2024-0001313,0,normal
TX-001335,2024-02-15 09:41:00,1428.22,Vendor_004,IT,Operations,Wire,Emp_033,INV-2024-0001291,0,normal
TX-001336,2024-02-15 09:55:00,3537.72,Vendor_009,HR,Operations,Check,Emp_026,INV-2024-0001316,0,normal
TX-001337,2024-02-15 10:25:00,1048.51,Vendor_088,Operations,Consulting,Wire,Emp_061,INV-2024-0001301,0,normal
TX-001338,2024-02-15 10:26:00,1286.99,Vendor_039,Operations,Operations,Card,Emp_071,INV-2024-0001285,0,normal
TX-001339,2024-02-15 10:26:00,2499.07,Vendor_051,Marketing,IT,Card,Emp_049,INV-2024-0001314,0,normal
TX-001340,2024-02-15 10:31:00,741.34,Vendor_031,HR,IT,Check,Emp_020,INV-2024-0001288,0,normal
TX-001341,2024-02-15 10:33:00,2106.66,Vendor_084,HR,Consulting,Check,Emp_024,INV-2024-0001318,0,normal
TX-001342,2024-02-15 10:39:00,1981.56,Vendor_008,Support,Operations,ACH,Emp_116,INV-2024-0001312,0,normal
TX-001343,2024-02-15 11:05:00,1130.56,Vendor_001,Marketing,Supplies,Check,Emp_052,INV-2024-0001295,0,normal
TX-001344,2024-02-15 11:18:00,1907.15,Vendor_103,Finance,Consulting,Card,Emp_003,INV-2024-0001311,0,normal
TX-001345,2024-02-15 11:44:00,8495.9,Vendor_091,Finance,Payroll,ACH,Emp_014,INV-2024-0001299,0,normal
TX-001346,2024-02-15 12:15:00,5154.97,Vendor_030,Sales,Payroll,Wire,Emp_093,INV-2024-0001307,0,normal
TX-001347,2024-02-15 12:31:00,1937.67,Vendor_075,Legal,Operations,ACH,Emp_088,INV-2024-0001305,0,normal
TX-001348,2024-02-15 12:32:00,2794.65,Vendor_033,Marketing,Operations,Wire,Emp_053,INV-2024-0001284,0,normal
TX-001349,2024-02-15 12:52:00,2245.02,Vendor_053,Finance,Payroll,ACH,Emp_015,INV-2024-0001292,0,normal
TX-001350,2024-02-15 13:15:00,2211.59,Vendor_052,Finance,IT,Card,Emp_011,INV-2024-0001282,0,normal
TX-001351,2024-02-15 13:17:00,1921.26,Vendor_098,Legal,Travel,ACH,Emp_084,INV-2024-0001315,0,normal
TX-001352,2024-02-15 13:20:00,1879.69,Vendor_040,Support,Travel,ACH,Emp_109,INV-2024-0001308,0,normal
TX-001353,2024-02-15 13:20:00,2839.86,Vendor_041,IT,Payroll,ACH,Emp_033,INV-2024-0001296,0,normal
TX-001354,2024-02-15 13:25:00,3581.41,Vendor_048,Legal,IT,ACH,Emp_077,INV-2024-0001279,0,normal
TX-001355,2024-02-15 13:35:00,3134.64,Vendor_041,IT,Payroll,Wire,Emp_043,INV-2024-0001281,0,normal
TX-001356,2024-02-15 13:52:00,1792.89,Vendor_075,Legal,Operations,ACH,Emp_083,INV-2024-0001317,0,normal
TX-001357,2024-02-15 13:56:00,3903.01,Vendor_089,Operations,Consulting,Check,Emp_073,INV-2024-0001280,0,normal
TX-001358,2024-02-15 14:04:00,3600.0,Vendor_120,Support,Supplies,Check,Emp_111,INV-2024-0001294,0,normal
TX-001359,2024-02-15 14:06:00,2437.9,Vendor_069,IT,Operations,Check,Emp_032,INV-2024-0001293,0,normal
TX-001360,2024-02-15 14:46:00,2193.35,Vendor_075,Marketing,Operations,Card,Emp_048,INV-2024-0001290,0,normal
TX-001361,2024-02-15 15:28:00,3157.62,Vendor_091,Finance,Payroll,Card,Emp_007,INV-2024-0001300,0,normal
TX-001362,2024-02-15 15:29:00,3862.18,Vendor_087,IT,Payroll,Card,Emp_034,INV-2024-0001303,0,normal
TX-001363,2024-02-15 15:30:00,3306.52,Vendor_018,Sales,Consulting,ACH,Emp_094,INV-2024-0001283,0,normal
TX-001364,2024-02-15 15:32:00,3226.6,Vendor_009,HR,IT,ACH,Emp_022,INV-2024-0001302,0,normal
TX-001365,2024-02-15 15:37:00,4330.85,Vendor_073,Sales,IT,Wire,Emp_092,INV-2024-0001310,0,normal
TX-001366,2024-02-15 15:38:00,4535.02,Vendor_065,Sales,IT,ACH,Emp_099,INV-2024-0001298,0,normal
TX-001367,2024-02-15 15:42:00,4178.27,Vendor_070,IT,Consulting,Card,Emp_033,INV-2024-0001286,0,normal
TX-001368,2024-02-15 17:36:00,649.75,Vendor_071,Support,Supplies,Card,Emp_106,INV-2024-0001309,0,normal
TX-001369,2024-02-15 18:03:00,2300.18,Vendor_117,Support,Supplies,Card,Emp_112,INV-2024-0001306,0,normal
TX-001370,2024-02-15 19:39:00,7584.82,Vendor_106,IT,Travel,Card,Emp_036,INV-2024-0002410,1,vendor_department_shift
TX-001371,2024-02-16 07:11:00,1536.14,Vendor_012,IT,Travel,Check,Emp_036,INV-2024-0001339,0,normal
TX-001372,2024-02-16 07:37:00,1409.21,Vendor_040,HR,IT,ACH,Emp_016,INV-2024-0001360,0,normal
TX-001373,2024-02-16 08:08:00,4913.92,Vendor_032,Finance,Travel,Wire,Emp_001,INV-2024-0001325,0,normal
TX-001374,2024-02-16 08:43:00,3181.95,Vendor_048,IT,Operations,ACH,Emp_031,INV-2024-0001330,0,normal
TX-001375,2024-02-16 09:08:00,2800.0,Vendor_096,Finance,Consulting,ACH,Emp_015,INV-2024-0001345,0,normal
TX-001376,2024-02-16 09:32:00,4658.26,Vendor_052,Finance,Supplies,Card,Emp_007,INV-2024-0001322,0,normal
TX-001377,2024-02-16 09:44:00,2879.83,Vendor_106,Support,Consulting,ACH,Emp_116,INV-2024-0001323,0,normal
TX-001378,2024-02-16 09:44:00,1144.29,Vendor_005,IT,IT,ACH,Emp_045,INV-2024-0001344,0,normal
TX-001379,2024-02-16 09:47:00,5164.57,Vendor_099,Operations,IT,Wire,Emp_065,INV-2024-0002391,1,payment_method_switch
TX-001380,2024-02-16 10:26:00,2537.47,Vendor_104,Finance,Supplies,Check,Emp_014,INV-2024-0001340,0,normal
TX-001381,2024-02-16 10:51:00,1311.57,Vendor_025,Finance,Consulting,Check,Emp_011,INV-2024-0001350,0,normal
TX-001382,2024-02-16 11:00:00,2735.64,Vendor_018,Marketing,Consulting,Wire,Emp_057,INV-2024-0001324,0,normal
TX-001383,2024-02-16 11:21:00,4156.55,Vendor_030,Sales,Payroll,Wire,Emp_093,INV-2024-0001355,0,normal
TX-001384,2024-02-16 11:24:00,4492.56,Vendor_013,Marketing,Consulting,Card,Emp_058,INV-2024-0001335,0,normal
TX-001385,2024-02-16 11:35:00,2913.77,Vendor_006,Legal,Supplies,ACH,Emp_078,INV-2024-0001331,0,normal
TX-001386,2024-02-16 11:52:00,1642.32,Vendor_053,Finance,Supplies,Check,Emp_008,INV-2024-0001329,0,normal
TX-001387,2024-02-16 11:53:00,2156.57,Vendor_099,Operations,Payroll,ACH,Emp_072,INV-2024-0001346,0,normal
TX-001388,2024-02-16 12:05:00,3281.61,Vendor_110,IT,Travel,Wire,Emp_034,INV-2024-0001321,0,normal
TX-001389,2024-02-16 12:09:00,2298.78,Vendor_042,Marketing,Operations,Check,Emp_058,INV-2024-0001320,0,normal
TX-001390,2024-02-16 12:11:00,3368.05,Vendor_085,Marketing,Operations,Wire,Emp_048,INV-2024-0001332,0,normal
TX-001391,2024-02-16 12:12:00,533.22,Vendor_083,Support,Supplies,Check,Emp_118,INV-2024-0001328,0,normal
TX-001392,2024-02-16 12:13:00,3567.18,Vendor_020,Marketing,Travel,Card,Emp_058,INV-2024-0001347,0,normal
TX-001393,2024-02-16 12:14:00,1429.57,Vendor_053,Finance,Travel,Check,Emp_008,INV-2024-0001341,0,normal
TX-001394,2024-02-16 12:27:00,1865.15,Vendor_042,Marketing,Operations,Card,Emp_057,INV-2024-0001333,0,normal
TX-001395,2024-02-16 12:49:00,7431.17,Vendor_016,Support,Operations,Wire,Emp_112,INV-2024-0001337,0,normal
TX-001396,2024-02-16 13:04:00,3333.52,Vendor_113,IT,Travel,Card,Emp_033,INV-2024-0001319,0,normal
TX-001397,2024-02-16 13:05:00,6402.59,Vendor_013,Marketing,Consulting,Check,Emp_053,INV-2024-0001358,0,normal
TX-001398,2024-02-16 13:13:00,1946.51,Vendor_098,Legal,Supplies,Check,Emp_085,INV-2024-0001357,0,normal
TX-001399,2024-02-16 13:17:00,1882.39,Vendor_036,IT,Payroll,Card,Emp_032,INV-2024-0001338,0,normal
TX-001400,2024-02-16 13:32:00,3042.4,Vendor_096,IT,Consulting,Check,Emp_044,INV-2024-0001353,0,normal
TX-001401,2024-02-16 13:33:00,939.01,Vendor_058,Legal,Payroll,ACH,Emp_078,INV-2024-0001327,0,normal
TX-001402,2024-02-16 13:47:00,1094.35,Vendor_119,Legal,Travel,Wire,Emp_076,INV-2024-0001349,0,normal
TX-001403,2024-02-16 13:52:00,4607.02,Vendor_067,Operations,Consulting,Check,Emp_062,INV-2024-0001351,0,normal
TX-001404,2024-02-16 13:55:00,1519.6,Vendor_044,Operations,Operations,ACH,Emp_072,INV-2024-0001336,0,normal
TX-001405,2024-02-16 13:56:00,3040.14,Vendor_006,Legal,Supplies,Check,Emp_088,INV-2024-0001359,0,normal
TX-001406,2024-02-16 14:00:00,4261.67,Vendor_073,Sales,Travel,Wire,Emp_104,INV-2024-0001343,0,normal
TX-001407,2024-02-16 14:31:00,2977.69,Vendor_048,Legal,IT,Card,Emp_079,INV-2024-0001326,0,normal
TX-001408,2024-02-16 14:33:00,2761.25,Vendor_028,Finance,IT,Wire,Emp_013,INV-2024-0001348,0,normal
TX-001409,2024-02-16 14:41:00,2595.08,Vendor_053,Finance,Payroll,ACH,Emp_010,INV-2024-0001362,0,normal
TX-001410,2024-02-16 15:04:00,2903.66,Vendor_051,Marketing,Operations,Check,Emp_051,INV-2024-0001342,0,normal
TX-001411,2024-02-16 15:25:00,1566.46,Vendor_100,Operations,Travel,Check,Emp_068,INV-2024-0001354,0,normal
TX-001412,2024-02-16 16:06:00,1868.89,Vendor_053,Finance,Payroll,ACH,Emp_012,INV-2024-0001352,0,normal
TX-001413,2024-02-16 17:01:00,506.85,Vendor_116,Finance,IT,ACH,Emp_011,INV-2024-0001334,0,normal
TX-001414,2024-02-16 17:13:00,3034.49,Vendor_120,Support,Operations,Check,Emp_115,INV-2024-0001361,0,normal
TX-001415,2024-02-16 17:46:00,305.95,Vendor_004,IT,IT,Wire,Emp_037,INV-2024-0001356,0,normal
TX-001416,2024-02-16 21:00:00,7010.31,Vendor_013,Marketing,Consulting,Check,Emp_053,INV-2024-0002452,1,same_day_burst
TX-001417,2024-02-16 22:01:00,2946.89,Vendor_053,Finance,Payroll,ACH,Emp_010,INV-2024-0002399,1,same_day_burst
TX-001418,2024-02-17 08:53:00,4179.76,Vendor_120,Support,Payroll,ACH,Emp_106,INV-2024-0001378,0,normal
TX-001419,2024-02-17 10:19:00,1094.07,Vendor_031,HR,IT,ACH,Emp_020,INV-2024-0001369,0,normal
TX-001420,2024-02-17 10:20:00,1466.09,Vendor_107,IT,Consulting,Check,Emp_041,INV-2024-0001363,0,normal
TX-001421,2024-02-17 10:42:00,3852.6,Vendor_077,Sales,IT,Wire,Emp_095,INV-2024-0001380,0,normal
TX-001422,2024-02-17 10:46:00,570.21,Vendor_111,Finance,IT,Wire,Emp_003,INV-2024-0001367,0,normal
TX-001423,2024-02-17 10:46:00,2465.21,Vendor_055,Operations,Consulting,ACH,Emp_071,INV-2024-0001377,0,normal
TX-001424,2024-02-17 11:09:00,2266.41,Vendor_114,Sales,Travel,Check,Emp_091,INV-2024-0001374,0,normal
TX-001425,2024-02-17 12:50:00,1569.72,Vendor_040,HR,Travel,Card,Emp_028,INV-2024-0001373,0,normal
TX-001426,2024-02-17 13:17:00,1412.39,Vendor_102,HR,Supplies,Check,Emp_017,INV-2024-0001376,0,normal
TX-001427,2024-02-17 13:21:00,650.0,Vendor_012,IT,IT,Card,Emp_039,INV-2024-0001375,0,normal
TX-001428,2024-02-17 13:30:00,2077.3,Vendor_099,Operations,Payroll,Card,Emp_066,INV-2024-0001371,0,normal
TX-001429,2024-02-17 13:36:00,3092.91,Vendor_046,Legal,Travel,ACH,Emp_087,INV-2024-0001364,0,normal
TX-001430,2024-02-17 13:56:00,941.24,Vendor_097,Marketing,Operations,Card,Emp_047,INV-2024-0001381,0,normal
TX-001431,2024-02-17 15:50:00,2352.87,Vendor_067,Marketing,IT,Wire,Emp_055,INV-2024-0001366,0,normal
TX-001432,2024-02-17 16:00:00,624.68,Vendor_076,Operations,Travel,ACH,Emp_072,INV-2024-0001372,0,normal
TX-001433,2024-02-17 16:03:00,4316.28,Vendor_022,Sales,Operations,Card,Emp_105,INV-2024-0001365,0,normal
TX-001434,2024-02-17 16:46:00,1437.07,Vendor_004,Support,IT,Check,Emp_109,INV-2024-0001368,0,normal
TX-001435,2024-02-17 17:00:00,1379.06,Vendor_043,IT,Payroll,Wire,Emp_037,INV-2024-0001370,0,normal
TX-001436,2024-02-17 18:36:00,1595.58,Vendor_043,HR,IT,Check,Emp_024,INV-2024-0001379,0,normal
TX-001437,2024-02-17 21:58:00,4466.89,Vendor_033,Marketing,Travel,ACH,Emp_047,INV-2024-0002426,1,payment_method_switch
TX-001438,2024-02-18 08:29:00,1828.73,Vendor_032,Finance,IT,Wire,Emp_013,INV-2024-0001400,0,normal
TX-001439,2024-02-18 09:00:00,1951.07,Vendor_027,Legal,Payroll,Card,Emp_090,INV-2024-0001386,0,normal
TX-001440,2024-02-18 09:04:00,1274.02,Vendor_088,Marketing,Consulting,Wire,Emp_059,INV-2024-0001391,0,normal
TX-001441,2024-02-18 09:37:00,6424.96,Vendor_091,Finance,Payroll,Wire,Emp_003,INV-2024-0001392,0,normal
TX-001442,2024-02-18 10:07:00,1657.16,Vendor_102,HR,Supplies,Card,Emp_021,INV-2024-0001384,0,normal
TX-001443,2024-02-18 10:24:00,1255.07,Vendor_050,HR,Payroll,Card,Emp_027,INV-2024-0001382,0,normal
TX-001444,2024-02-18 10:58:00,918.77,Vendor_053,IT,Travel,ACH,Emp_036,INV-2024-0001383,0,normal
TX-001445,2024-02-18 11:17:00,1157.5,Vendor_025,Finance,Travel,Check,Emp_013,INV-2024-0001398,0,normal
TX-001446,2024-02-18 11:27:00,1573.18,Vendor_048,HR,Operations,ACH,Emp_024,INV-2024-0001397,0,normal
TX-001447,2024-02-18 11:43:00,1445.12,Vendor_103,Finance,Consulting,ACH,Emp_010,INV-2024-0001395,0,normal
TX-001448,2024-02-18 11:57:00,3749.98,Vendor_110,Marketing,Supplies,Wire,Emp_057,INV-2024-0001399,0,normal
TX-001449,2024-02-18 12:02:00,2399.82,Vendor_110,IT,Consulting,Wire,Emp_045,INV-2024-0001389,0,normal
TX-001450,2024-02-18 13:02:00,1733.41,Vendor_062,Sales,IT,Wire,Emp_091,INV-2024-0001394,0,normal
TX-001451,2024-02-18 13:23:00,13625.95,Vendor_096,Legal,Consulting,Card,Emp_080,INV-2024-0002438,1,high_amount
TX-001452,2024-02-18 13:28:00,3099.19,Vendor_091,Finance,Payroll,Card,Emp_011,INV-2024-0001300,1,duplicate_invoice
TX-001453,2024-02-18 13:37:00,1050.0,Vendor_088,Operations,Consulting,Check,Emp_074,INV-2024-0001390,0,normal
TX-001454,2024-02-18 13:51:00,3400.96,Vendor_014,Support,Operations,Card,Emp_118,INV-2024-0001387,0,normal
TX-001455,2024-02-18 14:59:00,1005.32,Vendor_058,Marketing,Payroll,Card,Emp_048,INV-2024-0001393,0,normal
TX-001456,2024-02-18 15:10:00,2372.56,Vendor_033,Marketing,Operations,Wire,Emp_058,INV-2024-0001385,0,normal
TX-001457,2024-02-18 15:19:00,1487.37,Vendor_017,Legal,IT,Wire,Emp_083,INV-2024-0001388,0,normal
TX-001458,2024-02-18 15:42:00,646.56,Vendor_102,HR,Supplies,Card,Emp_022,INV-2024-0001396,0,normal
TX-001459,2024-02-19 07:10:00,1572.02,Vendor_062,Sales,IT,Card,Emp_103,INV-2024-0001401,0,normal
TX-001460,2024-02-19 07:14:00,2734.76,Vendor_042,Marketing,Operations,Check,Emp_060,INV-2024-0001404,0,normal
TX-001461,2024-02-19 08:30:00,2057.64,Vendor_075,Legal,Operations,Card,Emp_084,INV-2024-0001416,0,normal
TX-001462,2024-02-19 08:36:00,5679.19,Vendor_081,HR,Supplies,Check,Emp_019,INV-2024-0001409,0,normal
TX-001463,2024-02-19 08:52:00,1059.67,Vendor_058,Marketing,Consulting,Card,Emp_056,INV-2024-0001408,0,normal
TX-001464,2024-02-19 09:02:00,3526.35,Vendor_091,Finance,Consulting,ACH,Emp_007,INV-2024-0001410,0,normal
TX-001465,2024-02-19 09:32:00,1266.55,Vendor_099,Operations,Payroll,Card,Emp_062,INV-2024-0001402,0,normal
TX-001466,2024-02-19 10:15:00,720.23,Vendor_111,Finance,IT,ACH,Emp_010,INV-2024-0001417,0,normal
TX-001467,2024-02-19 10:26:00,13195.8,Vendor_098,Legal,Travel,ACH,Emp_085,INV-2024-0002422,1,high_amount
TX-001468,2024-02-19 10:29:00,2702.41,Vendor_018,Marketing,Consulting,Check,Emp_049,INV-2024-0001418,0,normal
TX-001469,2024-02-19 10:31:00,2397.37,Vendor_120,Support,Operations,Check,Emp_112,INV-2024-0001419,0,normal
TX-001470,2024-02-19 10:45:00,2816.47,Vendor_068,Sales,Payroll,Check,Emp_105,INV-2024-0001424,0,normal
TX-001471,2024-02-19 10:52:00,2278.96,Vendor_021,Operations,Consulting,Card,Emp_064,INV-2024-0001403,0,normal
TX-001472,2024-02-19 11:14:00,6150.0,Vendor_105,Support,Travel,Check,Emp_106,INV-2024-0001425,0,normal
TX-001473,2024-02-19 11:16:00,440.21,Vendor_116,Finance,IT,Card,Emp_007,INV-2024-0001422,0,normal
TX-001474,2024-02-19 11:22:00,3509.51,Vendor_010,Support,Payroll,Card,Emp_109,INV-2024-0001427,0,normal
TX-001475,2024-02-19 11:30:00,1535.88,Vendor_054,Support,IT,Card,Emp_109,INV-2024-0001412,0,normal
TX-001476,2024-02-19 12:03:00,9196.83,Vendor_091,Finance,Supplies,Card,Emp_005,INV-2024-0001428,0,normal
TX-001477,2024-02-19 12:46:00,1935.29,Vendor_061,Marketing,IT,Check,Emp_051,INV-2024-0001413,0,normal
TX-001478,2024-02-19 13:17:00,1763.51,Vendor_101,Marketing,Supplies,Check,Emp_051,INV-2024-0001421,0,normal
TX-001479,2024-02-19 13:52:00,3950.53,Vendor_059,HR,Supplies,ACH,Emp_029,INV-2024-0001414,0,normal
TX-001480,2024-02-19 15:34:00,3062.34,Vendor_101,Marketing,Supplies,Check,Emp_050,INV-2024-0001426,0,normal
TX-001481,2024-02-19 15:36:00,5684.7,Vendor_074,Marketing,Travel,Wire,Emp_056,INV-2024-0001407,0,normal
TX-001482,2024-02-19 15:38:00,1772.05,Vendor_106,Operations,Consulting,ACH,Emp_068,INV-2024-0001406,0,normal
TX-001483,2024-02-19 15:42:00,1975.35,Vendor_004,IT,IT,ACH,Emp_039,INV-2024-0001415,0,normal
TX-001484,2024-02-19 16:14:00,3459.13,Vendor_034,Operations,Operations,ACH,Emp_070,INV-2024-0001423,0,normal
TX-001485,2024-02-19 16:14:00,728.02,Vendor_025,HR,Payroll,ACH,Emp_021,INV-2024-0001405,0,normal
TX-001486,2024-02-19 16:20:00,2675.67,Vendor_035,Operations,Supplies,Card,Emp_065,INV-2024-0001429,0,normal
TX-001487,2024-02-19 17:48:00,5096.61,Vendor_013,Marketing,Travel,Check,Emp_053,INV-2024-0001420,0,normal
TX-001488,2024-02-19 17:48:00,1384.94,Vendor_004,IT,IT,ACH,Emp_041,INV-2024-0001411,0,normal
TX-001489,2024-02-20 07:34:00,5185.03,Vendor_013,Marketing,Consulting,Check,Emp_054,INV-2024-0001438,0,normal
TX-001490,2024-02-20 08:08:00,5149.87,Vendor_081,Marketing,Travel,Card,Emp_059,INV-2024-0001447,0,normal
TX-001491,2024-02-20 09:07:00,1860.55,Vendor_051,Marketing,IT,Wire,Emp_053,INV-2024-0001432,0,normal
TX-001492,2024-02-20 09:45:00,1832.16,Vendor_051,Marketing,IT,Check,Emp_058,INV-2024-0001463,0,normal
TX-001493,2024-02-20 10:05:00,2117.46,Vendor_048,Legal,Operations,Check,Emp_085,INV-2024-0001461,0,normal
TX-001494,2024-02-20 10:08:00,1576.93,Vendor_054,Support,IT,Wire,Emp_117,INV-2024-0001440,0,normal
TX-001495,2024-02-20 10:12:00,707.63,Vendor_097,Marketing,Consulting,Check,Emp_058,INV-2024-0001462,0,normal
TX-001496,2024-02-20 10:19:00,2696.27,Vendor_063,Finance,Travel,Card,Emp_002,INV-2024-0001452,0,normal
TX-001497,2024-02-20 10:27:00,4313.03,Vendor_120,Support,Operations,Card,Emp_116,INV-2024-0001449,0,normal
TX-001498,2024-02-20 10:30:00,1854.78,Vendor_086,IT,Travel,Wire,Emp_045,INV-2024-0001455,0,normal
TX-001499,2024-02-20 10:33:00,721.53,Vendor_019,HR,Consulting,Check,Emp_019,INV-2024-0001439,0,normal
TX-001500,2024-02-20 10:37:00,1558.64,Vendor_053,Finance,Travel,Wire,Emp_014,INV-2024-0001431,0,normal
TX-001501,2024-02-20 10:54:00,9471.25,Vendor_016,Support,IT,Wire,Emp_117,INV-2024-0001459,0,normal
TX-001502,2024-02-20 11:06:00,4207.42,Vendor_052,Finance,IT,Card,Emp_012,INV-2024-0001436,0,normal
TX-001503,2024-02-20 11:09:00,2213.7,Vendor_109,Support,Operations,Wire,Emp_107,INV-2024-0001441,0,normal
TX-001504,2024-02-20 11:25:00,774.93,Vendor_039,Operations,Operations,Check,Emp_064,INV-2024-0001430,0,normal
TX-001505,2024-02-20 11:47:00,3747.91,Vendor_032,Finance,IT,Card,Emp_002,INV-2024-0001433,0,normal
TX-001506,2024-02-20 13:02:00,4110.76,Vendor_095,Support,Payroll,Wire,Emp_110,INV-2024-0001464,0,normal
TX-001507,2024-02-20 13:27:00,3970.53,Vendor_085,Marketing,Travel,Card,Emp_051,INV-2024-0001435,0,normal
TX-001508,2024-02-20 13:30:00,1479.79,Vendor_117,Operations,IT,Check,Emp_074,INV-2024-0001442,0,normal
TX-001509,2024-02-20 13:56:00,2493.82,Vendor_064,Sales,IT,ACH,Emp_104,INV-2024-0001451,0,normal
TX-001510,2024-02-20 13:57:00,2643.44,Vendor_120,Support,Operations,ACH,Emp_107,INV-2024-0001437,0,normal
TX-001511,2024-02-20 14:03:00,1747.91,Vendor_011,IT,Payroll,Wire,Emp_039,INV-2024-0001450,0,normal
TX-001512,2024-02-20 14:03:00,4426.65,Vendor_063,Finance,IT,Wire,Emp_015,INV-2024-0001443,0,normal
TX-001513,2024-02-20 14:23:00,2269.82,Vendor_042,Marketing,Operations,Check,Emp_058,INV-2024-0001446,0,normal
TX-001514,2024-02-20 14:34:00,1672.44,Vendor_068,Sales,Consulting,Check,Emp_099,INV-2024-0001445,0,normal
TX-001515,2024-02-20 14:57:00,2920.58,Vendor_057,Support,Supplies,ACH,Emp_120,INV-2024-0001448,0,normal
TX-001516,2024-02-20 15:09:00,2866.07,Vendor_021,Operations,Consulting,ACH,Emp_064,INV-2024-0001434,0,normal
TX-001517,2024-02-20 15:14:00,2801.66,Vendor_048,Legal,IT,ACH,Emp_076,INV-2024-0001458,0,normal
TX-001518,2024-02-20 15:23:00,3829.01,Vendor_078,Marketing,Travel,Check,Emp_058,INV-2024-0001453,0,normal
TX-001519,2024-02-20 16:17:00,2054.77,Vendor_055,Finance,Supplies,Card,Emp_005,INV-2024-0001456,0,normal
TX-001520,2024-02-20 16:19:00,3249.38,Vendor_023,Marketing,Operations,ACH,Emp_049,INV-2024-0001457,0,normal
TX-001521,2024-02-20 16:40:00,1370.79,Vendor_060,Operations,Supplies,Card,Emp_073,INV-2024-0001454,0,normal
TX-001522,2024-02-20 17:26:00,6694.64,Vendor_020,Marketing,Travel,Wire,Emp_057,INV-2024-0001444,0,normal
TX-001523,2024-02-20 18:33:00,2232.82,Vendor_041,IT,Payroll,Card,Emp_038,INV-2024-0001460,0,normal
TX-001524,2024-02-21 08:04:00,3496.94,Vendor_023,Marketing,Travel,ACH,Emp_052,INV-2024-0001471,0,normal
TX-001525,2024-02-21 08:09:00,2551.15,Vendor_108,Support,IT,Wire,Emp_111,INV-2024-0001479,0,normal
TX-001526,2024-02-21 08:18:00,3424.08,Vendor_067,Operations,Operations,Wire,Emp_075,INV-2024-0001481,0,normal
TX-001527,2024-02-21 08:38:00,1966.01,Vendor_117,Operations,Payroll,Wire,Emp_065,INV-2024-0001466,0,normal
TX-001528,2024-02-21 08:50:00,1777.7,Vendor_073,Sales,Supplies,Check,Emp_092,INV-2024-0001477,0,normal
TX-001529,2024-02-21 09:46:00,1931.98,Vendor_061,Marketing,IT,Wire,Emp_058,INV-2324-0001413,1,fuzzy_duplicate
TX-001530,2024-02-21 10:43:00,3447.43,Vendor_064,Sales,IT,Check,Emp_092,INV-2024-0001468,0,normal
TX-001531,2024-02-21 10:46:00,3112.95,Vendor_006,Legal,Payroll,ACH,Emp_090,INV-2024-0001475,0,normal
TX-001532,2024-02-21 10:52:00,1601.72,Vendor_107,IT,Supplies,Wire,Emp_040,INV-2024-0001469,0,normal
TX-001533,2024-02-21 11:06:00,2028.96,Vendor_008,Support,Operations,ACH,Emp_117,INV-2024-0001486,0,normal
TX-001534,2024-02-21 11:06:00,1329.5,Vendor_119,Legal,IT,ACH,Emp_077,INV-2024-0001487,0,normal
TX-001535,2024-02-21 11:43:00,1748.45,Vendor_040,IT,IT,Card,Emp_039,INV-2024-0001489,0,normal
TX-001536,2024-02-21 11:48:00,4276.88,Vendor_020,IT,Travel,Wire,Emp_035,INV-2024-0001470,0,normal
TX-001537,2024-02-21 12:09:00,3604.89,Vendor_092,Sales,Consulting,Wire,Emp_096,INV-2024-0001480,0,normal
TX-001538,2024-02-21 12:18:00,3752.89,Vendor_110,IT,Payroll,Check,Emp_039,INV-2024-0001484,0,normal
TX-001539,2024-02-21 12:22:00,2654.41,Vendor_077,Sales,Consulting,Wire,Emp_100,INV-2024-0001488,0,normal
TX-001540,2024-02-21 12:27:00,1542.35,Vendor_025,Finance,Operations,Card,Emp_008,INV-2024-0001473,0,normal
TX-001541,2024-02-21 12:41:00,1463.33,Vendor_103,Finance,Supplies,Card,Emp_004,INV-2024-0001478,0,normal
TX-001542,2024-02-21 13:01:00,3488.89,Vendor_032,Finance,Operations,Wire,Emp_006,INV-2024-0001474,0,normal
TX-001543,2024-02-21 13:16:00,1581.04,Vendor_103,Sales,Consulting,ACH,Emp_099,INV-2024-0001476,0,normal
TX-001544,2024-02-21 13:40:00,2418.36,Vendor_051,Marketing,IT,Card,Emp_047,INV-2024-0001472,0,normal
TX-001545,2024-02-21 13:43:00,2578.97,Vendor_021,HR,Consulting,Card,Emp_029,INV-2024-0001465,0,normal
TX-001546,2024-02-21 14:52:00,1974.09,Vendor_109,IT,Operations,ACH,Emp_044,INV-2024-0001485,0,normal
TX-001547,2024-02-21 14:59:00,4716.0,Vendor_073,Sales,IT,Wire,Emp_105,INV-2024-0001467,0,normal
TX-001548,2024-02-21 15:21:00,2369.45,Vendor_028,Finance,Consulting,Check,Emp_011,INV-2024-0001483,0,normal
TX-001549,2024-02-21 15:28:00,1003.7,Vendor_083,Support,Payroll,Check,Emp_120,INV-2024-0001490,0,normal
TX-001550,2024-02-21 18:15:00,3946.47,Vendor_049,Finance,Operations,Wire,Emp_008,INV-2024-0001482,0,normal
TX-001551,2024-02-22 08:25:00,2299.89,Vendor_018,Finance,Consulting,Card,Emp_002,INV-2024-0001495,0,normal
TX-001552,2024-02-22 08:53:00,961.03,Vendor_102,HR,Consulting,Card,Emp_017,INV-2024-0001501,0,normal
TX-001553,2024-02-22 09:02:00,3444.44,Vendor_064,Sales,IT,ACH,Emp_105,INV-2024-0001527,0,normal
TX-001554,2024-02-22 09:05:00,622.43,Vendor_116,Finance,IT,ACH,Emp_011,INV-2024-0001523,0,normal
TX-001555,2024-02-22 09:07:00,2693.22,Vendor_073,Sales,IT,Check,Emp_101,INV-2024-0001515,0,normal
TX-001556,2024-02-22 09:09:00,2454.1,Vendor_075,IT,Operations,ACH,Emp_039,INV-2024-0001493,0,normal
TX-001557,2024-02-22 09:20:00,2253.72,Vendor_005,IT,IT,Wire,Emp_041,INV-2024-0001491,0,normal
TX-001558,2024-02-22 09:25:00,2048.72,Vendor_107,IT,Operations,Wire,Emp_032,INV-2024-0001511,0,normal
TX-001559,2024-02-22 09:55:00,2762.74,Vendor_028,Finance,Travel,Check,Emp_003,INV-2024-0001529,0,normal
TX-001560,2024-02-22 10:03:00,1684.71,Vendor_010,Support,Payroll,Check,Emp_108,INV-2024-0001504,0,normal
TX-001561,2024-02-22 10:14:00,2391.95,Vendor_004,IT,IT,Wire,Emp_039,INV-2024-0001499,0,normal
TX-001562,2024-02-22 10:37:00,1720.43,Vendor_062,Sales,Consulting,ACH,Emp_096,INV-2024-0001506,0,normal
TX-001563,2024-02-22 10:53:00,3926.55,Vendor_073,Sales,Supplies,Wire,Emp_100,INV-2024-0001507,0,normal
TX-001564,2024-02-22 10:54:00,1118.25,Vendor_097,Marketing,Supplies,Check,Emp_046,INV-2024-0001520,0,normal
TX-001565,2024-02-22 11:17:00,1333.89,Vendor_109,IT,Travel,Wire,Emp_033,INV-2024-0001505,0,normal
TX-001566,2024-02-22 11:26:00,1337.27,Vendor_043,IT,Operations,Wire,Emp_039,INV-2024-0001517,0,normal
TX-001567,2024-02-22 12:11:00,1728.95,Vendor_057,Support,Supplies,Wire,Emp_109,INV-2024-0001525,0,normal
TX-001568,2024-02-22 12:21:00,1437.41,Vendor_040,HR,Travel,Check,Emp_024,INV-2024-0001530,0,normal
TX-001569,2024-02-22 12:21:00,4124.01,Vendor_030,Sales,Travel,ACH,Emp_098,INV-2024-0001528,0,normal
TX-001570,2024-02-22 12:29:00,3935.68,Vendor_104,Finance,Supplies,Card,Emp_004,INV-2024-0001512,0,normal
TX-001571,2024-02-22 12:29:00,2325.87,Vendor_048,Legal,IT,Check,Emp_085,INV-2024-0001519,0,normal
TX-001572,2024-02-22 12:40:00,14431.9,Vendor_026,IT,Travel,ACH,Emp_031,INV-2024-0001509,0,normal
TX-001573,2024-02-22 12:44:00,4707.91,Vendor_022,Sales,Supplies,Wire,Emp_095,INV-2024-0001503,0,normal
TX-001574,2024-02-22 13:03:00,2792.37,Vendor_010,Support,Supplies,Card,Emp_107,INV-2024-0001497,0,normal
TX-001575,2024-02-22 13:20:00,2164.74,Vendor_048,Legal,Supplies,Check,Emp_087,INV-2024-0001502,0,normal
TX-001576,2024-02-22 13:28:00,3818.33,Vendor_110,IT,Consulting,Wire,Emp_031,INV-2024-0001496,0,normal
TX-001577,2024-02-22 13:32:00,1534.11,Vendor_103,Finance,Operations,Card,Emp_002,INV-2024-0001510,0,normal
TX-001578,2024-02-22 13:39:00,6264.98,Vendor_002,Finance,Payroll,Card,Emp_003,INV-2024-0001494,0,normal
TX-001579,2024-02-22 13:46:00,1070.99,Vendor_113,Marketing,IT,Card,Emp_049,INV-2024-0001521,0,normal
TX-001580,2024-02-22 13:59:00,1691.2,Vendor_053,Finance,Travel,ACH,Emp_005,INV-2024-0001500,0,normal
TX-001581,2024-02-22 14:03:00,3145.92,Vendor_018,Marketing,Consulting,Wire,Emp_051,INV-2024-0001516,0,normal
TX-001582,2024-02-22 14:04:00,404.53,Vendor_047,Support,Consulting,Card,Emp_108,INV-2024-0001526,0,normal
TX-001583,2024-02-22 14:09:00,1879.74,Vendor_109,IT,Operations,ACH,Emp_035,INV-2024-0001513,0,normal
TX-001584,2024-02-22 14:21:00,3116.05,Vendor_087,HR,Payroll,Wire,Emp_026,INV-2024-0001498,0,normal
TX-001585,2024-02-22 14:23:00,4850.0,Vendor_104,Finance,Supplies,ACH,Emp_004,INV-2024-0002442,1,split_payment
TX-001586,2024-02-22 14:26:00,3284.57,Vendor_068,Sales,Payroll,ACH,Emp_095,INV-2024-0001514,0,normal
TX-001587,2024-02-22 14:30:00,1340.25,Vendor_079,Sales,Travel,Wire,Emp_101,INV-2024-0001524,0,normal
TX-001588,2024-02-22 14:59:00,635.02,Vendor_060,HR,Operations,Wire,Emp_021,INV-2024-0001508,0,normal
TX-001589,2024-02-22 15:03:00,9701.91,Vendor_099,Operations,Payroll,Wire,Emp_072,INV-2024-0002436,1,high_amount
TX-001590,2024-02-22 16:47:00,3311.45,Vendor_018,Marketing,Consulting,Wire,Emp_056,INV-2024-0001522,0,normal
TX-001591,2024-02-22 17:45:00,1618.3,Vendor_025,Finance,Operations,Check,Emp_007,INV-2024-0001518,0,normal
TX-001592,2024-02-22 17:55:00,924.02,Vendor_050,HR,Operations,Card,Emp_022,INV-2024-0001492,0,normal
TX-001593,2024-02-22 21:09:00,2771.16,Vendor_018,Marketing,Consulting,Wire,Emp_056,INV-2024-0002417,1,same_day_burst
TX-001594,2024-02-23 03:30:00,1845.22,Vendor_086,IT,Travel,Card,Emp_031,INV-2024-0001455,1,duplicate_invoice
TX-001595,2024-02-23 08:10:00,2629.07,Vendor_018,Marketing,Consulting,Check,Emp_052,INV-2024-0001550,0,normal
TX-001596,2024-02-23 08:15:00,2211.62,Vendor_051,Marketing,Operations,Card,Emp_046,INV-2024-0001553,0,normal
TX-001597,2024-02-23 08:26:00,9479.47,Vendor_026,IT,Payroll,ACH,Emp_032,INV-2024-0001551,0,normal
TX-001598,2024-02-23 08:40:00,2463.58,Vendor_028,Finance,Consulting,Check,Emp_012,INV-2024-0001554,0,normal
TX-001599,2024-02-23 08:44:00,1417.36,Vendor_102,HR,Supplies,Check,Emp_018,INV-2024-0001559,0,normal
TX-001600,2024-02-23 09:00:00,2085.06,Vendor_073,Sales,Travel,Check,Emp_105,INV-2024-0001536,0,normal
TX-001601,2024-02-23 09:46:00,3538.56,Vendor_010,Support,Payroll,Check,Emp_109,INV-2024-0001560,0,normal
TX-001602,2024-02-23 10:18:00,1941.62,Vendor_120,Support,Supplies,Check,Emp_108,INV-2024-0001542,0,normal
TX-001603,2024-02-23 10:29:00,2893.93,Vendor_068,Sales,Payroll,Check,Emp_099,INV-2024-0001539,0,normal
TX-001604,2024-02-23 10:43:00,931.63,Vendor_012,IT,Travel,Wire,Emp_035,INV-2024-0001534,0,normal
TX-001605,2024-02-23 11:02:00,1317.5,Vendor_012,IT,IT,Wire,Emp_040,INV-2024-0001552,0,normal
TX-001606,2024-02-23 11:11:00,2617.69,Vendor_096,Finance,Consulting,Wire,Emp_003,INV-2024-0001561,0,normal
TX-001607,2024-02-23 11:14:00,1930.22,Vendor_036,IT,Payroll,Card,Emp_039,INV-2024-0001558,0,normal
TX-001608,2024-02-23 11:41:00,1452.31,Vendor_103,Finance,Supplies,ACH,Emp_015,INV-2024-0001478,1,duplicate_invoice
TX-001609,2024-02-23 11:46:00,1205.42,Vendor_050,HR,Operations,ACH,Emp_025,INV-2024-0001557,0,normal
TX-001610,2024-02-23 12:23:00,2761.32,Vendor_006,Legal,Supplies,Check,Emp_077,INV-2024-0001555,0,normal
TX-001611,2024-02-23 12:42:00,4034.98,Vendor_052,Finance,Supplies,Card,Emp_010,INV-2024-0001541,0,normal
TX-001612,2024-02-23 13:02:00,2630.08,Vendor_086,IT,Payroll,Wire,Emp_033,INV-2024-0001535,0,normal
TX-001613,2024-02-23 13:11:00,1508.59,Vendor_040,HR,IT,Check,Emp_025,INV-2024-0001543,0,normal
TX-001614,2024-02-23 13:28:00,1907.22,Vendor_046,Legal,Operations,Wire,Emp_085,INV-2024-0001538,0,normal
TX-001615,2024-02-23 13:34:00,1469.52,Vendor_115,Sales,Supplies,Wire,Emp_092,INV-2024-0001549,0,normal
TX-001616,2024-02-23 13:44:00,3187.83,Vendor_096,Finance,IT,Wire,Emp_012,INV-2024-0001544,0,normal
TX-001617,2024-02-23 13:49:00,1367.13,Vendor_050,HR,Travel,Card,Emp_023,INV-2024-0001532,0,normal
TX-001618,2024-02-23 13:58:00,1940.33,Vendor_079,Sales,Travel,Wire,Emp_096,INV-2024-0001562,0,normal
TX-001619,2024-02-23 13:59:00,2417.04,Vendor_041,IT,Payroll,Check,Emp_039,INV-2024-0001545,0,normal
TX-001620,2024-02-23 14:20:00,1812.37,Vendor_028,Finance,Consulting,Check,Emp_007,INV-2024-0001531,0,normal
TX-001621,2024-02-23 14:22:00,2662.43,Vendor_077,Sales,Consulting,Card,Emp_104,INV-2024-0001488,1,duplicate_invoice
TX-001622,2024-02-23 14:22:00,913.51,Vendor_003,Operations,Consulting,Wire,Emp_062,INV-2024-0001537,0,normal
TX-001623,2024-02-23 14:40:00,1588.21,Vendor_012,Legal,Travel,ACH,Emp_089,INV-2024-0001556,0,normal
TX-001624,2024-02-23 14:44:00,2194.02,Vendor_014,HR,Payroll,Card,Emp_020,INV-2024-0001533,0,normal
TX-001625,2024-02-23 14:50:00,1098.62,Vendor_050,HR,Payroll,Card,Emp_024,INV-2024-0001548,0,normal
TX-001626,2024-02-23 15:26:00,2517.45,Vendor_087,HR,Travel,Wire,Emp_019,INV-2024-0001547,0,normal
TX-001627,2024-02-23 15:53:00,1019.16,Vendor_087,HR,Payroll,Card,Emp_023,INV-2024-0001540,0,normal
TX-001628,2024-02-23 17:29:00,2524.19,Vendor_032,Finance,IT,Check,Emp_011,INV-2024-0001546,0,normal
TX-001629,2024-02-24 08:00:00,9590.59,Vendor_090,Finance,Consulting,Wire,Emp_012,INV-2024-0001588,0,normal
TX-001630,2024-02-24 09:31:00,3035.07,Vendor_023,Marketing,Travel,Card,Emp_058,INV-2024-0001584,0,normal
TX-001631,2024-02-24 09:42:00,737.98,Vendor_031,HR,IT,ACH,Emp_029,INV-2024-0001570,0,normal
TX-001632,2024-02-24 10:49:00,3555.47,Vendor_094,Sales,Operations,Wire,Emp_103,INV-2024-0001579,0,normal
TX-001633,2024-02-24 11:03:00,1515.09,Vendor_051,Marketing,IT,ACH,Emp_059,INV-2024-0001578,0,normal
TX-001634,2024-02-24 11:08:00,1186.77,Vendor_001,Marketing,IT,Check,Emp_055,INV-2024-0001564,0,normal
TX-001635,2024-02-24 11:14:00,466.78,Vendor_076,Sales,Consulting,Card,Emp_098,INV-2024-0001571,0,normal
TX-001636,2024-02-24 11:15:00,3701.41,Vendor_023,Marketing,Operations,Card,Emp_058,INV-2024-0001577,0,normal
TX-001637,2024-02-24 11:25:00,2391.18,Vendor_021,Operations,Consulting,Card,Emp_072,INV-2024-0001566,0,normal
TX-001638,2024-02-24 11:34:00,845.47,Vendor_031,HR,IT,Check,Emp_025,INV-2024-0001567,0,normal
TX-001639,2024-02-24 11:46:00,959.11,Vendor_088,Operations,Consulting,Check,Emp_073,INV-2024-0001569,0,normal
TX-001640,2024-02-24 11:56:00,3902.46,Vendor_108,Support,IT,Wire,Emp_120,INV-2024-0001587,0,normal
TX-001641,2024-02-24 12:02:00,3830.1,Vendor_070,IT,Payroll,Card,Emp_031,INV-2024-0001580,0,normal
TX-001642,2024-02-24 12:50:00,4023.22,Vendor_020,Marketing,Consulting,Check,Emp_060,INV-2024-0001563,0,normal
TX-001643,2024-02-24 12:58:00,4045.95,Vendor_009,HR,Supplies,ACH,Emp_030,INV-2024-0001565,0,normal
TX-001644,2024-02-24 13:31:00,6874.93,Vendor_002,Finance,Payroll,Wire,Emp_009,INV-2024-0001575,0,normal
TX-001645,2024-02-24 13:37:00,3668.31,Vendor_078,Operations,Travel,ACH,Emp_070,INV-2024-0001568,0,normal
TX-001646,2024-02-24 13:55:00,3734.61,Vendor_052,Finance,Supplies,ACH,Emp_011,INV-2024-0001590,0,normal
TX-001647,2024-02-24 14:01:00,6934.13,Vendor_049,Finance,Operations,Card,Emp_010,INV-2024-0001574,0,normal
TX-001648,2024-02-24 14:04:00,1476.56,Vendor_004,IT,IT,Wire,Emp_032,INV-2024-0001589,0,normal
TX-001649,2024-02-24 14:11:00,4950.0,Vendor_078,Operations,Travel,Card,Emp_070,INV-2024-0002444,1,split_payment
TX-001650,2024-02-24 14:18:00,1280.57,Vendor_083,Support,Payroll,Check,Emp_118,INV-2024-0001586,0,normal
TX-001651,2024-02-24 14:24:00,3236.1,Vendor_064,Sales,IT,ACH,Emp_097,INV-2024-0001583,0,normal
TX-001652,2024-02-24 14:42:00,3146.22,Vendor_048,Legal,Operations,Check,Emp_087,INV-2024-0001573,0,normal
TX-001653,2024-02-24 15:15:00,1207.29,Vendor_060,Marketing,Travel,ACH,Emp_053,INV-2024-0001585,0,normal
TX-001654,2024-02-24 15:39:00,2112.27,Vendor_103,Finance,Supplies,ACH,Emp_013,INV-2024-0001572,0,normal
TX-001655,2024-02-24 15:42:00,1102.82,Vendor_050,HR,Payroll,Card,Emp_029,INV-2024-0001576,0,normal
TX-001656,2024-02-24 15:58:00,1619.46,Vendor_062,Sales,IT,Wire,Emp_095,INV-2024-0001582,0,normal
TX-001657,2024-02-24 16:31:00,1326.53,Vendor_018,Marketing,Consulting,ACH,Emp_046,INV-2024-0001581,0,normal
TX-001658,2024-02-25 04:30:00,1366.85,Vendor_079,Sales,Travel,Wire,Emp_093,INV-2024-0001524,1,duplicate_invoice
TX-001659,2024-02-25 09:08:00,1689.32,Vendor_115,Sales,Supplies,Wire,Emp_099,INV-2024-0001599,0,normal
TX-001660,2024-02-25 09:29:00,3425.99,Vendor_059,Marketing,Supplies,ACH,Emp_047,INV-2024-0001595,0,normal
TX-001661,2024-02-25 09:54:00,1494.02,Vendor_018,Marketing,Consulting,ACH,Emp_046,INV-2024-0001598,0,normal
TX-001662,2024-02-25 11:55:00,4908.52,Vendor_063,Finance,Payroll,Check,Emp_002,INV-2024-0001604,0,normal
TX-001663,2024-02-25 12:08:00,834.08,Vendor_100,Operations,Operations,Check,Emp_073,INV-2024-0001593,0,normal
TX-001664,2024-02-25 12:53:00,682.41,Vendor_037,Support,Consulting,Card,Emp_119,INV-2024-0001601,0,normal
TX-001665,2024-02-25 13:04:00,2356.26,Vendor_042,Marketing,Operations,Card,Emp_058,INV-2024-0001597,0,normal
TX-001666,2024-02-25 13:04:00,3692.68,Vendor_080,IT,Supplies,Card,Emp_033,INV-2024-0001594,0,normal
TX-001667,2024-02-25 13:36:00,1818.89,Vendor_062,Sales,IT,Card,Emp_105,INV-2024-0001596,0,normal
TX-001668,2024-02-25 14:08:00,3273.21,Vendor_120,Support,Payroll,Check,Emp_110,INV-2024-0001592,0,normal
TX-001669,2024-02-25 14:18:00,3127.96,Vendor_094,Operations,Operations,Check,Emp_064,INV-2024-0001603,0,normal
TX-001670,2024-02-25 15:18:00,2065.32,Vendor_062,Sales,IT,Check,Emp_097,INV-2024-0001591,0,normal
TX-001671,2024-02-25 16:10:00,2813.95,Vendor_067,Operations,IT,Check,Emp_075,INV-2024-0001602,0,normal
TX-001672,2024-02-25 16:41:00,1295.69,Vendor_102,HR,Consulting,Check,Emp_023,INV-2024-0001600,0,normal
TX-001673,2024-02-26 08:00:00,2711.36,Vendor_038,Operations,IT,Check,Emp_073,INV-2024-0001631,0,normal
TX-001674,2024-02-26 08:36:00,2360.64,Vendor_106,Support,Consulting,Check,Emp_115,INV-2024-0001606,0,normal
TX-001675,2024-02-26 09:00:00,1566.26,Vendor_039,Operations,IT,Check,Emp_074,INV-2024-0001637,0,normal
TX-001676,2024-02-26 09:02:00,6106.01,Vendor_091,IT,Supplies,ACH,Emp_031,INV-2024-0001620,0,normal
TX-001677,2024-02-26 09:33:00,799.07,Vendor_039,Operations,Operations,Check,Emp_073,INV-2024-0001610,0,normal
TX-001678,2024-02-26 09:51:00,2127.0,Vendor_084,HR,Consulting,Check,Emp_023,INV-2024-0001629,0,normal
TX-001679,2024-02-26 10:01:00,1050.03,Vendor_058,Marketing,Consulting,Card,Emp_058,INV-2024-0001625,0,normal
TX-001680,2024-02-26 10:08:00,4320.37,Vendor_022,Sales,IT,Card,Emp_100,INV-2024-0001634,0,normal
TX-001681,2024-02-26 10:15:00,1996.23,Vendor_109,IT,Travel,Card,Emp_034,INV-2024-0001621,0,normal
TX-001682,2024-02-26 10:21:00,1247.74,Vendor_101,Marketing,IT,Check,Emp_046,INV-2024-0001612,0,normal
TX-001683,2024-02-26 11:00:00,1724.14,Vendor_093,Finance,Payroll,ACH,Emp_002,INV-2024-0001623,0,normal
TX-001684,2024-02-26 11:00:00,854.66,Vendor_039,Operations,IT,Check,Emp_064,INV-2024-0001616,0,normal
TX-001685,2024-02-26 11:24:00,1268.28,Vendor_054,Support,IT,ACH,Emp_107,INV-2024-0001611,0,normal
TX-001686,2024-02-26 12:02:00,1570.62,Vendor_018,Operations,Consulting,Wire,Emp_062,INV-2024-0001632,0,normal
TX-001687,2024-02-26 12:04:00,2190.57,Vendor_077,Sales,IT,Check,Emp_097,INV-2024-0001609,0,normal
TX-001688,2024-02-26 12:40:00,1194.3,Vendor_119,Legal,IT,ACH,Emp_086,INV-2024-0001630,0,normal
TX-001689,2024-02-26 12:40:00,3527.86,Vendor_073,Sales,Travel,Wire,Emp_103,INV-2024-0001615,0,normal
TX-001690,2024-02-26 13:10:00,4070.29,Vendor_022,Sales,Consulting,ACH,Emp_097,INV-2024-0001608,0,normal
TX-001691,2024-02-26 13:13:00,2226.3,Vendor_109,Support,Consulting,Check,Emp_115,INV-2024-0001618,0,normal
TX-001692,2024-02-26 13:42:00,3200.0,Vendor_070,IT,Consulting,Card,Emp_043,INV-2024-0001638,0,normal
TX-001693,2024-02-26 13:44:00,2399.73,Vendor_038,Sales,IT,Wire,Emp_104,INV-2024-0001633,0,normal
TX-001694,2024-02-26 13:59:00,1063.86,Vendor_072,Support,IT,Check,Emp_107,INV-2024-0001624,0,normal
TX-001695,2024-02-26 14:07:00,2394.39,Vendor_094,Operations,Payroll,Check,Emp_063,INV-2024-0001605,0,normal
TX-001696,2024-02-26 14:19:00,686.22,Vendor_111,Finance,IT,Card,Emp_009,INV-2024-0001627,0,normal
TX-001697,2024-02-26 14:44:00,3118.24,Vendor_032,Finance,Payroll,Wire,Emp_012,INV-2024-0001628,0,normal
TX-001698,2024-02-26 14:47:00,1894.82,Vendor_075,Legal,Operations,Wire,Emp_082,INV-2024-0001635,0,normal
TX-001699,2024-02-26 14:56:00,4119.56,Vendor_063,Finance,Supplies,Check,Emp_006,INV-2024-0001636,0,normal
TX-001700,2024-02-26 15:11:00,2287.05,Vendor_110,IT,Supplies,Wire,Emp_037,INV-2024-0001607,0,normal
TX-001701,2024-02-26 15:38:00,959.48,Vendor_088,Operations,Consulting,Check,Emp_069,INV-2024-0001622,0,normal
TX-001702,2024-02-26 15:40:00,2577.45,Vendor_109,Support,Consulting,Check,Emp_115,INV-2024-0002418,1,same_day_burst
TX-001703,2024-02-26 16:21:00,1441.16,Vendor_043,HR,Supplies,Wire,Emp_028,INV-2024-0001626,0,normal
TX-001704,2024-02-26 17:08:00,2403.25,Vendor_028,Finance,Consulting,Check,Emp_005,INV-2024-0001617,0,normal
TX-001705,2024-02-26 17:13:00,2654.08,Vendor_038,Finance,Operations,Wire,Emp_004,INV-2024-0001619,0,normal
TX-001706,2024-02-26 17:32:00,1133.28,Vendor_060,Operations,Travel,Wire,Emp_066,INV-2024-0001613,0,normal
TX-001707,2024-02-26 18:02:00,1570.64,Vendor_069,HR,Payroll,Wire,Emp_019,INV-2024-0001614,0,normal
TX-001708,2024-02-27 07:51:00,4749.8,Vendor_070,IT,Consulting,Card,Emp_038,INV-2024-0001658,0,normal
TX-001709,2024-02-27 08:11:00,2615.14,Vendor_034,Operations,IT,Card,Emp_075,INV-2024-0001657,0,normal
TX-001710,2024-02-27 08:26:00,2046.56,Vendor_042,Marketing,Operations,Card,Emp_050,INV-2024-0001661,0,normal
TX-001711,2024-02-27 09:33:00,5434.03,Vendor_013,Sales,IT,Check,Emp_104,INV-2024-0001642,0,normal
TX-001712,2024-02-27 10:08:00,2708.04,Vendor_006,Legal,Supplies,Check,Emp_089,INV-2024-0001653,0,normal
TX-001713,2024-02-27 10:17:00,600.0,Vendor_116,Finance,IT,Wire,Emp_007,INV-2024-0001646,0,normal
TX-001714,2024-02-27 10:19:00,1929.43,Vendor_015,Legal,IT,Check,Emp_090,INV-2024-0001647,0,normal
TX-001715,2024-02-27 11:05:00,1951.37,Vendor_086,IT,Operations,Wire,Emp_044,INV-2024-0001655,0,normal
TX-001716,2024-02-27 11:10:00,616.34,Vendor_031,HR,Operations,Check,Emp_024,INV-2024-0001666,0,normal
TX-001717,2024-02-27 11:32:00,1534.67,Vendor_036,IT,Travel,Card,Emp_042,INV-2024-0001639,0,normal
TX-001718,2024-02-27 11:39:00,1379.18,Vendor_004,IT,IT,Check,Emp_043,INV-2024-0001650,0,normal
TX-001719,2024-02-27 11:56:00,1445.15,Vendor_101,Marketing,Travel,ACH,Emp_052,INV-2024-0001645,0,normal
TX-001720,2024-02-27 12:00:00,6375.76,Vendor_013,Sales,Consulting,Check,Emp_093,INV-2024-0001656,0,normal
TX-001721,2024-02-27 12:02:00,637.44,Vendor_071,HR,Supplies,ACH,Emp_024,INV-2024-0001654,0,normal
TX-001722,2024-02-27 12:11:00,1447.21,Vendor_118,Finance,Operations,Card,Emp_001,INV-2024-0001665,0,normal
TX-001723,2024-02-27 12:28:00,2048.58,Vendor_055,Marketing,Consulting,Card,Emp_057,INV-2024-0001660,0,normal
TX-001724,2024-02-27 12:29:00,809.97,Vendor_115,Sales,Payroll,Wire,Emp_093,INV-2024-0001652,0,normal
TX-001725,2024-02-27 12:42:00,1590.35,Vendor_028,Finance,IT,ACH,Emp_003,INV-2024-0001643,0,normal
TX-001726,2024-02-27 13:21:00,985.09,Vendor_019,Operations,Operations,Card,Emp_063,INV-2024-0001640,0,normal
TX-001727,2024-02-27 13:43:00,1500.23,Vendor_005,IT,IT,Card,Emp_040,INV-2024-0001648,0,normal
TX-001728,2024-02-27 13:57:00,1299.05,Vendor_119,Legal,Travel,ACH,Emp_088,INV-2024-0001659,0,normal
TX-001729,2024-02-27 14:19:00,441.11,Vendor_116,Finance,IT,ACH,Emp_009,INV-2024-0001644,0,normal
TX-001730,2024-02-27 14:34:00,2160.47,Vendor_053,Finance,Travel,ACH,Emp_003,INV-2024-0001651,0,normal
TX-001731,2024-02-27 15:19:00,2096.92,Vendor_103,Finance,Supplies,Check,Emp_014,INV-2024-0001663,0,normal
TX-001732,2024-02-27 15:37:00,2153.15,Vendor_045,Support,Consulting,ACH,Emp_120,INV-2024-0001664,0,normal
TX-001733,2024-02-27 15:46:00,3660.38,Vendor_066,Operations,Consulting,Check,Emp_073,INV-2024-0001662,0,normal
TX-001734,2024-02-27 17:54:00,8024.02,Vendor_016,Support,IT,ACH,Emp_108,INV-2024-0001649,0,normal
TX-001735,2024-02-27 18:04:00,2603.19,Vendor_038,Operations,Consulting,Check,Emp_070,INV-2024-0001641,0,normal
TX-001736,2024-02-28 08:58:00,3526.62,Vendor_077,Support,Consulting,Wire,Emp_120,INV-2024-0001677,0,normal
TX-001737,2024-02-28 09:06:00,1061.37,Vendor_053,Finance,Supplies,ACH,Emp_009,INV-2024-0001690,0,normal
TX-001738,2024-02-28 09:41:00,751.72,Vendor_076,Operations,Consulting,Check,Emp_069,INV-2024-0001680,0,normal
TX-001739,2024-02-28 09:56:00,2390.63,Vendor_015,Legal,IT,Card,Emp_076,INV-2024-0001670,0,normal
TX-001740,2024-02-28 10:08:00,1200.0,Vendor_050,IT,Payroll,Card,Emp_037,INV-2024-0001674,0,normal
TX-001741,2024-02-28 10:08:00,8551.44,Vendor_090,Finance,Consulting,Card,Emp_007,INV-2024-0001675,0,normal
TX-001742,2024-02-28 10:17:00,5033.97,Vendor_065,Support,IT,ACH,Emp_109,INV-2024-0001673,0,normal
TX-001743,2024-02-28 10:17:00,4103.67,Vendor_063,Finance,Payroll,Check,Emp_012,INV-2024-0001681,0,normal
TX-001744,2024-02-28 11:27:00,1086.12,Vendor_093,Finance,Travel,Check,Emp_011,INV-2024-0001686,0,normal
TX-001745,2024-02-28 11:37:00,2551.94,Vendor_032,Finance,IT,Wire,Emp_005,INV-2024-0001688,0,normal
TX-001746,2024-02-28 11:48:00,1898.1,Vendor_029,Marketing,Consulting,ACH,Emp_047,INV-2024-0001684,0,normal
TX-001747,2024-02-28 12:03:00,995.02,Vendor_100,Operations,Operations,ACH,Emp_074,INV-2024-0001685,0,normal
TX-001748,2024-02-28 12:12:00,4265.22,Vendor_120,Support,Operations,Check,Emp_113,INV-2024-0001671,0,normal
TX-001749,2024-02-28 12:26:00,2697.38,Vendor_041,Support,Payroll,Check,Emp_109,INV-2024-0001689,0,normal
TX-001750,2024-02-28 12:28:00,226.26,Vendor_056,HR,Payroll,Check,Emp_024,INV-2024-0001679,0,normal
TX-001751,2024-02-28 12:36:00,866.57,Vendor_019,Operations,Operations,ACH,Emp_069,INV-2024-0001678,0,normal
TX-001752,2024-02-28 12:58:00,968.41,Vendor_088,Operations,Consulting,Card,Emp_065,INV-2024-0001694,0,normal
TX-001753,2024-02-28 13:28:00,650.0,Vendor_071,Support,Operations,ACH,Emp_119,INV-2024-0001672,0,normal
TX-001754,2024-02-28 13:53:00,4366.12,Vendor_030,Sales,Payroll,Check,Emp_100,INV-2024-0001687,0,normal
TX-001755,2024-02-28 14:09:00,2506.28,Vendor_015,Legal,Consulting,Card,Emp_077,INV-2024-0001668,0,normal
TX-001756,2024-02-28 14:25:00,3592.46,Vendor_112,IT,IT,Wire,Emp_034,INV-2024-0001676,0,normal
TX-001757,2024-02-28 14:44:00,2421.8,Vendor_048,Legal,Operations,Check,Emp_084,INV-2024-0001692,0,normal
TX-001758,2024-02-28 15:28:00,2428.47,Vendor_042,Operations,Operations,Check,Emp_070,INV-2024-0001682,0,normal
TX-001759,2024-02-28 15:32:00,2214.59,Vendor_038,Operations,Operations,Wire,Emp_071,INV-2024-0001669,0,normal
TX-001760,2024-02-28 15:39:00,2814.88,Vendor_010,HR,Supplies,ACH,Emp_019,INV-2024-0001691,0,normal
TX-001761,2024-02-28 15:39:00,7400.6,Vendor_095,Support,Payroll,Card,Emp_110,INV-2024-0001683,0,normal
TX-001762,2024-02-28 16:01:00,1355.92,Vendor_044,Legal,Operations,Card,Emp_077,INV-2024-0001693,0,normal
TX-001763,2024-02-28 17:14:00,4592.18,Vendor_059,Marketing,Supplies,Wire,Emp_052,INV-2024-0001667,0,normal
TX-001764,2024-02-28 19:35:00,2337.06,Vendor_015,Legal,Consulting,Card,Emp_077,INV-2024-0002397,1,same_day_burst
TX-001765,2024-02-29 02:32:00,2210.68,Vendor_038,Operations,Operations,Card,Emp_073,INV-2024-9001669,1,fuzzy_duplicate
TX-001766,2024-02-29 06:12:00,6581.87,Vendor_051,Marketing,IT,Check,Emp_053,INV-2024-0002408,1,high_amount
TX-001767,2024-02-29 08:02:00,2387.91,Vendor_101,Marketing,Travel,Check,Emp_057,INV-2024-0001709,0,normal
TX-001768,2024-02-29 08:39:00,3589.66,Vendor_032,Finance,IT,Wire,Emp_006,INV-2024-0001711,0,normal
TX-001769,2024-02-29 09:10:00,1734.96,Vendor_114,Sales,Travel,Check,Emp_093,INV-2024-0001700,0,normal
TX-001770,2024-02-29 09:11:00,3391.11,Vendor_052,Finance,IT,Wire,Emp_009,INV-2024-0001699,0,normal
TX-001771,2024-02-29 09:15:00,4107.71,Vendor_052,Finance,IT,Card,Emp_014,INV-2024-0001722,0,normal
TX-001772,2024-02-29 10:35:00,441.75,Vendor_111,Finance,IT,ACH,Emp_002,INV-2024-0001697,0,normal
TX-001773,2024-02-29 11:03:00,3586.91,Vendor_110,IT,Payroll,Wire,Emp_039,INV-2024-0001712,0,normal
TX-001774,2024-02-29 11:12:00,1484.26,Vendor_086,HR,Payroll,ACH,Emp_022,INV-2024-0001726,0,normal
TX-001775,2024-02-29 11:17:00,498.82,Vendor_119,Legal,IT,ACH,Emp_090,INV-2024-0001702,0,normal
TX-001776,2024-02-29 11:20:00,3392.0,Vendor_034,Operations,Operations,ACH,Emp_064,INV-2024-0001713,0,normal
TX-001777,2024-02-29 11:24:00,1922.16,Vendor_102,HR,Consulting,Check,Emp_027,INV-2024-0001695,0,normal
TX-001778,2024-02-29 11:35:00,3124.29,Vendor_073,Sales,IT,Wire,Emp_104,INV-2024-0001724,0,normal
TX-001779,2024-02-29 12:00:00,2128.24,Vendor_069,HR,Payroll,Card,Emp_021,INV-2024-0001719,0,normal
TX-001780,2024-02-29 12:05:00,5118.97,Vendor_081,Marketing,Travel,Wire,Emp_047,INV-2024-0001696,0,normal
TX-001781,2024-02-29 12:21:00,6011.19,Vendor_049,Finance,Supplies,Check,Emp_004,INV-2024-0001721,0,normal
TX-001782,2024-02-29 12:22:00,2243.85,Vendor_101,Marketing,Supplies,Check,Emp_053,INV-2024-0001725,0,normal
TX-001783,2024-02-29 12:32:00,1496.1,Vendor_072,Support,IT,Card,Emp_111,INV-2024-0001723,0,normal
TX-001784,2024-02-29 12:44:00,3051.37,Vendor_112,IT,Supplies,ACH,Emp_043,INV-2024-0001716,0,normal
TX-001785,2024-02-29 12:45:00,2478.31,Vendor_021,Operations,Consulting,Wire,Emp_063,INV-2024-0001706,0,normal
TX-001786,2024-02-29 13:12:00,2770.82,Vendor_041,IT,Consulting,Check,Emp_040,INV-2024-0001708,0,normal
TX-001787,2024-02-29 13:18:00,2011.76,Vendor_102,HR,Supplies,Wire,Emp_030,INV-2024-0001714,0,normal
TX-001788,2024-02-29 13:32:00,2637.11,Vendor_114,Sales,Travel,Check,Emp_091,INV-2024-0001701,0,normal
TX-001789,2024-02-29 13:49:00,2018.09,Vendor_087,IT,Payroll,Check,Emp_042,INV-2024-0001707,0,normal
TX-001790,2024-02-29 14:13:00,4820.0,Vendor_114,Sales,Travel,Wire,Emp_091,INV-2024-0002451,1,split_payment
TX-001791,2024-02-29 14:14:00,972.03,Vendor_058,Marketing,Operations,Wire,Emp_053,INV-2024-0001704,0,normal
TX-001792,2024-02-29 14:34:00,16142.93,Vendor_026,Marketing,Payroll,Wire,Emp_055,INV-2024-0001698,0,normal
TX-001793,2024-02-29 14:44:00,2510.27,Vendor_048,Support,IT,ACH,Emp_115,INV-2024-0001710,0,normal
TX-001794,2024-02-29 15:14:00,2586.84,Vendor_046,Legal,Operations,Wire,Emp_088,INV-2024-0001720,0,normal
TX-001795,2024-02-29 15:16:00,2721.57,Vendor_064,Sales,IT,ACH,Emp_101,INV-2024-0001718,0,normal
TX-001796,2024-02-29 15:39:00,2476.46,Vendor_098,Legal,Supplies,Check,Emp_076,INV-2024-0001727,0,normal
TX-001797,2024-02-29 16:29:00,1901.63,Vendor_086,IT,Supplies,Wire,Emp_045,INV-2024-0001715,0,normal
TX-001798,2024-02-29 17:21:00,2907.75,Vendor_057,Support,Supplies,Check,Emp_115,INV-2024-0001703,0,normal
TX-001799,2024-02-29 17:39:00,648.49,Vendor_100,Operations,Travel,Check,Emp_075,INV-2024-0001717,0,normal
TX-001800,2024-02-29 18:03:00,2182.61,Vendor_042,Marketing,Operations,Check,Emp_049,INV-2024-0001705,0,normal
TX-001801,2024-02-29 20:07:00,3041.92,Vendor_109,Support,Payroll,ACH,Emp_107,INV-2024-0002386,1,payment_method_switch
TX-001802,2024-03-01 08:54:00,3076.76,Vendor_034,Operations,IT,Card,Emp_070,INV-2024-0001729,0,normal
TX-001803,2024-03-01 09:15:00,2267.23,Vendor_103,Finance,Supplies,Check,Emp_014,INV-2024-0001741,0,normal
TX-001804,2024-03-01 09:25:00,2096.59,Vendor_075,Legal,Operations,Card,Emp_082,INV-2024-0001757,0,normal
TX-001805,2024-03-01 09:27:00,3890.73,Vendor_110,IT,Consulting,Wire,Emp_032,INV-2024-0001746,0,normal
TX-001806,2024-03-01 09:31:00,1105.04,Vendor_083,Support,Supplies,Check,Emp_114,INV-2024-0001754,0,normal
TX-001807,2024-03-01 09:49:00,2283.11,Vendor_094,Operations,Operations,Check,Emp_068,INV-2024-0001744,0,normal
TX-001808,2024-03-01 09:55:00,2439.33,Vendor_053,IT,Supplies,Wire,Emp_041,INV-2024-0001738,0,normal
TX-001809,2024-03-01 10:03:00,2431.69,Vendor_051,Marketing,Consulting,ACH,Emp_057,INV-2024-0001733,0,normal
TX-001810,2024-03-01 10:19:00,2850.0,Vendor_048,Legal,Operations,ACH,Emp_082,INV-2024-0001753,0,normal
TX-001811,2024-03-01 10:28:00,853.68,Vendor_037,Support,Consulting,Card,Emp_116,INV-2024-0001735,0,normal
TX-001812,2024-03-01 10:28:00,4032.64,Vendor_022,Sales,Supplies,Card,Emp_093,INV-2024-0001736,0,normal
TX-001813,2024-03-01 10:40:00,2424.94,Vendor_098,Legal,Travel,Card,Emp_082,INV-2024-0001740,0,normal
TX-001814,2024-03-01 10:59:00,1306.0,Vendor_029,Finance,Travel,Check,Emp_012,INV-2024-0001739,0,normal
TX-001815,2024-03-01 11:14:00,4378.02,Vendor_074,Marketing,IT,Wire,Emp_048,INV-2024-0001743,0,normal
TX-001816,2024-03-01 11:21:00,1888.1,Vendor_019,Operations,IT,Check,Emp_063,INV-2024-0002389,1,payment_method_switch
TX-001817,2024-03-01 11:23:00,2695.22,Vendor_069,IT,Payroll,ACH,Emp_034,INV-2024-0001732,0,normal
TX-001818,2024-03-01 11:24:00,1307.61,Vendor_005,IT,Travel,Card,Emp_044,INV-2024-0001728,0,normal
TX-001819,2024-03-01 11:25:00,1645.95,Vendor_120,Operations,Payroll,ACH,Emp_068,INV-2024-0001761,0,normal
TX-001820,2024-03-01 11:53:00,1806.1,Vendor_015,Legal,IT,Check,Emp_088,INV-2024-0001752,0,normal
TX-001821,2024-03-01 12:13:00,2337.85,Vendor_027,Finance,Payroll,Wire,Emp_001,INV-2024-0001759,0,normal
TX-001822,2024-03-01 12:29:00,1116.42,Vendor_093,Finance,Payroll,ACH,Emp_001,INV-2024-0001750,0,normal
TX-001823,2024-03-01 12:36:00,2234.96,Vendor_079,Sales,Travel,Wire,Emp_099,INV-2024-0001745,0,normal
TX-001824,2024-03-01 12:42:00,1442.14,Vendor_062,Sales,Consulting,Card,Emp_103,INV-2024-0001734,0,normal
TX-001825,2024-03-01 12:55:00,1452.14,Vendor_043,Marketing,Supplies,Wire,Emp_046,INV-2024-0001756,0,normal
TX-001826,2024-03-01 13:08:00,2916.9,Vendor_034,Operations,IT,Card,Emp_062,INV-2024-0001747,0,normal
TX-001827,2024-03-01 13:58:00,2041.71,Vendor_029,Marketing,Consulting,Card,Emp_059,INV-2024-0001748,0,normal
TX-001828,2024-03-01 14:10:00,3219.06,Vendor_067,Operations,Consulting,Check,Emp_065,INV-2024-0001749,0,normal
TX-001829,2024-03-01 14:23:00,1831.06,Vendor_115,Sales,Supplies,ACH,Emp_103,INV-2024-0001758,0,normal
TX-001830,2024-03-01 14:24:00,2512.94,Vendor_064,Sales,IT,Card,Emp_098,INV-2024-0001742,0,normal
TX-001831,2024-03-01 14:29:00,1762.08,Vendor_028,Finance,IT,ACH,Emp_007,INV-2024-0001737,0,normal
TX-001832,2024-03-01 14:53:00,3470.81,Vendor_120,Support,Operations,Wire,Emp_113,INV-2024-0001730,0,normal
TX-001833,2024-03-01 15:42:00,2900.61,Vendor_032,Finance,IT,ACH,Emp_004,INV-2024-0001731,0,normal
TX-001834,2024-03-01 16:01:00,3529.66,Vendor_052,Finance,IT,Card,Emp_005,INV-2024-0001760,0,normal
TX-001835,2024-03-01 16:47:00,966.43,Vendor_060,Operations,Travel,Wire,Emp_075,INV-2024-0001751,0,normal
TX-001836,2024-03-01 17:31:00,7303.43,Vendor_016,Support,IT,Wire,Emp_108,INV-2024-0001755,0,normal
TX-001837,2024-03-02 07:09:00,2963.92,Vendor_073,Sales,IT,ACH,Emp_095,INV-2024-0001765,0,normal
TX-001838,2024-03-02 08:24:00,2086.93,Vendor_037,HR,Consulting,Wire,Emp_029,INV-2024-0001775,0,normal
TX-001839,2024-03-02 08:50:00,1610.63,Vendor_004,IT,IT,ACH,Emp_034,INV-2024-0001769,0,normal
TX-001840,2024-03-02 08:52:00,3861.53,Vendor_059,Marketing,Supplies,ACH,Emp_047,INV-2024-0001776,0,normal
TX-001841,2024-03-02 10:57:00,2393.17,Vendor_008,Legal,IT,Wire,Emp_085,INV-2024-0001770,0,normal
TX-001842,2024-03-02 10:58:00,2881.46,Vendor_008,Support,Operations,ACH,Emp_111,INV-2024-0001768,0,normal
TX-001843,2024-03-02 11:20:00,2041.01,Vendor_068,Operations,Payroll,Check,Emp_065,INV-2024-0001762,0,normal
TX-001844,2024-03-02 11:46:00,3590.72,Vendor_085,Marketing,Travel,Card,Emp_060,INV-2024-0001772,0,normal
TX-001845,2024-03-02 11:57:00,2447.81,Vendor_062,Sales,Consulting,Check,Emp_093,INV-2024-0001763,0,normal
TX-001846,2024-03-02 12:37:00,1293.67,Vendor_100,Operations,Travel,Check,Emp_062,INV-2024-0001773,0,normal
TX-001847,2024-03-02 13:43:00,1150.34,Vendor_001,Marketing,IT,Card,Emp_057,INV-2024-0001766,0,normal
TX-001848,2024-03-02 13:43:00,2844.07,Vendor_027,Legal,Travel,ACH,Emp_081,INV-2024-0001774,0,normal
TX-001849,2024-03-02 16:25:00,2129.78,Vendor_075,Legal,Operations,Check,Emp_079,INV-2024-0001757,1,duplicate_invoice
TX-001850,2024-03-02 16:29:00,2628.27,Vendor_010,Support,Supplies,Card,Emp_118,INV-2024-0001764,0,normal
TX-001851,2024-03-02 17:04:00,1791.77,Vendor_075,Legal,Operations,ACH,Emp_079,INV-2024-0001771,0,normal
TX-001852,2024-03-02 18:32:00,1267.72,Vendor_050,Finance,Operations,Wire,Emp_004,INV-2024-0001767,0,normal
TX-001853,2024-03-03 07:26:00,2169.42,Vendor_042,Marketing,Operations,ACH,Emp_049,INV-2024-0001777,0,normal
TX-001854,2024-03-03 07:52:00,3931.54,Vendor_059,Marketing,Supplies,Card,Emp_046,INV-2024-0001476,1,fuzzy_duplicate
TX-001855,2024-03-03 07:56:00,4587.43,Vendor_095,Support,Payroll,Card,Emp_107,INV-2024-0001784,0,normal
TX-001856,2024-03-03 09:29:00,2834.54,Vendor_067,Operations,IT,Card,Emp_072,INV-2024-0001788,0,normal
TX-001857,2024-03-03 10:26:00,1558.15,Vendor_119,Legal,Travel,Check,Emp_087,INV-2024-0001787,0,normal
TX-001858,2024-03-03 10:48:00,1099.9,Vendor_119,HR,Travel,ACH,Emp_030,INV-2024-0001783,0,normal
TX-001859,2024-03-03 12:42:00,1486.03,Vendor_102,HR,Consulting,Check,Emp_021,INV-2024-0001779,0,normal
TX-001860,2024-03-03 13:16:00,1238.9,Vendor_036,IT,Travel,Check,Emp_035,INV-2024-0001785,0,normal
TX-001861,2024-03-03 13:44:00,3624.32,Vendor_055,Finance,Consulting,Card,Emp_009,INV-2024-0001781,0,normal
TX-001862,2024-03-03 14:01:00,2140.02,Vendor_046,Legal,Operations,Wire,Emp_088,INV-2024-0001782,0,normal
TX-001863,2024-03-03 14:54:00,2238.2,Vendor_048,Legal,IT,ACH,Emp_089,INV-2024-0001786,0,normal
TX-001864,2024-03-03 15:02:00,2460.0,Vendor_036,IT,Travel,Wire,Emp_035,INV-2024-0002421,1,split_payment
TX-001865,2024-03-03 15:41:00,4302.43,Vendor_067,Operations,Operations,Check,Emp_074,INV-2024-0001778,0,normal
TX-001866,2024-03-03 16:50:00,2808.84,Vendor_006,Legal,Supplies,Check,Emp_088,INV-2024-0001780,0,normal
TX-001867,2024-03-03 20:23:00,1824.04,Vendor_115,Sales,Supplies,Check,Emp_091,INV-2024-0001758,1,duplicate_invoice
TX-001868,2024-03-04 08:02:00,1740.68,Vendor_113,Marketing,Travel,Card,Emp_049,INV-2024-0001810,0,normal
TX-001869,2024-03-04 08:49:00,1427.99,Vendor_072,Support,IT,Card,Emp_119,INV-2024-0001802,0,normal
TX-001870,2024-03-04 09:10:00,997.66,Vendor_060,Operations,Travel,Wire,Emp_067,INV-2024-0001820,0,normal
TX-001871,2024-03-04 09:23:00,3908.22,Vendor_120,Support,Operations,Check,Emp_107,INV-2024-0001789,0,normal
TX-001872,2024-03-04 09:28:00,4217.61,Vendor_023,Sales,Travel,Card,Emp_095,INV-2024-0001808,0,normal
TX-001873,2024-03-04 09:34:00,2002.79,Vendor_051,Marketing,Operations,ACH,Emp_053,INV-2024-0001826,0,normal
TX-001874,2024-03-04 10:08:00,3404.7,Vendor_096,Finance,Consulting,Wire,Emp_002,INV-2024-0001812,0,normal
TX-001875,2024-03-04 10:14:00,680.58,Vendor_116,Finance,IT,ACH,Emp_001,INV-2024-0001797,0,normal
TX-001876,2024-03-04 10:16:00,1509.77,Vendor_109,Legal,Consulting,Card,Emp_080,INV-2024-0001800,0,normal
TX-001877,2024-03-04 10:29:00,2883.02,Vendor_006,Legal,Supplies,Check,Emp_082,INV-2024-0001795,0,normal
TX-001878,2024-03-04 10:36:00,3520.29,Vendor_067,IT,Operations,ACH,Emp_036,INV-2024-0001796,0,normal
TX-001879,2024-03-04 10:37:00,1415.76,Vendor_086,IT,IT,Wire,Emp_041,INV-2024-0001791,0,normal
TX-001880,2024-03-04 10:49:00,1836.38,Vendor_120,Support,Supplies,Check,Emp_119,INV-2024-0001809,0,normal
TX-001881,2024-03-04 10:53:00,1276.42,Vendor_109,IT,Operations,Wire,Emp_037,INV-2024-0001819,0,normal
TX-001882,2024-03-04 11:08:00,2205.66,Vendor_041,IT,Payroll,Check,Emp_038,INV-2024-0001813,0,normal
TX-001883,2024-03-04 11:31:00,1945.92,Vendor_042,Marketing,Consulting,Card,Emp_051,INV-2024-0001816,0,normal
TX-001884,2024-03-04 11:31:00,3311.33,Vendor_066,Support,Consulting,Card,Emp_109,INV-2024-0001815,0,normal
TX-001885,2024-03-04 11:34:00,2548.26,Vendor_042,Marketing,IT,Card,Emp_053,INV-2024-0001822,0,normal
TX-001886,2024-03-04 11:42:00,2934.6,Vendor_006,Legal,Supplies,Wire,Emp_081,INV-2024-0001803,0,normal
TX-001887,2024-03-04 12:04:00,3411.85,Vendor_041,IT,Payroll,Wire,Emp_033,INV-2024-0001794,0,normal
TX-001888,2024-03-04 12:12:00,4867.92,Vendor_013,Marketing,Travel,Wire,Emp_057,INV-2024-0001805,0,normal
TX-001889,2024-03-04 12:36:00,3717.54,Vendor_030,Support,Travel,ACH,Emp_111,INV-2024-0001821,0,normal
TX-001890,2024-03-04 12:56:00,2088.83,Vendor_085,Marketing,Travel,Check,Emp_050,INV-2024-0001790,0,normal
TX-001891,2024-03-04 13:09:00,13231.52,Vendor_026,IT,Supplies,Check,Emp_040,INV-2024-0001807,0,normal
TX-001892,2024-03-04 13:11:00,2142.11,Vendor_042,Marketing,IT,Card,Emp_053,INV-2024-0002440,1,same_day_burst
TX-001893,2024-03-04 13:14:00,2308.17,Vendor_057,Support,Supplies,ACH,Emp_118,INV-2024-0001806,0,normal
TX-001894,2024-03-04 13:27:00,962.79,Vendor_050,HR,Payroll,Wire,Emp_021,INV-2024-0001823,0,normal
TX-001895,2024-03-04 13:48:00,4906.59,Vendor_022,Sales,Consulting,Card,Emp_091,INV-2024-0001824,0,normal
TX-001896,2024-03-04 13:57:00,3359.84,Vendor_110,IT,Payroll,Check,Emp_036,INV-2024-0001804,0,normal
TX-001897,2024-03-04 14:03:00,2782.82,Vendor_068,Support,Consulting,Card,Emp_113,INV-2024-0001825,0,normal
TX-001898,2024-03-04 14:27:00,1498.7,Vendor_036,IT,Travel,Card,Emp_036,INV-2024-0001798,0,normal
TX-001899,2024-03-04 14:27:00,2650.65,Vendor_064,Sales,IT,ACH,Emp_092,INV-2024-0001793,0,normal
TX-001900,2024-03-04 15:02:00,6688.38,Vendor_091,IT,Supplies,Wire,Emp_041,INV-2024-0001801,0,normal
TX-001901,2024-03-04 15:30:00,3243.5,Vendor_104,IT,Supplies,Wire,Emp_038,INV-2024-0001817,0,normal
TX-001902,2024-03-04 15:51:00,3338.43,Vendor_074,Marketing,Consulting,Wire,Emp_048,INV-2024-0001818,0,normal
TX-001903,2024-03-04 16:37:00,1513.17,Vendor_017,Legal,IT,Card,Emp_077,INV-2024-0001814,0,normal
TX-001904,2024-03-04 16:59:00,2428.87,Vendor_034,Operations,Operations,Card,Emp_063,INV-2024-0001799,0,normal
TX-001905,2024-03-04 17:16:00,2562.97,Vendor_114,Sales,Travel,Check,Emp_097,INV-2024-0001792,0,normal
TX-001906,2024-03-04 17:43:00,4770.0,Vendor_074,Marketing,Consulting,Card,Emp_048,INV-2024-0002432,1,split_payment
TX-001907,2024-03-04 18:42:00,7754.05,Vendor_002,Finance,IT,Card,Emp_010,INV-2024-0001811,0,normal
TX-001908,2024-03-05 05:06:00,16207.75,Vendor_120,Support,Supplies,Wire,Emp_108,INV-2024-0002439,1,high_amount
TX-001909,2024-03-05 07:24:00,2860.78,Vendor_108,Support,IT,Wire,Emp_114,INV-2024-0001853,0,normal
TX-001910,2024-03-05 08:34:00,1222.2,Vendor_051,Marketing,IT,Card,Emp_054,INV-2024-0001836,0,normal
TX-001911,2024-03-05 10:19:00,3071.03,Vendor_120,Support,Payroll,Check,Emp_117,INV-2024-0001851,0,normal
TX-001912,2024-03-05 10:45:00,2486.32,Vendor_018,Marketing,Consulting,Check,Emp_056,INV-2024-0001855,0,normal
TX-001913,2024-03-05 10:56:00,3520.66,Vendor_022,Sales,Consulting,Wire,Emp_100,INV-2024-0001852,0,normal
TX-001914,2024-03-05 11:12:00,1245.1,Vendor_044,Operations,Operations,Card,Emp_065,INV-2024-0001838,0,normal
TX-001915,2024-03-05 11:19:00,2600.0,Vendor_021,Operations,Consulting,Card,Emp_072,INV-2024-0001829,0,normal
TX-001916,2024-03-05 11:28:00,3033.52,Vendor_087,HR,Payroll,Card,Emp_026,INV-2024-0001848,0,normal
TX-001917,2024-03-05 11:31:00,2827.18,Vendor_021,Operations,Consulting,Card,Emp_063,INV-2024-0001837,0,normal
TX-001918,2024-03-05 12:10:00,2223.65,Vendor_075,Legal,Operations,Card,Emp_087,INV-2024-0001850,0,normal
TX-001919,2024-03-05 12:19:00,2018.99,Vendor_101,Marketing,Travel,Check,Emp_051,INV-2024-0001846,0,normal
TX-001920,2024-03-05 12:32:00,1488.49,Vendor_054,Support,IT,Card,Emp_106,INV-2024-0001834,0,normal
TX-001921,2024-03-05 12:34:00,2621.03,Vendor_098,HR,Travel,Wire,Emp_023,INV-2024-0001828,0,normal
TX-001922,2024-03-05 12:51:00,1308.31,Vendor_048,Legal,IT,Wire,Emp_088,INV-2024-0001827,0,normal
TX-001923,2024-03-05 12:54:00,3585.29,Vendor_085,Marketing,Travel,Card,Emp_048,INV-2024-0001842,0,normal
TX-001924,2024-03-05 12:56:00,798.92,Vendor_058,Marketing,Consulting,Wire,Emp_060,INV-2024-0001831,0,normal
TX-001925,2024-03-05 12:58:00,730.6,Vendor_039,Operations,Operations,Check,Emp_065,INV-2024-0001857,0,normal
TX-001926,2024-03-05 13:30:00,2549.46,Vendor_053,Finance,Supplies,Wire,Emp_015,INV-2024-0001839,0,normal
TX-001927,2024-03-05 13:33:00,4958.07,Vendor_067,Operations,Operations,Wire,Emp_075,INV-2024-0001856,0,normal
TX-001928,2024-03-05 13:51:00,6472.52,Vendor_016,Support,IT,Check,Emp_113,INV-2024-0001858,0,normal
TX-001929,2024-03-05 14:04:00,556.74,Vendor_071,Support,Consulting,Wire,Emp_111,INV-2024-0001835,0,normal
TX-001930,2024-03-05 14:11:00,1240.67,Vendor_103,Finance,Supplies,Check,Emp_012,INV-2024-0001833,0,normal
TX-001931,2024-03-05 14:30:00,763.86,Vendor_039,Operations,Operations,Check,Emp_070,INV-2024-0001854,0,normal
TX-001932,2024-03-05 14:37:00,2902.93,Vendor_022,Sales,Consulting,ACH,Emp_100,INV-2024-0001832,0,normal
TX-001933,2024-03-05 14:39:00,2958.11,Vendor_108,Support,Supplies,Wire,Emp_120,INV-2024-0001847,0,normal
TX-001934,2024-03-05 14:41:00,553.72,Vendor_116,HR,IT,Check,Emp_019,INV-2024-0001840,0,normal
TX-001935,2024-03-05 15:10:00,3998.51,Vendor_014,HR,Operations,Card,Emp_029,INV-2024-0001845,0,normal
TX-001936,2024-03-05 15:14:00,3874.97,Vendor_023,Marketing,Operations,Check,Emp_057,INV-2024-0001841,0,normal
TX-001937,2024-03-05 15:21:00,2318.65,Vendor_040,Operations,Payroll,Wire,Emp_067,INV-2024-0002401,1,vendor_department_shift
TX-001938,2024-03-05 15:34:00,4860.0,Vendor_048,Legal,IT,Card,Emp_088,INV-2024-0002460,1,split_payment
TX-001939,2024-03-05 16:32:00,1889.17,Vendor_084,Operations,Consulting,Check,Emp_072,INV-2024-0001849,0,normal
TX-001940,2024-03-05 17:03:00,881.94,Vendor_058,Marketing,Payroll,Wire,Emp_052,INV-2024-0001843,0,normal
TX-001941,2024-03-05 17:39:00,2617.01,Vendor_096,Finance,Consulting,Check,Emp_014,INV-2024-0001844,0,normal
TX-001942,2024-03-05 18:23:00,1274.34,Vendor_115,Sales,Supplies,Wire,Emp_092,INV-2024-0001830,0,normal
TX-001943,2024-03-06 07:50:00,1681.1,Vendor_053,Finance,Payroll,Check,Emp_004,INV-2024-0001866,0,normal
TX-001944,2024-03-06 08:51:00,1262.27,Vendor_119,Legal,IT,ACH,Emp_085,INV-2024-0001859,0,normal
TX-001945,2024-03-06 09:40:00,3715.53,Vendor_049,Finance,Supplies,Wire,Emp_007,INV-2024-0001861,0,normal
TX-001946,2024-03-06 10:28:00,1015.27,Vendor_001,IT,Operations,Card,Emp_041,INV-2024-0001868,0,normal
TX-001947,2024-03-06 10:31:00,990.47,Vendor_113,Marketing,Travel,Card,Emp_056,INV-2024-0001878,0,normal
TX-001948,2024-03-06 10:34:00,1150.05,Vendor_004,IT,IT,ACH,Emp_039,INV-2024-0001882,0,normal
TX-001949,2024-03-06 10:49:00,1539.62,Vendor_117,Operations,Payroll,Check,Emp_062,INV-2024-0001872,0,normal
TX-001950,2024-03-06 11:05:00,1873.24,Vendor_079,Sales,Travel,Wire,Emp_098,INV-2024-0001881,0,normal
TX-001951,2024-03-06 11:26:00,7340.16,Vendor_095,Support,Payroll,Check,Emp_118,INV-2024-0001871,0,normal
TX-001952,2024-03-06 11:44:00,1602.92,Vendor_005,IT,IT,Card,Emp_036,INV-2024-0001885,0,normal
TX-001953,2024-03-06 11:50:00,1487.87,Vendor_062,Sales,IT,Card,Emp_095,INV-2024-0001887,0,normal
TX-001954,2024-03-06 11:56:00,3311.24,Vendor_089,Operations,IT,Check,Emp_074,INV-2024-0001864,0,normal
TX-001955,2024-03-06 11:59:00,736.45,Vendor_025,Finance,Consulting,Check,Emp_009,INV-2024-0001888,0,normal
TX-001956,2024-03-06 12:00:00,3927.44,Vendor_059,Marketing,Supplies,ACH,Emp_046,INV-2024-0001876,0,normal
TX-001957,2024-03-06 12:21:00,4202.7,Vendor_052,Finance,Operations,ACH,Emp_008,INV-2024-0001869,0,normal
TX-001958,2024-03-06 12:25:00,3203.0,Vendor_052,Sales,Supplies,ACH,Emp_102,INV-2024-0001875,0,normal
TX-001959,2024-03-06 12:30:00,2489.41,Vendor_010,Support,Supplies,Check,Emp_110,INV-2024-0001860,0,normal
TX-001960,2024-03-06 12:41:00,4358.5,Vendor_022,Operations,IT,Card,Emp_065,INV-2024-0001884,0,normal
TX-001961,2024-03-06 13:02:00,1946.51,Vendor_053,Finance,Travel,Check,Emp_006,INV-2024-0001870,0,normal
TX-001962,2024-03-06 13:08:00,3136.11,Vendor_032,Finance,IT,Wire,Emp_013,INV-2024-0001874,0,normal
TX-001963,2024-03-06 13:46:00,352.51,Vendor_056,HR,Payroll,Card,Emp_021,INV-2024-0001867,0,normal
TX-001964,2024-03-06 14:00:00,3840.81,Vendor_052,Finance,Consulting,Card,Emp_007,INV-2024-0001863,0,normal
TX-001965,2024-03-06 14:17:00,360.65,Vendor_047,Support,Consulting,Wire,Emp_114,INV-2024-0001879,0,normal
TX-001966,2024-03-06 14:28:00,1959.05,Vendor_042,Marketing,Operations,Check,Emp_048,INV-2024-0001886,0,normal
TX-001967,2024-03-06 15:45:00,556.78,Vendor_111,Finance,IT,ACH,Emp_002,INV-2024-0001862,0,normal
TX-001968,2024-03-06 16:08:00,1250.0,Vendor_086,IT,Operations,Wire,Emp_036,INV-2024-0001883,0,normal
TX-001969,2024-03-06 16:57:00,2198.55,Vendor_055,Operations,Supplies,ACH,Emp_065,INV-2024-0001877,0,normal
TX-001970,2024-03-06 17:44:00,659.59,Vendor_019,HR,Operations,Wire,Emp_020,INV-2024-0001865,0,normal
TX-001971,2024-03-06 18:04:00,4124.74,Vendor_032,Finance,Operations,Wire,Emp_011,INV-2024-0001873,0,normal
TX-001972,2024-03-06 18:41:00,1574.35,Vendor_017,Legal,IT,Card,Emp_088,INV-2024-0001880,0,normal
TX-001973,2024-03-06 20:44:00,3706.87,Vendor_034,Support,Supplies,Wire,Emp_113,INV-2024-0002463,1,vendor_department_shift
TX-001974,2024-03-06 22:23:00,4505.51,Vendor_032,Finance,Operations,Wire,Emp_011,INV-2024-0002383,1,same_day_burst
TX-001975,2024-03-07 04:31:00,8055.42,Vendor_095,Support,Supplies,Check,Emp_107,INV-2024-0002435,1,payment_method_switch
TX-001976,2024-03-07 07:08:00,3375.32,Vendor_096,Finance,Consulting,Wire,Emp_012,INV-2024-0001812,1,duplicate_invoice
TX-001977,2024-03-07 08:24:00,2552.04,Vendor_057,Support,Supplies,Check,Emp_119,INV-2024-0001902,0,normal
TX-001978,2024-03-07 08:38:00,4140.32,Vendor_095,Support,Payroll,Card,Emp_113,INV-2024-0001889,0,normal
TX-001979,2024-03-07 10:02:00,1889.97,Vendor_114,Sales,Travel,ACH,Emp_102,INV-2024-0001898,0,normal
TX-001980,2024-03-07 10:33:00,4861.9,Vendor_020,IT,Travel,Wire,Emp_032,INV-2024-0001891,0,normal
TX-001981,2024-03-07 10:35:00,3038.13,Vendor_087,HR,Travel,ACH,Emp_016,INV-2024-0001916,0,normal
TX-001982,2024-03-07 10:52:00,676.48,Vendor_071,Support,Supplies,Wire,Emp_108,INV-2024-0001913,0,normal
TX-001983,2024-03-07 11:17:00,1232.25,Vendor_058,Marketing,Consulting,Wire,Emp_050,INV-2024-0001896,0,normal
TX-001984,2024-03-07 11:53:00,306.74,Vendor_039,Operations,Operations,Check,Emp_070,INV-2024-0001907,0,normal
TX-001985,2024-03-07 12:08:00,2121.92,Vendor_033,Marketing,Operations,Wire,Emp_059,INV-2024-0001908,0,normal
TX-001986,2024-03-07 12:17:00,2758.24,Vendor_067,Operations,IT,Card,Emp_070,INV-2024-0001893,0,normal
TX-001987,2024-03-07 12:26:00,5384.96,Vendor_082,IT,Supplies,Check,Emp_039,INV-2024-0001906,0,normal
TX-001988,2024-03-07 12:34:00,977.65,Vendor_031,HR,Operations,Wire,Emp_022,INV-2024-0001911,0,normal
TX-001989,2024-03-07 12:44:00,1730.29,Vendor_024,Sales,Payroll,ACH,Emp_104,INV-2024-0001917,0,normal
TX-001990,2024-03-07 13:18:00,1001.17,Vendor_058,Marketing,Payroll,Wire,Emp_054,INV-2024-0001914,0,normal
TX-001991,2024-03-07 13:28:00,912.78,Vendor_058,Marketing,Consulting,Card,Emp_059,INV-2024-0001890,0,normal
TX-001992,2024-03-07 13:30:00,24520.72,Vendor_095,Support,Payroll,ACH,Emp_118,INV-2024-0002382,1,high_amount
TX-001993,2024-03-07 13:52:00,4070.34,Vendor_110,IT,Payroll,ACH,Emp_040,INV-2024-0001901,0,normal
TX-001994,2024-03-07 13:55:00,2412.83,Vendor_033,Marketing,IT,Wire,Emp_048,INV-2024-0001895,0,normal
TX-001995,2024-03-07 14:10:00,4343.46,Vendor_074,Marketing,Consulting,Wire,Emp_057,INV-2024-0001904,0,normal
TX-001996,2024-03-07 14:21:00,2584.89,Vendor_057,Support,Supplies,Check,Emp_113,INV-2024-0001897,0,normal
TX-001997,2024-03-07 14:41:00,2809.49,Vendor_077,Sales,IT,Wire,Emp_099,INV-2024-0001910,0,normal
TX-001998,2024-03-07 15:26:00,5108.29,Vendor_016,Support,IT,Wire,Emp_107,INV-2024-0001915,0,normal
TX-001999,2024-03-07 15:30:00,685.83,Vendor_071,Support,Payroll,Wire,Emp_112,INV-2024-0001903,0,normal
TX-002000,2024-03-07 15:34:00,1665.51,Vendor_025,Finance,Payroll,Check,Emp_015,INV-2024-0001900,0,normal
TX-002001,2024-03-07 15:55:00,3767.02,Vendor_070,Finance,Consulting,Wire,Emp_011,INV-2024-0001909,0,normal
TX-002002,2024-03-07 16:12:00,1225.74,Vendor_012,IT,Travel,Card,Emp_043,INV-2024-0001892,0,normal
TX-002003,2024-03-07 17:44:00,1752.31,Vendor_014,HR,Payroll,Card,Emp_028,INV-2024-0001894,0,normal
TX-002004,2024-03-07 17:52:00,1695.98,Vendor_103,Finance,Travel,ACH,Emp_012,INV-2024-0001912,0,normal
TX-002005,2024-03-07 18:46:00,2044.21,Vendor_015,Legal,IT,ACH,Emp_084,INV-2024-0001905,0,normal
TX-002006,2024-03-07 18:59:00,4883.08,Vendor_082,Sales,Operations,Check,Emp_104,INV-2024-0001899,0,normal
TX-002007,2024-03-08 07:22:00,1646.47,Vendor_017,Legal,IT,Wire,Emp_083,INV-2024-0001928,0,normal
TX-002008,2024-03-08 08:36:00,5514.03,Vendor_067,Support,Supplies,ACH,Emp_111,INV-2024-0002461,1,vendor_department_shift
TX-002009,2024-03-08 08:49:00,2412.55,Vendor_025,Finance,Consulting,Check,Emp_006,INV-2024-0001948,0,normal
TX-002010,2024-03-08 09:33:00,3299.18,Vendor_092,Sales,Consulting,Check,Emp_097,INV-2024-0001947,0,normal
TX-002011,2024-03-08 10:07:00,465.98,Vendor_060,Operations,Travel,Wire,Emp_071,INV-2024-0001949,0,normal
TX-002012,2024-03-08 10:11:00,2642.29,Vendor_096,Finance,Consulting,Wire,Emp_011,INV-2024-0001939,0,normal
TX-002013,2024-03-08 10:14:00,1329.88,Vendor_028,Finance,Consulting,Check,Emp_015,INV-2024-0001922,0,normal
TX-002014,2024-03-08 10:42:00,2335.64,Vendor_045,Support,Operations,Check,Emp_112,INV-2024-0001945,0,normal
TX-002015,2024-03-08 10:55:00,2194.65,Vendor_115,Sales,Operations,Check,Emp_104,INV-2024-0001919,0,normal
TX-002016,2024-03-08 11:07:00,1868.53,Vendor_042,Operations,Operations,Card,Emp_061,INV-2024-0001930,0,normal
TX-002017,2024-03-08 11:16:00,456.79,Vendor_116,Finance,IT,Check,Emp_004,INV-2024-0001941,0,normal
TX-002018,2024-03-08 11:19:00,3175.46,Vendor_074,Marketing,Travel,Wire,Emp_051,INV-2024-0001926,0,normal
TX-002019,2024-03-08 11:28:00,1402.34,Vendor_101,Operations,Supplies,Check,Emp_067,INV-2024-0001936,0,normal
TX-002020,2024-03-08 11:30:00,4578.77,Vendor_070,IT,Consulting,ACH,Emp_045,INV-2024-0001924,0,normal
TX-002021,2024-03-08 11:41:00,1829.45,Vendor_086,IT,Supplies,Check,Emp_042,INV-2024-0001946,0,normal
TX-002022,2024-03-08 11:49:00,4972.3,Vendor_074,Marketing,Travel,Wire,Emp_047,INV-2024-0001940,0,normal
TX-002023,2024-03-08 11:53:00,2099.91,Vendor_098,HR,Travel,Card,Emp_029,INV-2024-0001925,0,normal
TX-002024,2024-03-08 12:06:00,1381.35,Vendor_043,HR,Payroll,Card,Emp_019,INV-2024-0001938,0,normal
TX-002025,2024-03-08 12:12:00,1326.95,Vendor_050,HR,Payroll,Card,Emp_021,INV-2024-0001931,0,normal
TX-002026,2024-03-08 12:15:00,2975.32,Vendor_069,HR,Payroll,Card,Emp_025,INV-2024-0001927,0,normal
TX-002027,2024-03-08 12:19:00,1962.83,Vendor_018,Operations,Consulting,Check,Emp_061,INV-2024-0001929,0,normal
TX-002028,2024-03-08 12:25:00,5585.97,Vendor_091,Finance,Supplies,Card,Emp_003,INV-2024-0001935,0,normal
TX-002029,2024-03-08 12:33:00,2207.75,Vendor_023,Marketing,Operations,Card,Emp_055,INV-2024-0001937,0,normal
TX-002030,2024-03-08 12:39:00,2571.74,Vendor_051,Marketing,Consulting,Wire,Emp_058,INV-2024-0001932,0,normal
TX-002031,2024-03-08 12:56:00,1278.44,Vendor_058,Marketing,Consulting,Card,Emp_053,INV-2024-0001921,0,normal
TX-002032,2024-03-08 13:05:00,4071.22,Vendor_063,Finance,Travel,Check,Emp_005,INV-2024-0001918,0,normal
TX-002033,2024-03-08 13:15:00,1888.27,Vendor_101,Marketing,Supplies,Check,Emp_052,INV-2024-0001933,0,normal
TX-002034,2024-03-08 13:40:00,1576.15,Vendor_051,Marketing,Operations,ACH,Emp_050,INV-2024-0001934,0,normal
TX-002035,2024-03-08 14:08:00,4860.0,Vendor_070,IT,Consulting,Wire,Emp_045,INV-2024-0002464,1,split_payment
TX-002036,2024-03-08 14:12:00,2062.69,Vendor_055,Operations,IT,ACH,Emp_073,INV-2024-0001923,0,normal
TX-002037,2024-03-08 15:14:00,6028.35,Vendor_074,Marketing,Travel,Wire,Emp_047,INV-2024-0002415,1,same_day_burst
TX-002038,2024-03-08 15:35:00,1670.74,Vendor_014,Support,Payroll,Wire,Emp_119,INV-2024-0001920,0,normal
TX-002039,2024-03-08 15:56:00,3215.38,Vendor_049,HR,Operations,Card,Emp_025,INV-2024-0001942,0,normal
TX-002040,2024-03-08 16:07:00,1367.95,Vendor_043,HR,Payroll,Card,Emp_030,INV-2024-0001944,0,normal
TX-002041,2024-03-08 16:21:00,942.84,Vendor_019,HR,Operations,Card,Emp_021,INV-2024-0001943,0,normal
TX-002042,2024-03-09 09:22:00,1621.14,Vendor_062,Sales,IT,Card,Emp_101,INV-2024-0001961,0,normal
TX-002043,2024-03-09 09:33:00,1703.44,Vendor_015,Legal,IT,Card,Emp_081,INV-2024-0001950,0,normal
TX-002044,2024-03-09 10:08:00,2704.67,Vendor_027,Legal,Travel,Check,Emp_084,INV-2024-0001963,0,normal
TX-002045,2024-03-09 10:10:00,3831.0,Vendor_007,HR,Travel,Check,Emp_016,INV-2024-0001956,0,normal
TX-002046,2024-03-09 10:10:00,3461.18,Vendor_089,Operations,Consulting,Card,Emp_073,INV-2024-0001955,0,normal
TX-002047,2024-03-09 10:17:00,3773.5,Vendor_007,HR,Travel,Card,Emp_030,INV-2024-0001959,0,normal
TX-002048,2024-03-09 10:30:00,2765.96,Vendor_073,Sales,Supplies,Wire,Emp_097,INV-2024-0001958,0,normal
TX-002049,2024-03-09 12:40:00,4222.23,Vendor_030,Sales,Supplies,Wire,Emp_095,INV-2024-0001954,0,normal
TX-002050,2024-03-09 14:05:00,2178.91,Vendor_108,Support,Payroll,ACH,Emp_120,INV-2024-0001951,0,normal
TX-002051,2024-03-09 14:25:00,1793.41,Vendor_086,Finance,Operations,Card,Emp_008,INV-2024-0001962,0,normal
TX-002052,2024-03-09 14:44:00,1062.16,Vendor_050,HR,Payroll,Card,Emp_019,INV-2024-0001960,0,normal
TX-002053,2024-03-09 15:15:00,1222.77,Vendor_050,Finance,Operations,Check,Emp_003,INV-2024-0001953,0,normal
TX-002054,2024-03-09 15:17:00,3187.53,Vendor_069,HR,Payroll,Card,Emp_030,INV-2024-0001952,0,normal
TX-002055,2024-03-09 15:46:00,502.91,Vendor_116,Finance,IT,Card,Emp_011,INV-2024-0001957,0,normal
TX-002056,2024-03-10 08:06:00,1697.22,Vendor_075,Legal,Operations,Card,Emp_085,INV-2024-0001969,0,normal
TX-002057,2024-03-10 09:14:00,2107.65,Vendor_101,Marketing,IT,Check,Emp_050,INV-2024-0001972,0,normal
TX-002058,2024-03-10 09:23:00,3077.57,Vendor_120,Support,IT,Card,Emp_106,INV-2024-0001966,0,normal
TX-002059,2024-03-10 09:47:00,2179.96,Vendor_011,Legal,Payroll,Card,Emp_078,INV-2024-0001968,0,normal
TX-002060,2024-03-10 12:08:00,1335.89,Vendor_100,Operations,Travel,Check,Emp_071,INV-2024-0001975,0,normal
TX-002061,2024-03-10 12:23:00,1245.19,Vendor_054,Support,IT,Card,Emp_107,INV-2024-0001970,0,normal
TX-002062,2024-03-10 12:59:00,2657.31,Vendor_018,Marketing,Consulting,Check,Emp_051,INV-2024-0001967,0,normal
TX-002063,2024-03-10 13:23:00,721.97,Vendor_071,Support,Payroll,Wire,Emp_119,INV-2024-0001965,0,normal
TX-002064,2024-03-10 13:24:00,2649.9,Vendor_073,Legal,Travel,Wire,Emp_083,INV-2024-0001973,0,normal
TX-002065,2024-03-10 13:57:00,710.38,Vendor_019,HR,Operations,Card,Emp_021,INV-2024-0001976,0,normal
TX-002066,2024-03-10 14:31:00,1011.03,Vendor_004,IT,IT,Wire,Emp_031,INV-2024-0001974,0,normal
TX-002067,2024-03-10 14:34:00,3834.96,Vendor_087,HR,Travel,Card,Emp_028,INV-2024-0001964,0,normal
TX-002068,2024-03-10 16:05:00,2003.44,Vendor_109,IT,Travel,ACH,Emp_041,INV-2024-0001971,0,normal
TX-002069,2024-03-11 08:08:00,1633.82,Vendor_005,IT,Travel,Check,Emp_035,INV-2024-0001991,0,normal
TX-002070,2024-03-11 08:10:00,6441.34,Vendor_095,Support,Consulting,Card,Emp_113,INV-2024-0001977,0,normal
TX-002071,2024-03-11 09:52:00,3491.37,Vendor_104,Finance,Supplies,Wire,Emp_012,INV-2024-0001986,0,normal
TX-002072,2024-03-11 10:01:00,3011.56,Vendor_032,Finance,Operations,Check,Emp_011,INV-2024-0001997,0,normal
TX-002073,2024-03-11 10:24:00,3692.79,Vendor_078,Marketing,Payroll,Check,Emp_048,INV-2024-0001987,0,normal
TX-002074,2024-03-11 10:37:00,626.91,Vendor_102,HR,Supplies,Check,Emp_025,INV-2024-0001995,0,normal
TX-002075,2024-03-11 10:46:00,1469.29,Vendor_107,IT,Travel,Card,Emp_031,INV-2024-0002006,0,normal
TX-002076,2024-03-11 10:49:00,2899.3,Vendor_091,Finance,Payroll,Wire,Emp_003,INV-2024-0002003,0,normal
TX-002077,2024-03-11 11:02:00,2951.83,Vendor_027,Legal,Supplies,ACH,Emp_078,INV-2024-0001994,0,normal
TX-002078,2024-03-11 11:55:00,2536.85,Vendor_106,Support,Consulting,Wire,Emp_108,INV-2024-0002000,0,normal
TX-002079,2024-03-11 12:24:00,1134.15,Vendor_012,IT,Travel,Check,Emp_033,INV-2024-0001993,0,normal
TX-002080,2024-03-11 12:28:00,3436.75,Vendor_106,Support,Consulting,Check,Emp_113,INV-2024-0002004,0,normal
TX-002081,2024-03-11 12:41:00,1292.59,Vendor_103,Finance,Consulting,Wire,Emp_007,INV-2024-0001996,0,normal
TX-002082,2024-03-11 13:02:00,1325.06,Vendor_043,HR,Payroll,Wire,Emp_024,INV-2024-0001998,0,normal
TX-002083,2024-03-11 13:05:00,2496.04,Vendor_048,Legal,Operations,ACH,Emp_087,INV-2024-0002007,0,normal
TX-002084,2024-03-11 13:26:00,2442.27,Vendor_042,Marketing,Operations,Card,Emp_049,INV-2024-0001979,0,normal
TX-002085,2024-03-11 13:38:00,3904.69,Vendor_055,Operations,IT,Card,Emp_073,INV-2024-0001982,0,normal
TX-002086,2024-03-11 13:48:00,15529.93,Vendor_026,IT,Payroll,Wire,Emp_035,INV-2024-0002005,0,normal
TX-002087,2024-03-11 13:50:00,4047.93,Vendor_091,Finance,Consulting,ACH,Emp_009,INV-2024-0001983,0,normal
TX-002088,2024-03-11 13:54:00,1661.67,Vendor_015,Legal,IT,ACH,Emp_076,INV-2024-0001989,0,normal
TX-002089,2024-03-11 14:01:00,1228.17,Vendor_050,Sales,Operations,Card,Emp_105,INV-2024-0001999,0,normal
TX-002090,2024-03-11 14:32:00,693.5,Vendor_097,Support,Consulting,ACH,Emp_116,INV-2024-0001980,0,normal
TX-002091,2024-03-11 14:37:00,2760.91,Vendor_033,Marketing,Operations,Check,Emp_058,INV-2024-0002001,0,normal
TX-002092,2024-03-11 14:44:00,4223.72,Vendor_105,Support,Operations,Check,Emp_115,INV-2024-0001985,0,normal
TX-002093,2024-03-11 14:45:00,2733.31,Vendor_034,Sales,IT,Wire,Emp_098,INV-2024-0001981,0,normal
TX-002094,2024-03-11 14:49:00,3146.62,Vendor_110,IT,Payroll,Check,Emp_038,INV-2024-0002002,0,normal
TX-002095,2024-03-11 15:05:00,1062.57,Vendor_043,HR,Payroll,Wire,Emp_021,INV-2024-0001984,0,normal
TX-002096,2024-03-11 15:36:00,2222.47,Vendor_107,IT,Operations,Card,Emp_043,INV-2024-0001990,0,normal
TX-002097,2024-03-11 15:49:00,9493.5,Vendor_091,Finance,Payroll,ACH,Emp_006,INV-2024-0001988,0,normal
TX-002098,2024-03-11 17:30:00,991.46,Vendor_093,Finance,Payroll,ACH,Emp_004,INV-2024-0001978,0,normal
TX-002099,2024-03-11 18:04:00,1982.31,Vendor_029,Marketing,Travel,ACH,Emp_060,INV-2024-0001992,0,normal
TX-002100,2024-03-12 01:26:00,2435.63,Vendor_042,Marketing,Operations,ACH,Emp_059,INV-2024-0001979,1,duplicate_invoice
TX-002101,2024-03-12 07:00:00,6573.31,Vendor_026,IT,Consulting,Check,Emp_036,INV-2024-0002029,0,normal
TX-002102,2024-03-12 08:02:00,2561.67,Vendor_027,Legal,Travel,ACH,Emp_076,INV-2024-0002027,0,normal
TX-002103,2024-03-12 10:03:00,1229.42,Vendor_101,Marketing,Travel,Card,Emp_046,INV-2024-0002009,0,normal
TX-002104,2024-03-12 10:25:00,5838.7,Vendor_065,Support,IT,ACH,Emp_106,INV-2024-0002014,0,normal
TX-002105,2024-03-12 11:10:00,1637.93,Vendor_064,Sales,IT,ACH,Emp_097,INV-2024-0002031,0,normal
TX-002106,2024-03-12 11:52:00,5721.16,Vendor_081,Marketing,Consulting,Wire,Emp_048,INV-2024-0002030,0,normal
TX-002107,2024-03-12 12:31:00,1606.05,Vendor_102,HR,Consulting,Card,Emp_029,INV-2024-0002042,0,normal
TX-002108,2024-03-12 12:33:00,3418.45,Vendor_073,Sales,Travel,ACH,Emp_098,INV-2024-0002010,0,normal
TX-002109,2024-03-12 12:50:00,1220.61,Vendor_001,Marketing,IT,Card,Emp_060,INV-2024-0002016,0,normal
TX-002110,2024-03-12 12:53:00,3867.9,Vendor_089,Operations,Travel,Card,Emp_061,INV-2024-0002021,0,normal
TX-002111,2024-03-12 12:58:00,1670.78,Vendor_118,Finance,Supplies,Wire,Emp_006,INV-2024-0002012,0,normal
TX-002112,2024-03-12 13:03:00,3468.78,Vendor_112,Legal,Supplies,ACH,Emp_079,INV-2024-0002044,0,normal
TX-002113,2024-03-12 13:06:00,3334.74,Vendor_052,Finance,IT,Card,Emp_006,INV-2024-0002026,0,normal
TX-002114,2024-03-12 13:07:00,1320.16,Vendor_055,Operations,Consulting,Card,Emp_066,INV-2024-0002025,0,normal
TX-002115,2024-03-12 13:10:00,3347.2,Vendor_015,Finance,IT,Card,Emp_011,INV-2024-0002040,0,normal
TX-002116,2024-03-12 13:12:00,1939.2,Vendor_032,Finance,Travel,Check,Emp_002,INV-2024-0002020,0,normal
TX-002117,2024-03-12 13:54:00,1399.71,Vendor_100,Operations,Operations,Check,Emp_064,INV-2024-0002018,0,normal
TX-002118,2024-03-12 13:56:00,1055.13,Vendor_088,Operations,Consulting,ACH,Emp_064,INV-2024-0002008,0,normal
TX-002119,2024-03-12 13:57:00,7602.78,Vendor_114,Sales,Travel,Wire,Emp_102,INV-2024-0002454,1,high_amount
TX-002120,2024-03-12 14:01:00,1543.59,Vendor_043,HR,Payroll,Wire,Emp_022,INV-2024-0002035,0,normal
TX-002121,2024-03-12 14:11:00,2445.37,Vendor_094,Operations,Operations,Check,Emp_066,INV-2024-0002028,0,normal
TX-002122,2024-03-12 14:24:00,3886.54,Vendor_065,Sales,IT,ACH,Emp_104,INV-2024-0002033,0,normal
TX-002123,2024-03-12 14:30:00,450.43,Vendor_116,Finance,Consulting,Wire,Emp_003,INV-2024-0002022,0,normal
TX-002124,2024-03-12 14:55:00,2573.31,Vendor_014,Support,Operations,Card,Emp_116,INV-2024-0002039,0,normal
TX-002125,2024-03-12 14:58:00,2228.53,Vendor_042,Marketing,Operations,Card,Emp_056,INV-2024-0002024,0,normal
TX-002126,2024-03-12 14:58:00,734.45,Vendor_097,Marketing,Operations,Wire,Emp_053,INV-2024-0002041,0,normal
TX-002127,2024-03-12 15:10:00,1766.82,Vendor_023,Marketing,Operations,Card,Emp_054,INV-2024-0002034,0,normal
TX-002128,2024-03-12 15:35:00,1882.6,Vendor_012,IT,Supplies,Check,Emp_034,INV-2024-0002037,0,normal
TX-002129,2024-03-12 15:35:00,1135.46,Vendor_036,IT,Travel,Wire,Emp_037,INV-2024-0002015,0,normal
TX-002130,2024-03-12 15:46:00,3440.32,Vendor_063,Finance,Payroll,Wire,Emp_014,INV-2024-0002023,0,normal
TX-002131,2024-03-12 15:59:00,1104.07,Vendor_108,Support,Payroll,Wire,Emp_110,INV-2024-0002011,0,normal
TX-002132,2024-03-12 16:05:00,2889.74,Vendor_017,Legal,IT,Wire,Emp_085,INV-2024-0002038,0,normal
TX-002133,2024-03-12 16:11:00,1551.62,Vendor_102,HR,Supplies,ACH,Emp_028,INV-2024-0002032,0,normal
TX-002134,2024-03-12 16:11:00,2762.67,Vendor_021,Operations,Consulting,Card,Emp_064,INV-2024-0002013,0,normal
TX-002135,2024-03-12 16:34:00,4459.46,Vendor_066,HR,Supplies,ACH,Emp_020,INV-2024-0002036,0,normal
TX-002136,2024-03-12 17:26:00,1958.61,Vendor_004,IT,IT,Wire,Emp_042,INV-2024-0002019,0,normal
TX-002137,2024-03-12 17:53:00,2458.21,Vendor_015,Legal,Supplies,Card,Emp_085,INV-2024-0002043,0,normal
TX-002138,2024-03-12 18:53:00,3897.38,Vendor_089,Operations,Travel,Card,Emp_073,INV-2024-0002021,1,duplicate_invoice
TX-002139,2024-03-12 18:54:00,1400.0,Vendor_024,Sales,Payroll,ACH,Emp_092,INV-2024-0002017,0,normal
TX-002140,2024-03-13 06:10:00,6540.86,Vendor_095,Support,Consulting,Card,Emp_116,INV-2024-0001977,1,duplicate_invoice
TX-002141,2024-03-13 07:57:00,2271.89,Vendor_023,Sales,Travel,Card,Emp_105,INV-2024-0002059,0,normal
TX-002142,2024-03-13 08:33:00,4298.0,Vendor_018,Marketing,Supplies,Card,Emp_056,INV-2024-0002400,1,payment_method_switch
TX-002143,2024-03-13 09:07:00,2845.63,Vendor_029,Marketing,Consulting,Check,Emp_054,INV-2024-0002045,0,normal
TX-002144,2024-03-13 10:22:00,1721.23,Vendor_075,IT,Operations,ACH,Emp_041,INV-2024-0002048,0,normal
TX-002145,2024-03-13 10:47:00,1793.45,Vendor_086,IT,Supplies,Wire,Emp_045,INV-2024-0002065,0,normal
TX-002146,2024-03-13 10:52:00,6157.08,Vendor_100,Operations,Travel,Card,Emp_062,INV-2024-0002390,1,high_amount
TX-002147,2024-03-13 10:56:00,1751.8,Vendor_079,Sales,Travel,ACH,Emp_093,INV-2024-0002051,0,normal
TX-002148,2024-03-13 10:57:00,1589.44,Vendor_040,IT,IT,Check,Emp_042,INV-2024-0002056,0,normal
TX-002149,2024-03-13 11:22:00,2779.49,Vendor_041,IT,Payroll,Check,Emp_041,INV-2024-0002062,0,normal
TX-002150,2024-03-13 11:35:00,2422.38,Vendor_053,Finance,Travel,ACH,Emp_005,INV-2024-0002058,0,normal
TX-002151,2024-03-13 11:58:00,813.1,Vendor_071,Support,Supplies,Wire,Emp_113,INV-2024-0002055,0,normal
TX-002152,2024-03-13 12:01:00,2735.1,Vendor_041,IT,Payroll,Wire,Emp_033,INV-2024-0002049,0,normal
TX-002153,2024-03-13 12:08:00,3481.66,Vendor_048,Legal,Operations,ACH,Emp_090,INV-2024-0002057,0,normal
TX-002154,2024-03-13 12:09:00,10937.73,Vendor_090,Finance,Consulting,Wire,Emp_002,INV-2024-0002068,0,normal
TX-002155,2024-03-13 12:33:00,1987.06,Vendor_036,IT,Payroll,Check,Emp_035,INV-2024-0002046,0,normal
TX-002156,2024-03-13 12:49:00,1802.33,Vendor_103,Finance,Supplies,Check,Emp_003,INV-2024-0002061,0,normal
TX-002157,2024-03-13 12:59:00,3902.67,Vendor_059,Marketing,Operations,Wire,Emp_057,INV-2024-0002064,0,normal
TX-002158,2024-03-13 13:06:00,3400.0,Vendor_006,Legal,Supplies,ACH,Emp_085,INV-2024-0002053,0,normal
TX-002159,2024-03-13 13:11:00,3057.42,Vendor_041,HR,Payroll,Wire,Emp_021,INV-2024-0002052,0,normal
TX-002160,2024-03-13 13:12:00,3373.53,Vendor_106,Operations,Consulting,Check,Emp_065,INV-2024-0002060,0,normal
TX-002161,2024-03-13 13:54:00,2372.03,Vendor_017,Legal,IT,Wire,Emp_077,INV-2024-0002050,0,normal
TX-002162,2024-03-13 14:12:00,2556.24,Vendor_033,Marketing,Supplies,Check,Emp_055,INV-2024-0002066,0,normal
TX-002163,2024-03-13 14:54:00,1196.01,Vendor_102,HR,Supplies,Check,Emp_028,INV-2024-0002063,0,normal
TX-002164,2024-03-13 16:49:00,3760.14,Vendor_078,Marketing,Travel,Wire,Emp_047,INV-2024-0002067,0,normal
TX-002165,2024-03-13 16:59:00,3099.44,Vendor_061,Operations,Operations,ACH,Emp_070,INV-2024-0002054,0,normal
TX-002166,2024-03-13 17:08:00,2175.4,Vendor_029,HR,Travel,ACH,Emp_017,INV-2024-0002047,0,normal
TX-002167,2024-03-14 07:39:00,1265.79,Vendor_079,Sales,Travel,Card,Emp_101,INV-2024-0002084,0,normal
TX-002168,2024-03-14 08:50:00,2041.42,Vendor_053,Finance,Supplies,ACH,Emp_013,INV-2024-0002092,0,normal
TX-002169,2024-03-14 09:15:00,2707.83,Vendor_021,Operations,Consulting,Card,Emp_067,INV-2024-0002083,0,normal
TX-002170,2024-03-14 09:20:00,1790.62,Vendor_051,Support,IT,ACH,Emp_117,INV-2024-0002087,0,normal
TX-002171,2024-03-14 09:31:00,1647.53,Vendor_109,IT,Travel,Card,Emp_033,INV-2024-0002075,0,normal
TX-002172,2024-03-14 09:39:00,1664.45,Vendor_029,Marketing,Payroll,ACH,Emp_051,INV-2024-0002095,0,normal
TX-002173,2024-03-14 09:45:00,2078.38,Vendor_029,Marketing,Travel,Wire,Emp_053,INV-2024-0002072,0,normal
TX-002174,2024-03-14 10:20:00,2110.01,Vendor_104,Finance,Supplies,Check,Emp_014,INV-2024-0002098,0,normal
TX-002175,2024-03-14 10:28:00,4322.89,Vendor_009,HR,Supplies,Check,Emp_022,INV-2024-0002073,0,normal
TX-002176,2024-03-14 10:40:00,1837.73,Vendor_037,Legal,Consulting,Wire,Emp_083,INV-2024-0002082,0,normal
TX-002177,2024-03-14 11:07:00,1183.07,Vendor_058,Marketing,Consulting,Card,Emp_051,INV-2024-0002094,0,normal
TX-002178,2024-03-14 11:23:00,1489.9,Vendor_053,Finance,Payroll,ACH,Emp_010,INV-2024-0002076,0,normal
TX-002179,2024-03-14 11:30:00,3185.95,Vendor_077,Sales,Consulting,Check,Emp_097,INV-2024-0002093,0,normal
TX-002180,2024-03-14 11:36:00,2595.8,Vendor_077,Sales,Consulting,ACH,Emp_096,INV-2024-0002069,0,normal
TX-002181,2024-03-14 11:39:00,4770.0,Vendor_053,Finance,Supplies,Wire,Emp_013,INV-2024-0002419,1,split_payment
TX-002182,2024-03-14 11:46:00,489.43,Vendor_097,Marketing,Operations,Check,Emp_059,INV-2024-0002086,0,normal
TX-002183,2024-03-14 11:47:00,2706.33,Vendor_041,IT,Payroll,Check,Emp_034,INV-2024-0002074,0,normal
TX-002184,2024-03-14 12:41:00,2363.35,Vendor_098,Legal,Travel,ACH,Emp_077,INV-2024-0002077,0,normal
TX-002185,2024-03-14 12:44:00,1213.58,Vendor_072,Support,IT,Check,Emp_120,INV-2024-0002096,0,normal
TX-002186,2024-03-14 12:47:00,608.44,Vendor_102,HR,Supplies,ACH,Emp_028,INV-2024-0002079,0,normal
TX-002187,2024-03-14 12:55:00,1406.94,Vendor_005,IT,IT,Card,Emp_034,INV-2024-0002099,0,normal
TX-002188,2024-03-14 13:35:00,2776.66,Vendor_010,Support,Supplies,Card,Emp_108,INV-2024-0002080,0,normal
TX-002189,2024-03-14 13:42:00,1754.0,Vendor_046,Legal,Travel,Card,Emp_087,INV-2024-0002091,0,normal
TX-002190,2024-03-14 13:48:00,5097.83,Vendor_069,HR,Payroll,Check,Emp_024,INV-2024-0002097,0,normal
TX-002191,2024-03-14 14:52:00,2890.02,Vendor_018,Marketing,Consulting,Check,Emp_054,INV-2024-0002078,0,normal
TX-002192,2024-03-14 15:22:00,904.81,Vendor_083,Support,Payroll,Check,Emp_107,INV-2024-0002081,0,normal
TX-002193,2024-03-14 16:00:00,3522.99,Vendor_094,HR,Operations,ACH,Emp_023,INV-2024-0002089,0,normal
TX-002194,2024-03-14 16:12:00,3587.81,Vendor_027,Legal,Payroll,ACH,Emp_084,INV-2024-0002071,0,normal
TX-002195,2024-03-14 16:20:00,2218.55,Vendor_048,IT,Operations,ACH,Emp_045,INV-2024-0002085,0,normal
TX-002196,2024-03-14 17:04:00,670.37,Vendor_071,Support,Supplies,Wire,Emp_110,INV-2024-0002090,0,normal
TX-002197,2024-03-14 17:48:00,3673.25,Vendor_106,Support,Consulting,Wire,Emp_117,INV-2024-0002088,0,normal
TX-002198,2024-03-14 18:17:00,2374.94,Vendor_120,IT,Supplies,Check,Emp_035,INV-2024-0002070,0,normal
TX-002199,2024-03-14 21:50:00,1368.59,Vendor_053,Finance,Payroll,ACH,Emp_010,INV-2024-0002387,1,same_day_burst
TX-002200,2024-03-15 07:02:00,3358.45,Vendor_066,Support,Consulting,ACH,Emp_106,INV-2024-0002138,0,normal
TX-002201,2024-03-15 07:07:00,1262.91,Vendor_050,HR,Payroll,Wire,Emp_016,INV-2024-0002122,0,normal
TX-002202,2024-03-15 07:39:00,2623.06,Vendor_034,HR,Operations,Card,Emp_026,INV-2024-0002118,0,normal
TX-002203,2024-03-15 08:21:00,2449.54,Vendor_021,Marketing,Consulting,Wire,Emp_051,INV-2024-0002101,0,normal
TX-002204,2024-03-15 08:36:00,1411.66,Vendor_039,Operations,Supplies,Wire,Emp_061,INV-2024-0002111,0,normal
TX-002205,2024-03-15 09:07:00,1789.25,Vendor_033,Operations,IT,Card,Emp_066,INV-2024-0002135,0,normal
TX-002206,2024-03-15 09:17:00,1535.76,Vendor_043,HR,Operations,Wire,Emp_022,INV-2024-0002102,0,normal
TX-002207,2024-03-15 09:17:00,5350.35,Vendor_092,Sales,Consulting,Check,Emp_101,INV-2024-0002124,0,normal
TX-002208,2024-03-15 09:21:00,4801.96,Vendor_020,Marketing,Payroll,ACH,Emp_059,INV-2024-0002130,0,normal
TX-002209,2024-03-15 09:39:00,398.23,Vendor_019,HR,Operations,ACH,Emp_024,INV-2024-0002110,0,normal
TX-002210,2024-03-15 10:11:00,1691.8,Vendor_117,Operations,IT,Check,Emp_062,INV-2024-0002109,0,normal
TX-002211,2024-03-15 10:54:00,602.09,Vendor_071,Support,Supplies,ACH,Emp_119,INV-2024-0002123,0,normal
TX-002212,2024-03-15 11:03:00,3650.0,Vendor_027,Legal,Travel,Card,Emp_079,INV-2024-0002131,0,normal
TX-002213,2024-03-15 11:30:00,4880.55,Vendor_070,IT,Consulting,Card,Emp_032,INV-2024-0002132,0,normal
TX-002214,2024-03-15 11:33:00,4376.12,Vendor_063,Finance,Supplies,Card,Emp_007,INV-2024-0002112,0,normal
TX-002215,2024-03-15 11:44:00,3939.09,Vendor_022,Sales,Consulting,ACH,Emp_094,INV-2024-0002125,0,normal
TX-002216,2024-03-15 11:48:00,4859.68,Vendor_095,Support,Payroll,Card,Emp_111,INV-2024-0002108,0,normal
TX-002217,2024-03-15 12:01:00,5049.38,Vendor_085,Marketing,Operations,Card,Emp_060,INV-2024-0002116,0,normal
TX-002218,2024-03-15 12:09:00,8902.42,Vendor_090,Finance,Consulting,Check,Emp_005,INV-2024-0002113,0,normal
TX-002219,2024-03-15 12:34:00,2045.65,Vendor_062,Sales,IT,Card,Emp_098,INV-2024-0002119,0,normal
TX-002220,2024-03-15 12:38:00,3153.23,Vendor_006,Sales,Supplies,Card,Emp_102,INV-2024-0002106,0,normal
TX-002221,2024-03-15 13:19:00,954.47,Vendor_083,Support,Supplies,Check,Emp_119,INV-2024-0002137,0,normal
TX-002222,2024-03-15 13:26:00,8525.51,Vendor_002,Finance,Payroll,Card,Emp_001,INV-2024-0002128,0,normal
TX-002223,2024-03-15 13:33:00,2610.98,Vendor_087,HR,Travel,Card,Emp_019,INV-2024-0002105,0,normal
TX-002224,2024-03-15 13:56:00,1768.81,Vendor_062,Sales,Consulting,Card,Emp_101,INV-2024-0002104,0,normal
TX-002225,2024-03-15 14:05:00,4991.94,Vendor_022,Sales,Consulting,Card,Emp_100,INV-2024-0002134,0,normal
TX-002226,2024-03-15 14:17:00,2910.64,Vendor_098,Legal,Travel,Check,Emp_079,INV-2024-0002103,0,normal
TX-002227,2024-03-15 14:17:00,1570.06,Vendor_043,HR,Operations,Wire,Emp_025,INV-2024-0002102,1,duplicate_invoice
TX-002228,2024-03-15 14:21:00,5295.51,Vendor_073,Sales,IT,Wire,Emp_100,INV-2024-0002114,0,normal
TX-002229,2024-03-15 14:39:00,645.09,Vendor_071,Support,Supplies,Wire,Emp_110,INV-2024-0002100,0,normal
TX-002230,2024-03-15 14:54:00,2937.08,Vendor_027,Legal,Supplies,ACH,Emp_076,INV-2024-0002133,0,normal
TX-002231,2024-03-15 14:59:00,417.58,Vendor_111,Finance,IT,ACH,Emp_005,INV-2024-0002117,0,normal
TX-002232,2024-03-15 15:06:00,2377.94,Vendor_048,Legal,IT,ACH,Emp_084,INV-2024-0002121,0,normal
TX-002233,2024-03-15 15:09:00,2168.23,Vendor_011,Legal,Payroll,Check,Emp_079,INV-2024-0002107,0,normal
TX-002234,2024-03-15 15:34:00,4439.43,Vendor_049,Finance,Operations,Card,Emp_014,INV-2024-0002126,0,normal
TX-002235,2024-03-15 15:35:00,653.03,Vendor_071,Support,Supplies,Card,Emp_106,INV-2024-0002115,0,normal
TX-002236,2024-03-15 16:38:00,1799.0,Vendor_062,Sales,Supplies,Card,Emp_092,INV-2024-0002129,0,normal
TX-002237,2024-03-15 16:56:00,3218.18,Vendor_005,IT,IT,Card,Emp_036,INV-2024-0002136,0,normal
TX-002238,2024-03-15 16:57:00,5517.06,Vendor_006,Legal,IT,Wire,Emp_085,INV-2024-0002412,1,payment_method_switch
TX-002239,2024-03-15 17:20:00,2005.26,Vendor_055,Legal,Consulting,Card,Emp_080,INV-2024-0002120,0,normal
TX-002240,2024-03-15 18:40:00,1680.18,Vendor_048,Legal,Operations,ACH,Emp_084,INV-2024-0002127,0,normal
TX-002241,2024-03-16 08:03:00,1384.37,Vendor_101,Marketing,Travel,Check,Emp_056,INV-2024-0002140,0,normal
TX-002242,2024-03-16 09:45:00,2021.38,Vendor_008,Support,IT,ACH,Emp_119,INV-2024-0002142,0,normal
TX-002243,2024-03-16 09:45:00,7375.2,Vendor_005,IT,IT,ACH,Emp_034,INV-2024-0002449,1,high_amount
TX-002244,2024-03-16 11:19:00,2534.02,Vendor_108,Support,Supplies,Wire,Emp_119,INV-2024-0002144,0,normal
TX-002245,2024-03-16 12:02:00,2483.88,Vendor_101,Marketing,IT,ACH,Emp_058,INV-2024-0002145,0,normal
TX-002246,2024-03-16 12:12:00,1506.92,Vendor_010,Support,Payroll,Card,Emp_116,INV-2024-0002147,0,normal
TX-002247,2024-03-16 12:51:00,1678.11,Vendor_051,Support,IT,ACH,Emp_120,INV-2024-0002143,0,normal
TX-002248,2024-03-16 12:59:00,2804.16,Vendor_067,Operations,IT,Card,Emp_070,INV-2024-0002146,0,normal
TX-002249,2024-03-16 13:46:00,2978.88,Vendor_077,Sales,Travel,Card,Emp_101,INV-2024-0002139,0,normal
TX-002250,2024-03-16 14:10:00,5760.08,Vendor_043,HR,Payroll,ACH,Emp_019,INV-2024-0002456,1,high_amount
TX-002251,2024-03-16 14:26:00,2625.2,Vendor_078,Marketing,Travel,Wire,Emp_053,INV-2024-0002141,0,normal
TX-002252,2024-03-16 14:34:00,2269.96,Vendor_089,Operations,Consulting,Card,Emp_072,INV-2024-0002148,0,normal
TX-002253,2024-03-17 08:03:00,11033.35,Vendor_026,IT,Payroll,ACH,Emp_037,INV-2024-0002157,0,normal
TX-002254,2024-03-17 10:06:00,1072.79,Vendor_039,Operations,Supplies,Check,Emp_070,INV-2024-0002150,0,normal
TX-002255,2024-03-17 10:36:00,1946.96,Vendor_024,Finance,Payroll,ACH,Emp_003,INV-2024-0002151,0,normal
TX-002256,2024-03-17 10:55:00,1024.18,Vendor_119,Legal,IT,Card,Emp_089,INV-2024-0002156,0,normal
TX-002257,2024-03-17 11:16:00,898.12,Vendor_050,HR,Operations,Card,Emp_019,INV-2024-0002152,0,normal
TX-002258,2024-03-17 12:19:00,3578.1,Vendor_120,Support,Supplies,Wire,Emp_117,INV-2024-0002149,0,normal
TX-002259,2024-03-17 12:40:00,2846.16,Vendor_086,IT,Payroll,ACH,Emp_035,INV-2024-0002158,0,normal
TX-002260,2024-03-17 12:41:00,1811.8,Vendor_029,Marketing,Travel,Check,Emp_051,INV-2024-0002164,0,normal
TX-002261,2024-03-17 13:30:00,3145.86,Vendor_023,Marketing,Travel,Card,Emp_052,INV-2024-0002163,0,normal
TX-002262,2024-03-17 14:53:00,3222.91,Vendor_009,HR,Supplies,ACH,Emp_025,INV-2024-0002154,0,normal
TX-002263,2024-03-17 15:05:00,191.07,Vendor_047,Support,Consulting,ACH,Emp_107,INV-2024-0002162,0,normal
TX-002264,2024-03-17 15:25:00,1381.63,Vendor_043,HR,Supplies,Wire,Emp_022,INV-2024-0002159,0,normal
TX-002265,2024-03-17 15:28:00,3605.55,Vendor_077,Sales,IT,Wire,Emp_096,INV-2024-0002153,0,normal
TX-002266,2024-03-17 15:57:00,4949.1,Vendor_022,Sales,Supplies,Check,Emp_092,INV-2024-0002160,0,normal
TX-002267,2024-03-17 17:53:00,8600.39,Vendor_091,Finance,Supplies,Card,Emp_008,INV-2024-0002155,0,normal
TX-002268,2024-03-17 18:25:00,1670.36,Vendor_084,HR,Consulting,Check,Emp_023,INV-2024-0002161,0,normal
TX-002269,2024-03-18 02:36:00,1980.68,Vendor_024,Finance,Payroll,ACH,Emp_013,INV-2024-0002151,1,duplicate_invoice
TX-002270,2024-03-18 08:55:00,785.25,Vendor_111,Finance,IT,ACH,Emp_004,INV-2024-0002169,0,normal
TX-002271,2024-03-18 09:21:00,3377.79,Vendor_110,IT,Payroll,Wire,Emp_034,INV-2024-0002196,0,normal
TX-002272,2024-03-18 09:42:00,5261.14,Vendor_022,Operations,IT,ACH,Emp_070,INV-2024-0002182,0,normal
TX-002273,2024-03-18 10:04:00,3039.03,Vendor_023,Marketing,Operations,Card,Emp_054,INV-2024-0002174,0,normal
TX-002274,2024-03-18 10:22:00,4739.0,Vendor_091,IT,Supplies,ACH,Emp_038,INV-2024-0002186,0,normal
TX-002275,2024-03-18 10:44:00,834.38,Vendor_111,Support,IT,ACH,Emp_115,INV-2024-0002193,0,normal
TX-002276,2024-03-18 10:45:00,2165.8,Vendor_114,Sales,Travel,Check,Emp_105,INV-2024-0002180,0,normal
TX-002277,2024-03-18 10:46:00,2062.53,Vendor_053,Finance,Payroll,ACH,Emp_013,INV-2024-0002177,0,normal
TX-002278,2024-03-18 10:56:00,2589.87,Vendor_069,HR,Operations,Wire,Emp_016,INV-2024-0002192,0,normal
TX-002279,2024-03-18 11:11:00,1123.66,Vendor_088,Operations,Consulting,Wire,Emp_074,INV-2024-0002176,0,normal
TX-002280,2024-03-18 11:23:00,1127.92,Vendor_119,Legal,IT,ACH,Emp_076,INV-2024-0002173,0,normal
TX-002281,2024-03-18 11:30:00,5230.77,Vendor_013,Sales,IT,Check,Emp_093,INV-2024-0002200,0,normal
TX-002282,2024-03-18 11:45:00,3211.88,Vendor_078,Marketing,Payroll,Check,Emp_056,INV-2024-0002178,0,normal
TX-002283,2024-03-18 11:46:00,3350.0,Vendor_006,Legal,Supplies,ACH,Emp_083,INV-2024-0002185,0,normal
TX-002284,2024-03-18 11:46:00,7433.79,Vendor_063,Legal,Operations,Card,Emp_085,INV-2024-0002425,1,vendor_department_shift
TX-002285,2024-03-18 12:07:00,3238.0,Vendor_085,Marketing,Travel,Card,Emp_060,INV-2024-0002197,0,normal
TX-002286,2024-03-18 12:09:00,1779.33,Vendor_102,HR,Consulting,Check,Emp_017,INV-2024-0002198,0,normal
TX-002287,2024-03-18 12:18:00,1149.98,Vendor_102,HR,Supplies,Wire,Emp_017,INV-2024-0002179,0,normal
TX-002288,2024-03-18 12:20:00,3350.12,Vendor_069,HR,Operations,Wire,Emp_028,INV-2024-0002183,0,normal
TX-002289,2024-03-18 12:52:00,1172.88,Vendor_039,Operations,Operations,Wire,Emp_073,INV-2024-0002190,0,normal
TX-002290,2024-03-18 13:03:00,7743.66,Vendor_016,Support,IT,Wire,Emp_107,INV-2024-0002184,0,normal
TX-002291,2024-03-18 13:11:00,1895.99,Vendor_062,Sales,IT,Card,Emp_093,INV-2024-0002167,0,normal
TX-002292,2024-03-18 13:13:00,3115.68,Vendor_096,Finance,Consulting,Check,Emp_006,INV-2024-0002166,0,normal
TX-002293,2024-03-18 13:20:00,3283.69,Vendor_089,Operations,IT,Card,Emp_062,INV-2024-0002165,0,normal
TX-002294,2024-03-18 13:42:00,13140.79,Vendor_026,IT,Consulting,Check,Emp_041,INV-2024-0002181,0,normal
TX-002295,2024-03-18 13:43:00,4050.0,Vendor_023,Marketing,Operations,Card,Emp_060,INV-2024-0002187,0,normal
TX-002296,2024-03-18 13:52:00,3184.26,Vendor_108,Support,Payroll,Card,Emp_110,INV-2024-0002188,0,normal
TX-002297,2024-03-18 14:27:00,1933.51,Vendor_059,Operations,Operations,ACH,Emp_074,INV-2024-0002189,0,normal
TX-002298,2024-03-18 14:33:00,4201.99,Vendor_022,Sales,IT,ACH,Emp_093,INV-2024-0002168,0,normal
TX-002299,2024-03-18 15:31:00,1980.9,Vendor_086,IT,Payroll,ACH,Emp_036,INV-2024-0002170,0,normal
TX-002300,2024-03-18 16:08:00,6055.42,Vendor_085,Marketing,Operations,Check,Emp_053,INV-2024-0002195,0,normal
TX-002301,2024-03-18 16:08:00,1495.24,Vendor_062,Sales,Consulting,Card,Emp_094,INV-2024-0002172,0,normal
TX-002302,2024-03-18 16:22:00,4353.5,Vendor_052,Marketing,Supplies,ACH,Emp_056,INV-2024-0002194,0,normal
TX-002303,2024-03-18 16:36:00,4028.88,Vendor_069,HR,Payroll,Wire,Emp_021,INV-2024-0002175,0,normal
TX-002304,2024-03-18 17:23:00,1166.97,Vendor_107,IT,Consulting,Card,Emp_036,INV-2024-0002171,0,normal
TX-002305,2024-03-18 17:32:00,568.11,Vendor_102,HR,Consulting,Wire,Emp_023,INV-2024-0002191,0,normal
TX-002306,2024-03-18 17:37:00,2757.15,Vendor_064,Sales,IT,ACH,Emp_100,INV-2024-0002199,0,normal
TX-002307,2024-03-18 18:10:00,6567.86,Vendor_085,Marketing,Operations,Check,Emp_053,INV-2024-0002393,1,same_day_burst
TX-002308,2024-03-19 07:02:00,872.04,Vendor_005,IT,IT,Wire,Emp_031,INV-2024-0002223,0,normal
TX-002309,2024-03-19 08:20:00,2729.56,Vendor_048,Legal,Operations,ACH,Emp_090,INV-2024-0002219,0,normal
TX-002310,2024-03-19 09:05:00,1746.63,Vendor_038,Operations,IT,ACH,Emp_071,INV-2024-0002228,0,normal
TX-002311,2024-03-19 09:10:00,4244.24,Vendor_073,Sales,Travel,Card,Emp_104,INV-2024-0002233,0,normal
TX-002312,2024-03-19 09:30:00,1667.96,Vendor_064,Sales,IT,ACH,Emp_102,INV-2024-0002221,0,normal
TX-002313,2024-03-19 10:22:00,4251.67,Vendor_070,Finance,Consulting,ACH,Emp_006,INV-2024-0002236,0,normal
TX-002314,2024-03-19 10:26:00,2411.68,Vendor_051,HR,IT,Card,Emp_028,INV-2024-0002206,0,normal
TX-002315,2024-03-19 10:34:00,2767.08,Vendor_038,Finance,Operations,Card,Emp_010,INV-2024-0002218,0,normal
TX-002316,2024-03-19 11:54:00,1117.51,Vendor_050,HR,Payroll,Wire,Emp_023,INV-2024-0002203,0,normal
TX-002317,2024-03-19 12:02:00,2220.9,Vendor_114,Sales,Travel,Check,Emp_104,INV-2024-0002201,0,normal
TX-002318,2024-03-19 12:05:00,2433.01,Vendor_041,IT,Payroll,Check,Emp_034,INV-2024-0002225,0,normal
TX-002319,2024-03-19 12:06:00,960.3,Vendor_012,Legal,Operations,Check,Emp_080,INV-2024-0002211,0,normal
TX-002320,2024-03-19 12:12:00,2290.09,Vendor_033,Marketing,Operations,Wire,Emp_055,INV-2024-0002209,0,normal
TX-002321,2024-03-19 12:13:00,1906.88,Vendor_041,IT,Payroll,Check,Emp_039,INV-2024-0002232,0,normal
TX-002322,2024-03-19 12:19:00,2455.05,Vendor_032,Finance,IT,ACH,Emp_001,INV-2024-0002215,0,normal
TX-002323,2024-03-19 12:21:00,424.78,Vendor_076,Operations,Consulting,Check,Emp_073,INV-2024-0002220,0,normal
TX-002324,2024-03-19 12:44:00,1807.16,Vendor_109,IT,Consulting,Wire,Emp_039,INV-2024-0002231,0,normal
TX-002325,2024-03-19 12:47:00,798.22,Vendor_119,Legal,Travel,Wire,Emp_079,INV-2024-0002235,0,normal
TX-002326,2024-03-19 13:01:00,3630.51,Vendor_042,Finance,IT,Wire,Emp_001,INV-2024-0002427,1,vendor_department_shift
TX-002327,2024-03-19 13:25:00,947.43,Vendor_050,HR,Operations,Wire,Emp_027,INV-2024-0002226,0,normal
TX-002328,2024-03-19 13:42:00,2960.25,Vendor_077,Sales,IT,Check,Emp_105,INV-2024-0002202,0,normal
TX-002329,2024-03-19 13:43:00,6661.19,Vendor_013,Marketing,IT,Wire,Emp_048,INV-2024-0002222,0,normal
TX-002330,2024-03-19 14:16:00,1875.61,Vendor_109,Legal,Payroll,Card,Emp_081,INV-2024-0002204,0,normal
TX-002331,2024-03-19 14:55:00,5270.82,Vendor_013,Sales,Consulting,Wire,Emp_094,INV-2024-0002205,0,normal
TX-002332,2024-03-19 15:22:00,2550.0,Vendor_015,Legal,IT,Wire,Emp_085,INV-2024-0002208,0,normal
TX-002333,2024-03-19 15:23:00,945.16,Vendor_031,HR,Operations,Card,Emp_023,INV-2024-0002224,0,normal
TX-002334,2024-03-19 15:26:00,3086.41,Vendor_055,Operations,IT,Card,Emp_064,INV-2024-0002216,0,normal
TX-002335,2024-03-19 15:43:00,3140.53,Vendor_007,HR,Consulting,Card,Emp_029,INV-2024-0002230,0,normal
TX-002336,2024-03-19 15:55:00,1843.0,Vendor_075,IT,Travel,ACH,Emp_040,INV-2024-0002234,0,normal
TX-002337,2024-03-19 15:57:00,9611.6,Vendor_002,Finance,IT,Card,Emp_006,INV-2024-0002227,0,normal
TX-002338,2024-03-19 15:59:00,2439.59,Vendor_063,Finance,Payroll,ACH,Emp_009,INV-2024-0002212,0,normal
TX-002339,2024-03-19 16:01:00,734.0,Vendor_003,Sales,Consulting,Check,Emp_102,INV-2024-0002207,0,normal
TX-002340,2024-03-19 16:56:00,4500.0,Vendor_022,Legal,Supplies,ACH,Emp_085,INV-2024-0002214,0,normal
TX-002341,2024-03-19 16:57:00,3287.03,Vendor_046,Legal,Travel,Wire,Emp_083,INV-2024-0002229,0,normal
TX-002342,2024-03-19 17:28:00,2169.5,Vendor_114,Sales,Travel,ACH,Emp_097,INV-2024-0002213,0,normal
TX-002343,2024-03-19 17:35:00,3442.68,Vendor_059,Marketing,Operations,ACH,Emp_051,INV-2024-0002217,0,normal
TX-002344,2024-03-19 17:56:00,2777.63,Vendor_077,Sales,Travel,Wire,Emp_099,INV-2024-0002210,0,normal
TX-002345,2024-03-20 06:31:00,22170.03,Vendor_095,Support,Payroll,ACH,Emp_111,INV-2024-0002457,1,high_amount
TX-002346,2024-03-20 08:04:00,4177.51,Vendor_073,Sales,Supplies,Wire,Emp_102,INV-2024-0002242,0,normal
TX-002347,2024-03-20 08:34:00,9553.83,Vendor_016,Support,IT,Wire,Emp_107,INV-2024-0002254,0,normal
TX-002348,2024-03-20 08:37:00,993.52,Vendor_088,Marketing,Consulting,Check,Emp_053,INV-2024-0002266,0,normal
TX-002349,2024-03-20 09:21:00,1667.57,Vendor_037,Support,Consulting,Wire,Emp_111,INV-2024-0002241,0,normal
TX-002350,2024-03-20 09:23:00,1312.01,Vendor_031,HR,Operations,Wire,Emp_021,INV-2024-0002253,0,normal
TX-002351,2024-03-20 10:37:00,888.18,Vendor_054,Legal,IT,Wire,Emp_079,INV-2024-0002247,0,normal
TX-002352,2024-03-20 10:47:00,14650.0,Vendor_026,Marketing,Supplies,Check,Emp_058,INV-2024-0002237,0,normal
TX-002353,2024-03-20 11:07:00,1904.61,Vendor_033,Marketing,Operations,Check,Emp_046,INV-2024-0002239,0,normal
TX-002354,2024-03-20 11:10:00,3268.23,Vendor_078,Marketing,Travel,Wire,Emp_056,INV-2024-0002246,0,normal
TX-002355,2024-03-20 11:12:00,797.96,Vendor_031,HR,Operations,Card,Emp_020,INV-2024-0002262,0,normal
TX-002356,2024-03-20 11:30:00,576.64,Vendor_111,Finance,IT,ACH,Emp_003,INV-2024-0002260,0,normal
TX-002357,2024-03-20 11:35:00,4513.35,Vendor_059,Marketing,Operations,ACH,Emp_058,INV-2024-0002243,0,normal
TX-002358,2024-03-20 11:53:00,1870.49,Vendor_055,Finance,Consulting,Card,Emp_001,INV-2024-0002244,0,normal
TX-002359,2024-03-20 12:08:00,2043.53,Vendor_004,IT,IT,Card,Emp_044,INV-2024-0002245,0,normal
TX-002360,2024-03-20 12:18:00,1300.0,Vendor_075,Legal,Operations,Wire,Emp_079,INV-2024-0002259,0,normal
TX-002361,2024-03-20 12:35:00,2056.82,Vendor_055,Operations,Consulting,Wire,Emp_073,INV-2024-0002248,0,normal
TX-002362,2024-03-20 12:37:00,3230.58,Vendor_078,Marketing,Supplies,Wire,Emp_047,INV-2024-0002263,0,normal
TX-002363,2024-03-20 12:51:00,5082.68,Vendor_063,Finance,Travel,Card,Emp_010,INV-2024-0002258,0,normal
TX-002364,2024-03-20 12:56:00,1981.34,Vendor_109,IT,Operations,Wire,Emp_045,INV-2024-0002251,0,normal
TX-002365,2024-03-20 13:01:00,1264.33,Vendor_043,IT,Supplies,Wire,Emp_040,INV-2024-0002264,0,normal
TX-002366,2024-03-20 13:18:00,3565.17,Vendor_049,Finance,Operations,Card,Emp_014,INV-2024-0002267,0,normal
TX-002367,2024-03-20 13:29:00,3639.14,Vendor_045,Support,Consulting,Check,Emp_117,INV-2024-0002240,0,normal
TX-002368,2024-03-20 13:48:00,1647.58,Vendor_114,Legal,Travel,Wire,Emp_078,INV-2024-0002265,0,normal
TX-002369,2024-03-20 13:49:00,755.4,Vendor_019,HR,Operations,Wire,Emp_022,INV-2024-0002252,0,normal
TX-002370,2024-03-20 14:12:00,3919.4,Vendor_089,Operations,Travel,Card,Emp_071,INV-2024-0002249,0,normal
TX-002371,2024-03-20 14:57:00,3360.12,Vendor_032,Finance,Supplies,ACH,Emp_015,INV-2024-0002256,0,normal
TX-002372,2024-03-20 15:24:00,1037.2,Vendor_079,Sales,Travel,Wire,Emp_105,INV-2024-0002255,0,normal
TX-002373,2024-03-20 15:34:00,647.05,Vendor_116,HR,IT,ACH,Emp_028,INV-2024-0002238,0,normal
TX-002374,2024-03-20 15:38:00,2478.31,Vendor_096,Support,Consulting,ACH,Emp_113,INV-2024-0002257,0,normal
TX-002375,2024-03-20 15:57:00,1654.5,Vendor_042,Marketing,Operations,Card,Emp_055,INV-2024-0002261,0,normal
TX-002376,2024-03-20 17:28:00,2567.63,Vendor_010,Support,Supplies,Card,Emp_117,INV-2024-0002250,0,normal
TX-002377,2024-03-21 08:38:00,1253.81,Vendor_102,Support,Consulting,Check,Emp_119,INV-2024-0002279,0,normal
TX-002378,2024-03-21 09:07:00,219.14,Vendor_047,Sales,Consulting,Card,Emp_092,INV-2024-0002285,0,normal
TX-002379,2024-03-21 09:15:00,2193.96,Vendor_004,IT,IT,Wire,Emp_033,INV-2024-0002269,0,normal
TX-002380,2024-03-21 09:43:00,2350.0,Vendor_053,Finance,Supplies,ACH,Emp_004,INV-2024-0002277,0,normal
TX-002381,2024-03-21 09:57:00,1235.56,Vendor_043,HR,Supplies,ACH,Emp_021,INV-2024-0002299,0,normal
TX-002382,2024-03-21 10:32:00,3253.21,Vendor_045,Support,IT,Card,Emp_112,INV-2024-0002272,0,normal
TX-002383,2024-03-21 10:38:00,3198.52,Vendor_045,Support,Consulting,Check,Emp_117,INV-2024-0002268,0,normal
TX-002384,2024-03-21 10:42:00,2372.42,Vendor_055,Operations,IT,Card,Emp_073,INV-2024-0002292,0,normal
TX-002385,2024-03-21 10:42:00,698.29,Vendor_071,Support,Payroll,Check,Emp_113,INV-2024-0002298,0,normal
TX-002386,2024-03-21 10:52:00,2672.59,Vendor_032,Finance,Travel,Check,Emp_014,INV-2024-0002275,0,normal
TX-002387,2024-03-21 10:53:00,3605.93,Vendor_023,Sales,Operations,Card,Emp_091,INV-2024-0002278,0,normal
TX-002388,2024-03-21 10:56:00,2290.5,Vendor_106,Support,Consulting,Wire,Emp_108,INV-2024-0002289,0,normal
TX-002389,2024-03-21 11:25:00,1667.28,Vendor_103,Sales,Supplies,Card,Emp_103,INV-2024-0002283,0,normal
TX-002390,2024-03-21 11:28:00,2033.45,Vendor_075,IT,Payroll,ACH,Emp_045,INV-2024-0002296,0,normal
TX-002391,2024-03-21 12:14:00,2140.97,Vendor_115,Sales,Operations,Wire,Emp_101,INV-2024-0002282,0,normal
TX-002392,2024-03-21 12:17:00,2039.65,Vendor_036,IT,Operations,Wire,Emp_033,INV-2024-0002288,0,normal
TX-002393,2024-03-21 13:19:00,2430.96,Vendor_045,Legal,Consulting,Card,Emp_078,INV-2024-0002281,0,normal
TX-002394,2024-03-21 13:32:00,3426.54,Vendor_021,Operations,Consulting,Wire,Emp_069,INV-2024-0002287,0,normal
TX-002395,2024-03-21 13:32:00,2108.83,Vendor_057,Support,Supplies,ACH,Emp_106,INV-2024-0002284,0,normal
TX-002396,2024-03-21 14:14:00,16577.89,Vendor_026,Support,Supplies,Card,Emp_114,INV-2024-0002270,0,normal
TX-002397,2024-03-21 14:36:00,2678.55,Vendor_110,IT,Consulting,Card,Emp_041,INV-2024-0002291,0,normal
TX-002398,2024-03-21 14:40:00,1907.16,Vendor_109,IT,Consulting,Wire,Emp_041,INV-2024-0002286,0,normal
TX-002399,2024-03-21 14:49:00,1149.76,Vendor_088,Operations,Consulting,Wire,Emp_065,INV-2024-0002297,0,normal
TX-002400,2024-03-21 15:19:00,2104.61,Vendor_036,IT,Travel,Wire,Emp_031,INV-2024-0002290,0,normal
TX-002401,2024-03-21 15:20:00,2329.24,Vendor_046,Legal,Operations,Wire,Emp_081,INV-2024-0002276,0,normal
TX-002402,2024-03-21 15:23:00,2876.9,Vendor_061,Marketing,Payroll,ACH,Emp_049,INV-2024-0002280,0,normal
TX-002403,2024-03-21 15:33:00,1569.6,Vendor_004,HR,IT,Wire,Emp_029,INV-2024-0002294,0,normal
TX-002404,2024-03-21 16:08:00,1127.97,Vendor_050,HR,Operations,Wire,Emp_024,INV-2024-0002273,0,normal
TX-002405,2024-03-21 16:26:00,1481.44,Vendor_029,Marketing,Travel,ACH,Emp_048,INV-2024-0002293,0,normal
TX-002406,2024-03-21 16:41:00,3609.22,Vendor_074,Marketing,Travel,ACH,Emp_050,INV-2024-0002295,0,normal
TX-002407,2024-03-21 17:14:00,4581.25,Vendor_009,HR,Operations,Check,Emp_021,INV-2024-0002274,0,normal
TX-002408,2024-03-21 17:21:00,2290.0,Vendor_110,IT,Consulting,ACH,Emp_041,INV-2024-0002403,1,split_payment
TX-002409,2024-03-21 17:49:00,2167.38,Vendor_017,Legal,IT,ACH,Emp_080,INV-2024-0002271,0,normal
TX-002410,2024-03-22 03:57:00,3454.1,Vendor_032,Finance,Supplies,Check,Emp_014,INV-2024-0002256,1,duplicate_invoice
TX-002411,2024-03-22 07:15:00,1846.88,Vendor_029,Marketing,Consulting,Check,Emp_054,INV-2024-0002301,0,normal
TX-002412,2024-03-22 08:22:00,4988.46,Vendor_069,HR,Operations,ACH,Emp_016,INV-2024-0002304,0,normal
TX-002413,2024-03-22 09:35:00,3087.05,Vendor_069,HR,Payroll,ACH,Emp_023,INV-2024-0002313,0,normal
TX-002414,2024-03-22 10:53:00,3953.21,Vendor_080,Operations,Supplies,Wire,Emp_068,INV-2024-0002300,0,normal
TX-002415,2024-03-22 11:06:00,2311.77,Vendor_057,Support,Supplies,ACH,Emp_118,INV-2024-0002317,0,normal
TX-002416,2024-03-22 11:37:00,6793.72,Vendor_002,Finance,IT,Check,Emp_005,INV-2024-0002316,0,normal
TX-002417,2024-03-22 11:39:00,1486.84,Vendor_101,Operations,IT,Check,Emp_073,INV-2024-0002307,0,normal
TX-002418,2024-03-22 11:42:00,4903.9,Vendor_082,Sales,Travel,ACH,Emp_103,INV-2024-0002306,0,normal
TX-002419,2024-03-22 12:11:00,2030.84,Vendor_086,HR,Supplies,Wire,Emp_026,INV-2024-0002310,0,normal
TX-002420,2024-03-22 13:14:00,1299.49,Vendor_043,Finance,Payroll,Wire,Emp_001,INV-2024-0002305,0,normal
TX-002421,2024-03-22 14:53:00,1788.06,Vendor_029,Marketing,Travel,ACH,Emp_053,INV-2024-0002315,0,normal
TX-002422,2024-03-22 15:55:00,2966.27,Vendor_089,Operations,IT,Check,Emp_071,INV-2024-0002309,0,normal
TX-002423,2024-03-22 15:57:00,3696.64,Vendor_078,Marketing,Payroll,Check,Emp_056,INV-2024-0002314,0,normal
TX-002424,2024-03-22 16:16:00,3178.55,Vendor_055,Operations,Consulting,ACH,Emp_070,INV-2024-0002308,0,normal
TX-002425,2024-03-22 16:27:00,2064.36,Vendor_053,Finance,Supplies,ACH,Emp_008,INV-2024-0002303,0,normal
TX-002426,2024-03-22 17:06:00,2769.45,Vendor_015,Legal,Supplies,Check,Emp_077,INV-2024-0002302,0,normal
TX-002427,2024-03-22 17:36:00,1984.32,Vendor_057,Support,Supplies,ACH,Emp_117,INV-2024-0002318,0,normal
TX-002428,2024-03-22 17:41:00,2454.21,Vendor_025,Finance,Operations,Check,Emp_006,INV-2024-0002311,0,normal
TX-002429,2024-03-22 17:41:00,2350.0,Vendor_067,Operations,IT,ACH,Emp_073,INV-2024-0002312,0,normal
TX-002430,2024-03-22 21:25:00,2129.25,Vendor_057,Support,Supplies,ACH,Emp_117,INV-2024-0002388,1,same_day_burst
TX-002431,2024-03-22 22:40:00,2230.22,Vendor_029,Marketing,Travel,ACH,Emp_053,INV-2024-0002434,1,same_day_burst
TX-002432,2024-03-23 04:49:00,1180.73,Vendor_088,Operations,Consulting,ACH,Emp_070,INV-2024-0002297,1,duplicate_invoice
TX-002433,2024-03-23 10:13:00,1736.45,Vendor_008,Support,Supplies,ACH,Emp_110,INV-2024-0002326,0,normal
TX-002434,2024-03-23 10:43:00,7127.45,Vendor_016,Support,IT,ACH,Emp_116,INV-2024-0002324,0,normal
TX-002435,2024-03-23 12:08:00,3014.79,Vendor_006,Legal,Supplies,Check,Emp_090,INV-2024-0002322,0,normal
TX-002436,2024-03-23 12:31:00,3585.49,Vendor_030,Sales,Operations,Wire,Emp_096,INV-2024-0002320,0,normal
TX-002437,2024-03-23 12:32:00,2440.38,Vendor_055,Operations,Consulting,Wire,Emp_066,INV-2024-0002323,0,normal
TX-002438,2024-03-23 12:41:00,497.96,Vendor_019,HR,Operations,Card,Emp_017,INV-2024-0002329,0,normal
TX-002439,2024-03-23 12:58:00,932.15,Vendor_050,HR,Payroll,Card,Emp_018,INV-2024-0002325,0,normal
TX-002440,2024-03-23 13:01:00,6205.66,Vendor_095,Support,Payroll,Card,Emp_112,INV-2024-0002330,0,normal
TX-002441,2024-03-23 13:42:00,2399.95,Vendor_055,Operations,IT,Check,Emp_066,INV-2024-0002299,1,fuzzy_duplicate
TX-002442,2024-03-23 14:01:00,1026.51,Vendor_119,Legal,Travel,Wire,Emp_082,INV-2024-0002331,0,normal
TX-002443,2024-03-23 14:05:00,1300.73,Vendor_115,Sales,Operations,Card,Emp_105,INV-2024-0002332,0,normal
TX-002444,2024-03-23 14:44:00,5508.87,Vendor_112,Operations,IT,Wire,Emp_071,INV-2024-0002328,0,normal
TX-002445,2024-03-23 16:19:00,2768.32,Vendor_041,Support,Payroll,Check,Emp_120,INV-2024-0002327,0,normal
TX-002446,2024-03-23 16:21:00,1607.68,Vendor_115,Sales,Operations,Wire,Emp_102,INV-2024-0002319,0,normal
TX-002447,2024-03-23 17:32:00,3151.43,Vendor_089,Operations,Consulting,Check,Emp_064,INV-2024-0002321,0,normal
TX-002448,2024-03-24 09:07:00,7424.42,Vendor_016,Marketing,IT,Wire,Emp_051,INV-2024-0002339,0,normal
TX-002449,2024-03-24 09:27:00,1068.01,Vendor_025,Finance,Consulting,Check,Emp_011,INV-2024-0002338,0,normal
TX-002450,2024-03-24 09:27:00,2112.0,Vendor_029,Marketing,Consulting,ACH,Emp_047,INV-2024-0002340,0,normal
TX-002451,2024-03-24 10:36:00,3007.63,Vendor_017,IT,IT,Wire,Emp_044,INV-2024-0002333,0,normal
TX-002452,2024-03-24 12:19:00,543.13,Vendor_071,Support,Supplies,Card,Emp_110,INV-2024-0002341,0,normal
TX-002453,2024-03-24 12:58:00,7478.77,Vendor_091,Finance,Supplies,ACH,Emp_009,INV-2024-0002336,0,normal
TX-002454,2024-03-24 13:24:00,2318.36,Vendor_051,Marketing,Consulting,ACH,Emp_057,INV-2024-0002343,0,normal
TX-002455,2024-03-24 13:53:00,6027.66,Vendor_082,IT,Travel,Card,Emp_042,INV-2024-0002342,0,normal
TX-002456,2024-03-24 14:29:00,8517.8,Vendor_090,Finance,Consulting,Wire,Emp_012,INV-2024-0002335,0,normal
TX-002457,2024-03-24 15:47:00,443.79,Vendor_047,Support,Consulting,Card,Emp_118,INV-2024-0002337,0,normal
TX-002458,2024-03-24 16:45:00,625.42,Vendor_056,HR,Payroll,Card,Emp_024,INV-2024-0002334,0,normal
TX-002459,2024-03-25 07:22:00,1473.72,Vendor_043,HR,Consulting,Card,Emp_029,INV-2024-0002370,0,normal
TX-002460,2024-03-25 08:46:00,3551.44,Vendor_085,Marketing,Travel,ACH,Emp_051,INV-2024-0002371,0,normal
TX-002461,2024-03-25 09:55:00,712.11,Vendor_019,HR,Operations,Card,Emp_020,INV-2024-0002344,0,normal
TX-002462,2024-03-25 10:36:00,1461.05,Vendor_053,IT,Payroll,Card,Emp_035,INV-2024-0002345,0,normal
TX-002463,2024-03-25 10:47:00,2308.35,Vendor_062,Operations,Consulting,ACH,Emp_069,INV-2024-0002364,0,normal
TX-002464,2024-03-25 11:48:00,1048.38,Vendor_058,Legal,Operations,Card,Emp_077,INV-2024-0002365,0,normal
TX-002465,2024-03-25 11:56:00,3298.86,Vendor_087,HR,Supplies,Card,Emp_028,INV-2024-0002356,0,normal
TX-002466,2024-03-25 12:10:00,6242.04,Vendor_091,Finance,Supplies,ACH,Emp_006,INV-2024-0002368,0,normal
TX-002467,2024-03-25 12:17:00,6359.38,Vendor_095,Support,Payroll,Card,Emp_109,INV-2024-0002369,0,normal
TX-002468,2024-03-25 12:22:00,3062.3,Vendor_055,Operations,Supplies,Card,Emp_071,INV-2024-0002363,0,normal
TX-002469,2024-03-25 12:28:00,1719.09,Vendor_042,Marketing,Operations,Card,Emp_048,INV-2024-0002362,0,normal
TX-002470,2024-03-25 12:31:00,3340.92,Vendor_011,Legal,Payroll,Check,Emp_086,INV-2024-0002366,0,normal
TX-002471,2024-03-25 12:36:00,2783.14,Vendor_023,Marketing,Travel,ACH,Emp_058,INV-2024-0002350,0,normal
TX-002472,2024-03-25 12:58:00,3185.82,Vendor_032,Finance,Operations,Check,Emp_004,INV-2024-0002352,0,normal
TX-002473,2024-03-25 13:08:00,3338.71,Vendor_014,HR,Operations,ACH,Emp_022,INV-2024-0002359,0,normal
TX-002474,2024-03-25 13:19:00,8119.48,Vendor_016,Support,IT,ACH,Emp_111,INV-2024-0002355,0,normal
TX-002475,2024-03-25 13:31:00,4164.06,Vendor_108,Support,Payroll,Wire,Emp_116,INV-2024-0002349,0,normal
TX-002476,2024-03-25 13:35:00,3469.21,Vendor_063,Finance,Supplies,Check,Emp_013,INV-2024-0002361,0,normal
TX-002477,2024-03-25 14:15:00,3081.11,Vendor_041,IT,Payroll,Check,Emp_036,INV-2024-0002358,0,normal
TX-002478,2024-03-25 14:21:00,4882.5,Vendor_104,Finance,Supplies,Wire,Emp_004,INV-2024-0002347,0,normal
TX-002479,2024-03-25 14:27:00,3129.35,Vendor_017,Legal,IT,Wire,Emp_076,INV-2024-0002357,0,normal
TX-002480,2024-03-25 14:41:00,2181.93,Vendor_099,Operations,Payroll,Card,Emp_070,INV-2024-0002354,0,normal
TX-002481,2024-03-25 14:42:00,4758.27,Vendor_073,Sales,IT,Wire,Emp_097,INV-2024-0002346,0,normal
TX-002482,2024-03-25 15:25:00,2428.1,Vendor_045,Support,Consulting,Check,Emp_118,INV-2024-0002353,0,normal
TX-002483,2024-03-25 15:37:00,1818.78,Vendor_103,Finance,Travel,Check,Emp_008,INV-2024-0002360,0,normal
TX-002484,2024-03-25 15:43:00,1295.53,Vendor_004,IT,IT,Wire,Emp_033,INV-2024-0002348,0,normal
TX-002485,2024-03-25 16:08:00,1145.86,Vendor_102,HR,Supplies,Wire,Emp_030,INV-2024-0002351,0,normal
TX-002486,2024-03-25 17:24:00,609.46,Vendor_051,Marketing,Operations,Wire,Emp_052,INV-2024-0002367,0,normal
TX-002487,2024-03-26 08:34:00,8377.4,Vendor_023,Operations,IT,Check,Emp_063,INV-2024-0002453,1,vendor_department_shift
TX-002488,2024-03-26 10:13:00,3477.54,Vendor_018,Marketing,Consulting,Check,Emp_047,INV-2024-0002380,0,normal
TX-002489,2024-03-26 11:28:00,3432.96,Vendor_092,Sales,Payroll,Card,Emp_102,INV-2024-0002373,0,normal
TX-002490,2024-03-26 11:58:00,1757.86,Vendor_107,IT,Consulting,Wire,Emp_033,INV-2024-0002374,0,normal
TX-002491,2024-03-26 12:13:00,2196.78,Vendor_084,HR,Consulting,Check,Emp_016,INV-2024-0002379,0,normal
TX-002492,2024-03-26 12:19:00,1287.15,Vendor_103,Support,Consulting,Check,Emp_114,INV-2024-0002376,0,normal
TX-002493,2024-03-26 12:24:00,5101.8,Vendor_030,Sales,Supplies,ACH,Emp_102,INV-2024-0002372,0,normal
TX-002494,2024-03-26 13:09:00,1284.31,Vendor_102,HR,Consulting,Check,Emp_023,INV-2024-0002378,0,normal
TX-002495,2024-03-26 14:46:00,3325.47,Vendor_038,Operations,IT,Wire,Emp_067,INV-2024-0002375,0,normal
TX-002496,2024-03-26 15:34:00,2829.04,Vendor_017,HR,IT,Card,Emp_021,INV-2024-0002377,0,normal
TX-002497,2024-03-27 03:44:00,5584.27,Vendor_088,Marketing,Consulting,ACH,Emp_053,INV-2024-0002411,1,high_amount
TX-002498,2024-03-29 13:38:00,14201.77,Vendor_052,Marketing,Supplies,Check,Emp_056,INV-2024-0002409,1,high_amount
TX-002499,2024-04-03 17:24:00,11821.51,Vendor_104,Finance,Supplies,ACH,Emp_004,INV-2024-0002428,1,high_amount
TX-002500,2024-04-08 17:39:00,10196.46,Vendor_091,Operations,IT,ACH,Emp_062,INV-2024-0002448,1,vendor_department_shift
